<?xml version='1.0' encoding='UTF-8'?>
<gpx version="1.1" creator="https://www.komoot.de" xmlns="http://www.topografix.com/GPX/1/1" xmlns:xsi="http://www.w3.org/2001/XMLSchema-instance" xsi:schemaLocation="http://www.topografix.com/GPX/1/1 http://www.topografix.com/GPX/1/1/gpx.xsd">
  <metadata>
    <name>Gravel Fun zum Wunnenstein - GravelDeluxe #shorts</name>
    <author>
      <link href="https://www.komoot.de">
        <text>komoot</text>
        <type>text/html</type>
      </link>
    </author>
  </metadata>
  <trk>
    <name>Gravel Fun zum Wunnenstein - GravelDeluxe #shorts</name>
    <type>mtb_easy</type>
    <trkseg>
      <trkpt lat="49.076969" lon="9.190921">
        <ele>244.824703</ele>
        <time>2021-07-24T14:50:18.000Z</time>
      </trkpt>
      <trkpt lat="49.076961" lon="9.190954">
        <ele>244.824703</ele>
        <time>2021-07-24T14:50:19.000Z</time>
      </trkpt>
      <trkpt lat="49.076961" lon="9.190954">
        <ele>244.824703</ele>
        <time>2021-07-24T14:50:20.000Z</time>
      </trkpt>
      <trkpt lat="49.076909" lon="9.190931">
        <ele>244.824703</ele>
        <time>2021-07-24T14:50:21.000Z</time>
      </trkpt>
      <trkpt lat="49.076900" lon="9.190937">
        <ele>244.824703</ele>
        <time>2021-07-24T14:50:22.000Z</time>
      </trkpt>
      <trkpt lat="49.076884" lon="9.190931">
        <ele>244.824703</ele>
        <time>2021-07-24T14:50:23.000Z</time>
      </trkpt>
      <trkpt lat="49.076866" lon="9.190941">
        <ele>244.824703</ele>
        <time>2021-07-24T14:50:24.000Z</time>
      </trkpt>
      <trkpt lat="49.076854" lon="9.190958">
        <ele>244.824703</ele>
        <time>2021-07-24T14:50:25.000Z</time>
      </trkpt>
      <trkpt lat="49.076851" lon="9.190983">
        <ele>244.824703</ele>
        <time>2021-07-24T14:50:26.000Z</time>
      </trkpt>
      <trkpt lat="49.076847" lon="9.190997">
        <ele>244.824703</ele>
        <time>2021-07-24T14:50:27.000Z</time>
      </trkpt>
      <trkpt lat="49.076839" lon="9.191027">
        <ele>244.824703</ele>
        <time>2021-07-24T14:50:28.000Z</time>
      </trkpt>
      <trkpt lat="49.076830" lon="9.191058">
        <ele>244.824703</ele>
        <time>2021-07-24T14:50:29.000Z</time>
      </trkpt>
      <trkpt lat="49.076818" lon="9.191091">
        <ele>244.824703</ele>
        <time>2021-07-24T14:50:30.000Z</time>
      </trkpt>
      <trkpt lat="49.076804" lon="9.191128">
        <ele>244.824703</ele>
        <time>2021-07-24T14:50:31.000Z</time>
      </trkpt>
      <trkpt lat="49.076793" lon="9.191166">
        <ele>244.824703</ele>
        <time>2021-07-24T14:50:32.000Z</time>
      </trkpt>
      <trkpt lat="49.076782" lon="9.191211">
        <ele>244.824703</ele>
        <time>2021-07-24T14:50:33.000Z</time>
      </trkpt>
      <trkpt lat="49.076773" lon="9.191258">
        <ele>244.824703</ele>
        <time>2021-07-24T14:50:34.000Z</time>
      </trkpt>
      <trkpt lat="49.076765" lon="9.191307">
        <ele>244.824703</ele>
        <time>2021-07-24T14:50:35.000Z</time>
      </trkpt>
      <trkpt lat="49.076758" lon="9.191359">
        <ele>244.824703</ele>
        <time>2021-07-24T14:50:36.000Z</time>
      </trkpt>
      <trkpt lat="49.076753" lon="9.191411">
        <ele>244.824703</ele>
        <time>2021-07-24T14:50:37.000Z</time>
      </trkpt>
      <trkpt lat="49.076748" lon="9.191461">
        <ele>244.824703</ele>
        <time>2021-07-24T14:50:38.000Z</time>
      </trkpt>
      <trkpt lat="49.076741" lon="9.191512">
        <ele>244.824703</ele>
        <time>2021-07-24T14:50:39.000Z</time>
      </trkpt>
      <trkpt lat="49.076733" lon="9.191564">
        <ele>244.824703</ele>
        <time>2021-07-24T14:50:40.000Z</time>
      </trkpt>
      <trkpt lat="49.076724" lon="9.191615">
        <ele>244.824703</ele>
        <time>2021-07-24T14:50:41.000Z</time>
      </trkpt>
      <trkpt lat="49.076714" lon="9.191666">
        <ele>244.824703</ele>
        <time>2021-07-24T14:50:42.000Z</time>
      </trkpt>
      <trkpt lat="49.076700" lon="9.191715">
        <ele>244.824703</ele>
        <time>2021-07-24T14:50:43.000Z</time>
      </trkpt>
      <trkpt lat="49.076684" lon="9.191763">
        <ele>244.824703</ele>
        <time>2021-07-24T14:50:44.000Z</time>
      </trkpt>
      <trkpt lat="49.076668" lon="9.191810">
        <ele>244.824703</ele>
        <time>2021-07-24T14:50:45.000Z</time>
      </trkpt>
      <trkpt lat="49.076652" lon="9.191860">
        <ele>244.824703</ele>
        <time>2021-07-24T14:50:46.000Z</time>
      </trkpt>
      <trkpt lat="49.076638" lon="9.191914">
        <ele>244.824703</ele>
        <time>2021-07-24T14:50:47.000Z</time>
      </trkpt>
      <trkpt lat="49.076623" lon="9.191970">
        <ele>244.824703</ele>
        <time>2021-07-24T14:50:48.000Z</time>
      </trkpt>
      <trkpt lat="49.076606" lon="9.192027">
        <ele>244.824703</ele>
        <time>2021-07-24T14:50:49.000Z</time>
      </trkpt>
      <trkpt lat="49.076590" lon="9.192080">
        <ele>244.804556</ele>
        <time>2021-07-24T14:50:50.000Z</time>
      </trkpt>
      <trkpt lat="49.076573" lon="9.192134">
        <ele>244.773688</ele>
        <time>2021-07-24T14:50:51.000Z</time>
      </trkpt>
      <trkpt lat="49.076557" lon="9.192191">
        <ele>244.741737</ele>
        <time>2021-07-24T14:50:52.000Z</time>
      </trkpt>
      <trkpt lat="49.076540" lon="9.192249">
        <ele>244.708998</ele>
        <time>2021-07-24T14:50:53.000Z</time>
      </trkpt>
      <trkpt lat="49.076524" lon="9.192309">
        <ele>244.675621</ele>
        <time>2021-07-24T14:50:54.000Z</time>
      </trkpt>
      <trkpt lat="49.076508" lon="9.192369">
        <ele>244.642244</ele>
        <time>2021-07-24T14:50:55.000Z</time>
      </trkpt>
      <trkpt lat="49.076489" lon="9.192424">
        <ele>244.610207</ele>
        <time>2021-07-24T14:50:56.000Z</time>
      </trkpt>
      <trkpt lat="49.076472" lon="9.192475">
        <ele>244.580724</ele>
        <time>2021-07-24T14:50:57.000Z</time>
      </trkpt>
      <trkpt lat="49.076458" lon="9.192524">
        <ele>244.553181</ele>
        <time>2021-07-24T14:50:58.000Z</time>
      </trkpt>
      <trkpt lat="49.076446" lon="9.192571">
        <ele>244.527191</ele>
        <time>2021-07-24T14:50:59.000Z</time>
      </trkpt>
      <trkpt lat="49.076439" lon="9.192617">
        <ele>244.502859</ele>
        <time>2021-07-24T14:51:00.000Z</time>
      </trkpt>
      <trkpt lat="49.076436" lon="9.192662">
        <ele>244.479554</ele>
        <time>2021-07-24T14:51:01.000Z</time>
      </trkpt>
      <trkpt lat="49.076434" lon="9.192704">
        <ele>244.457857</ele>
        <time>2021-07-24T14:51:02.000Z</time>
      </trkpt>
      <trkpt lat="49.076433" lon="9.192744">
        <ele>244.437233</ele>
        <time>2021-07-24T14:51:03.000Z</time>
      </trkpt>
      <trkpt lat="49.076430" lon="9.192782">
        <ele>244.417513</ele>
        <time>2021-07-24T14:51:04.000Z</time>
      </trkpt>
      <trkpt lat="49.076424" lon="9.192819">
        <ele>244.397874</ele>
        <time>2021-07-24T14:51:05.000Z</time>
      </trkpt>
      <trkpt lat="49.076416" lon="9.192854">
        <ele>244.378774</ele>
        <time>2021-07-24T14:51:06.000Z</time>
      </trkpt>
      <trkpt lat="49.076408" lon="9.192891">
        <ele>244.358699</ele>
        <time>2021-07-24T14:51:07.000Z</time>
      </trkpt>
      <trkpt lat="49.076401" lon="9.192930">
        <ele>244.337865</ele>
        <time>2021-07-24T14:51:08.000Z</time>
      </trkpt>
      <trkpt lat="49.076399" lon="9.192969">
        <ele>244.317709</ele>
        <time>2021-07-24T14:51:09.000Z</time>
      </trkpt>
      <trkpt lat="49.076400" lon="9.193012">
        <ele>244.295540</ele>
        <time>2021-07-24T14:51:10.000Z</time>
      </trkpt>
      <trkpt lat="49.076402" lon="9.193064">
        <ele>244.268702</ele>
        <time>2021-07-24T14:51:11.000Z</time>
      </trkpt>
      <trkpt lat="49.076402" lon="9.193123">
        <ele>244.238304</ele>
        <time>2021-07-24T14:51:12.000Z</time>
      </trkpt>
      <trkpt lat="49.076401" lon="9.193183">
        <ele>244.207380</ele>
        <time>2021-07-24T14:51:13.000Z</time>
      </trkpt>
      <trkpt lat="49.076398" lon="9.193246">
        <ele>244.174835</ele>
        <time>2021-07-24T14:51:14.000Z</time>
      </trkpt>
      <trkpt lat="49.076386" lon="9.193312">
        <ele>244.139544</ele>
        <time>2021-07-24T14:51:15.000Z</time>
      </trkpt>
      <trkpt lat="49.076372" lon="9.193379">
        <ele>244.103310</ele>
        <time>2021-07-24T14:51:16.000Z</time>
      </trkpt>
      <trkpt lat="49.076348" lon="9.193431">
        <ele>244.070536</ele>
        <time>2021-07-24T14:51:17.000Z</time>
      </trkpt>
      <trkpt lat="49.076333" lon="9.193487">
        <ele>244.039364</ele>
        <time>2021-07-24T14:51:18.000Z</time>
      </trkpt>
      <trkpt lat="49.076320" lon="9.193540">
        <ele>244.010205</ele>
        <time>2021-07-24T14:51:19.000Z</time>
      </trkpt>
      <trkpt lat="49.076312" lon="9.193596">
        <ele>243.980674</ele>
        <time>2021-07-24T14:51:20.000Z</time>
      </trkpt>
      <trkpt lat="49.076302" lon="9.193644">
        <ele>243.954722</ele>
        <time>2021-07-24T14:51:21.000Z</time>
      </trkpt>
      <trkpt lat="49.076298" lon="9.193689">
        <ele>243.931324</ele>
        <time>2021-07-24T14:51:22.000Z</time>
      </trkpt>
      <trkpt lat="49.076291" lon="9.193732">
        <ele>243.908495</ele>
        <time>2021-07-24T14:51:23.000Z</time>
      </trkpt>
      <trkpt lat="49.076289" lon="9.193779">
        <ele>243.884229</ele>
        <time>2021-07-24T14:51:24.000Z</time>
      </trkpt>
      <trkpt lat="49.076286" lon="9.193825">
        <ele>243.860411</ele>
        <time>2021-07-24T14:51:25.000Z</time>
      </trkpt>
      <trkpt lat="49.076279" lon="9.193867">
        <ele>243.838082</ele>
        <time>2021-07-24T14:51:26.000Z</time>
      </trkpt>
      <trkpt lat="49.076268" lon="9.193910">
        <ele>243.814297</ele>
        <time>2021-07-24T14:51:27.000Z</time>
      </trkpt>
      <trkpt lat="49.076249" lon="9.193952">
        <ele>243.787999</ele>
        <time>2021-07-24T14:51:28.000Z</time>
      </trkpt>
      <trkpt lat="49.076223" lon="9.193986">
        <ele>243.761071</ele>
        <time>2021-07-24T14:51:29.000Z</time>
      </trkpt>
      <trkpt lat="49.076189" lon="9.193997">
        <ele>243.733735</ele>
        <time>2021-07-24T14:51:30.000Z</time>
      </trkpt>
      <trkpt lat="49.076155" lon="9.193989">
        <ele>243.706676</ele>
        <time>2021-07-24T14:51:31.000Z</time>
      </trkpt>
      <trkpt lat="49.076120" lon="9.193968">
        <ele>243.677097</ele>
        <time>2021-07-24T14:51:32.000Z</time>
      </trkpt>
      <trkpt lat="49.076086" lon="9.193945">
        <ele>243.647846</ele>
        <time>2021-07-24T14:51:33.000Z</time>
      </trkpt>
      <trkpt lat="49.076060" lon="9.193928">
        <ele>243.625599</ele>
        <time>2021-07-24T14:51:34.000Z</time>
      </trkpt>
      <trkpt lat="49.076038" lon="9.193906">
        <ele>243.604913</ele>
        <time>2021-07-24T14:51:35.000Z</time>
      </trkpt>
      <trkpt lat="49.076022" lon="9.193871">
        <ele>243.582923</ele>
        <time>2021-07-24T14:51:36.000Z</time>
      </trkpt>
      <trkpt lat="49.076017" lon="9.193826">
        <ele>243.559406</ele>
        <time>2021-07-24T14:51:37.000Z</time>
      </trkpt>
      <trkpt lat="49.076022" lon="9.193775">
        <ele>243.532837</ele>
        <time>2021-07-24T14:51:38.000Z</time>
      </trkpt>
      <trkpt lat="49.076032" lon="9.193724">
        <ele>243.505408</ele>
        <time>2021-07-24T14:51:39.000Z</time>
      </trkpt>
      <trkpt lat="49.076043" lon="9.193675">
        <ele>243.478720</ele>
        <time>2021-07-24T14:51:40.000Z</time>
      </trkpt>
      <trkpt lat="49.076053" lon="9.193627">
        <ele>243.452768</ele>
        <time>2021-07-24T14:51:41.000Z</time>
      </trkpt>
      <trkpt lat="49.076062" lon="9.193585">
        <ele>243.430000</ele>
        <time>2021-07-24T14:51:42.000Z</time>
      </trkpt>
      <trkpt lat="49.076062" lon="9.193546">
        <ele>243.409991</ele>
        <time>2021-07-24T14:51:43.000Z</time>
      </trkpt>
      <trkpt lat="49.076049" lon="9.193512">
        <ele>243.411759</ele>
        <time>2021-07-24T14:51:44.000Z</time>
      </trkpt>
      <trkpt lat="49.076021" lon="9.193497">
        <ele>243.413794</ele>
        <time>2021-07-24T14:51:45.000Z</time>
      </trkpt>
      <trkpt lat="49.075987" lon="9.193497">
        <ele>243.416125</ele>
        <time>2021-07-24T14:51:46.000Z</time>
      </trkpt>
      <trkpt lat="49.075954" lon="9.193504">
        <ele>243.418409</ele>
        <time>2021-07-24T14:51:47.000Z</time>
      </trkpt>
      <trkpt lat="49.075920" lon="9.193510">
        <ele>243.420756</ele>
        <time>2021-07-24T14:51:48.000Z</time>
      </trkpt>
      <trkpt lat="49.075885" lon="9.193514">
        <ele>243.423162</ele>
        <time>2021-07-24T14:51:49.000Z</time>
      </trkpt>
      <trkpt lat="49.075850" lon="9.193517">
        <ele>243.425566</ele>
        <time>2021-07-24T14:51:50.000Z</time>
      </trkpt>
      <trkpt lat="49.075813" lon="9.193518">
        <ele>243.428103</ele>
        <time>2021-07-24T14:51:51.000Z</time>
      </trkpt>
      <trkpt lat="49.075775" lon="9.193517">
        <ele>243.430709</ele>
        <time>2021-07-24T14:51:52.000Z</time>
      </trkpt>
      <trkpt lat="49.075738" lon="9.193517">
        <ele>243.433246</ele>
        <time>2021-07-24T14:51:53.000Z</time>
      </trkpt>
      <trkpt lat="49.075701" lon="9.193512">
        <ele>243.435793</ele>
        <time>2021-07-24T14:51:54.000Z</time>
      </trkpt>
      <trkpt lat="49.075661" lon="9.193505">
        <ele>243.438553</ele>
        <time>2021-07-24T14:51:55.000Z</time>
      </trkpt>
      <trkpt lat="49.075621" lon="9.193499">
        <ele>243.441309</ele>
        <time>2021-07-24T14:51:56.000Z</time>
      </trkpt>
      <trkpt lat="49.075582" lon="9.193498">
        <ele>243.443983</ele>
        <time>2021-07-24T14:51:57.000Z</time>
      </trkpt>
      <trkpt lat="49.075544" lon="9.193499">
        <ele>243.446589</ele>
        <time>2021-07-24T14:51:58.000Z</time>
      </trkpt>
      <trkpt lat="49.075508" lon="9.193498">
        <ele>243.449058</ele>
        <time>2021-07-24T14:51:59.000Z</time>
      </trkpt>
      <trkpt lat="49.075472" lon="9.193495">
        <ele>243.451530</ele>
        <time>2021-07-24T14:52:00.000Z</time>
      </trkpt>
      <trkpt lat="49.075437" lon="9.193493">
        <ele>243.453931</ele>
        <time>2021-07-24T14:52:01.000Z</time>
      </trkpt>
      <trkpt lat="49.075399" lon="9.193490">
        <ele>243.456540</ele>
        <time>2021-07-24T14:52:02.000Z</time>
      </trkpt>
      <trkpt lat="49.075358" lon="9.193487">
        <ele>243.459354</ele>
        <time>2021-07-24T14:52:03.000Z</time>
      </trkpt>
      <trkpt lat="49.075320" lon="9.193484">
        <ele>243.461963</ele>
        <time>2021-07-24T14:52:04.000Z</time>
      </trkpt>
      <trkpt lat="49.075284" lon="9.193483">
        <ele>243.464432</ele>
        <time>2021-07-24T14:52:05.000Z</time>
      </trkpt>
      <trkpt lat="49.075248" lon="9.193482">
        <ele>243.466900</ele>
        <time>2021-07-24T14:52:06.000Z</time>
      </trkpt>
      <trkpt lat="49.075217" lon="9.193483">
        <ele>243.469026</ele>
        <time>2021-07-24T14:52:07.000Z</time>
      </trkpt>
      <trkpt lat="49.075186" lon="9.193483">
        <ele>243.471152</ele>
        <time>2021-07-24T14:52:08.000Z</time>
      </trkpt>
      <trkpt lat="49.075151" lon="9.193480">
        <ele>243.473555</ele>
        <time>2021-07-24T14:52:09.000Z</time>
      </trkpt>
      <trkpt lat="49.075113" lon="9.193476">
        <ele>243.476167</ele>
        <time>2021-07-24T14:52:10.000Z</time>
      </trkpt>
      <trkpt lat="49.075073" lon="9.193471">
        <ele>243.478919</ele>
        <time>2021-07-24T14:52:11.000Z</time>
      </trkpt>
      <trkpt lat="49.075036" lon="9.193468">
        <ele>243.481459</ele>
        <time>2021-07-24T14:52:12.000Z</time>
      </trkpt>
      <trkpt lat="49.074999" lon="9.193465">
        <ele>243.483999</ele>
        <time>2021-07-24T14:52:13.000Z</time>
      </trkpt>
      <trkpt lat="49.074960" lon="9.193462">
        <ele>243.486677</ele>
        <time>2021-07-24T14:52:14.000Z</time>
      </trkpt>
      <trkpt lat="49.074922" lon="9.193458">
        <ele>243.489288</ele>
        <time>2021-07-24T14:52:15.000Z</time>
      </trkpt>
      <trkpt lat="49.074884" lon="9.193453">
        <ele>243.491904</ele>
        <time>2021-07-24T14:52:16.000Z</time>
      </trkpt>
      <trkpt lat="49.074847" lon="9.193450">
        <ele>243.494444</ele>
        <time>2021-07-24T14:52:17.000Z</time>
      </trkpt>
      <trkpt lat="49.074813" lon="9.193447">
        <ele>243.496779</ele>
        <time>2021-07-24T14:52:18.000Z</time>
      </trkpt>
      <trkpt lat="49.074781" lon="9.193447">
        <ele>243.498973</ele>
        <time>2021-07-24T14:52:19.000Z</time>
      </trkpt>
      <trkpt lat="49.074748" lon="9.193448">
        <ele>243.501236</ele>
        <time>2021-07-24T14:52:20.000Z</time>
      </trkpt>
      <trkpt lat="49.074716" lon="9.193443">
        <ele>243.503442</ele>
        <time>2021-07-24T14:52:21.000Z</time>
      </trkpt>
      <trkpt lat="49.074690" lon="9.193421">
        <ele>243.505480</ele>
        <time>2021-07-24T14:52:22.000Z</time>
      </trkpt>
      <trkpt lat="49.074674" lon="9.193377">
        <ele>243.507740</ele>
        <time>2021-07-24T14:52:23.000Z</time>
      </trkpt>
      <trkpt lat="49.074674" lon="9.193324">
        <ele>243.510120</ele>
        <time>2021-07-24T14:52:24.000Z</time>
      </trkpt>
      <trkpt lat="49.074686" lon="9.193270">
        <ele>243.512682</ele>
        <time>2021-07-24T14:52:25.000Z</time>
      </trkpt>
      <trkpt lat="49.074700" lon="9.193218">
        <ele>243.515207</ele>
        <time>2021-07-24T14:52:26.000Z</time>
      </trkpt>
      <trkpt lat="49.074714" lon="9.193167">
        <ele>243.517690</ele>
        <time>2021-07-24T14:52:27.000Z</time>
      </trkpt>
      <trkpt lat="49.074727" lon="9.193112">
        <ele>243.520316</ele>
        <time>2021-07-24T14:52:28.000Z</time>
      </trkpt>
      <trkpt lat="49.074739" lon="9.193058">
        <ele>243.522878</ele>
        <time>2021-07-24T14:52:29.000Z</time>
      </trkpt>
      <trkpt lat="49.074751" lon="9.193004">
        <ele>243.525439</ele>
        <time>2021-07-24T14:52:30.000Z</time>
      </trkpt>
      <trkpt lat="49.074760" lon="9.192956">
        <ele>243.527681</ele>
        <time>2021-07-24T14:52:31.000Z</time>
      </trkpt>
      <trkpt lat="49.074770" lon="9.192907">
        <ele>243.529986</ele>
        <time>2021-07-24T14:52:32.000Z</time>
      </trkpt>
      <trkpt lat="49.074782" lon="9.192854">
        <ele>243.532505</ele>
        <time>2021-07-24T14:52:33.000Z</time>
      </trkpt>
      <trkpt lat="49.074792" lon="9.192803">
        <ele>243.536068</ele>
        <time>2021-07-24T14:52:34.000Z</time>
      </trkpt>
      <trkpt lat="49.074800" lon="9.192753">
        <ele>243.540082</ele>
        <time>2021-07-24T14:52:35.000Z</time>
      </trkpt>
      <trkpt lat="49.074806" lon="9.192704">
        <ele>243.543970</ele>
        <time>2021-07-24T14:52:36.000Z</time>
      </trkpt>
      <trkpt lat="49.074809" lon="9.192660">
        <ele>243.547421</ele>
        <time>2021-07-24T14:52:37.000Z</time>
      </trkpt>
      <trkpt lat="49.074811" lon="9.192625">
        <ele>243.550161</ele>
        <time>2021-07-24T14:52:38.000Z</time>
      </trkpt>
      <trkpt lat="49.074811" lon="9.192600">
        <ele>243.552111</ele>
        <time>2021-07-24T14:52:39.000Z</time>
      </trkpt>
      <trkpt lat="49.074807" lon="9.192586">
        <ele>243.553303</ele>
        <time>2021-07-24T14:52:40.000Z</time>
      </trkpt>
      <trkpt lat="49.074803" lon="9.192577">
        <ele>243.554151</ele>
        <time>2021-07-24T14:52:41.000Z</time>
      </trkpt>
      <trkpt lat="49.074801" lon="9.192575">
        <ele>243.554436</ele>
        <time>2021-07-24T14:52:42.000Z</time>
      </trkpt>
      <trkpt lat="49.074796" lon="9.192574">
        <ele>243.555036</ele>
        <time>2021-07-24T14:52:43.000Z</time>
      </trkpt>
      <trkpt lat="49.074794" lon="9.192574">
        <ele>243.555274</ele>
        <time>2021-07-24T14:52:44.000Z</time>
      </trkpt>
      <trkpt lat="49.074785" lon="9.192566">
        <ele>243.556514</ele>
        <time>2021-07-24T14:52:45.000Z</time>
      </trkpt>
      <trkpt lat="49.074771" lon="9.192547">
        <ele>243.558745</ele>
        <time>2021-07-24T14:52:46.000Z</time>
      </trkpt>
      <trkpt lat="49.074753" lon="9.192527">
        <ele>243.561396</ele>
        <time>2021-07-24T14:52:47.000Z</time>
      </trkpt>
      <trkpt lat="49.074728" lon="9.192513">
        <ele>243.564567</ele>
        <time>2021-07-24T14:52:48.000Z</time>
      </trkpt>
      <trkpt lat="49.074699" lon="9.192516">
        <ele>243.568028</ele>
        <time>2021-07-24T14:52:49.000Z</time>
      </trkpt>
      <trkpt lat="49.074671" lon="9.192535">
        <ele>243.571676</ele>
        <time>2021-07-24T14:52:50.000Z</time>
      </trkpt>
      <trkpt lat="49.074646" lon="9.192560">
        <ele>243.575235</ele>
        <time>2021-07-24T14:52:51.000Z</time>
      </trkpt>
      <trkpt lat="49.074623" lon="9.192588">
        <ele>243.578738</ele>
        <time>2021-07-24T14:52:52.000Z</time>
      </trkpt>
      <trkpt lat="49.074595" lon="9.192619">
        <ele>243.582856</ele>
        <time>2021-07-24T14:52:53.000Z</time>
      </trkpt>
      <trkpt lat="49.074564" lon="9.192649">
        <ele>243.587227</ele>
        <time>2021-07-24T14:52:54.000Z</time>
      </trkpt>
      <trkpt lat="49.074533" lon="9.192677">
        <ele>243.591516</ele>
        <time>2021-07-24T14:52:55.000Z</time>
      </trkpt>
      <trkpt lat="49.074499" lon="9.192706">
        <ele>243.596153</ele>
        <time>2021-07-24T14:52:56.000Z</time>
      </trkpt>
      <trkpt lat="49.074461" lon="9.192749">
        <ele>243.601785</ele>
        <time>2021-07-24T14:52:57.000Z</time>
      </trkpt>
      <trkpt lat="49.074422" lon="9.192780">
        <ele>243.607021</ele>
        <time>2021-07-24T14:52:58.000Z</time>
      </trkpt>
      <trkpt lat="49.074378" lon="9.192815">
        <ele>243.612929</ele>
        <time>2021-07-24T14:52:59.000Z</time>
      </trkpt>
      <trkpt lat="49.074331" lon="9.192853">
        <ele>243.619262</ele>
        <time>2021-07-24T14:53:00.000Z</time>
      </trkpt>
      <trkpt lat="49.074283" lon="9.192889">
        <ele>243.625630</ele>
        <time>2021-07-24T14:53:01.000Z</time>
      </trkpt>
      <trkpt lat="49.074236" lon="9.192925">
        <ele>243.631891</ele>
        <time>2021-07-24T14:53:02.000Z</time>
      </trkpt>
      <trkpt lat="49.074185" lon="9.192965">
        <ele>243.638718</ele>
        <time>2021-07-24T14:53:03.000Z</time>
      </trkpt>
      <trkpt lat="49.074133" lon="9.193001">
        <ele>243.645517</ele>
        <time>2021-07-24T14:53:04.000Z</time>
      </trkpt>
      <trkpt lat="49.074075" lon="9.193040">
        <ele>243.653063</ele>
        <time>2021-07-24T14:53:05.000Z</time>
      </trkpt>
      <trkpt lat="49.074019" lon="9.193075">
        <ele>243.660269</ele>
        <time>2021-07-24T14:53:06.000Z</time>
      </trkpt>
      <trkpt lat="49.073964" lon="9.193111">
        <ele>243.667394</ele>
        <time>2021-07-24T14:53:07.000Z</time>
      </trkpt>
      <trkpt lat="49.073901" lon="9.193147">
        <ele>243.675404</ele>
        <time>2021-07-24T14:53:08.000Z</time>
      </trkpt>
      <trkpt lat="49.073842" lon="9.193183">
        <ele>243.682970</ele>
        <time>2021-07-24T14:53:09.000Z</time>
      </trkpt>
      <trkpt lat="49.073779" lon="9.193217">
        <ele>243.690926</ele>
        <time>2021-07-24T14:53:10.000Z</time>
      </trkpt>
      <trkpt lat="49.073721" lon="9.193251">
        <ele>243.698324</ele>
        <time>2021-07-24T14:53:11.000Z</time>
      </trkpt>
      <trkpt lat="49.073662" lon="9.193281">
        <ele>243.705729</ele>
        <time>2021-07-24T14:53:12.000Z</time>
      </trkpt>
      <trkpt lat="49.073601" lon="9.193313">
        <ele>243.713409</ele>
        <time>2021-07-24T14:53:13.000Z</time>
      </trkpt>
      <trkpt lat="49.073539" lon="9.193343">
        <ele>243.721153</ele>
        <time>2021-07-24T14:53:14.000Z</time>
      </trkpt>
      <trkpt lat="49.073471" lon="9.193371">
        <ele>243.729540</ele>
        <time>2021-07-24T14:53:15.000Z</time>
      </trkpt>
      <trkpt lat="49.073410" lon="9.193401">
        <ele>243.737171</ele>
        <time>2021-07-24T14:53:16.000Z</time>
      </trkpt>
      <trkpt lat="49.073346" lon="9.193428">
        <ele>243.745077</ele>
        <time>2021-07-24T14:53:17.000Z</time>
      </trkpt>
      <trkpt lat="49.073282" lon="9.193454">
        <ele>243.743513</ele>
        <time>2021-07-24T14:53:18.000Z</time>
      </trkpt>
      <trkpt lat="49.073217" lon="9.193479">
        <ele>243.737757</ele>
        <time>2021-07-24T14:53:19.000Z</time>
      </trkpt>
      <trkpt lat="49.073153" lon="9.193509">
        <ele>243.732007</ele>
        <time>2021-07-24T14:53:20.000Z</time>
      </trkpt>
      <trkpt lat="49.073086" lon="9.193535">
        <ele>243.726071</ele>
        <time>2021-07-24T14:53:21.000Z</time>
      </trkpt>
      <trkpt lat="49.073021" lon="9.193560">
        <ele>243.720315</ele>
        <time>2021-07-24T14:53:22.000Z</time>
      </trkpt>
      <trkpt lat="49.072949" lon="9.193588">
        <ele>243.713935</ele>
        <time>2021-07-24T14:53:23.000Z</time>
      </trkpt>
      <trkpt lat="49.072886" lon="9.193611">
        <ele>243.708372</ele>
        <time>2021-07-24T14:53:24.000Z</time>
      </trkpt>
      <trkpt lat="49.072816" lon="9.193631">
        <ele>243.702257</ele>
        <time>2021-07-24T14:53:25.000Z</time>
      </trkpt>
      <trkpt lat="49.072750" lon="9.193649">
        <ele>243.696500</ele>
        <time>2021-07-24T14:53:26.000Z</time>
      </trkpt>
      <trkpt lat="49.072685" lon="9.193674">
        <ele>243.690743</ele>
        <time>2021-07-24T14:53:27.000Z</time>
      </trkpt>
      <trkpt lat="49.072621" lon="9.193694">
        <ele>243.685134</ele>
        <time>2021-07-24T14:53:28.000Z</time>
      </trkpt>
      <trkpt lat="49.072553" lon="9.193715">
        <ele>243.679176</ele>
        <time>2021-07-24T14:53:29.000Z</time>
      </trkpt>
      <trkpt lat="49.072487" lon="9.193729">
        <ele>243.673454</ele>
        <time>2021-07-24T14:53:30.000Z</time>
      </trkpt>
      <trkpt lat="49.072421" lon="9.193747">
        <ele>243.667697</ele>
        <time>2021-07-24T14:53:31.000Z</time>
      </trkpt>
      <trkpt lat="49.072351" lon="9.193765">
        <ele>243.661601</ele>
        <time>2021-07-24T14:53:32.000Z</time>
      </trkpt>
      <trkpt lat="49.072283" lon="9.193785">
        <ele>243.655654</ele>
        <time>2021-07-24T14:53:33.000Z</time>
      </trkpt>
      <trkpt lat="49.072215" lon="9.193806">
        <ele>243.649697</ele>
        <time>2021-07-24T14:53:34.000Z</time>
      </trkpt>
      <trkpt lat="49.072148" lon="9.193824">
        <ele>243.643855</ele>
        <time>2021-07-24T14:53:35.000Z</time>
      </trkpt>
      <trkpt lat="49.072081" lon="9.193846">
        <ele>243.637970</ele>
        <time>2021-07-24T14:53:36.000Z</time>
      </trkpt>
      <trkpt lat="49.072013" lon="9.193871">
        <ele>243.631964</ele>
        <time>2021-07-24T14:53:37.000Z</time>
      </trkpt>
      <trkpt lat="49.071938" lon="9.193896">
        <ele>243.625372</ele>
        <time>2021-07-24T14:53:38.000Z</time>
      </trkpt>
      <trkpt lat="49.071868" lon="9.193911">
        <ele>243.619302</ele>
        <time>2021-07-24T14:53:39.000Z</time>
      </trkpt>
      <trkpt lat="49.071797" lon="9.193929">
        <ele>243.613121</ele>
        <time>2021-07-24T14:53:40.000Z</time>
      </trkpt>
      <trkpt lat="49.071727" lon="9.193950">
        <ele>243.606995</ele>
        <time>2021-07-24T14:53:41.000Z</time>
      </trkpt>
      <trkpt lat="49.071659" lon="9.193971">
        <ele>243.601038</ele>
        <time>2021-07-24T14:53:42.000Z</time>
      </trkpt>
      <trkpt lat="49.071591" lon="9.193994">
        <ele>243.595057</ele>
        <time>2021-07-24T14:53:43.000Z</time>
      </trkpt>
      <trkpt lat="49.071523" lon="9.194014">
        <ele>243.613935</ele>
        <time>2021-07-24T14:53:44.000Z</time>
      </trkpt>
      <trkpt lat="49.071452" lon="9.194039">
        <ele>243.647407</ele>
        <time>2021-07-24T14:53:45.000Z</time>
      </trkpt>
      <trkpt lat="49.071387" lon="9.194065">
        <ele>243.678274</ele>
        <time>2021-07-24T14:53:46.000Z</time>
      </trkpt>
      <trkpt lat="49.071318" lon="9.194096">
        <ele>243.711315</ele>
        <time>2021-07-24T14:53:47.000Z</time>
      </trkpt>
      <trkpt lat="49.071252" lon="9.194126">
        <ele>243.742950</ele>
        <time>2021-07-24T14:53:48.000Z</time>
      </trkpt>
      <trkpt lat="49.071187" lon="9.194159">
        <ele>243.774417</ele>
        <time>2021-07-24T14:53:49.000Z</time>
      </trkpt>
      <trkpt lat="49.071118" lon="9.194188">
        <ele>243.807293</ele>
        <time>2021-07-24T14:53:50.000Z</time>
      </trkpt>
      <trkpt lat="49.071051" lon="9.194225">
        <ele>243.840024</ele>
        <time>2021-07-24T14:53:51.000Z</time>
      </trkpt>
      <trkpt lat="49.070986" lon="9.194266">
        <ele>243.872332</ele>
        <time>2021-07-24T14:53:52.000Z</time>
      </trkpt>
      <trkpt lat="49.070922" lon="9.194314">
        <ele>243.905089</ele>
        <time>2021-07-24T14:53:53.000Z</time>
      </trkpt>
      <trkpt lat="49.070860" lon="9.194358">
        <ele>243.936498</ele>
        <time>2021-07-24T14:53:54.000Z</time>
      </trkpt>
      <trkpt lat="49.070800" lon="9.194409">
        <ele>243.968046</ele>
        <time>2021-07-24T14:53:55.000Z</time>
      </trkpt>
      <trkpt lat="49.070739" lon="9.194461">
        <ele>244.000141</ele>
        <time>2021-07-24T14:53:56.000Z</time>
      </trkpt>
      <trkpt lat="49.070679" lon="9.194519">
        <ele>244.032766</ele>
        <time>2021-07-24T14:53:57.000Z</time>
      </trkpt>
      <trkpt lat="49.070616" lon="9.194577">
        <ele>244.066562</ele>
        <time>2021-07-24T14:53:58.000Z</time>
      </trkpt>
      <trkpt lat="49.070556" lon="9.194638">
        <ele>244.099679</ele>
        <time>2021-07-24T14:53:59.000Z</time>
      </trkpt>
      <trkpt lat="49.070495" lon="9.194696">
        <ele>244.132692</ele>
        <time>2021-07-24T14:54:00.000Z</time>
      </trkpt>
      <trkpt lat="49.070438" lon="9.194753">
        <ele>244.163996</ele>
        <time>2021-07-24T14:54:01.000Z</time>
      </trkpt>
      <trkpt lat="49.070379" lon="9.194810">
        <ele>244.196071</ele>
        <time>2021-07-24T14:54:02.000Z</time>
      </trkpt>
      <trkpt lat="49.070323" lon="9.194868">
        <ele>244.227159</ele>
        <time>2021-07-24T14:54:03.000Z</time>
      </trkpt>
      <trkpt lat="49.070267" lon="9.194927">
        <ele>244.258417</ele>
        <time>2021-07-24T14:54:04.000Z</time>
      </trkpt>
      <trkpt lat="49.070213" lon="9.194992">
        <ele>244.290008</ele>
        <time>2021-07-24T14:54:05.000Z</time>
      </trkpt>
      <trkpt lat="49.070152" lon="9.195051">
        <ele>244.323182</ele>
        <time>2021-07-24T14:54:06.000Z</time>
      </trkpt>
      <trkpt lat="49.070095" lon="9.195112">
        <ele>244.355160</ele>
        <time>2021-07-24T14:54:07.000Z</time>
      </trkpt>
      <trkpt lat="49.070039" lon="9.195171">
        <ele>244.386418</ele>
        <time>2021-07-24T14:54:08.000Z</time>
      </trkpt>
      <trkpt lat="49.069984" lon="9.195233">
        <ele>244.417827</ele>
        <time>2021-07-24T14:54:09.000Z</time>
      </trkpt>
      <trkpt lat="49.069931" lon="9.195295">
        <ele>244.501060</ele>
        <time>2021-07-24T14:54:10.000Z</time>
      </trkpt>
      <trkpt lat="49.069875" lon="9.195351">
        <ele>244.587107</ele>
        <time>2021-07-24T14:54:11.000Z</time>
      </trkpt>
      <trkpt lat="49.069822" lon="9.195415">
        <ele>244.673967</ele>
        <time>2021-07-24T14:54:12.000Z</time>
      </trkpt>
      <trkpt lat="49.069766" lon="9.195474">
        <ele>244.761424</ele>
        <time>2021-07-24T14:54:13.000Z</time>
      </trkpt>
      <trkpt lat="49.069713" lon="9.195534">
        <ele>244.846235</ele>
        <time>2021-07-24T14:54:14.000Z</time>
      </trkpt>
      <trkpt lat="49.069654" lon="9.195591">
        <ele>244.935980</ele>
        <time>2021-07-24T14:54:15.000Z</time>
      </trkpt>
      <trkpt lat="49.069601" lon="9.195655">
        <ele>245.022840</ele>
        <time>2021-07-24T14:54:16.000Z</time>
      </trkpt>
      <trkpt lat="49.069547" lon="9.195714">
        <ele>245.108194</ele>
        <time>2021-07-24T14:54:17.000Z</time>
      </trkpt>
      <trkpt lat="49.069493" lon="9.195777">
        <ele>245.195551</ele>
        <time>2021-07-24T14:54:18.000Z</time>
      </trkpt>
      <trkpt lat="49.069391" lon="9.195914">
        <ele>245.370180</ele>
        <time>2021-07-24T14:54:20.000Z</time>
      </trkpt>
      <trkpt lat="49.069335" lon="9.195983">
        <ele>245.462681</ele>
        <time>2021-07-24T14:54:21.000Z</time>
      </trkpt>
      <trkpt lat="49.069285" lon="9.196053">
        <ele>245.549883</ele>
        <time>2021-07-24T14:54:22.000Z</time>
      </trkpt>
      <trkpt lat="49.069234" lon="9.196128">
        <ele>245.640906</ele>
        <time>2021-07-24T14:54:23.000Z</time>
      </trkpt>
      <trkpt lat="49.069181" lon="9.196200">
        <ele>245.732099</ele>
        <time>2021-07-24T14:54:24.000Z</time>
      </trkpt>
      <trkpt lat="49.069129" lon="9.196269">
        <ele>245.820658</ele>
        <time>2021-07-24T14:54:25.000Z</time>
      </trkpt>
      <trkpt lat="49.069081" lon="9.196333">
        <ele>245.902576</ele>
        <time>2021-07-24T14:54:26.000Z</time>
      </trkpt>
      <trkpt lat="49.069029" lon="9.196399">
        <ele>245.989498</ele>
        <time>2021-07-24T14:54:27.000Z</time>
      </trkpt>
      <trkpt lat="49.068978" lon="9.196464">
        <ele>246.074895</ele>
        <time>2021-07-24T14:54:28.000Z</time>
      </trkpt>
      <trkpt lat="49.068929" lon="9.196526">
        <ele>246.156700</ele>
        <time>2021-07-24T14:54:29.000Z</time>
      </trkpt>
      <trkpt lat="49.068882" lon="9.196585">
        <ele>246.234914</ele>
        <time>2021-07-24T14:54:30.000Z</time>
      </trkpt>
      <trkpt lat="49.068828" lon="9.196639">
        <ele>246.317888</ele>
        <time>2021-07-24T14:54:31.000Z</time>
      </trkpt>
      <trkpt lat="49.068767" lon="9.196692">
        <ele>246.408103</ele>
        <time>2021-07-24T14:54:32.000Z</time>
      </trkpt>
      <trkpt lat="49.068715" lon="9.196741">
        <ele>246.486649</ele>
        <time>2021-07-24T14:54:33.000Z</time>
      </trkpt>
      <trkpt lat="49.068661" lon="9.196786">
        <ele>246.565725</ele>
        <time>2021-07-24T14:54:34.000Z</time>
      </trkpt>
      <trkpt lat="49.068604" lon="9.196831">
        <ele>246.648206</ele>
        <time>2021-07-24T14:54:35.000Z</time>
      </trkpt>
      <trkpt lat="49.068547" lon="9.196873">
        <ele>246.729557</ele>
        <time>2021-07-24T14:54:36.000Z</time>
      </trkpt>
      <trkpt lat="49.068491" lon="9.196919">
        <ele>246.867266</ele>
        <time>2021-07-24T14:54:37.000Z</time>
      </trkpt>
      <trkpt lat="49.068430" lon="9.196964">
        <ele>247.015083</ele>
        <time>2021-07-24T14:54:38.000Z</time>
      </trkpt>
      <trkpt lat="49.068370" lon="9.196999">
        <ele>247.155222</ele>
        <time>2021-07-24T14:54:39.000Z</time>
      </trkpt>
      <trkpt lat="49.068316" lon="9.197033">
        <ele>247.282667</ele>
        <time>2021-07-24T14:54:40.000Z</time>
      </trkpt>
      <trkpt lat="49.068255" lon="9.197068">
        <ele>247.424847</ele>
        <time>2021-07-24T14:54:41.000Z</time>
      </trkpt>
      <trkpt lat="49.068198" lon="9.197093">
        <ele>247.554240</ele>
        <time>2021-07-24T14:54:42.000Z</time>
      </trkpt>
      <trkpt lat="49.068143" lon="9.197119">
        <ele>247.679860</ele>
        <time>2021-07-24T14:54:43.000Z</time>
      </trkpt>
      <trkpt lat="49.068083" lon="9.197139">
        <ele>247.813850</ele>
        <time>2021-07-24T14:54:44.000Z</time>
      </trkpt>
      <trkpt lat="49.068021" lon="9.197163">
        <ele>247.953402</ele>
        <time>2021-07-24T14:54:45.000Z</time>
      </trkpt>
      <trkpt lat="49.067959" lon="9.197187">
        <ele>248.092953</ele>
        <time>2021-07-24T14:54:46.000Z</time>
      </trkpt>
      <trkpt lat="49.067902" lon="9.197207">
        <ele>248.220557</ele>
        <time>2021-07-24T14:54:47.000Z</time>
      </trkpt>
      <trkpt lat="49.067841" lon="9.197225">
        <ele>248.356108</ele>
        <time>2021-07-24T14:54:48.000Z</time>
      </trkpt>
      <trkpt lat="49.067785" lon="9.197247">
        <ele>248.482269</ele>
        <time>2021-07-24T14:54:49.000Z</time>
      </trkpt>
      <trkpt lat="49.067728" lon="9.197257">
        <ele>248.607448</ele>
        <time>2021-07-24T14:54:50.000Z</time>
      </trkpt>
      <trkpt lat="49.067667" lon="9.197275">
        <ele>248.742999</ele>
        <time>2021-07-24T14:54:51.000Z</time>
      </trkpt>
      <trkpt lat="49.067604" lon="9.197291">
        <ele>248.882339</ele>
        <time>2021-07-24T14:54:52.000Z</time>
      </trkpt>
      <trkpt lat="49.067548" lon="9.197299">
        <ele>249.005052</ele>
        <time>2021-07-24T14:54:53.000Z</time>
      </trkpt>
      <trkpt lat="49.067490" lon="9.197317">
        <ele>249.134183</ele>
        <time>2021-07-24T14:54:54.000Z</time>
      </trkpt>
      <trkpt lat="49.067431" lon="9.197328">
        <ele>249.263863</ele>
        <time>2021-07-24T14:54:55.000Z</time>
      </trkpt>
      <trkpt lat="49.067369" lon="9.197346">
        <ele>249.401558</ele>
        <time>2021-07-24T14:54:56.000Z</time>
      </trkpt>
      <trkpt lat="49.067313" lon="9.197347">
        <ele>249.523744</ele>
        <time>2021-07-24T14:54:57.000Z</time>
      </trkpt>
      <trkpt lat="49.067255" lon="9.197360">
        <ele>249.651643</ele>
        <time>2021-07-24T14:54:58.000Z</time>
      </trkpt>
      <trkpt lat="49.067197" lon="9.197374">
        <ele>249.779758</ele>
        <time>2021-07-24T14:54:59.000Z</time>
      </trkpt>
      <trkpt lat="49.067138" lon="9.197384">
        <ele>249.909273</ele>
        <time>2021-07-24T14:55:00.000Z</time>
      </trkpt>
      <trkpt lat="49.067081" lon="9.197391">
        <ele>250.034035</ele>
        <time>2021-07-24T14:55:01.000Z</time>
      </trkpt>
      <trkpt lat="49.067021" lon="9.197406">
        <ele>250.166685</ele>
        <time>2021-07-24T14:55:02.000Z</time>
      </trkpt>
      <trkpt lat="49.066965" lon="9.197434">
        <ele>250.295252</ele>
        <time>2021-07-24T14:55:03.000Z</time>
      </trkpt>
      <trkpt lat="49.066908" lon="9.197462">
        <ele>250.425894</ele>
        <time>2021-07-24T14:55:04.000Z</time>
      </trkpt>
      <trkpt lat="49.066851" lon="9.197487">
        <ele>250.555287</ele>
        <time>2021-07-24T14:55:05.000Z</time>
      </trkpt>
      <trkpt lat="49.066795" lon="9.197506">
        <ele>250.679275</ele>
        <time>2021-07-24T14:55:06.000Z</time>
      </trkpt>
      <trkpt lat="49.066733" lon="9.197519">
        <ele>250.809460</ele>
        <time>2021-07-24T14:55:07.000Z</time>
      </trkpt>
      <trkpt lat="49.066671" lon="9.197531">
        <ele>250.939467</ele>
        <time>2021-07-24T14:55:08.000Z</time>
      </trkpt>
      <trkpt lat="49.066618" lon="9.197541">
        <ele>251.050558</ele>
        <time>2021-07-24T14:55:09.000Z</time>
      </trkpt>
      <trkpt lat="49.066558" lon="9.197556">
        <ele>251.177035</ele>
        <time>2021-07-24T14:55:10.000Z</time>
      </trkpt>
      <trkpt lat="49.066498" lon="9.197568">
        <ele>251.302916</ele>
        <time>2021-07-24T14:55:11.000Z</time>
      </trkpt>
      <trkpt lat="49.066438" lon="9.197576">
        <ele>251.428204</ele>
        <time>2021-07-24T14:55:12.000Z</time>
      </trkpt>
      <trkpt lat="49.066385" lon="9.197584">
        <ele>251.538994</ele>
        <time>2021-07-24T14:55:13.000Z</time>
      </trkpt>
      <trkpt lat="49.066327" lon="9.197600">
        <ele>251.661602</ele>
        <time>2021-07-24T14:55:14.000Z</time>
      </trkpt>
      <trkpt lat="49.066268" lon="9.197612">
        <ele>251.785420</ele>
        <time>2021-07-24T14:55:15.000Z</time>
      </trkpt>
      <trkpt lat="49.066216" lon="9.197623">
        <ele>251.894626</ele>
        <time>2021-07-24T14:55:16.000Z</time>
      </trkpt>
      <trkpt lat="49.066165" lon="9.197679">
        <ele>252.025320</ele>
        <time>2021-07-24T14:55:17.000Z</time>
      </trkpt>
      <trkpt lat="49.066153" lon="9.197754">
        <ele>252.130544</ele>
        <time>2021-07-24T14:55:18.000Z</time>
      </trkpt>
      <trkpt lat="49.066130" lon="9.197819">
        <ele>252.231229</ele>
        <time>2021-07-24T14:55:19.000Z</time>
      </trkpt>
      <trkpt lat="49.066084" lon="9.197849">
        <ele>252.335289</ele>
        <time>2021-07-24T14:55:20.000Z</time>
      </trkpt>
      <trkpt lat="49.066037" lon="9.197828">
        <ele>252.437163</ele>
        <time>2021-07-24T14:55:21.000Z</time>
      </trkpt>
      <trkpt lat="49.065997" lon="9.197789">
        <ele>252.535901</ele>
        <time>2021-07-24T14:55:22.000Z</time>
      </trkpt>
      <trkpt lat="49.065950" lon="9.197753">
        <ele>252.645293</ele>
        <time>2021-07-24T14:55:23.000Z</time>
      </trkpt>
      <trkpt lat="49.065898" lon="9.197747">
        <ele>252.753773</ele>
        <time>2021-07-24T14:55:24.000Z</time>
      </trkpt>
      <trkpt lat="49.065850" lon="9.197765">
        <ele>252.856594</ele>
        <time>2021-07-24T14:55:25.000Z</time>
      </trkpt>
      <trkpt lat="49.065807" lon="9.197787">
        <ele>252.950936</ele>
        <time>2021-07-24T14:55:26.000Z</time>
      </trkpt>
      <trkpt lat="49.065759" lon="9.197811">
        <ele>253.056008</ele>
        <time>2021-07-24T14:55:27.000Z</time>
      </trkpt>
      <trkpt lat="49.065736" lon="9.197840">
        <ele>253.118068</ele>
        <time>2021-07-24T14:55:28.000Z</time>
      </trkpt>
      <trkpt lat="49.065696" lon="9.197866">
        <ele>253.208508</ele>
        <time>2021-07-24T14:55:29.000Z</time>
      </trkpt>
      <trkpt lat="49.065652" lon="9.197900">
        <ele>253.311101</ele>
        <time>2021-07-24T14:55:30.000Z</time>
      </trkpt>
      <trkpt lat="49.065609" lon="9.197928">
        <ele>253.408351</ele>
        <time>2021-07-24T14:55:31.000Z</time>
      </trkpt>
      <trkpt lat="49.065568" lon="9.197961">
        <ele>253.504773</ele>
        <time>2021-07-24T14:55:32.000Z</time>
      </trkpt>
      <trkpt lat="49.065523" lon="9.197988">
        <ele>253.605357</ele>
        <time>2021-07-24T14:55:33.000Z</time>
      </trkpt>
      <trkpt lat="49.065481" lon="9.198024">
        <ele>253.705561</ele>
        <time>2021-07-24T14:55:34.000Z</time>
      </trkpt>
      <trkpt lat="49.065437" lon="9.198051">
        <ele>253.804212</ele>
        <time>2021-07-24T14:55:35.000Z</time>
      </trkpt>
      <trkpt lat="49.065393" lon="9.198081">
        <ele>253.904460</ele>
        <time>2021-07-24T14:55:36.000Z</time>
      </trkpt>
      <trkpt lat="49.065355" lon="9.198111">
        <ele>253.993457</ele>
        <time>2021-07-24T14:55:37.000Z</time>
      </trkpt>
      <trkpt lat="49.065312" lon="9.198141">
        <ele>254.091810</ele>
        <time>2021-07-24T14:55:38.000Z</time>
      </trkpt>
      <trkpt lat="49.065279" lon="9.198172">
        <ele>254.172418</ele>
        <time>2021-07-24T14:55:39.000Z</time>
      </trkpt>
      <trkpt lat="49.065234" lon="9.198204">
        <ele>254.275690</ele>
        <time>2021-07-24T14:55:40.000Z</time>
      </trkpt>
      <trkpt lat="49.065192" lon="9.198231">
        <ele>254.370493</ele>
        <time>2021-07-24T14:55:41.000Z</time>
      </trkpt>
      <trkpt lat="49.065162" lon="9.198266">
        <ele>254.460886</ele>
        <time>2021-07-24T14:55:42.000Z</time>
      </trkpt>
      <trkpt lat="49.065109" lon="9.198296">
        <ele>254.605147</ele>
        <time>2021-07-24T14:55:43.000Z</time>
      </trkpt>
      <trkpt lat="49.065074" lon="9.198329">
        <ele>254.710138</ele>
        <time>2021-07-24T14:55:44.000Z</time>
      </trkpt>
      <trkpt lat="49.065031" lon="9.198372">
        <ele>254.841332</ele>
        <time>2021-07-24T14:55:45.000Z</time>
      </trkpt>
      <trkpt lat="49.064999" lon="9.198427">
        <ele>254.964324</ele>
        <time>2021-07-24T14:55:46.000Z</time>
      </trkpt>
      <trkpt lat="49.064967" lon="9.198477">
        <ele>255.081196</ele>
        <time>2021-07-24T14:55:47.000Z</time>
      </trkpt>
      <trkpt lat="49.064922" lon="9.198518">
        <ele>255.214944</ele>
        <time>2021-07-24T14:55:48.000Z</time>
      </trkpt>
      <trkpt lat="49.064879" lon="9.198551">
        <ele>255.337774</ele>
        <time>2021-07-24T14:55:49.000Z</time>
      </trkpt>
      <trkpt lat="49.064835" lon="9.198587">
        <ele>255.465181</ele>
        <time>2021-07-24T14:55:50.000Z</time>
      </trkpt>
      <trkpt lat="49.064793" lon="9.198619">
        <ele>255.584980</ele>
        <time>2021-07-24T14:55:51.000Z</time>
      </trkpt>
      <trkpt lat="49.064751" lon="9.198653">
        <ele>255.706310</ele>
        <time>2021-07-24T14:55:52.000Z</time>
      </trkpt>
      <trkpt lat="49.064705" lon="9.198687">
        <ele>255.836746</ele>
        <time>2021-07-24T14:55:53.000Z</time>
      </trkpt>
      <trkpt lat="49.064664" lon="9.198718">
        <ele>255.953515</ele>
        <time>2021-07-24T14:55:54.000Z</time>
      </trkpt>
      <trkpt lat="49.064624" lon="9.198753">
        <ele>256.071183</ele>
        <time>2021-07-24T14:55:55.000Z</time>
      </trkpt>
      <trkpt lat="49.064584" lon="9.198781">
        <ele>256.183490</ele>
        <time>2021-07-24T14:55:56.000Z</time>
      </trkpt>
      <trkpt lat="49.064542" lon="9.198812">
        <ele>256.302552</ele>
        <time>2021-07-24T14:55:57.000Z</time>
      </trkpt>
      <trkpt lat="49.064499" lon="9.198841">
        <ele>256.422526</ele>
        <time>2021-07-24T14:55:58.000Z</time>
      </trkpt>
      <trkpt lat="49.064456" lon="9.198870">
        <ele>256.542500</ele>
        <time>2021-07-24T14:55:59.000Z</time>
      </trkpt>
      <trkpt lat="49.064405" lon="9.198892">
        <ele>256.677753</ele>
        <time>2021-07-24T14:56:00.000Z</time>
      </trkpt>
      <trkpt lat="49.064361" lon="9.198922">
        <ele>256.800738</ele>
        <time>2021-07-24T14:56:01.000Z</time>
      </trkpt>
      <trkpt lat="49.064321" lon="9.198953">
        <ele>256.915227</ele>
        <time>2021-07-24T14:56:02.000Z</time>
      </trkpt>
      <trkpt lat="49.064277" lon="9.198982">
        <ele>257.037540</ele>
        <time>2021-07-24T14:56:03.000Z</time>
      </trkpt>
      <trkpt lat="49.064235" lon="9.199015">
        <ele>257.158096</ele>
        <time>2021-07-24T14:56:04.000Z</time>
      </trkpt>
      <trkpt lat="49.064192" lon="9.199047">
        <ele>257.280184</ele>
        <time>2021-07-24T14:56:05.000Z</time>
      </trkpt>
      <trkpt lat="49.064146" lon="9.199075">
        <ele>257.406570</ele>
        <time>2021-07-24T14:56:06.000Z</time>
      </trkpt>
      <trkpt lat="49.064102" lon="9.199110">
        <ele>257.533196</ele>
        <time>2021-07-24T14:56:07.000Z</time>
      </trkpt>
      <trkpt lat="49.064055" lon="9.199147">
        <ele>257.668158</ele>
        <time>2021-07-24T14:56:08.000Z</time>
      </trkpt>
      <trkpt lat="49.064012" lon="9.199179">
        <ele>257.790246</ele>
        <time>2021-07-24T14:56:09.000Z</time>
      </trkpt>
      <trkpt lat="49.063965" lon="9.199207">
        <ele>257.919006</ele>
        <time>2021-07-24T14:56:10.000Z</time>
      </trkpt>
      <trkpt lat="49.063919" lon="9.199234">
        <ele>258.044782</ele>
        <time>2021-07-24T14:56:11.000Z</time>
      </trkpt>
      <trkpt lat="49.063873" lon="9.199263">
        <ele>258.171797</ele>
        <time>2021-07-24T14:56:12.000Z</time>
      </trkpt>
      <trkpt lat="49.063827" lon="9.199294">
        <ele>258.300126</ele>
        <time>2021-07-24T14:56:13.000Z</time>
      </trkpt>
      <trkpt lat="49.063780" lon="9.199324">
        <ele>258.430140</ele>
        <time>2021-07-24T14:56:14.000Z</time>
      </trkpt>
      <trkpt lat="49.063735" lon="9.199355">
        <ele>258.556139</ele>
        <time>2021-07-24T14:56:15.000Z</time>
      </trkpt>
      <trkpt lat="49.063691" lon="9.199382">
        <ele>258.677165</ele>
        <time>2021-07-24T14:56:16.000Z</time>
      </trkpt>
      <trkpt lat="49.063646" lon="9.199416">
        <ele>258.805309</ele>
        <time>2021-07-24T14:56:17.000Z</time>
      </trkpt>
      <trkpt lat="49.063604" lon="9.199442">
        <ele>258.920977</ele>
        <time>2021-07-24T14:56:18.000Z</time>
      </trkpt>
      <trkpt lat="49.063562" lon="9.199463">
        <ele>258.998018</ele>
        <time>2021-07-24T14:56:19.000Z</time>
      </trkpt>
      <trkpt lat="49.063520" lon="9.199491">
        <ele>259.025486</ele>
        <time>2021-07-24T14:56:20.000Z</time>
      </trkpt>
      <trkpt lat="49.063469" lon="9.199511">
        <ele>259.057044</ele>
        <time>2021-07-24T14:56:21.000Z</time>
      </trkpt>
      <trkpt lat="49.063427" lon="9.199536">
        <ele>259.084061</ele>
        <time>2021-07-24T14:56:22.000Z</time>
      </trkpt>
      <trkpt lat="49.063378" lon="9.199553">
        <ele>259.114177</ele>
        <time>2021-07-24T14:56:23.000Z</time>
      </trkpt>
      <trkpt lat="49.063334" lon="9.199570">
        <ele>259.141379</ele>
        <time>2021-07-24T14:56:24.000Z</time>
      </trkpt>
      <trkpt lat="49.063288" lon="9.199588">
        <ele>259.169839</ele>
        <time>2021-07-24T14:56:25.000Z</time>
      </trkpt>
      <trkpt lat="49.063244" lon="9.199606">
        <ele>259.197139</ele>
        <time>2021-07-24T14:56:26.000Z</time>
      </trkpt>
      <trkpt lat="49.063201" lon="9.199620">
        <ele>259.223490</ele>
        <time>2021-07-24T14:56:27.000Z</time>
      </trkpt>
      <trkpt lat="49.063160" lon="9.199633">
        <ele>259.248586</ele>
        <time>2021-07-24T14:56:28.000Z</time>
      </trkpt>
      <trkpt lat="49.063124" lon="9.199647">
        <ele>259.270851</ele>
        <time>2021-07-24T14:56:29.000Z</time>
      </trkpt>
      <trkpt lat="49.063086" lon="9.199656">
        <ele>259.293897</ele>
        <time>2021-07-24T14:56:30.000Z</time>
      </trkpt>
      <trkpt lat="49.063048" lon="9.199670">
        <ele>259.317326</ele>
        <time>2021-07-24T14:56:31.000Z</time>
      </trkpt>
      <trkpt lat="49.063008" lon="9.199679">
        <ele>259.341557</ele>
        <time>2021-07-24T14:56:32.000Z</time>
      </trkpt>
      <trkpt lat="49.062977" lon="9.199687">
        <ele>259.360400</ele>
        <time>2021-07-24T14:56:33.000Z</time>
      </trkpt>
      <trkpt lat="49.062941" lon="9.199697">
        <ele>259.382329</ele>
        <time>2021-07-24T14:56:34.000Z</time>
      </trkpt>
      <trkpt lat="49.062909" lon="9.199706">
        <ele>259.401830</ele>
        <time>2021-07-24T14:56:35.000Z</time>
      </trkpt>
      <trkpt lat="49.062884" lon="9.199707">
        <ele>259.416818</ele>
        <time>2021-07-24T14:56:36.000Z</time>
      </trkpt>
      <trkpt lat="49.062859" lon="9.199712">
        <ele>259.431929</ele>
        <time>2021-07-24T14:56:37.000Z</time>
      </trkpt>
      <trkpt lat="49.062833" lon="9.199721">
        <ele>259.447907</ele>
        <time>2021-07-24T14:56:38.000Z</time>
      </trkpt>
      <trkpt lat="49.062812" lon="9.199726">
        <ele>259.460645</ele>
        <time>2021-07-24T14:56:39.000Z</time>
      </trkpt>
      <trkpt lat="49.062798" lon="9.199729">
        <ele>259.469118</ele>
        <time>2021-07-24T14:56:40.000Z</time>
      </trkpt>
      <trkpt lat="49.062786" lon="9.199729">
        <ele>259.476309</ele>
        <time>2021-07-24T14:56:41.000Z</time>
      </trkpt>
      <trkpt lat="49.062773" lon="9.199729">
        <ele>259.484100</ele>
        <time>2021-07-24T14:56:42.000Z</time>
      </trkpt>
      <trkpt lat="49.062758" lon="9.199730">
        <ele>259.493099</ele>
        <time>2021-07-24T14:56:43.000Z</time>
      </trkpt>
      <trkpt lat="49.062736" lon="9.199738">
        <ele>259.506653</ele>
        <time>2021-07-24T14:56:44.000Z</time>
      </trkpt>
      <trkpt lat="49.062707" lon="9.199753">
        <ele>259.525004</ele>
        <time>2021-07-24T14:56:45.000Z</time>
      </trkpt>
      <trkpt lat="49.062675" lon="9.199769">
        <ele>259.545185</ele>
        <time>2021-07-24T14:56:46.000Z</time>
      </trkpt>
      <trkpt lat="49.062641" lon="9.199782">
        <ele>259.566191</ele>
        <time>2021-07-24T14:56:47.000Z</time>
      </trkpt>
      <trkpt lat="49.062605" lon="9.199793">
        <ele>259.588195</ele>
        <time>2021-07-24T14:56:48.000Z</time>
      </trkpt>
      <trkpt lat="49.062565" lon="9.199803">
        <ele>259.612487</ele>
        <time>2021-07-24T14:56:49.000Z</time>
      </trkpt>
      <trkpt lat="49.062517" lon="9.199809">
        <ele>259.641350</ele>
        <time>2021-07-24T14:56:50.000Z</time>
      </trkpt>
      <trkpt lat="49.062469" lon="9.199824">
        <ele>259.670714</ele>
        <time>2021-07-24T14:56:51.000Z</time>
      </trkpt>
      <trkpt lat="49.062418" lon="9.199838">
        <ele>259.701769</ele>
        <time>2021-07-24T14:56:52.000Z</time>
      </trkpt>
      <trkpt lat="49.062362" lon="9.199846">
        <ele>259.735478</ele>
        <time>2021-07-24T14:56:53.000Z</time>
      </trkpt>
      <trkpt lat="49.062305" lon="9.199855">
        <ele>259.769821</ele>
        <time>2021-07-24T14:56:54.000Z</time>
      </trkpt>
      <trkpt lat="49.062245" lon="9.199863">
        <ele>259.805917</ele>
        <time>2021-07-24T14:56:55.000Z</time>
      </trkpt>
      <trkpt lat="49.062186" lon="9.199877">
        <ele>259.841701</ele>
        <time>2021-07-24T14:56:56.000Z</time>
      </trkpt>
      <trkpt lat="49.062127" lon="9.199890">
        <ele>259.877427</ele>
        <time>2021-07-24T14:56:57.000Z</time>
      </trkpt>
      <trkpt lat="49.062074" lon="9.199932">
        <ele>259.913217</ele>
        <time>2021-07-24T14:56:58.000Z</time>
      </trkpt>
      <trkpt lat="49.062031" lon="9.199994">
        <ele>259.948670</ele>
        <time>2021-07-24T14:56:59.000Z</time>
      </trkpt>
      <trkpt lat="49.061987" lon="9.200060">
        <ele>259.985644</ele>
        <time>2021-07-24T14:57:00.000Z</time>
      </trkpt>
      <trkpt lat="49.061947" lon="9.200122">
        <ele>260.019813</ele>
        <time>2021-07-24T14:57:01.000Z</time>
      </trkpt>
      <trkpt lat="49.061896" lon="9.200187">
        <ele>260.059634</ele>
        <time>2021-07-24T14:57:02.000Z</time>
      </trkpt>
      <trkpt lat="49.061849" lon="9.200256">
        <ele>260.038773</ele>
        <time>2021-07-24T14:57:03.000Z</time>
      </trkpt>
      <trkpt lat="49.061804" lon="9.200314">
        <ele>260.011323</ele>
        <time>2021-07-24T14:57:04.000Z</time>
      </trkpt>
      <trkpt lat="49.061762" lon="9.200359">
        <ele>259.987408</ele>
        <time>2021-07-24T14:57:05.000Z</time>
      </trkpt>
      <trkpt lat="49.061729" lon="9.200415">
        <ele>259.964409</ele>
        <time>2021-07-24T14:57:06.000Z</time>
      </trkpt>
      <trkpt lat="49.061691" lon="9.200466">
        <ele>259.940825</ele>
        <time>2021-07-24T14:57:07.000Z</time>
      </trkpt>
      <trkpt lat="49.061657" lon="9.200519">
        <ele>259.918176</ele>
        <time>2021-07-24T14:57:08.000Z</time>
      </trkpt>
      <trkpt lat="49.061617" lon="9.200571">
        <ele>259.893688</ele>
        <time>2021-07-24T14:57:09.000Z</time>
      </trkpt>
      <trkpt lat="49.061577" lon="9.200620">
        <ele>259.869784</ele>
        <time>2021-07-24T14:57:10.000Z</time>
      </trkpt>
      <trkpt lat="49.061539" lon="9.200660">
        <ele>259.848270</ele>
        <time>2021-07-24T14:57:11.000Z</time>
      </trkpt>
      <trkpt lat="49.061500" lon="9.200711">
        <ele>259.824335</ele>
        <time>2021-07-24T14:57:12.000Z</time>
      </trkpt>
      <trkpt lat="49.061462" lon="9.200751">
        <ele>259.802822</ele>
        <time>2021-07-24T14:57:13.000Z</time>
      </trkpt>
      <trkpt lat="49.061422" lon="9.200799">
        <ele>259.779108</ele>
        <time>2021-07-24T14:57:14.000Z</time>
      </trkpt>
      <trkpt lat="49.061382" lon="9.200838">
        <ele>259.756987</ele>
        <time>2021-07-24T14:57:15.000Z</time>
      </trkpt>
      <trkpt lat="49.061346" lon="9.200881">
        <ele>259.735682</ele>
        <time>2021-07-24T14:57:16.000Z</time>
      </trkpt>
      <trkpt lat="49.061308" lon="9.200914">
        <ele>259.715306</ele>
        <time>2021-07-24T14:57:17.000Z</time>
      </trkpt>
      <trkpt lat="49.061266" lon="9.200957">
        <ele>259.691736</ele>
        <time>2021-07-24T14:57:18.000Z</time>
      </trkpt>
      <trkpt lat="49.061220" lon="9.201000">
        <ele>259.666596</ele>
        <time>2021-07-24T14:57:19.000Z</time>
      </trkpt>
      <trkpt lat="49.061174" lon="9.201041">
        <ele>259.641770</ele>
        <time>2021-07-24T14:57:20.000Z</time>
      </trkpt>
      <trkpt lat="49.061127" lon="9.201080">
        <ele>259.616838</ele>
        <time>2021-07-24T14:57:21.000Z</time>
      </trkpt>
      <trkpt lat="49.061081" lon="9.201112">
        <ele>259.593278</ele>
        <time>2021-07-24T14:57:22.000Z</time>
      </trkpt>
      <trkpt lat="49.061038" lon="9.201146">
        <ele>259.570708</ele>
        <time>2021-07-24T14:57:23.000Z</time>
      </trkpt>
      <trkpt lat="49.060993" lon="9.201176">
        <ele>259.547823</ele>
        <time>2021-07-24T14:57:24.000Z</time>
      </trkpt>
      <trkpt lat="49.060949" lon="9.201214">
        <ele>259.524261</ele>
        <time>2021-07-24T14:57:25.000Z</time>
      </trkpt>
      <trkpt lat="49.060905" lon="9.201247">
        <ele>259.501413</ele>
        <time>2021-07-24T14:57:26.000Z</time>
      </trkpt>
      <trkpt lat="49.060864" lon="9.201279">
        <ele>259.479952</ele>
        <time>2021-07-24T14:57:27.000Z</time>
      </trkpt>
      <trkpt lat="49.060821" lon="9.201308">
        <ele>259.458043</ele>
        <time>2021-07-24T14:57:28.000Z</time>
      </trkpt>
      <trkpt lat="49.060777" lon="9.201333">
        <ele>259.436162</ele>
        <time>2021-07-24T14:57:29.000Z</time>
      </trkpt>
      <trkpt lat="49.060736" lon="9.201363">
        <ele>259.414972</ele>
        <time>2021-07-24T14:57:30.000Z</time>
      </trkpt>
      <trkpt lat="49.060692" lon="9.201393">
        <ele>259.392513</ele>
        <time>2021-07-24T14:57:31.000Z</time>
      </trkpt>
      <trkpt lat="49.060651" lon="9.201422">
        <ele>259.371453</ele>
        <time>2021-07-24T14:57:32.000Z</time>
      </trkpt>
      <trkpt lat="49.060606" lon="9.201454">
        <ele>259.348316</ele>
        <time>2021-07-24T14:57:33.000Z</time>
      </trkpt>
      <trkpt lat="49.060560" lon="9.201483">
        <ele>259.325121</ele>
        <time>2021-07-24T14:57:34.000Z</time>
      </trkpt>
      <trkpt lat="49.060510" lon="9.201515">
        <ele>259.299853</ele>
        <time>2021-07-24T14:57:35.000Z</time>
      </trkpt>
      <trkpt lat="49.060462" lon="9.201544">
        <ele>259.275794</ele>
        <time>2021-07-24T14:57:36.000Z</time>
      </trkpt>
      <trkpt lat="49.060419" lon="9.201570">
        <ele>259.254239</ele>
        <time>2021-07-24T14:57:37.000Z</time>
      </trkpt>
      <trkpt lat="49.060368" lon="9.201596">
        <ele>259.229180</ele>
        <time>2021-07-24T14:57:38.000Z</time>
      </trkpt>
      <trkpt lat="49.060324" lon="9.201634">
        <ele>259.299464</ele>
        <time>2021-07-24T14:57:39.000Z</time>
      </trkpt>
      <trkpt lat="49.060280" lon="9.201667">
        <ele>259.378034</ele>
        <time>2021-07-24T14:57:40.000Z</time>
      </trkpt>
      <trkpt lat="49.060235" lon="9.201701">
        <ele>259.458507</ele>
        <time>2021-07-24T14:57:41.000Z</time>
      </trkpt>
      <trkpt lat="49.060192" lon="9.201733">
        <ele>259.535176</ele>
        <time>2021-07-24T14:57:42.000Z</time>
      </trkpt>
      <trkpt lat="49.060148" lon="9.201765">
        <ele>259.613289</ele>
        <time>2021-07-24T14:57:43.000Z</time>
      </trkpt>
      <trkpt lat="49.060105" lon="9.201798">
        <ele>259.690424</ele>
        <time>2021-07-24T14:57:44.000Z</time>
      </trkpt>
      <trkpt lat="49.060060" lon="9.201826">
        <ele>259.768306</ele>
        <time>2021-07-24T14:57:45.000Z</time>
      </trkpt>
      <trkpt lat="49.060013" lon="9.201855">
        <ele>259.849552</ele>
        <time>2021-07-24T14:57:46.000Z</time>
      </trkpt>
      <trkpt lat="49.059972" lon="9.201892">
        <ele>259.925888</ele>
        <time>2021-07-24T14:57:47.000Z</time>
      </trkpt>
      <trkpt lat="49.059927" lon="9.201926">
        <ele>260.006360</ele>
        <time>2021-07-24T14:57:48.000Z</time>
      </trkpt>
      <trkpt lat="49.059892" lon="9.201968">
        <ele>260.077716</ele>
        <time>2021-07-24T14:57:49.000Z</time>
      </trkpt>
      <trkpt lat="49.059851" lon="9.202001">
        <ele>260.152001</ele>
        <time>2021-07-24T14:57:50.000Z</time>
      </trkpt>
      <trkpt lat="49.059811" lon="9.202036">
        <ele>260.225895</ele>
        <time>2021-07-24T14:57:51.000Z</time>
      </trkpt>
      <trkpt lat="49.059769" lon="9.202077">
        <ele>260.305798</ele>
        <time>2021-07-24T14:57:52.000Z</time>
      </trkpt>
      <trkpt lat="49.059726" lon="9.202114">
        <ele>260.384910</ele>
        <time>2021-07-24T14:57:53.000Z</time>
      </trkpt>
      <trkpt lat="49.059687" lon="9.202155">
        <ele>260.460807</ele>
        <time>2021-07-24T14:57:54.000Z</time>
      </trkpt>
      <trkpt lat="49.059644" lon="9.202195">
        <ele>260.541512</ele>
        <time>2021-07-24T14:57:55.000Z</time>
      </trkpt>
      <trkpt lat="49.059605" lon="9.202237">
        <ele>260.618010</ele>
        <time>2021-07-24T14:57:56.000Z</time>
      </trkpt>
      <trkpt lat="49.059565" lon="9.202282">
        <ele>260.697650</ele>
        <time>2021-07-24T14:57:57.000Z</time>
      </trkpt>
      <trkpt lat="49.059516" lon="9.202327">
        <ele>260.789301</ele>
        <time>2021-07-24T14:57:58.000Z</time>
      </trkpt>
      <trkpt lat="49.059474" lon="9.202373">
        <ele>260.872151</ele>
        <time>2021-07-24T14:57:59.000Z</time>
      </trkpt>
      <trkpt lat="49.059433" lon="9.202422">
        <ele>260.955610</ele>
        <time>2021-07-24T14:58:00.000Z</time>
      </trkpt>
      <trkpt lat="49.059393" lon="9.202473">
        <ele>261.039143</ele>
        <time>2021-07-24T14:58:01.000Z</time>
      </trkpt>
      <trkpt lat="49.059355" lon="9.202523">
        <ele>261.119553</ele>
        <time>2021-07-24T14:58:02.000Z</time>
      </trkpt>
      <trkpt lat="49.059311" lon="9.202578">
        <ele>261.210704</ele>
        <time>2021-07-24T14:58:03.000Z</time>
      </trkpt>
      <trkpt lat="49.059270" lon="9.202629">
        <ele>261.295474</ele>
        <time>2021-07-24T14:58:04.000Z</time>
      </trkpt>
      <trkpt lat="49.059231" lon="9.202677">
        <ele>261.375769</ele>
        <time>2021-07-24T14:58:05.000Z</time>
      </trkpt>
      <trkpt lat="49.059197" lon="9.202736">
        <ele>261.458280</ele>
        <time>2021-07-24T14:58:06.000Z</time>
      </trkpt>
      <trkpt lat="49.059155" lon="9.202787">
        <ele>261.544298</ele>
        <time>2021-07-24T14:58:07.000Z</time>
      </trkpt>
      <trkpt lat="49.059116" lon="9.202842">
        <ele>261.629401</ele>
        <time>2021-07-24T14:58:08.000Z</time>
      </trkpt>
      <trkpt lat="49.059075" lon="9.202894">
        <ele>261.714838</ele>
        <time>2021-07-24T14:58:09.000Z</time>
      </trkpt>
      <trkpt lat="49.059037" lon="9.202947">
        <ele>261.797340</ele>
        <time>2021-07-24T14:58:10.000Z</time>
      </trkpt>
      <trkpt lat="49.058995" lon="9.203004">
        <ele>261.887417</ele>
        <time>2021-07-24T14:58:11.000Z</time>
      </trkpt>
      <trkpt lat="49.058956" lon="9.203067">
        <ele>261.978431</ele>
        <time>2021-07-24T14:58:12.000Z</time>
      </trkpt>
      <trkpt lat="49.058914" lon="9.203124">
        <ele>262.068508</ele>
        <time>2021-07-24T14:58:13.000Z</time>
      </trkpt>
      <trkpt lat="49.058881" lon="9.203188">
        <ele>262.118038</ele>
        <time>2021-07-24T14:58:14.000Z</time>
      </trkpt>
      <trkpt lat="49.058848" lon="9.203247">
        <ele>262.133964</ele>
        <time>2021-07-24T14:58:15.000Z</time>
      </trkpt>
      <trkpt lat="49.058808" lon="9.203307">
        <ele>262.151537</ele>
        <time>2021-07-24T14:58:16.000Z</time>
      </trkpt>
      <trkpt lat="49.058770" lon="9.203371">
        <ele>262.169269</ele>
        <time>2021-07-24T14:58:17.000Z</time>
      </trkpt>
      <trkpt lat="49.058733" lon="9.203430">
        <ele>262.186036</ele>
        <time>2021-07-24T14:58:18.000Z</time>
      </trkpt>
      <trkpt lat="49.058694" lon="9.203493">
        <ele>262.203830</ele>
        <time>2021-07-24T14:58:19.000Z</time>
      </trkpt>
      <trkpt lat="49.058660" lon="9.203562">
        <ele>262.221555</ele>
        <time>2021-07-24T14:58:20.000Z</time>
      </trkpt>
      <trkpt lat="49.058619" lon="9.203624">
        <ele>262.239639</ele>
        <time>2021-07-24T14:58:21.000Z</time>
      </trkpt>
      <trkpt lat="49.058582" lon="9.203687">
        <ele>262.257009</ele>
        <time>2021-07-24T14:58:22.000Z</time>
      </trkpt>
      <trkpt lat="49.058545" lon="9.203757">
        <ele>262.275474</ele>
        <time>2021-07-24T14:58:23.000Z</time>
      </trkpt>
      <trkpt lat="49.058510" lon="9.203817">
        <ele>262.291967</ele>
        <time>2021-07-24T14:58:24.000Z</time>
      </trkpt>
      <trkpt lat="49.058475" lon="9.203882">
        <ele>262.309240</ele>
        <time>2021-07-24T14:58:25.000Z</time>
      </trkpt>
      <trkpt lat="49.058439" lon="9.203946">
        <ele>262.326557</ele>
        <time>2021-07-24T14:58:26.000Z</time>
      </trkpt>
      <trkpt lat="49.058404" lon="9.204010">
        <ele>262.343672</ele>
        <time>2021-07-24T14:58:27.000Z</time>
      </trkpt>
      <trkpt lat="49.058366" lon="9.204073">
        <ele>262.361252</ele>
        <time>2021-07-24T14:58:28.000Z</time>
      </trkpt>
      <trkpt lat="49.058328" lon="9.204136">
        <ele>262.378832</ele>
        <time>2021-07-24T14:58:29.000Z</time>
      </trkpt>
      <trkpt lat="49.058288" lon="9.204200">
        <ele>262.396991</ele>
        <time>2021-07-24T14:58:30.000Z</time>
      </trkpt>
      <trkpt lat="49.058248" lon="9.204263">
        <ele>262.415001</ele>
        <time>2021-07-24T14:58:31.000Z</time>
      </trkpt>
      <trkpt lat="49.058208" lon="9.204327">
        <ele>262.433160</ele>
        <time>2021-07-24T14:58:32.000Z</time>
      </trkpt>
      <trkpt lat="49.058167" lon="9.204383">
        <ele>262.450400</ele>
        <time>2021-07-24T14:58:33.000Z</time>
      </trkpt>
      <trkpt lat="49.058125" lon="9.204441">
        <ele>262.468148</ele>
        <time>2021-07-24T14:58:34.000Z</time>
      </trkpt>
      <trkpt lat="49.058086" lon="9.204505">
        <ele>262.486091</ele>
        <time>2021-07-24T14:58:35.000Z</time>
      </trkpt>
      <trkpt lat="49.058046" lon="9.204566">
        <ele>262.503809</ele>
        <time>2021-07-24T14:58:36.000Z</time>
      </trkpt>
      <trkpt lat="49.058005" lon="9.204624">
        <ele>262.521326</ele>
        <time>2021-07-24T14:58:37.000Z</time>
      </trkpt>
      <trkpt lat="49.057964" lon="9.204686">
        <ele>262.539411</ele>
        <time>2021-07-24T14:58:38.000Z</time>
      </trkpt>
      <trkpt lat="49.057922" lon="9.204739">
        <ele>262.556487</ele>
        <time>2021-07-24T14:58:39.000Z</time>
      </trkpt>
      <trkpt lat="49.057885" lon="9.204792">
        <ele>262.572386</ele>
        <time>2021-07-24T14:58:40.000Z</time>
      </trkpt>
      <trkpt lat="49.057846" lon="9.204844">
        <ele>262.588613</ele>
        <time>2021-07-24T14:58:41.000Z</time>
      </trkpt>
      <trkpt lat="49.057811" lon="9.204892">
        <ele>262.603357</ele>
        <time>2021-07-24T14:58:42.000Z</time>
      </trkpt>
      <trkpt lat="49.057779" lon="9.204949">
        <ele>262.618767</ele>
        <time>2021-07-24T14:58:43.000Z</time>
      </trkpt>
      <trkpt lat="49.057748" lon="9.205010">
        <ele>262.634617</ele>
        <time>2021-07-24T14:58:44.000Z</time>
      </trkpt>
      <trkpt lat="49.057718" lon="9.205074">
        <ele>262.650773</ele>
        <time>2021-07-24T14:58:45.000Z</time>
      </trkpt>
      <trkpt lat="49.057687" lon="9.205143">
        <ele>262.667950</ele>
        <time>2021-07-24T14:58:46.000Z</time>
      </trkpt>
      <trkpt lat="49.057657" lon="9.205200">
        <ele>262.720597</ele>
        <time>2021-07-24T14:58:47.000Z</time>
      </trkpt>
      <trkpt lat="49.057627" lon="9.205257">
        <ele>262.791430</ele>
        <time>2021-07-24T14:58:48.000Z</time>
      </trkpt>
      <trkpt lat="49.057591" lon="9.205294">
        <ele>262.855603</ele>
        <time>2021-07-24T14:58:49.000Z</time>
      </trkpt>
      <trkpt lat="49.057558" lon="9.205342">
        <ele>262.923007</ele>
        <time>2021-07-24T14:58:50.000Z</time>
      </trkpt>
      <trkpt lat="49.057525" lon="9.205383">
        <ele>262.985924</ele>
        <time>2021-07-24T14:58:51.000Z</time>
      </trkpt>
      <trkpt lat="49.057483" lon="9.205410">
        <ele>263.053307</ele>
        <time>2021-07-24T14:58:52.000Z</time>
      </trkpt>
      <trkpt lat="49.057437" lon="9.205436">
        <ele>263.125834</ele>
        <time>2021-07-24T14:58:53.000Z</time>
      </trkpt>
      <trkpt lat="49.057389" lon="9.205468">
        <ele>263.203279</ele>
        <time>2021-07-24T14:58:54.000Z</time>
      </trkpt>
      <trkpt lat="49.057337" lon="9.205491">
        <ele>263.283326</ele>
        <time>2021-07-24T14:58:55.000Z</time>
      </trkpt>
      <trkpt lat="49.057293" lon="9.205517">
        <ele>263.353087</ele>
        <time>2021-07-24T14:58:56.000Z</time>
      </trkpt>
      <trkpt lat="49.057247" lon="9.205555">
        <ele>263.430425</ele>
        <time>2021-07-24T14:58:57.000Z</time>
      </trkpt>
      <trkpt lat="49.057206" lon="9.205597">
        <ele>263.503436</ele>
        <time>2021-07-24T14:58:58.000Z</time>
      </trkpt>
      <trkpt lat="49.057159" lon="9.205640">
        <ele>263.584458</ele>
        <time>2021-07-24T14:58:59.000Z</time>
      </trkpt>
      <trkpt lat="49.057115" lon="9.205683">
        <ele>263.661709</ele>
        <time>2021-07-24T14:59:00.000Z</time>
      </trkpt>
      <trkpt lat="49.057070" lon="9.205730">
        <ele>263.742334</ele>
        <time>2021-07-24T14:59:01.000Z</time>
      </trkpt>
      <trkpt lat="49.057027" lon="9.205765">
        <ele>263.814388</ele>
        <time>2021-07-24T14:59:02.000Z</time>
      </trkpt>
      <trkpt lat="49.056986" lon="9.205809">
        <ele>263.888497</ele>
        <time>2021-07-24T14:59:03.000Z</time>
      </trkpt>
      <trkpt lat="49.056944" lon="9.205851">
        <ele>263.962740</ele>
        <time>2021-07-24T14:59:04.000Z</time>
      </trkpt>
      <trkpt lat="49.056892" lon="9.205892">
        <ele>264.049279</ele>
        <time>2021-07-24T14:59:05.000Z</time>
      </trkpt>
      <trkpt lat="49.056848" lon="9.205936">
        <ele>264.127057</ele>
        <time>2021-07-24T14:59:06.000Z</time>
      </trkpt>
      <trkpt lat="49.056808" lon="9.205977">
        <ele>264.198300</ele>
        <time>2021-07-24T14:59:07.000Z</time>
      </trkpt>
      <trkpt lat="49.056765" lon="9.206015">
        <ele>264.271768</ele>
        <time>2021-07-24T14:59:08.000Z</time>
      </trkpt>
      <trkpt lat="49.056714" lon="9.206059">
        <ele>264.358389</ele>
        <time>2021-07-24T14:59:09.000Z</time>
      </trkpt>
      <trkpt lat="49.056671" lon="9.206103">
        <ele>264.434935</ele>
        <time>2021-07-24T14:59:10.000Z</time>
      </trkpt>
      <trkpt lat="49.056627" lon="9.206141">
        <ele>264.509686</ele>
        <time>2021-07-24T14:59:11.000Z</time>
      </trkpt>
      <trkpt lat="49.056579" lon="9.206177">
        <ele>264.588762</ele>
        <time>2021-07-24T14:59:12.000Z</time>
      </trkpt>
      <trkpt lat="49.056538" lon="9.206214">
        <ele>264.659188</ele>
        <time>2021-07-24T14:59:13.000Z</time>
      </trkpt>
      <trkpt lat="49.056495" lon="9.206251">
        <ele>264.732175</ele>
        <time>2021-07-24T14:59:14.000Z</time>
      </trkpt>
      <trkpt lat="49.056450" lon="9.206285">
        <ele>264.806417</ele>
        <time>2021-07-24T14:59:15.000Z</time>
      </trkpt>
      <trkpt lat="49.056408" lon="9.206314">
        <ele>264.874576</ele>
        <time>2021-07-24T14:59:16.000Z</time>
      </trkpt>
      <trkpt lat="49.056360" lon="9.206345">
        <ele>264.951638</ele>
        <time>2021-07-24T14:59:17.000Z</time>
      </trkpt>
      <trkpt lat="49.056318" lon="9.206375">
        <ele>265.020202</ele>
        <time>2021-07-24T14:59:18.000Z</time>
      </trkpt>
      <trkpt lat="49.056270" lon="9.206408">
        <ele>265.098041</ele>
        <time>2021-07-24T14:59:19.000Z</time>
      </trkpt>
      <trkpt lat="49.056227" lon="9.206435">
        <ele>265.166789</ele>
        <time>2021-07-24T14:59:20.000Z</time>
      </trkpt>
      <trkpt lat="49.056183" lon="9.206458">
        <ele>265.235554</ele>
        <time>2021-07-24T14:59:21.000Z</time>
      </trkpt>
      <trkpt lat="49.056138" lon="9.206493">
        <ele>265.310231</ele>
        <time>2021-07-24T14:59:22.000Z</time>
      </trkpt>
      <trkpt lat="49.056088" lon="9.206520">
        <ele>265.373752</ele>
        <time>2021-07-24T14:59:23.000Z</time>
      </trkpt>
      <trkpt lat="49.056044" lon="9.206551">
        <ele>265.426511</ele>
        <time>2021-07-24T14:59:24.000Z</time>
      </trkpt>
      <trkpt lat="49.055999" lon="9.206588">
        <ele>265.482158</ele>
        <time>2021-07-24T14:59:25.000Z</time>
      </trkpt>
      <trkpt lat="49.055953" lon="9.206618">
        <ele>265.536616</ele>
        <time>2021-07-24T14:59:26.000Z</time>
      </trkpt>
      <trkpt lat="49.055906" lon="9.206648">
        <ele>265.592078</ele>
        <time>2021-07-24T14:59:27.000Z</time>
      </trkpt>
      <trkpt lat="49.055856" lon="9.206671">
        <ele>265.648929</ele>
        <time>2021-07-24T14:59:28.000Z</time>
      </trkpt>
      <trkpt lat="49.055812" lon="9.206696">
        <ele>265.700041</ele>
        <time>2021-07-24T14:59:29.000Z</time>
      </trkpt>
      <trkpt lat="49.055763" lon="9.206723">
        <ele>265.756755</ele>
        <time>2021-07-24T14:59:30.000Z</time>
      </trkpt>
      <trkpt lat="49.055720" lon="9.206750">
        <ele>265.807374</ele>
        <time>2021-07-24T14:59:31.000Z</time>
      </trkpt>
      <trkpt lat="49.055672" lon="9.206782">
        <ele>265.864398</ele>
        <time>2021-07-24T14:59:32.000Z</time>
      </trkpt>
      <trkpt lat="49.055629" lon="9.206805">
        <ele>265.914001</ele>
        <time>2021-07-24T14:59:33.000Z</time>
      </trkpt>
      <trkpt lat="49.055576" lon="9.206839">
        <ele>265.976590</ele>
        <time>2021-07-24T14:59:34.000Z</time>
      </trkpt>
      <trkpt lat="49.055532" lon="9.206863">
        <ele>266.027457</ele>
        <time>2021-07-24T14:59:35.000Z</time>
      </trkpt>
      <trkpt lat="49.055485" lon="9.206891">
        <ele>266.082384</ele>
        <time>2021-07-24T14:59:36.000Z</time>
      </trkpt>
      <trkpt lat="49.055437" lon="9.206913">
        <ele>266.136944</ele>
        <time>2021-07-24T14:59:37.000Z</time>
      </trkpt>
      <trkpt lat="49.055391" lon="9.206942">
        <ele>266.191127</ele>
        <time>2021-07-24T14:59:38.000Z</time>
      </trkpt>
      <trkpt lat="49.055347" lon="9.206970">
        <ele>266.243025</ele>
        <time>2021-07-24T14:59:39.000Z</time>
      </trkpt>
      <trkpt lat="49.055297" lon="9.207001">
        <ele>266.301778</ele>
        <time>2021-07-24T14:59:40.000Z</time>
      </trkpt>
      <trkpt lat="49.055253" lon="9.207030">
        <ele>266.353954</ele>
        <time>2021-07-24T14:59:41.000Z</time>
      </trkpt>
      <trkpt lat="49.055207" lon="9.207062">
        <ele>266.408990</ele>
        <time>2021-07-24T14:59:42.000Z</time>
      </trkpt>
      <trkpt lat="49.055162" lon="9.207085">
        <ele>266.460653</ele>
        <time>2021-07-24T14:59:43.000Z</time>
      </trkpt>
      <trkpt lat="49.055115" lon="9.207110">
        <ele>266.514838</ele>
        <time>2021-07-24T14:59:44.000Z</time>
      </trkpt>
      <trkpt lat="49.055069" lon="9.207132">
        <ele>266.567317</ele>
        <time>2021-07-24T14:59:45.000Z</time>
      </trkpt>
      <trkpt lat="49.055023" lon="9.207156">
        <ele>266.620240</ele>
        <time>2021-07-24T14:59:46.000Z</time>
      </trkpt>
      <trkpt lat="49.054980" lon="9.207179">
        <ele>266.669844</ele>
        <time>2021-07-24T14:59:47.000Z</time>
      </trkpt>
      <trkpt lat="49.054933" lon="9.207206">
        <ele>266.724515</ele>
        <time>2021-07-24T14:59:48.000Z</time>
      </trkpt>
      <trkpt lat="49.054885" lon="9.207236">
        <ele>266.780982</ele>
        <time>2021-07-24T14:59:49.000Z</time>
      </trkpt>
      <trkpt lat="49.054840" lon="9.207261">
        <ele>266.833116</ele>
        <time>2021-07-24T14:59:50.000Z</time>
      </trkpt>
      <trkpt lat="49.054793" lon="9.207290">
        <ele>266.888307</ele>
        <time>2021-07-24T14:59:51.000Z</time>
      </trkpt>
      <trkpt lat="49.054747" lon="9.207321">
        <ele>266.943050</ele>
        <time>2021-07-24T14:59:52.000Z</time>
      </trkpt>
      <trkpt lat="49.054705" lon="9.207362">
        <ele>266.997328</ele>
        <time>2021-07-24T14:59:53.000Z</time>
      </trkpt>
      <trkpt lat="49.054669" lon="9.207403">
        <ele>267.046231</ele>
        <time>2021-07-24T14:59:54.000Z</time>
      </trkpt>
      <trkpt lat="49.054633" lon="9.207442">
        <ele>267.094294</ele>
        <time>2021-07-24T14:59:55.000Z</time>
      </trkpt>
      <trkpt lat="49.054598" lon="9.207493">
        <ele>267.146978</ele>
        <time>2021-07-24T14:59:56.000Z</time>
      </trkpt>
      <trkpt lat="49.054566" lon="9.207536">
        <ele>267.193396</ele>
        <time>2021-07-24T14:59:57.000Z</time>
      </trkpt>
      <trkpt lat="49.054531" lon="9.207574">
        <ele>267.240158</ele>
        <time>2021-07-24T14:59:58.000Z</time>
      </trkpt>
      <trkpt lat="49.054484" lon="9.207589">
        <ele>267.291266</ele>
        <time>2021-07-24T14:59:59.000Z</time>
      </trkpt>
      <trkpt lat="49.054448" lon="9.207580">
        <ele>267.310117</ele>
        <time>2021-07-24T15:00:00.000Z</time>
      </trkpt>
      <trkpt lat="49.054423" lon="9.207544">
        <ele>267.327880</ele>
        <time>2021-07-24T15:00:01.000Z</time>
      </trkpt>
      <trkpt lat="49.054410" lon="9.207521">
        <ele>267.338165</ele>
        <time>2021-07-24T15:00:02.000Z</time>
      </trkpt>
      <trkpt lat="49.054402" lon="9.207498">
        <ele>267.346983</ele>
        <time>2021-07-24T15:00:03.000Z</time>
      </trkpt>
      <trkpt lat="49.054398" lon="9.207475">
        <ele>267.355042</ele>
        <time>2021-07-24T15:00:04.000Z</time>
      </trkpt>
      <trkpt lat="49.054395" lon="9.207460">
        <ele>267.360353</ele>
        <time>2021-07-24T15:00:05.000Z</time>
      </trkpt>
      <trkpt lat="49.054392" lon="9.207446">
        <ele>267.365341</ele>
        <time>2021-07-24T15:00:06.000Z</time>
      </trkpt>
      <trkpt lat="49.054392" lon="9.207442">
        <ele>267.366696</ele>
        <time>2021-07-24T15:00:07.000Z</time>
      </trkpt>
      <trkpt lat="49.054394" lon="9.207440">
        <ele>267.367931</ele>
        <time>2021-07-24T15:00:08.000Z</time>
      </trkpt>
      <trkpt lat="49.054395" lon="9.207440">
        <ele>267.368448</ele>
        <time>2021-07-24T15:00:09.000Z</time>
      </trkpt>
      <trkpt lat="49.054394" lon="9.207440">
        <ele>267.368965</ele>
        <time>2021-07-24T15:00:10.000Z</time>
      </trkpt>
      <trkpt lat="49.054394" lon="9.207440">
        <ele>267.368965</ele>
        <time>2021-07-24T15:00:11.000Z</time>
      </trkpt>
      <trkpt lat="49.054394" lon="9.207440">
        <ele>267.368965</ele>
        <time>2021-07-24T15:00:12.000Z</time>
      </trkpt>
      <trkpt lat="49.054394" lon="9.207440">
        <ele>267.368965</ele>
        <time>2021-07-24T15:00:13.000Z</time>
      </trkpt>
      <trkpt lat="49.054393" lon="9.207441">
        <ele>267.369583</ele>
        <time>2021-07-24T15:00:14.000Z</time>
      </trkpt>
      <trkpt lat="49.054393" lon="9.207440">
        <ele>267.369921</ele>
        <time>2021-07-24T15:00:15.000Z</time>
      </trkpt>
      <trkpt lat="49.054393" lon="9.207440">
        <ele>267.369921</ele>
        <time>2021-07-24T15:00:16.000Z</time>
      </trkpt>
      <trkpt lat="49.054392" lon="9.207442">
        <ele>267.370773</ele>
        <time>2021-07-24T15:00:17.000Z</time>
      </trkpt>
      <trkpt lat="49.054391" lon="9.207444">
        <ele>267.371625</ele>
        <time>2021-07-24T15:00:18.000Z</time>
      </trkpt>
      <trkpt lat="49.054390" lon="9.207445">
        <ele>267.372243</ele>
        <time>2021-07-24T15:00:19.000Z</time>
      </trkpt>
      <trkpt lat="49.054390" lon="9.207446">
        <ele>267.372582</ele>
        <time>2021-07-24T15:00:20.000Z</time>
      </trkpt>
      <trkpt lat="49.054391" lon="9.207447">
        <ele>267.373199</ele>
        <time>2021-07-24T15:00:21.000Z</time>
      </trkpt>
      <trkpt lat="49.054391" lon="9.207447">
        <ele>267.373199</ele>
        <time>2021-07-24T15:00:22.000Z</time>
      </trkpt>
      <trkpt lat="49.054392" lon="9.207447">
        <ele>267.373716</ele>
        <time>2021-07-24T15:00:23.000Z</time>
      </trkpt>
      <trkpt lat="49.054393" lon="9.207448">
        <ele>267.374334</ele>
        <time>2021-07-24T15:00:24.000Z</time>
      </trkpt>
      <trkpt lat="49.054394" lon="9.207449">
        <ele>267.374952</ele>
        <time>2021-07-24T15:00:25.000Z</time>
      </trkpt>
      <trkpt lat="49.054395" lon="9.207449">
        <ele>267.375469</ele>
        <time>2021-07-24T15:00:26.000Z</time>
      </trkpt>
      <trkpt lat="49.054395" lon="9.207449">
        <ele>267.375469</ele>
        <time>2021-07-24T15:00:27.000Z</time>
      </trkpt>
      <trkpt lat="49.054396" lon="9.207449">
        <ele>267.375985</ele>
        <time>2021-07-24T15:00:28.000Z</time>
      </trkpt>
      <trkpt lat="49.054394" lon="9.207444">
        <ele>267.377969</ele>
        <time>2021-07-24T15:00:29.000Z</time>
      </trkpt>
      <trkpt lat="49.054387" lon="9.207415">
        <ele>267.388435</ele>
        <time>2021-07-24T15:00:30.000Z</time>
      </trkpt>
      <trkpt lat="49.054375" lon="9.207378">
        <ele>267.402415</ele>
        <time>2021-07-24T15:00:31.000Z</time>
      </trkpt>
      <trkpt lat="49.054359" lon="9.207340">
        <ele>267.417711</ele>
        <time>2021-07-24T15:00:32.000Z</time>
      </trkpt>
      <trkpt lat="49.054340" lon="9.207301">
        <ele>267.434168</ele>
        <time>2021-07-24T15:00:33.000Z</time>
      </trkpt>
      <trkpt lat="49.054321" lon="9.207265">
        <ele>267.449821</ele>
        <time>2021-07-24T15:00:34.000Z</time>
      </trkpt>
      <trkpt lat="49.054302" lon="9.207227">
        <ele>267.466008</ele>
        <time>2021-07-24T15:00:35.000Z</time>
      </trkpt>
      <trkpt lat="49.054276" lon="9.207190">
        <ele>267.484380</ele>
        <time>2021-07-24T15:00:36.000Z</time>
      </trkpt>
      <trkpt lat="49.054243" lon="9.207159">
        <ele>267.504405</ele>
        <time>2021-07-24T15:00:37.000Z</time>
      </trkpt>
      <trkpt lat="49.054204" lon="9.207144">
        <ele>267.525188</ele>
        <time>2021-07-24T15:00:38.000Z</time>
      </trkpt>
      <trkpt lat="49.054159" lon="9.207210">
        <ele>267.557442</ele>
        <time>2021-07-24T15:00:39.000Z</time>
      </trkpt>
      <trkpt lat="49.054128" lon="9.207249">
        <ele>267.578204</ele>
        <time>2021-07-24T15:00:40.000Z</time>
      </trkpt>
      <trkpt lat="49.054090" lon="9.207297">
        <ele>267.603696</ele>
        <time>2021-07-24T15:00:41.000Z</time>
      </trkpt>
      <trkpt lat="49.054059" lon="9.207353">
        <ele>267.628520</ele>
        <time>2021-07-24T15:00:42.000Z</time>
      </trkpt>
      <trkpt lat="49.054029" lon="9.207406">
        <ele>267.652237</ele>
        <time>2021-07-24T15:00:43.000Z</time>
      </trkpt>
      <trkpt lat="49.053996" lon="9.207456">
        <ele>267.676268</ele>
        <time>2021-07-24T15:00:44.000Z</time>
      </trkpt>
      <trkpt lat="49.053963" lon="9.207493">
        <ele>267.697430</ele>
        <time>2021-07-24T15:00:45.000Z</time>
      </trkpt>
      <trkpt lat="49.053923" lon="9.207531">
        <ele>267.721778</ele>
        <time>2021-07-24T15:00:46.000Z</time>
      </trkpt>
      <trkpt lat="49.053883" lon="9.207565">
        <ele>267.745439</ele>
        <time>2021-07-24T15:00:47.000Z</time>
      </trkpt>
      <trkpt lat="49.053846" lon="9.207601">
        <ele>267.768115</ele>
        <time>2021-07-24T15:00:48.000Z</time>
      </trkpt>
      <trkpt lat="49.053808" lon="9.207634">
        <ele>267.790709</ele>
        <time>2021-07-24T15:00:49.000Z</time>
      </trkpt>
      <trkpt lat="49.053772" lon="9.207669">
        <ele>267.812767</ele>
        <time>2021-07-24T15:00:50.000Z</time>
      </trkpt>
      <trkpt lat="49.053733" lon="9.207704">
        <ele>267.836148</ele>
        <time>2021-07-24T15:00:51.000Z</time>
      </trkpt>
      <trkpt lat="49.053692" lon="9.207732">
        <ele>267.859360</ele>
        <time>2021-07-24T15:00:52.000Z</time>
      </trkpt>
      <trkpt lat="49.053654" lon="9.207769">
        <ele>267.882653</ele>
        <time>2021-07-24T15:00:53.000Z</time>
      </trkpt>
      <trkpt lat="49.053615" lon="9.207797">
        <ele>267.904926</ele>
        <time>2021-07-24T15:00:54.000Z</time>
      </trkpt>
      <trkpt lat="49.053578" lon="9.207829">
        <ele>267.926903</ele>
        <time>2021-07-24T15:00:55.000Z</time>
      </trkpt>
      <trkpt lat="49.053540" lon="9.207861">
        <ele>267.949332</ele>
        <time>2021-07-24T15:00:56.000Z</time>
      </trkpt>
      <trkpt lat="49.053502" lon="9.207896">
        <ele>267.972268</ele>
        <time>2021-07-24T15:00:57.000Z</time>
      </trkpt>
      <trkpt lat="49.053465" lon="9.207933">
        <ele>267.995128</ele>
        <time>2021-07-24T15:00:58.000Z</time>
      </trkpt>
      <trkpt lat="49.053426" lon="9.207972">
        <ele>268.019224</ele>
        <time>2021-07-24T15:00:59.000Z</time>
      </trkpt>
      <trkpt lat="49.053390" lon="9.208005">
        <ele>268.040925</ele>
        <time>2021-07-24T15:01:00.000Z</time>
      </trkpt>
      <trkpt lat="49.053352" lon="9.208046">
        <ele>268.064975</ele>
        <time>2021-07-24T15:01:01.000Z</time>
      </trkpt>
      <trkpt lat="49.053318" lon="9.208088">
        <ele>268.087580</ele>
        <time>2021-07-24T15:01:02.000Z</time>
      </trkpt>
      <trkpt lat="49.053279" lon="9.208120">
        <ele>268.110463</ele>
        <time>2021-07-24T15:01:03.000Z</time>
      </trkpt>
      <trkpt lat="49.053243" lon="9.208157">
        <ele>268.132892</ele>
        <time>2021-07-24T15:01:04.000Z</time>
      </trkpt>
      <trkpt lat="49.053207" lon="9.208201">
        <ele>268.156727</ele>
        <time>2021-07-24T15:01:05.000Z</time>
      </trkpt>
      <trkpt lat="49.053173" lon="9.208240">
        <ele>268.178707</ele>
        <time>2021-07-24T15:01:06.000Z</time>
      </trkpt>
      <trkpt lat="49.053140" lon="9.208282">
        <ele>268.200913</ele>
        <time>2021-07-24T15:01:07.000Z</time>
      </trkpt>
      <trkpt lat="49.053109" lon="9.208320">
        <ele>268.227608</ele>
        <time>2021-07-24T15:01:08.000Z</time>
      </trkpt>
      <trkpt lat="49.053075" lon="9.208362">
        <ele>268.327497</ele>
        <time>2021-07-24T15:01:09.000Z</time>
      </trkpt>
      <trkpt lat="49.053042" lon="9.208401">
        <ele>268.422809</ele>
        <time>2021-07-24T15:01:10.000Z</time>
      </trkpt>
      <trkpt lat="49.053005" lon="9.208440">
        <ele>268.525495</ele>
        <time>2021-07-24T15:01:11.000Z</time>
      </trkpt>
      <trkpt lat="49.052973" lon="9.208486">
        <ele>268.625883</ele>
        <time>2021-07-24T15:01:12.000Z</time>
      </trkpt>
      <trkpt lat="49.052941" lon="9.208524">
        <ele>268.718474</ele>
        <time>2021-07-24T15:01:13.000Z</time>
      </trkpt>
      <trkpt lat="49.052908" lon="9.208565">
        <ele>268.815647</ele>
        <time>2021-07-24T15:01:14.000Z</time>
      </trkpt>
      <trkpt lat="49.052873" lon="9.208611">
        <ele>268.921127</ele>
        <time>2021-07-24T15:01:15.000Z</time>
      </trkpt>
      <trkpt lat="49.052841" lon="9.208655">
        <ele>269.019488</ele>
        <time>2021-07-24T15:01:16.000Z</time>
      </trkpt>
      <trkpt lat="49.052807" lon="9.208697">
        <ele>269.119377</ele>
        <time>2021-07-24T15:01:17.000Z</time>
      </trkpt>
      <trkpt lat="49.052772" lon="9.208738">
        <ele>269.220133</ele>
        <time>2021-07-24T15:01:18.000Z</time>
      </trkpt>
      <trkpt lat="49.052738" lon="9.208778">
        <ele>269.318167</ele>
        <time>2021-07-24T15:01:19.000Z</time>
      </trkpt>
      <trkpt lat="49.052706" lon="9.208827">
        <ele>269.421686</ele>
        <time>2021-07-24T15:01:20.000Z</time>
      </trkpt>
      <trkpt lat="49.052677" lon="9.208868">
        <ele>269.511961</ele>
        <time>2021-07-24T15:01:21.000Z</time>
      </trkpt>
      <trkpt lat="49.052643" lon="9.208923">
        <ele>269.625107</ele>
        <time>2021-07-24T15:01:22.000Z</time>
      </trkpt>
      <trkpt lat="49.052610" lon="9.208971">
        <ele>269.729212</ele>
        <time>2021-07-24T15:01:23.000Z</time>
      </trkpt>
      <trkpt lat="49.052584" lon="9.209025">
        <ele>269.829487</ele>
        <time>2021-07-24T15:01:24.000Z</time>
      </trkpt>
      <trkpt lat="49.052552" lon="9.209075">
        <ele>269.934072</ele>
        <time>2021-07-24T15:01:25.000Z</time>
      </trkpt>
      <trkpt lat="49.052520" lon="9.209127">
        <ele>270.040818</ele>
        <time>2021-07-24T15:01:26.000Z</time>
      </trkpt>
      <trkpt lat="49.052493" lon="9.209181">
        <ele>270.142462</ele>
        <time>2021-07-24T15:01:27.000Z</time>
      </trkpt>
      <trkpt lat="49.052462" lon="9.209234">
        <ele>270.248770</ele>
        <time>2021-07-24T15:01:28.000Z</time>
      </trkpt>
      <trkpt lat="49.052433" lon="9.209285">
        <ele>270.349815</ele>
        <time>2021-07-24T15:01:29.000Z</time>
      </trkpt>
      <trkpt lat="49.052399" lon="9.209339">
        <ele>270.461876</ele>
        <time>2021-07-24T15:01:30.000Z</time>
      </trkpt>
      <trkpt lat="49.052371" lon="9.209392">
        <ele>270.563752</ele>
        <time>2021-07-24T15:01:31.000Z</time>
      </trkpt>
      <trkpt lat="49.052341" lon="9.209447">
        <ele>270.670837</ele>
        <time>2021-07-24T15:01:32.000Z</time>
      </trkpt>
      <trkpt lat="49.052314" lon="9.209501">
        <ele>270.772481</ele>
        <time>2021-07-24T15:01:33.000Z</time>
      </trkpt>
      <trkpt lat="49.052285" lon="9.209557">
        <ele>270.879290</ele>
        <time>2021-07-24T15:01:34.000Z</time>
      </trkpt>
      <trkpt lat="49.052253" lon="9.209607">
        <ele>270.983875</ele>
        <time>2021-07-24T15:01:35.000Z</time>
      </trkpt>
      <trkpt lat="49.052226" lon="9.209667">
        <ele>271.092793</ele>
        <time>2021-07-24T15:01:36.000Z</time>
      </trkpt>
      <trkpt lat="49.052197" lon="9.209725">
        <ele>271.201967</ele>
        <time>2021-07-24T15:01:37.000Z</time>
      </trkpt>
      <trkpt lat="49.052170" lon="9.209780">
        <ele>271.304804</ele>
        <time>2021-07-24T15:01:38.000Z</time>
      </trkpt>
      <trkpt lat="49.052139" lon="9.209833">
        <ele>271.411113</ele>
        <time>2021-07-24T15:01:39.000Z</time>
      </trkpt>
      <trkpt lat="49.052116" lon="9.209887">
        <ele>271.507491</ele>
        <time>2021-07-24T15:01:40.000Z</time>
      </trkpt>
      <trkpt lat="49.052087" lon="9.209944">
        <ele>271.615479</ele>
        <time>2021-07-24T15:01:41.000Z</time>
      </trkpt>
      <trkpt lat="49.052057" lon="9.210001">
        <ele>271.724881</ele>
        <time>2021-07-24T15:01:42.000Z</time>
      </trkpt>
      <trkpt lat="49.052031" lon="9.210053">
        <ele>271.822761</ele>
        <time>2021-07-24T15:01:43.000Z</time>
      </trkpt>
      <trkpt lat="49.052004" lon="9.210110">
        <ele>271.928010</ele>
        <time>2021-07-24T15:01:44.000Z</time>
      </trkpt>
      <trkpt lat="49.051983" lon="9.210171">
        <ele>272.031125</ele>
        <time>2021-07-24T15:01:45.000Z</time>
      </trkpt>
      <trkpt lat="49.051955" lon="9.210224">
        <ele>272.133001</ele>
        <time>2021-07-24T15:01:46.000Z</time>
      </trkpt>
      <trkpt lat="49.051934" lon="9.210281">
        <ele>272.230856</ele>
        <time>2021-07-24T15:01:47.000Z</time>
      </trkpt>
      <trkpt lat="49.051907" lon="9.210335">
        <ele>272.331607</ele>
        <time>2021-07-24T15:01:48.000Z</time>
      </trkpt>
      <trkpt lat="49.051883" lon="9.210394">
        <ele>272.419352</ele>
        <time>2021-07-24T15:01:49.000Z</time>
      </trkpt>
      <trkpt lat="49.051861" lon="9.210448">
        <ele>272.499695</ele>
        <time>2021-07-24T15:01:50.000Z</time>
      </trkpt>
      <trkpt lat="49.051841" lon="9.210508">
        <ele>272.584754</ele>
        <time>2021-07-24T15:01:51.000Z</time>
      </trkpt>
      <trkpt lat="49.051817" lon="9.210566">
        <ele>272.671428</ele>
        <time>2021-07-24T15:01:52.000Z</time>
      </trkpt>
      <trkpt lat="49.051801" lon="9.210623">
        <ele>272.749781</ele>
        <time>2021-07-24T15:01:53.000Z</time>
      </trkpt>
      <trkpt lat="49.051779" lon="9.210680">
        <ele>272.833369</ele>
        <time>2021-07-24T15:01:54.000Z</time>
      </trkpt>
      <trkpt lat="49.051759" lon="9.210740">
        <ele>272.918427</ele>
        <time>2021-07-24T15:01:55.000Z</time>
      </trkpt>
      <trkpt lat="49.051733" lon="9.210796">
        <ele>273.005146</ele>
        <time>2021-07-24T15:01:56.000Z</time>
      </trkpt>
      <trkpt lat="49.051714" lon="9.210855">
        <ele>273.088212</ele>
        <time>2021-07-24T15:01:57.000Z</time>
      </trkpt>
      <trkpt lat="49.051699" lon="9.210910">
        <ele>273.163488</ele>
        <time>2021-07-24T15:01:58.000Z</time>
      </trkpt>
      <trkpt lat="49.051676" lon="9.210967">
        <ele>273.248070</ele>
        <time>2021-07-24T15:01:59.000Z</time>
      </trkpt>
      <trkpt lat="49.051654" lon="9.211026">
        <ele>273.333844</ele>
        <time>2021-07-24T15:02:00.000Z</time>
      </trkpt>
      <trkpt lat="49.051634" lon="9.211086">
        <ele>273.418903</ele>
        <time>2021-07-24T15:02:01.000Z</time>
      </trkpt>
      <trkpt lat="49.051610" lon="9.211148">
        <ele>273.509891</ele>
        <time>2021-07-24T15:02:02.000Z</time>
      </trkpt>
      <trkpt lat="49.051588" lon="9.211210">
        <ele>273.598980</ele>
        <time>2021-07-24T15:02:03.000Z</time>
      </trkpt>
      <trkpt lat="49.051574" lon="9.211275">
        <ele>273.685436</ele>
        <time>2021-07-24T15:02:04.000Z</time>
      </trkpt>
      <trkpt lat="49.051560" lon="9.211343">
        <ele>273.775501</ele>
        <time>2021-07-24T15:02:05.000Z</time>
      </trkpt>
      <trkpt lat="49.051546" lon="9.211414">
        <ele>273.869190</ele>
        <time>2021-07-24T15:02:06.000Z</time>
      </trkpt>
      <trkpt lat="49.051531" lon="9.211485">
        <ele>273.963452</ele>
        <time>2021-07-24T15:02:07.000Z</time>
      </trkpt>
      <trkpt lat="49.051520" lon="9.211562">
        <ele>274.063034</ele>
        <time>2021-07-24T15:02:08.000Z</time>
      </trkpt>
      <trkpt lat="49.051506" lon="9.211637">
        <ele>274.161573</ele>
        <time>2021-07-24T15:02:09.000Z</time>
      </trkpt>
      <trkpt lat="49.051490" lon="9.211715">
        <ele>274.264849</ele>
        <time>2021-07-24T15:02:10.000Z</time>
      </trkpt>
      <trkpt lat="49.051478" lon="9.211793">
        <ele>274.366089</ele>
        <time>2021-07-24T15:02:11.000Z</time>
      </trkpt>
      <trkpt lat="49.051461" lon="9.211865">
        <ele>274.462793</ele>
        <time>2021-07-24T15:02:12.000Z</time>
      </trkpt>
      <trkpt lat="49.051448" lon="9.211939">
        <ele>274.559601</ele>
        <time>2021-07-24T15:02:13.000Z</time>
      </trkpt>
      <trkpt lat="49.051436" lon="9.212019">
        <ele>274.663303</ele>
        <time>2021-07-24T15:02:14.000Z</time>
      </trkpt>
      <trkpt lat="49.051423" lon="9.212094">
        <ele>274.761332</ele>
        <time>2021-07-24T15:02:15.000Z</time>
      </trkpt>
      <trkpt lat="49.051403" lon="9.212175">
        <ele>274.870707</ele>
        <time>2021-07-24T15:02:16.000Z</time>
      </trkpt>
      <trkpt lat="49.051392" lon="9.212249">
        <ele>274.966589</ele>
        <time>2021-07-24T15:02:17.000Z</time>
      </trkpt>
      <trkpt lat="49.051375" lon="9.212326">
        <ele>275.069259</ele>
        <time>2021-07-24T15:02:18.000Z</time>
      </trkpt>
      <trkpt lat="49.051360" lon="9.212407">
        <ele>275.175619</ele>
        <time>2021-07-24T15:02:19.000Z</time>
      </trkpt>
      <trkpt lat="49.051351" lon="9.212489">
        <ele>275.280678</ele>
        <time>2021-07-24T15:02:20.000Z</time>
      </trkpt>
      <trkpt lat="49.051340" lon="9.212574">
        <ele>275.390158</ele>
        <time>2021-07-24T15:02:21.000Z</time>
      </trkpt>
      <trkpt lat="49.051322" lon="9.212665">
        <ele>275.510270</ele>
        <time>2021-07-24T15:02:22.000Z</time>
      </trkpt>
      <trkpt lat="49.051315" lon="9.212753">
        <ele>275.622283</ele>
        <time>2021-07-24T15:02:23.000Z</time>
      </trkpt>
      <trkpt lat="49.051307" lon="9.212840">
        <ele>275.733294</ele>
        <time>2021-07-24T15:02:24.000Z</time>
      </trkpt>
      <trkpt lat="49.051301" lon="9.212925">
        <ele>275.714230</ele>
        <time>2021-07-24T15:02:25.000Z</time>
      </trkpt>
      <trkpt lat="49.051296" lon="9.213005">
        <ele>275.539396</ele>
        <time>2021-07-24T15:02:26.000Z</time>
      </trkpt>
      <trkpt lat="49.051290" lon="9.213092">
        <ele>275.349077</ele>
        <time>2021-07-24T15:02:27.000Z</time>
      </trkpt>
      <trkpt lat="49.051287" lon="9.213181">
        <ele>275.155196</ele>
        <time>2021-07-24T15:02:28.000Z</time>
      </trkpt>
      <trkpt lat="49.051289" lon="9.213270">
        <ele>274.961457</ele>
        <time>2021-07-24T15:02:29.000Z</time>
      </trkpt>
      <trkpt lat="49.051288" lon="9.213361">
        <ele>274.763453</ele>
        <time>2021-07-24T15:02:30.000Z</time>
      </trkpt>
      <trkpt lat="49.051286" lon="9.213456">
        <ele>274.556668</ele>
        <time>2021-07-24T15:02:31.000Z</time>
      </trkpt>
      <trkpt lat="49.051285" lon="9.213550">
        <ele>274.352139</ele>
        <time>2021-07-24T15:02:32.000Z</time>
      </trkpt>
      <trkpt lat="49.051291" lon="9.213649">
        <ele>274.135839</ele>
        <time>2021-07-24T15:02:33.000Z</time>
      </trkpt>
      <trkpt lat="49.051291" lon="9.213748">
        <ele>273.920459</ele>
        <time>2021-07-24T15:02:34.000Z</time>
      </trkpt>
      <trkpt lat="49.051295" lon="9.213847">
        <ele>273.704669</ele>
        <time>2021-07-24T15:02:35.000Z</time>
      </trkpt>
      <trkpt lat="49.051301" lon="9.213954">
        <ele>273.471034</ele>
        <time>2021-07-24T15:02:36.000Z</time>
      </trkpt>
      <trkpt lat="49.051303" lon="9.214062">
        <ele>273.235980</ele>
        <time>2021-07-24T15:02:37.000Z</time>
      </trkpt>
      <trkpt lat="49.051310" lon="9.214172">
        <ele>272.995543</ele>
        <time>2021-07-24T15:02:38.000Z</time>
      </trkpt>
      <trkpt lat="49.051321" lon="9.214290">
        <ele>272.736243</ele>
        <time>2021-07-24T15:02:39.000Z</time>
      </trkpt>
      <trkpt lat="49.051331" lon="9.214407">
        <ele>272.479547</ele>
        <time>2021-07-24T15:02:40.000Z</time>
      </trkpt>
      <trkpt lat="49.051343" lon="9.214532">
        <ele>272.204700</ele>
        <time>2021-07-24T15:02:41.000Z</time>
      </trkpt>
      <trkpt lat="49.051357" lon="9.214669">
        <ele>271.903047</ele>
        <time>2021-07-24T15:02:42.000Z</time>
      </trkpt>
      <trkpt lat="49.051375" lon="9.214801">
        <ele>271.609723</ele>
        <time>2021-07-24T15:02:43.000Z</time>
      </trkpt>
      <trkpt lat="49.051395" lon="9.214936">
        <ele>271.308613</ele>
        <time>2021-07-24T15:02:44.000Z</time>
      </trkpt>
      <trkpt lat="49.051405" lon="9.215080">
        <ele>270.993579</ele>
        <time>2021-07-24T15:02:45.000Z</time>
      </trkpt>
      <trkpt lat="49.051425" lon="9.215219">
        <ele>270.683975</ele>
        <time>2021-07-24T15:02:46.000Z</time>
      </trkpt>
      <trkpt lat="49.051441" lon="9.215359">
        <ele>270.374801</ele>
        <time>2021-07-24T15:02:47.000Z</time>
      </trkpt>
      <trkpt lat="49.051459" lon="9.215495">
        <ele>270.072953</ele>
        <time>2021-07-24T15:02:48.000Z</time>
      </trkpt>
      <trkpt lat="49.051478" lon="9.215638">
        <ele>269.836208</ele>
        <time>2021-07-24T15:02:49.000Z</time>
      </trkpt>
      <trkpt lat="49.051499" lon="9.215774">
        <ele>269.890475</ele>
        <time>2021-07-24T15:02:50.000Z</time>
      </trkpt>
      <trkpt lat="49.051520" lon="9.215907">
        <ele>269.943609</ele>
        <time>2021-07-24T15:02:51.000Z</time>
      </trkpt>
      <trkpt lat="49.051530" lon="9.216032">
        <ele>269.992517</ele>
        <time>2021-07-24T15:02:52.000Z</time>
      </trkpt>
      <trkpt lat="49.051542" lon="9.216150">
        <ele>270.038896</ele>
        <time>2021-07-24T15:02:53.000Z</time>
      </trkpt>
      <trkpt lat="49.051559" lon="9.216252">
        <ele>270.079772</ele>
        <time>2021-07-24T15:02:54.000Z</time>
      </trkpt>
      <trkpt lat="49.051552" lon="9.216343">
        <ele>270.115358</ele>
        <time>2021-07-24T15:02:55.000Z</time>
      </trkpt>
      <trkpt lat="49.051515" lon="9.216413">
        <ele>270.150285</ele>
        <time>2021-07-24T15:02:56.000Z</time>
      </trkpt>
      <trkpt lat="49.051470" lon="9.216436">
        <ele>270.178409</ele>
        <time>2021-07-24T15:02:57.000Z</time>
      </trkpt>
      <trkpt lat="49.051435" lon="9.216422">
        <ele>270.199852</ele>
        <time>2021-07-24T15:02:58.000Z</time>
      </trkpt>
      <trkpt lat="49.051394" lon="9.216429">
        <ele>270.224300</ele>
        <time>2021-07-24T15:02:59.000Z</time>
      </trkpt>
      <trkpt lat="49.051362" lon="9.216434">
        <ele>270.243363</ele>
        <time>2021-07-24T15:03:00.000Z</time>
      </trkpt>
      <trkpt lat="49.051330" lon="9.216462">
        <ele>270.265224</ele>
        <time>2021-07-24T15:03:01.000Z</time>
      </trkpt>
      <trkpt lat="49.051309" lon="9.216502">
        <ele>270.285129</ele>
        <time>2021-07-24T15:03:02.000Z</time>
      </trkpt>
      <trkpt lat="49.051295" lon="9.216556">
        <ele>270.307684</ele>
        <time>2021-07-24T15:03:03.000Z</time>
      </trkpt>
      <trkpt lat="49.051294" lon="9.216609">
        <ele>270.328277</ele>
        <time>2021-07-24T15:03:04.000Z</time>
      </trkpt>
      <trkpt lat="49.051295" lon="9.216663">
        <ele>270.349258</ele>
        <time>2021-07-24T15:03:05.000Z</time>
      </trkpt>
      <trkpt lat="49.051298" lon="9.216715">
        <ele>270.369532</ele>
        <time>2021-07-24T15:03:06.000Z</time>
      </trkpt>
      <trkpt lat="49.051304" lon="9.216772">
        <ele>270.391954</ele>
        <time>2021-07-24T15:03:07.000Z</time>
      </trkpt>
      <trkpt lat="49.051308" lon="9.216827">
        <ele>270.413447</ele>
        <time>2021-07-24T15:03:08.000Z</time>
      </trkpt>
      <trkpt lat="49.051310" lon="9.216885">
        <ele>270.436005</ele>
        <time>2021-07-24T15:03:09.000Z</time>
      </trkpt>
      <trkpt lat="49.051313" lon="9.216945">
        <ele>270.459376</ele>
        <time>2021-07-24T15:03:10.000Z</time>
      </trkpt>
      <trkpt lat="49.051314" lon="9.217003">
        <ele>270.481910</ele>
        <time>2021-07-24T15:03:11.000Z</time>
      </trkpt>
      <trkpt lat="49.051316" lon="9.217062">
        <ele>270.504856</ele>
        <time>2021-07-24T15:03:12.000Z</time>
      </trkpt>
      <trkpt lat="49.051317" lon="9.217122">
        <ele>270.528167</ele>
        <time>2021-07-24T15:03:13.000Z</time>
      </trkpt>
      <trkpt lat="49.051320" lon="9.217186">
        <ele>270.553087</ele>
        <time>2021-07-24T15:03:14.000Z</time>
      </trkpt>
      <trkpt lat="49.051315" lon="9.217252">
        <ele>270.578891</ele>
        <time>2021-07-24T15:03:15.000Z</time>
      </trkpt>
      <trkpt lat="49.051319" lon="9.217318">
        <ele>270.604634</ele>
        <time>2021-07-24T15:03:16.000Z</time>
      </trkpt>
      <trkpt lat="49.051318" lon="9.217392">
        <ele>270.633381</ele>
        <time>2021-07-24T15:03:17.000Z</time>
      </trkpt>
      <trkpt lat="49.051322" lon="9.217462">
        <ele>270.660672</ele>
        <time>2021-07-24T15:03:18.000Z</time>
      </trkpt>
      <trkpt lat="49.051322" lon="9.217542">
        <ele>270.691743</ele>
        <time>2021-07-24T15:03:19.000Z</time>
      </trkpt>
      <trkpt lat="49.051326" lon="9.217619">
        <ele>270.721742</ele>
        <time>2021-07-24T15:03:20.000Z</time>
      </trkpt>
      <trkpt lat="49.051332" lon="9.217696">
        <ele>270.751859</ele>
        <time>2021-07-24T15:03:21.000Z</time>
      </trkpt>
      <trkpt lat="49.051340" lon="9.217774">
        <ele>270.782522</ele>
        <time>2021-07-24T15:03:22.000Z</time>
      </trkpt>
      <trkpt lat="49.051340" lon="9.217851">
        <ele>270.812428</ele>
        <time>2021-07-24T15:03:23.000Z</time>
      </trkpt>
      <trkpt lat="49.051343" lon="9.217932">
        <ele>270.843938</ele>
        <time>2021-07-24T15:03:24.000Z</time>
      </trkpt>
      <trkpt lat="49.051344" lon="9.218010">
        <ele>270.874238</ele>
        <time>2021-07-24T15:03:25.000Z</time>
      </trkpt>
      <trkpt lat="49.051347" lon="9.218092">
        <ele>270.959224</ele>
        <time>2021-07-24T15:03:26.000Z</time>
      </trkpt>
      <trkpt lat="49.051349" lon="9.218172">
        <ele>271.091910</ele>
        <time>2021-07-24T15:03:27.000Z</time>
      </trkpt>
      <trkpt lat="49.051351" lon="9.218254">
        <ele>271.227907</ele>
        <time>2021-07-24T15:03:28.000Z</time>
      </trkpt>
      <trkpt lat="49.051357" lon="9.218330">
        <ele>271.354777</ele>
        <time>2021-07-24T15:03:29.000Z</time>
      </trkpt>
      <trkpt lat="49.051360" lon="9.218416">
        <ele>271.497512</ele>
        <time>2021-07-24T15:03:30.000Z</time>
      </trkpt>
      <trkpt lat="49.051361" lon="9.218495">
        <ele>271.628468</ele>
        <time>2021-07-24T15:03:31.000Z</time>
      </trkpt>
      <trkpt lat="49.051361" lon="9.218578">
        <ele>271.766029</ele>
        <time>2021-07-24T15:03:32.000Z</time>
      </trkpt>
      <trkpt lat="49.051363" lon="9.218660">
        <ele>271.902026</ele>
        <time>2021-07-24T15:03:33.000Z</time>
      </trkpt>
      <trkpt lat="49.051370" lon="9.218737">
        <ele>272.030865</ele>
        <time>2021-07-24T15:03:34.000Z</time>
      </trkpt>
      <trkpt lat="49.051374" lon="9.218815">
        <ele>272.160534</ele>
        <time>2021-07-24T15:03:35.000Z</time>
      </trkpt>
      <trkpt lat="49.051377" lon="9.218894">
        <ele>272.291685</ele>
        <time>2021-07-24T15:03:36.000Z</time>
      </trkpt>
      <trkpt lat="49.051378" lon="9.218974">
        <ele>272.424298</ele>
        <time>2021-07-24T15:03:37.000Z</time>
      </trkpt>
      <trkpt lat="49.051359" lon="9.219055">
        <ele>272.566883</ele>
        <time>2021-07-24T15:03:38.000Z</time>
      </trkpt>
      <trkpt lat="49.051322" lon="9.219118">
        <ele>272.707087</ele>
        <time>2021-07-24T15:03:39.000Z</time>
      </trkpt>
      <trkpt lat="49.051274" lon="9.219148">
        <ele>272.838260</ele>
        <time>2021-07-24T15:03:40.000Z</time>
      </trkpt>
      <trkpt lat="49.051229" lon="9.219156">
        <ele>272.952828</ele>
        <time>2021-07-24T15:03:41.000Z</time>
      </trkpt>
      <trkpt lat="49.051185" lon="9.219152">
        <ele>273.064294</ele>
        <time>2021-07-24T15:03:42.000Z</time>
      </trkpt>
      <trkpt lat="49.051144" lon="9.219137">
        <ele>273.170916</ele>
        <time>2021-07-24T15:03:43.000Z</time>
      </trkpt>
      <trkpt lat="49.051100" lon="9.219129">
        <ele>273.282972</ele>
        <time>2021-07-24T15:03:44.000Z</time>
      </trkpt>
      <trkpt lat="49.051054" lon="9.219114">
        <ele>273.401926</ele>
        <time>2021-07-24T15:03:45.000Z</time>
      </trkpt>
      <trkpt lat="49.051010" lon="9.219102">
        <ele>273.514958</ele>
        <time>2021-07-24T15:03:46.000Z</time>
      </trkpt>
      <trkpt lat="49.050970" lon="9.219091">
        <ele>273.617742</ele>
        <time>2021-07-24T15:03:47.000Z</time>
      </trkpt>
      <trkpt lat="49.050927" lon="9.219077">
        <ele>273.728930</ele>
        <time>2021-07-24T15:03:48.000Z</time>
      </trkpt>
      <trkpt lat="49.050882" lon="9.219061">
        <ele>273.845777</ele>
        <time>2021-07-24T15:03:49.000Z</time>
      </trkpt>
      <trkpt lat="49.050843" lon="9.219043">
        <ele>273.948815</ele>
        <time>2021-07-24T15:03:50.000Z</time>
      </trkpt>
      <trkpt lat="49.050797" lon="9.219025">
        <ele>274.068906</ele>
        <time>2021-07-24T15:03:51.000Z</time>
      </trkpt>
      <trkpt lat="49.050757" lon="9.219013">
        <ele>274.171997</ele>
        <time>2021-07-24T15:03:52.000Z</time>
      </trkpt>
      <trkpt lat="49.050717" lon="9.218994">
        <ele>274.277939</ele>
        <time>2021-07-24T15:03:53.000Z</time>
      </trkpt>
      <trkpt lat="49.050678" lon="9.218981">
        <ele>274.378890</ele>
        <time>2021-07-24T15:03:54.000Z</time>
      </trkpt>
      <trkpt lat="49.050639" lon="9.218964">
        <ele>274.481461</ele>
        <time>2021-07-24T15:03:55.000Z</time>
      </trkpt>
      <trkpt lat="49.050601" lon="9.218950">
        <ele>274.580318</ele>
        <time>2021-07-24T15:03:56.000Z</time>
      </trkpt>
      <trkpt lat="49.050562" lon="9.218937">
        <ele>274.681269</ele>
        <time>2021-07-24T15:03:57.000Z</time>
      </trkpt>
      <trkpt lat="49.050523" lon="9.218921">
        <ele>274.783397</ele>
        <time>2021-07-24T15:03:58.000Z</time>
      </trkpt>
      <trkpt lat="49.050483" lon="9.218904">
        <ele>274.888402</ele>
        <time>2021-07-24T15:04:00.000Z</time>
      </trkpt>
      <trkpt lat="49.050443" lon="9.218887">
        <ele>274.993406</ele>
        <time>2021-07-24T15:04:01.000Z</time>
      </trkpt>
      <trkpt lat="49.050404" lon="9.218873">
        <ele>275.094724</ele>
        <time>2021-07-24T15:04:02.000Z</time>
      </trkpt>
      <trkpt lat="49.050365" lon="9.218859">
        <ele>275.196042</ele>
        <time>2021-07-24T15:04:03.000Z</time>
      </trkpt>
      <trkpt lat="49.050325" lon="9.218843">
        <ele>275.300614</ele>
        <time>2021-07-24T15:04:04.000Z</time>
      </trkpt>
      <trkpt lat="49.050284" lon="9.218826">
        <ele>275.408056</ele>
        <time>2021-07-24T15:04:05.000Z</time>
      </trkpt>
      <trkpt lat="49.050243" lon="9.218809">
        <ele>275.572864</ele>
        <time>2021-07-24T15:04:06.000Z</time>
      </trkpt>
      <trkpt lat="49.050202" lon="9.218794">
        <ele>275.758791</ele>
        <time>2021-07-24T15:04:07.000Z</time>
      </trkpt>
      <trkpt lat="49.050162" lon="9.218780">
        <ele>275.939764</ele>
        <time>2021-07-24T15:04:08.000Z</time>
      </trkpt>
      <trkpt lat="49.050122" lon="9.218765">
        <ele>276.121405</ele>
        <time>2021-07-24T15:04:09.000Z</time>
      </trkpt>
      <trkpt lat="49.050084" lon="9.218749">
        <ele>276.295241</ele>
        <time>2021-07-24T15:04:10.000Z</time>
      </trkpt>
      <trkpt lat="49.050046" lon="9.218734">
        <ele>276.468331</ele>
        <time>2021-07-24T15:04:11.000Z</time>
      </trkpt>
      <trkpt lat="49.050006" lon="9.218718">
        <ele>276.650683</ele>
        <time>2021-07-24T15:04:12.000Z</time>
      </trkpt>
      <trkpt lat="49.049969" lon="9.218704">
        <ele>276.818788</ele>
        <time>2021-07-24T15:04:13.000Z</time>
      </trkpt>
      <trkpt lat="49.049931" lon="9.218691">
        <ele>276.990521</ele>
        <time>2021-07-24T15:04:14.000Z</time>
      </trkpt>
      <trkpt lat="49.049894" lon="9.218676">
        <ele>277.159345</ele>
        <time>2021-07-24T15:04:15.000Z</time>
      </trkpt>
      <trkpt lat="49.049858" lon="9.218658">
        <ele>277.326404</ele>
        <time>2021-07-24T15:04:16.000Z</time>
      </trkpt>
      <trkpt lat="49.049823" lon="9.218642">
        <ele>277.487526</ele>
        <time>2021-07-24T15:04:17.000Z</time>
      </trkpt>
      <trkpt lat="49.049788" lon="9.218625">
        <ele>277.649501</ele>
        <time>2021-07-24T15:04:18.000Z</time>
      </trkpt>
      <trkpt lat="49.049750" lon="9.218611">
        <ele>277.821889</ele>
        <time>2021-07-24T15:04:19.000Z</time>
      </trkpt>
      <trkpt lat="49.049712" lon="9.218599">
        <ele>277.993013</ele>
        <time>2021-07-24T15:04:20.000Z</time>
      </trkpt>
      <trkpt lat="49.049677" lon="9.218589">
        <ele>278.150039</ele>
        <time>2021-07-24T15:04:21.000Z</time>
      </trkpt>
      <trkpt lat="49.049645" lon="9.218580">
        <ele>278.293530</ele>
        <time>2021-07-24T15:04:22.000Z</time>
      </trkpt>
      <trkpt lat="49.049615" lon="9.218567">
        <ele>278.431056</ele>
        <time>2021-07-24T15:04:23.000Z</time>
      </trkpt>
      <trkpt lat="49.049583" lon="9.218551">
        <ele>278.579553</ele>
        <time>2021-07-24T15:04:24.000Z</time>
      </trkpt>
      <trkpt lat="49.049551" lon="9.218535">
        <ele>278.728050</ele>
        <time>2021-07-24T15:04:25.000Z</time>
      </trkpt>
      <trkpt lat="49.049519" lon="9.218520">
        <ele>278.875673</ele>
        <time>2021-07-24T15:04:26.000Z</time>
      </trkpt>
      <trkpt lat="49.049488" lon="9.218507">
        <ele>279.017446</ele>
        <time>2021-07-24T15:04:27.000Z</time>
      </trkpt>
      <trkpt lat="49.049456" lon="9.218496">
        <ele>279.162097</ele>
        <time>2021-07-24T15:04:28.000Z</time>
      </trkpt>
      <trkpt lat="49.049423" lon="9.218486">
        <ele>279.310463</ele>
        <time>2021-07-24T15:04:29.000Z</time>
      </trkpt>
      <trkpt lat="49.049390" lon="9.218474">
        <ele>279.460062</ele>
        <time>2021-07-24T15:04:30.000Z</time>
      </trkpt>
      <trkpt lat="49.049357" lon="9.218461">
        <ele>279.610358</ele>
        <time>2021-07-24T15:04:31.000Z</time>
      </trkpt>
      <trkpt lat="49.049324" lon="9.218447">
        <ele>279.761402</ele>
        <time>2021-07-24T15:04:32.000Z</time>
      </trkpt>
      <trkpt lat="49.049292" lon="9.218432">
        <ele>279.909025</ele>
        <time>2021-07-24T15:04:33.000Z</time>
      </trkpt>
      <trkpt lat="49.049259" lon="9.218419">
        <ele>280.059320</ele>
        <time>2021-07-24T15:04:34.000Z</time>
      </trkpt>
      <trkpt lat="49.049225" lon="9.218406">
        <ele>280.213890</ele>
        <time>2021-07-24T15:04:35.000Z</time>
      </trkpt>
      <trkpt lat="49.049191" lon="9.218394">
        <ele>280.367782</ele>
        <time>2021-07-24T15:04:36.000Z</time>
      </trkpt>
      <trkpt lat="49.049158" lon="9.218382">
        <ele>280.517381</ele>
        <time>2021-07-24T15:04:37.000Z</time>
      </trkpt>
      <trkpt lat="49.049126" lon="9.218369">
        <ele>280.663411</ele>
        <time>2021-07-24T15:04:38.000Z</time>
      </trkpt>
      <trkpt lat="49.049093" lon="9.218355">
        <ele>280.814455</ele>
        <time>2021-07-24T15:04:39.000Z</time>
      </trkpt>
      <trkpt lat="49.049061" lon="9.218342">
        <ele>280.960485</ele>
        <time>2021-07-24T15:04:40.000Z</time>
      </trkpt>
      <trkpt lat="49.049029" lon="9.218328">
        <ele>281.107286</ele>
        <time>2021-07-24T15:04:41.000Z</time>
      </trkpt>
      <trkpt lat="49.048996" lon="9.218314">
        <ele>281.258330</ele>
        <time>2021-07-24T15:04:42.000Z</time>
      </trkpt>
      <trkpt lat="49.048962" lon="9.218299">
        <ele>281.414405</ele>
        <time>2021-07-24T15:04:43.000Z</time>
      </trkpt>
      <trkpt lat="49.048927" lon="9.218284">
        <ele>281.574721</ele>
        <time>2021-07-24T15:04:44.000Z</time>
      </trkpt>
      <trkpt lat="49.048892" lon="9.218270">
        <ele>281.734280</ele>
        <time>2021-07-24T15:04:45.000Z</time>
      </trkpt>
      <trkpt lat="49.048857" lon="9.218258">
        <ele>281.892472</ele>
        <time>2021-07-24T15:04:46.000Z</time>
      </trkpt>
      <trkpt lat="49.048822" lon="9.218245">
        <ele>282.051322</ele>
        <time>2021-07-24T15:04:47.000Z</time>
      </trkpt>
      <trkpt lat="49.048789" lon="9.218232">
        <ele>282.201618</ele>
        <time>2021-07-24T15:04:48.000Z</time>
      </trkpt>
      <trkpt lat="49.048755" lon="9.218215">
        <ele>282.359397</ele>
        <time>2021-07-24T15:04:49.000Z</time>
      </trkpt>
      <trkpt lat="49.048721" lon="9.218197">
        <ele>282.518099</ele>
        <time>2021-07-24T15:04:50.000Z</time>
      </trkpt>
      <trkpt lat="49.048687" lon="9.218182">
        <ele>282.674175</ele>
        <time>2021-07-24T15:04:51.000Z</time>
      </trkpt>
      <trkpt lat="49.048654" lon="9.218167">
        <ele>282.826019</ele>
        <time>2021-07-24T15:04:52.000Z</time>
      </trkpt>
      <trkpt lat="49.048620" lon="9.218152">
        <ele>282.982094</ele>
        <time>2021-07-24T15:04:53.000Z</time>
      </trkpt>
      <trkpt lat="49.048587" lon="9.218137">
        <ele>283.133938</ele>
        <time>2021-07-24T15:04:54.000Z</time>
      </trkpt>
      <trkpt lat="49.048554" lon="9.218122">
        <ele>283.285782</ele>
        <time>2021-07-24T15:04:55.000Z</time>
      </trkpt>
      <trkpt lat="49.048521" lon="9.218107">
        <ele>283.432547</ele>
        <time>2021-07-24T15:04:56.000Z</time>
      </trkpt>
      <trkpt lat="49.048488" lon="9.218091">
        <ele>283.573766</ele>
        <time>2021-07-24T15:04:57.000Z</time>
      </trkpt>
      <trkpt lat="49.048455" lon="9.218077">
        <ele>283.713460</ele>
        <time>2021-07-24T15:04:58.000Z</time>
      </trkpt>
      <trkpt lat="49.048423" lon="9.218063">
        <ele>283.849229</ele>
        <time>2021-07-24T15:04:59.000Z</time>
      </trkpt>
      <trkpt lat="49.048391" lon="9.218049">
        <ele>283.984997</ele>
        <time>2021-07-24T15:05:00.000Z</time>
      </trkpt>
      <trkpt lat="49.048359" lon="9.218035">
        <ele>284.120766</ele>
        <time>2021-07-24T15:05:01.000Z</time>
      </trkpt>
      <trkpt lat="49.048326" lon="9.218022">
        <ele>284.259768</ele>
        <time>2021-07-24T15:05:02.000Z</time>
      </trkpt>
      <trkpt lat="49.048294" lon="9.218007">
        <ele>284.396297</ele>
        <time>2021-07-24T15:05:03.000Z</time>
      </trkpt>
      <trkpt lat="49.048261" lon="9.217993">
        <ele>284.535991</ele>
        <time>2021-07-24T15:05:04.000Z</time>
      </trkpt>
      <trkpt lat="49.048227" lon="9.217979">
        <ele>284.679618</ele>
        <time>2021-07-24T15:05:05.000Z</time>
      </trkpt>
      <trkpt lat="49.048194" lon="9.217964">
        <ele>284.820052</ele>
        <time>2021-07-24T15:05:06.000Z</time>
      </trkpt>
      <trkpt lat="49.048160" lon="9.217949">
        <ele>284.964398</ele>
        <time>2021-07-24T15:05:07.000Z</time>
      </trkpt>
      <trkpt lat="49.048125" lon="9.217934">
        <ele>285.112667</ele>
        <time>2021-07-24T15:05:08.000Z</time>
      </trkpt>
      <trkpt lat="49.048092" lon="9.217920">
        <ele>285.252361</ele>
        <time>2021-07-24T15:05:09.000Z</time>
      </trkpt>
      <trkpt lat="49.048057" lon="9.217906">
        <ele>285.399930</ele>
        <time>2021-07-24T15:05:10.000Z</time>
      </trkpt>
      <trkpt lat="49.048025" lon="9.217889">
        <ele>285.538124</ele>
        <time>2021-07-24T15:05:11.000Z</time>
      </trkpt>
      <trkpt lat="49.047991" lon="9.217873">
        <ele>285.683236</ele>
        <time>2021-07-24T15:05:12.000Z</time>
      </trkpt>
      <trkpt lat="49.047957" lon="9.217857">
        <ele>285.828348</ele>
        <time>2021-07-24T15:05:13.000Z</time>
      </trkpt>
      <trkpt lat="49.047924" lon="9.217842">
        <ele>285.968782</ele>
        <time>2021-07-24T15:05:14.000Z</time>
      </trkpt>
      <trkpt lat="49.047892" lon="9.217826">
        <ele>286.106120</ele>
        <time>2021-07-24T15:05:15.000Z</time>
      </trkpt>
      <trkpt lat="49.047860" lon="9.217810">
        <ele>286.243459</ele>
        <time>2021-07-24T15:05:16.000Z</time>
      </trkpt>
      <trkpt lat="49.047828" lon="9.217794">
        <ele>286.380798</ele>
        <time>2021-07-24T15:05:17.000Z</time>
      </trkpt>
      <trkpt lat="49.047795" lon="9.217779">
        <ele>286.521231</ele>
        <time>2021-07-24T15:05:18.000Z</time>
      </trkpt>
      <trkpt lat="49.047761" lon="9.217764">
        <ele>286.665578</ele>
        <time>2021-07-24T15:05:19.000Z</time>
      </trkpt>
      <trkpt lat="49.047726" lon="9.217749">
        <ele>286.813847</ele>
        <time>2021-07-24T15:05:20.000Z</time>
      </trkpt>
      <trkpt lat="49.047691" lon="9.217734">
        <ele>286.962116</ele>
        <time>2021-07-24T15:05:21.000Z</time>
      </trkpt>
      <trkpt lat="49.047658" lon="9.217719">
        <ele>287.102550</ele>
        <time>2021-07-24T15:05:22.000Z</time>
      </trkpt>
      <trkpt lat="49.047624" lon="9.217707">
        <ele>287.244878</ele>
        <time>2021-07-24T15:05:23.000Z</time>
      </trkpt>
      <trkpt lat="49.047589" lon="9.217694">
        <ele>287.391791</ele>
        <time>2021-07-24T15:05:24.000Z</time>
      </trkpt>
      <trkpt lat="49.047554" lon="9.217678">
        <ele>287.540806</ele>
        <time>2021-07-24T15:05:25.000Z</time>
      </trkpt>
      <trkpt lat="49.047520" lon="9.217661">
        <ele>287.686728</ele>
        <time>2021-07-24T15:05:26.000Z</time>
      </trkpt>
      <trkpt lat="49.047486" lon="9.217643">
        <ele>287.833505</ele>
        <time>2021-07-24T15:05:27.000Z</time>
      </trkpt>
      <trkpt lat="49.047453" lon="9.217626">
        <ele>287.975557</ele>
        <time>2021-07-24T15:05:28.000Z</time>
      </trkpt>
      <trkpt lat="49.047419" lon="9.217609">
        <ele>288.121480</ele>
        <time>2021-07-24T15:05:29.000Z</time>
      </trkpt>
      <trkpt lat="49.047387" lon="9.217593">
        <ele>288.258819</ele>
        <time>2021-07-24T15:05:30.000Z</time>
      </trkpt>
      <trkpt lat="49.047358" lon="9.217577">
        <ele>288.384588</ele>
        <time>2021-07-24T15:05:31.000Z</time>
      </trkpt>
      <trkpt lat="49.047329" lon="9.217561">
        <ele>288.510358</ele>
        <time>2021-07-24T15:05:32.000Z</time>
      </trkpt>
      <trkpt lat="49.047297" lon="9.217543">
        <ele>288.649454</ele>
        <time>2021-07-24T15:05:33.000Z</time>
      </trkpt>
      <trkpt lat="49.047264" lon="9.217527">
        <ele>288.790675</ele>
        <time>2021-07-24T15:05:34.000Z</time>
      </trkpt>
      <trkpt lat="49.047231" lon="9.217512">
        <ele>288.931108</ele>
        <time>2021-07-24T15:05:35.000Z</time>
      </trkpt>
      <trkpt lat="49.047199" lon="9.217497">
        <ele>289.067638</ele>
        <time>2021-07-24T15:05:36.000Z</time>
      </trkpt>
      <trkpt lat="49.047165" lon="9.217481">
        <ele>289.212751</ele>
        <time>2021-07-24T15:05:37.000Z</time>
      </trkpt>
      <trkpt lat="49.047131" lon="9.217466">
        <ele>289.357098</ele>
        <time>2021-07-24T15:05:38.000Z</time>
      </trkpt>
      <trkpt lat="49.047096" lon="9.217451">
        <ele>289.505367</ele>
        <time>2021-07-24T15:05:39.000Z</time>
      </trkpt>
      <trkpt lat="49.047060" lon="9.217437">
        <ele>289.656884</ele>
        <time>2021-07-24T15:05:40.000Z</time>
      </trkpt>
      <trkpt lat="49.047026" lon="9.217423">
        <ele>289.800512</ele>
        <time>2021-07-24T15:05:41.000Z</time>
      </trkpt>
      <trkpt lat="49.046994" lon="9.217408">
        <ele>289.937042</ele>
        <time>2021-07-24T15:05:42.000Z</time>
      </trkpt>
      <trkpt lat="49.046962" lon="9.217391">
        <ele>290.075236</ele>
        <time>2021-07-24T15:05:43.000Z</time>
      </trkpt>
      <trkpt lat="49.046929" lon="9.217375">
        <ele>290.216457</ele>
        <time>2021-07-24T15:05:44.000Z</time>
      </trkpt>
      <trkpt lat="49.046896" lon="9.217360">
        <ele>290.356890</ele>
        <time>2021-07-24T15:05:45.000Z</time>
      </trkpt>
      <trkpt lat="49.046864" lon="9.217343">
        <ele>290.495085</ele>
        <time>2021-07-24T15:05:46.000Z</time>
      </trkpt>
      <trkpt lat="49.046832" lon="9.217327">
        <ele>290.632424</ele>
        <time>2021-07-24T15:05:47.000Z</time>
      </trkpt>
      <trkpt lat="49.046800" lon="9.217311">
        <ele>290.708355</ele>
        <time>2021-07-24T15:05:48.000Z</time>
      </trkpt>
      <trkpt lat="49.046767" lon="9.217297">
        <ele>290.714271</ele>
        <time>2021-07-24T15:05:49.000Z</time>
      </trkpt>
      <trkpt lat="49.046737" lon="9.217285">
        <ele>290.719628</ele>
        <time>2021-07-24T15:05:50.000Z</time>
      </trkpt>
      <trkpt lat="49.046705" lon="9.217282">
        <ele>290.725165</ele>
        <time>2021-07-24T15:05:51.000Z</time>
      </trkpt>
      <trkpt lat="49.046672" lon="9.217295">
        <ele>290.731052</ele>
        <time>2021-07-24T15:05:52.000Z</time>
      </trkpt>
      <trkpt lat="49.046643" lon="9.217328">
        <ele>290.737300</ele>
        <time>2021-07-24T15:05:53.000Z</time>
      </trkpt>
      <trkpt lat="49.046620" lon="9.217373">
        <ele>290.743760</ele>
        <time>2021-07-24T15:05:54.000Z</time>
      </trkpt>
      <trkpt lat="49.046604" lon="9.217426">
        <ele>290.750366</ele>
        <time>2021-07-24T15:05:55.000Z</time>
      </trkpt>
      <trkpt lat="49.046595" lon="9.217483">
        <ele>290.757003</ele>
        <time>2021-07-24T15:05:56.000Z</time>
      </trkpt>
      <trkpt lat="49.046589" lon="9.217541">
        <ele>290.763651</ele>
        <time>2021-07-24T15:05:57.000Z</time>
      </trkpt>
      <trkpt lat="49.046585" lon="9.217597">
        <ele>290.770028</ele>
        <time>2021-07-24T15:05:58.000Z</time>
      </trkpt>
      <trkpt lat="49.046578" lon="9.217653">
        <ele>290.776481</ele>
        <time>2021-07-24T15:05:59.000Z</time>
      </trkpt>
      <trkpt lat="49.046570" lon="9.217711">
        <ele>290.783191</ele>
        <time>2021-07-24T15:06:00.000Z</time>
      </trkpt>
      <trkpt lat="49.046561" lon="9.217771">
        <ele>290.790159</ele>
        <time>2021-07-24T15:06:01.000Z</time>
      </trkpt>
      <trkpt lat="49.046553" lon="9.217835">
        <ele>290.797535</ele>
        <time>2021-07-24T15:06:02.000Z</time>
      </trkpt>
      <trkpt lat="49.046545" lon="9.217902">
        <ele>290.805245</ele>
        <time>2021-07-24T15:06:03.000Z</time>
      </trkpt>
      <trkpt lat="49.046537" lon="9.217969">
        <ele>290.812954</ele>
        <time>2021-07-24T15:06:04.000Z</time>
      </trkpt>
      <trkpt lat="49.046531" lon="9.218041">
        <ele>290.821171</ele>
        <time>2021-07-24T15:06:05.000Z</time>
      </trkpt>
      <trkpt lat="49.046519" lon="9.218104">
        <ele>290.828598</ele>
        <time>2021-07-24T15:06:06.000Z</time>
      </trkpt>
      <trkpt lat="49.046505" lon="9.218172">
        <ele>290.836667</ele>
        <time>2021-07-24T15:06:07.000Z</time>
      </trkpt>
      <trkpt lat="49.046492" lon="9.218237">
        <ele>290.844360</ele>
        <time>2021-07-24T15:06:08.000Z</time>
      </trkpt>
      <trkpt lat="49.046483" lon="9.218298">
        <ele>290.851439</ele>
        <time>2021-07-24T15:06:09.000Z</time>
      </trkpt>
      <trkpt lat="49.046474" lon="9.218369">
        <ele>290.859625</ele>
        <time>2021-07-24T15:06:10.000Z</time>
      </trkpt>
      <trkpt lat="49.046462" lon="9.218436">
        <ele>290.867488</ele>
        <time>2021-07-24T15:06:11.000Z</time>
      </trkpt>
      <trkpt lat="49.046453" lon="9.218505">
        <ele>290.875453</ele>
        <time>2021-07-24T15:06:12.000Z</time>
      </trkpt>
      <trkpt lat="49.046443" lon="9.218573">
        <ele>290.883342</ele>
        <time>2021-07-24T15:06:13.000Z</time>
      </trkpt>
      <trkpt lat="49.046430" lon="9.218643">
        <ele>290.891578</ele>
        <time>2021-07-24T15:06:14.000Z</time>
      </trkpt>
      <trkpt lat="49.046418" lon="9.218712">
        <ele>290.899660</ele>
        <time>2021-07-24T15:06:15.000Z</time>
      </trkpt>
      <trkpt lat="49.046405" lon="9.218788">
        <ele>290.908552</ele>
        <time>2021-07-24T15:06:16.000Z</time>
      </trkpt>
      <trkpt lat="49.046395" lon="9.218859">
        <ele>290.916773</ele>
        <time>2021-07-24T15:06:17.000Z</time>
      </trkpt>
      <trkpt lat="49.046384" lon="9.218933">
        <ele>290.925363</ele>
        <time>2021-07-24T15:06:18.000Z</time>
      </trkpt>
      <trkpt lat="49.046367" lon="9.219006">
        <ele>290.934133</ele>
        <time>2021-07-24T15:06:19.000Z</time>
      </trkpt>
      <trkpt lat="49.046355" lon="9.219079">
        <ele>290.942653</ele>
        <time>2021-07-24T15:06:20.000Z</time>
      </trkpt>
      <trkpt lat="49.046342" lon="9.219151">
        <ele>290.951108</ele>
        <time>2021-07-24T15:06:21.000Z</time>
      </trkpt>
      <trkpt lat="49.046329" lon="9.219217">
        <ele>290.958910</ele>
        <time>2021-07-24T15:06:22.000Z</time>
      </trkpt>
      <trkpt lat="49.046317" lon="9.219292">
        <ele>290.967649</ele>
        <time>2021-07-24T15:06:23.000Z</time>
      </trkpt>
      <trkpt lat="49.046304" lon="9.219365">
        <ele>290.976213</ele>
        <time>2021-07-24T15:06:24.000Z</time>
      </trkpt>
      <trkpt lat="49.046294" lon="9.219436">
        <ele>290.984434</ele>
        <time>2021-07-24T15:06:25.000Z</time>
      </trkpt>
      <trkpt lat="49.046284" lon="9.219502">
        <ele>290.992103</ele>
        <time>2021-07-24T15:06:26.000Z</time>
      </trkpt>
      <trkpt lat="49.046281" lon="9.219572">
        <ele>291.000044</ele>
        <time>2021-07-24T15:06:27.000Z</time>
      </trkpt>
      <trkpt lat="49.046277" lon="9.219638">
        <ele>291.007548</ele>
        <time>2021-07-24T15:06:28.000Z</time>
      </trkpt>
      <trkpt lat="49.046264" lon="9.219706">
        <ele>291.015567</ele>
        <time>2021-07-24T15:06:29.000Z</time>
      </trkpt>
      <trkpt lat="49.046255" lon="9.219776">
        <ele>291.066366</ele>
        <time>2021-07-24T15:06:30.000Z</time>
      </trkpt>
      <trkpt lat="49.046239" lon="9.219839">
        <ele>291.118495</ele>
        <time>2021-07-24T15:06:31.000Z</time>
      </trkpt>
      <trkpt lat="49.046226" lon="9.219911">
        <ele>291.176115</ele>
        <time>2021-07-24T15:06:32.000Z</time>
      </trkpt>
      <trkpt lat="49.046213" lon="9.219980">
        <ele>291.231507</ele>
        <time>2021-07-24T15:06:33.000Z</time>
      </trkpt>
      <trkpt lat="49.046203" lon="9.220049">
        <ele>291.286029</ele>
        <time>2021-07-24T15:06:34.000Z</time>
      </trkpt>
      <trkpt lat="49.046193" lon="9.220115">
        <ele>291.338294</ele>
        <time>2021-07-24T15:06:35.000Z</time>
      </trkpt>
      <trkpt lat="49.046182" lon="9.220177">
        <ele>291.387851</ele>
        <time>2021-07-24T15:06:36.000Z</time>
      </trkpt>
      <trkpt lat="49.046179" lon="9.220236">
        <ele>291.433509</ele>
        <time>2021-07-24T15:06:37.000Z</time>
      </trkpt>
      <trkpt lat="49.046164" lon="9.220288">
        <ele>291.477343</ele>
        <time>2021-07-24T15:06:38.000Z</time>
      </trkpt>
      <trkpt lat="49.046151" lon="9.220348">
        <ele>291.526099</ele>
        <time>2021-07-24T15:06:39.000Z</time>
      </trkpt>
      <trkpt lat="49.046143" lon="9.220413">
        <ele>291.577126</ele>
        <time>2021-07-24T15:06:40.000Z</time>
      </trkpt>
      <trkpt lat="49.046130" lon="9.220477">
        <ele>291.628822</ele>
        <time>2021-07-24T15:06:41.000Z</time>
      </trkpt>
      <trkpt lat="49.046123" lon="9.220547">
        <ele>291.683455</ele>
        <time>2021-07-24T15:06:42.000Z</time>
      </trkpt>
      <trkpt lat="49.046092" lon="9.220678">
        <ele>291.790913</ele>
        <time>2021-07-24T15:06:43.000Z</time>
      </trkpt>
      <trkpt lat="49.046084" lon="9.220742">
        <ele>291.841182</ele>
        <time>2021-07-24T15:06:44.000Z</time>
      </trkpt>
      <trkpt lat="49.046075" lon="9.220808">
        <ele>291.893194</ele>
        <time>2021-07-24T15:06:45.000Z</time>
      </trkpt>
      <trkpt lat="49.046071" lon="9.220874">
        <ele>291.944333</ele>
        <time>2021-07-24T15:06:46.000Z</time>
      </trkpt>
      <trkpt lat="49.046059" lon="9.220936">
        <ele>291.994211</ele>
        <time>2021-07-24T15:06:47.000Z</time>
      </trkpt>
      <trkpt lat="49.046048" lon="9.221001">
        <ele>292.046006</ele>
        <time>2021-07-24T15:06:48.000Z</time>
      </trkpt>
      <trkpt lat="49.046037" lon="9.221066">
        <ele>292.097801</ele>
        <time>2021-07-24T15:06:49.000Z</time>
      </trkpt>
      <trkpt lat="49.046029" lon="9.221132">
        <ele>292.149587</ele>
        <time>2021-07-24T15:06:50.000Z</time>
      </trkpt>
      <trkpt lat="49.046016" lon="9.221194">
        <ele>292.199811</ele>
        <time>2021-07-24T15:06:51.000Z</time>
      </trkpt>
      <trkpt lat="49.046006" lon="9.221264">
        <ele>292.255087</ele>
        <time>2021-07-24T15:06:52.000Z</time>
      </trkpt>
      <trkpt lat="49.045998" lon="9.221335">
        <ele>292.310670</ele>
        <time>2021-07-24T15:06:53.000Z</time>
      </trkpt>
      <trkpt lat="49.045991" lon="9.221406">
        <ele>292.366066</ele>
        <time>2021-07-24T15:06:54.000Z</time>
      </trkpt>
      <trkpt lat="49.045983" lon="9.221472">
        <ele>292.417852</ele>
        <time>2021-07-24T15:06:55.000Z</time>
      </trkpt>
      <trkpt lat="49.045969" lon="9.221536">
        <ele>292.469908</ele>
        <time>2021-07-24T15:06:56.000Z</time>
      </trkpt>
      <trkpt lat="49.045960" lon="9.221603">
        <ele>292.522677</ele>
        <time>2021-07-24T15:06:57.000Z</time>
      </trkpt>
      <trkpt lat="49.045950" lon="9.221671">
        <ele>292.576446</ele>
        <time>2021-07-24T15:06:58.000Z</time>
      </trkpt>
      <trkpt lat="49.045942" lon="9.221749">
        <ele>292.637359</ele>
        <time>2021-07-24T15:06:59.000Z</time>
      </trkpt>
      <trkpt lat="49.045934" lon="9.221818">
        <ele>292.691422</ele>
        <time>2021-07-24T15:07:00.000Z</time>
      </trkpt>
      <trkpt lat="49.045926" lon="9.221889">
        <ele>292.747006</ele>
        <time>2021-07-24T15:07:01.000Z</time>
      </trkpt>
      <trkpt lat="49.045915" lon="9.221957">
        <ele>292.801045</ele>
        <time>2021-07-24T15:07:02.000Z</time>
      </trkpt>
      <trkpt lat="49.045904" lon="9.222029">
        <ele>292.858086</ele>
        <time>2021-07-24T15:07:03.000Z</time>
      </trkpt>
      <trkpt lat="49.045896" lon="9.222105">
        <ele>292.917475</ele>
        <time>2021-07-24T15:07:04.000Z</time>
      </trkpt>
      <trkpt lat="49.045887" lon="9.222179">
        <ele>292.975544</ele>
        <time>2021-07-24T15:07:05.000Z</time>
      </trkpt>
      <trkpt lat="49.045877" lon="9.222250">
        <ele>293.031575</ele>
        <time>2021-07-24T15:07:06.000Z</time>
      </trkpt>
      <trkpt lat="49.045865" lon="9.222322">
        <ele>293.088894</ele>
        <time>2021-07-24T15:07:07.000Z</time>
      </trkpt>
      <trkpt lat="49.045855" lon="9.222391">
        <ele>293.166703</ele>
        <time>2021-07-24T15:07:08.000Z</time>
      </trkpt>
      <trkpt lat="49.045847" lon="9.222460">
        <ele>293.347917</ele>
        <time>2021-07-24T15:07:09.000Z</time>
      </trkpt>
      <trkpt lat="49.045841" lon="9.222521">
        <ele>293.507438</ele>
        <time>2021-07-24T15:07:10.000Z</time>
      </trkpt>
      <trkpt lat="49.045833" lon="9.222587">
        <ele>293.681018</ele>
        <time>2021-07-24T15:07:11.000Z</time>
      </trkpt>
      <trkpt lat="49.045822" lon="9.222650">
        <ele>293.849626</ele>
        <time>2021-07-24T15:07:12.000Z</time>
      </trkpt>
      <trkpt lat="49.045813" lon="9.222715">
        <ele>294.021436</ele>
        <time>2021-07-24T15:07:13.000Z</time>
      </trkpt>
      <trkpt lat="49.045796" lon="9.222785">
        <ele>294.214493</ele>
        <time>2021-07-24T15:07:14.000Z</time>
      </trkpt>
      <trkpt lat="49.045790" lon="9.222857">
        <ele>294.402194</ele>
        <time>2021-07-24T15:07:15.000Z</time>
      </trkpt>
      <trkpt lat="49.045783" lon="9.222924">
        <ele>294.577653</ele>
        <time>2021-07-24T15:07:16.000Z</time>
      </trkpt>
      <trkpt lat="49.045774" lon="9.222991">
        <ele>294.754527</ele>
        <time>2021-07-24T15:07:17.000Z</time>
      </trkpt>
      <trkpt lat="49.045766" lon="9.223061">
        <ele>294.938288</ele>
        <time>2021-07-24T15:07:18.000Z</time>
      </trkpt>
      <trkpt lat="49.045757" lon="9.223126">
        <ele>295.110098</ele>
        <time>2021-07-24T15:07:19.000Z</time>
      </trkpt>
      <trkpt lat="49.045746" lon="9.223192">
        <ele>295.286215</ele>
        <time>2021-07-24T15:07:20.000Z</time>
      </trkpt>
      <trkpt lat="49.045744" lon="9.223257">
        <ele>295.454500</ele>
        <time>2021-07-24T15:07:21.000Z</time>
      </trkpt>
      <trkpt lat="49.045737" lon="9.223314">
        <ele>295.604476</ele>
        <time>2021-07-24T15:07:22.000Z</time>
      </trkpt>
      <trkpt lat="49.045724" lon="9.223374">
        <ele>295.767902</ele>
        <time>2021-07-24T15:07:23.000Z</time>
      </trkpt>
      <trkpt lat="49.045719" lon="9.223433">
        <ele>295.921755</ele>
        <time>2021-07-24T15:07:24.000Z</time>
      </trkpt>
      <trkpt lat="49.045712" lon="9.223484">
        <ele>296.056510</ele>
        <time>2021-07-24T15:07:25.000Z</time>
      </trkpt>
      <trkpt lat="49.045705" lon="9.223539">
        <ele>296.201405</ele>
        <time>2021-07-24T15:07:26.000Z</time>
      </trkpt>
      <trkpt lat="49.045700" lon="9.223593">
        <ele>296.342444</ele>
        <time>2021-07-24T15:07:27.000Z</time>
      </trkpt>
      <trkpt lat="49.045695" lon="9.223645">
        <ele>296.478363</ele>
        <time>2021-07-24T15:07:28.000Z</time>
      </trkpt>
      <trkpt lat="49.045689" lon="9.223696">
        <ele>296.612364</ele>
        <time>2021-07-24T15:07:29.000Z</time>
      </trkpt>
      <trkpt lat="49.045684" lon="9.223748">
        <ele>296.748284</ele>
        <time>2021-07-24T15:07:30.000Z</time>
      </trkpt>
      <trkpt lat="49.045679" lon="9.223802">
        <ele>296.889322</ele>
        <time>2021-07-24T15:07:31.000Z</time>
      </trkpt>
      <trkpt lat="49.045675" lon="9.223858">
        <ele>297.035004</ele>
        <time>2021-07-24T15:07:32.000Z</time>
      </trkpt>
      <trkpt lat="49.045670" lon="9.223913">
        <ele>297.178604</ele>
        <time>2021-07-24T15:07:33.000Z</time>
      </trkpt>
      <trkpt lat="49.045664" lon="9.223969">
        <ele>297.325351</ele>
        <time>2021-07-24T15:07:34.000Z</time>
      </trkpt>
      <trkpt lat="49.045659" lon="9.224024">
        <ele>297.468951</ele>
        <time>2021-07-24T15:07:35.000Z</time>
      </trkpt>
      <trkpt lat="49.045656" lon="9.224078">
        <ele>297.609104</ele>
        <time>2021-07-24T15:07:36.000Z</time>
      </trkpt>
      <trkpt lat="49.045654" lon="9.224130">
        <ele>297.743816</ele>
        <time>2021-07-24T15:07:37.000Z</time>
      </trkpt>
      <trkpt lat="49.045651" lon="9.224182">
        <ele>297.878816</ele>
        <time>2021-07-24T15:07:38.000Z</time>
      </trkpt>
      <trkpt lat="49.045648" lon="9.224237">
        <ele>298.021546</ele>
        <time>2021-07-24T15:07:39.000Z</time>
      </trkpt>
      <trkpt lat="49.045645" lon="9.224295">
        <ele>298.172009</ele>
        <time>2021-07-24T15:07:40.000Z</time>
      </trkpt>
      <trkpt lat="49.045640" lon="9.224352">
        <ele>298.320734</ele>
        <time>2021-07-24T15:07:41.000Z</time>
      </trkpt>
      <trkpt lat="49.045636" lon="9.224407">
        <ele>298.463846</ele>
        <time>2021-07-24T15:07:42.000Z</time>
      </trkpt>
      <trkpt lat="49.045635" lon="9.224461">
        <ele>298.603554</ele>
        <time>2021-07-24T15:07:43.000Z</time>
      </trkpt>
      <trkpt lat="49.045635" lon="9.224514">
        <ele>298.740620</ele>
        <time>2021-07-24T15:07:44.000Z</time>
      </trkpt>
      <trkpt lat="49.045636" lon="9.224568">
        <ele>298.880328</ele>
        <time>2021-07-24T15:07:45.000Z</time>
      </trkpt>
      <trkpt lat="49.045635" lon="9.224623">
        <ele>299.022621</ele>
        <time>2021-07-24T15:07:46.000Z</time>
      </trkpt>
      <trkpt lat="49.045634" lon="9.224679">
        <ele>299.167500</ele>
        <time>2021-07-24T15:07:47.000Z</time>
      </trkpt>
      <trkpt lat="49.045634" lon="9.224737">
        <ele>299.317497</ele>
        <time>2021-07-24T15:07:48.000Z</time>
      </trkpt>
      <trkpt lat="49.045635" lon="9.224794">
        <ele>299.464961</ele>
        <time>2021-07-24T15:07:49.000Z</time>
      </trkpt>
      <trkpt lat="49.045636" lon="9.224850">
        <ele>299.609839</ele>
        <time>2021-07-24T15:07:50.000Z</time>
      </trkpt>
      <trkpt lat="49.045635" lon="9.224904">
        <ele>299.749547</ele>
        <time>2021-07-24T15:07:51.000Z</time>
      </trkpt>
      <trkpt lat="49.045634" lon="9.224961">
        <ele>299.897011</ele>
        <time>2021-07-24T15:07:52.000Z</time>
      </trkpt>
      <trkpt lat="49.045634" lon="9.225018">
        <ele>300.044422</ele>
        <time>2021-07-24T15:07:53.000Z</time>
      </trkpt>
      <trkpt lat="49.045636" lon="9.225076">
        <ele>300.194626</ele>
        <time>2021-07-24T15:07:54.000Z</time>
      </trkpt>
      <trkpt lat="49.045639" lon="9.225133">
        <ele>300.232621</ele>
        <time>2021-07-24T15:07:55.000Z</time>
      </trkpt>
      <trkpt lat="49.045641" lon="9.225190">
        <ele>300.235812</ele>
        <time>2021-07-24T15:07:56.000Z</time>
      </trkpt>
      <trkpt lat="49.045643" lon="9.225246">
        <ele>300.238948</ele>
        <time>2021-07-24T15:07:57.000Z</time>
      </trkpt>
      <trkpt lat="49.045645" lon="9.225304">
        <ele>300.242196</ele>
        <time>2021-07-24T15:07:58.000Z</time>
      </trkpt>
      <trkpt lat="49.045648" lon="9.225364">
        <ele>300.245560</ele>
        <time>2021-07-24T15:07:59.000Z</time>
      </trkpt>
      <trkpt lat="49.045653" lon="9.225423">
        <ele>300.248887</ele>
        <time>2021-07-24T15:08:00.000Z</time>
      </trkpt>
      <trkpt lat="49.045656" lon="9.225483">
        <ele>300.252251</ele>
        <time>2021-07-24T15:08:01.000Z</time>
      </trkpt>
      <trkpt lat="49.045660" lon="9.225545">
        <ele>300.255735</ele>
        <time>2021-07-24T15:08:02.000Z</time>
      </trkpt>
      <trkpt lat="49.045664" lon="9.225607">
        <ele>300.259218</ele>
        <time>2021-07-24T15:08:03.000Z</time>
      </trkpt>
      <trkpt lat="49.045669" lon="9.225669">
        <ele>300.262711</ele>
        <time>2021-07-24T15:08:04.000Z</time>
      </trkpt>
      <trkpt lat="49.045676" lon="9.225729">
        <ele>300.266118</ele>
        <time>2021-07-24T15:08:05.000Z</time>
      </trkpt>
      <trkpt lat="49.045681" lon="9.225788">
        <ele>300.269445</ele>
        <time>2021-07-24T15:08:06.000Z</time>
      </trkpt>
      <trkpt lat="49.045685" lon="9.225847">
        <ele>300.272761</ele>
        <time>2021-07-24T15:08:07.000Z</time>
      </trkpt>
      <trkpt lat="49.045689" lon="9.225907">
        <ele>300.276134</ele>
        <time>2021-07-24T15:08:08.000Z</time>
      </trkpt>
      <trkpt lat="49.045694" lon="9.225968">
        <ele>300.279571</ele>
        <time>2021-07-24T15:08:09.000Z</time>
      </trkpt>
      <trkpt lat="49.045701" lon="9.226029">
        <ele>300.283034</ele>
        <time>2021-07-24T15:08:10.000Z</time>
      </trkpt>
      <trkpt lat="49.045708" lon="9.226092">
        <ele>300.286606</ele>
        <time>2021-07-24T15:08:11.000Z</time>
      </trkpt>
      <trkpt lat="49.045715" lon="9.226155">
        <ele>300.290179</ele>
        <time>2021-07-24T15:08:12.000Z</time>
      </trkpt>
      <trkpt lat="49.045721" lon="9.226216">
        <ele>300.293628</ele>
        <time>2021-07-24T15:08:13.000Z</time>
      </trkpt>
      <trkpt lat="49.045727" lon="9.226272">
        <ele>300.296801</ele>
        <time>2021-07-24T15:08:14.000Z</time>
      </trkpt>
      <trkpt lat="49.045735" lon="9.226325">
        <ele>300.299842</ele>
        <time>2021-07-24T15:08:15.000Z</time>
      </trkpt>
      <trkpt lat="49.045741" lon="9.226379">
        <ele>300.302904</ele>
        <time>2021-07-24T15:08:16.000Z</time>
      </trkpt>
      <trkpt lat="49.045746" lon="9.226433">
        <ele>300.305954</ele>
        <time>2021-07-24T15:08:17.000Z</time>
      </trkpt>
      <trkpt lat="49.045750" lon="9.226487">
        <ele>300.308992</ele>
        <time>2021-07-24T15:08:18.000Z</time>
      </trkpt>
      <trkpt lat="49.045754" lon="9.226538">
        <ele>300.311864</ele>
        <time>2021-07-24T15:08:19.000Z</time>
      </trkpt>
      <trkpt lat="49.045755" lon="9.226589">
        <ele>300.314717</ele>
        <time>2021-07-24T15:08:20.000Z</time>
      </trkpt>
      <trkpt lat="49.045751" lon="9.226637">
        <ele>300.317423</ele>
        <time>2021-07-24T15:08:21.000Z</time>
      </trkpt>
      <trkpt lat="49.045739" lon="9.226684">
        <ele>300.320243</ele>
        <time>2021-07-24T15:08:22.000Z</time>
      </trkpt>
      <trkpt lat="49.045718" lon="9.226726">
        <ele>300.323196</ele>
        <time>2021-07-24T15:08:23.000Z</time>
      </trkpt>
      <trkpt lat="49.045690" lon="9.226758">
        <ele>300.326181</ele>
        <time>2021-07-24T15:08:24.000Z</time>
      </trkpt>
      <trkpt lat="49.045657" lon="9.226781">
        <ele>300.329276</ele>
        <time>2021-07-24T15:08:25.000Z</time>
      </trkpt>
      <trkpt lat="49.045622" lon="9.226800">
        <ele>300.332445</ele>
        <time>2021-07-24T15:08:26.000Z</time>
      </trkpt>
      <trkpt lat="49.045587" lon="9.226817">
        <ele>300.335578</ele>
        <time>2021-07-24T15:08:27.000Z</time>
      </trkpt>
      <trkpt lat="49.045551" lon="9.226834">
        <ele>300.338793</ele>
        <time>2021-07-24T15:08:28.000Z</time>
      </trkpt>
      <trkpt lat="49.045515" lon="9.226854">
        <ele>300.342061</ele>
        <time>2021-07-24T15:08:29.000Z</time>
      </trkpt>
      <trkpt lat="49.045478" lon="9.226874">
        <ele>300.345410</ele>
        <time>2021-07-24T15:08:30.000Z</time>
      </trkpt>
      <trkpt lat="49.045439" lon="9.226895">
        <ele>300.348938</ele>
        <time>2021-07-24T15:08:31.000Z</time>
      </trkpt>
      <trkpt lat="49.045399" lon="9.226916">
        <ele>300.352546</ele>
        <time>2021-07-24T15:08:32.000Z</time>
      </trkpt>
      <trkpt lat="49.045355" lon="9.226937">
        <ele>300.356479</ele>
        <time>2021-07-24T15:08:33.000Z</time>
      </trkpt>
      <trkpt lat="49.045315" lon="9.226965">
        <ele>300.360233</ele>
        <time>2021-07-24T15:08:34.000Z</time>
      </trkpt>
      <trkpt lat="49.045271" lon="9.226992">
        <ele>300.364279</ele>
        <time>2021-07-24T15:08:35.000Z</time>
      </trkpt>
      <trkpt lat="49.045225" lon="9.227017">
        <ele>300.368445</ele>
        <time>2021-07-24T15:08:36.000Z</time>
      </trkpt>
      <trkpt lat="49.045184" lon="9.227045">
        <ele>300.372277</ele>
        <time>2021-07-24T15:08:37.000Z</time>
      </trkpt>
      <trkpt lat="49.045139" lon="9.227067">
        <ele>300.376308</ele>
        <time>2021-07-24T15:08:38.000Z</time>
      </trkpt>
      <trkpt lat="49.045096" lon="9.227096">
        <ele>300.380318</ele>
        <time>2021-07-24T15:08:39.000Z</time>
      </trkpt>
      <trkpt lat="49.045054" lon="9.227127">
        <ele>300.368767</ele>
        <time>2021-07-24T15:08:40.000Z</time>
      </trkpt>
      <trkpt lat="49.045008" lon="9.227152">
        <ele>300.276665</ele>
        <time>2021-07-24T15:08:41.000Z</time>
      </trkpt>
      <trkpt lat="49.044964" lon="9.227184">
        <ele>300.184728</ele>
        <time>2021-07-24T15:08:42.000Z</time>
      </trkpt>
      <trkpt lat="49.044922" lon="9.227212">
        <ele>300.098277</ele>
        <time>2021-07-24T15:08:43.000Z</time>
      </trkpt>
      <trkpt lat="49.044882" lon="9.227233">
        <ele>300.018490</ele>
        <time>2021-07-24T15:08:44.000Z</time>
      </trkpt>
      <trkpt lat="49.044846" lon="9.227246">
        <ele>299.948714</ele>
        <time>2021-07-24T15:08:45.000Z</time>
      </trkpt>
      <trkpt lat="49.044827" lon="9.227267">
        <ele>299.904461</ele>
        <time>2021-07-24T15:08:46.000Z</time>
      </trkpt>
      <trkpt lat="49.044798" lon="9.227294">
        <ele>299.840383</ele>
        <time>2021-07-24T15:08:47.000Z</time>
      </trkpt>
      <trkpt lat="49.044762" lon="9.227327">
        <ele>299.761168</ele>
        <time>2021-07-24T15:08:48.000Z</time>
      </trkpt>
      <trkpt lat="49.044729" lon="9.227357">
        <ele>299.688713</ele>
        <time>2021-07-24T15:08:49.000Z</time>
      </trkpt>
      <trkpt lat="49.044712" lon="9.227376">
        <ele>299.648966</ele>
        <time>2021-07-24T15:08:50.000Z</time>
      </trkpt>
      <trkpt lat="49.044693" lon="9.227385">
        <ele>299.611442</ele>
        <time>2021-07-24T15:08:51.000Z</time>
      </trkpt>
      <trkpt lat="49.044684" lon="9.227389">
        <ele>299.593761</ele>
        <time>2021-07-24T15:08:52.000Z</time>
      </trkpt>
      <trkpt lat="49.044667" lon="9.227395">
        <ele>299.560850</ele>
        <time>2021-07-24T15:08:53.000Z</time>
      </trkpt>
      <trkpt lat="49.044663" lon="9.227396">
        <ele>299.553205</ele>
        <time>2021-07-24T15:08:54.000Z</time>
      </trkpt>
      <trkpt lat="49.044668" lon="9.227389">
        <ele>299.540405</ele>
        <time>2021-07-24T15:08:55.000Z</time>
      </trkpt>
      <trkpt lat="49.044669" lon="9.227382">
        <ele>299.531548</ele>
        <time>2021-07-24T15:08:56.000Z</time>
      </trkpt>
      <trkpt lat="49.044656" lon="9.227397">
        <ele>299.500805</ele>
        <time>2021-07-24T15:08:57.000Z</time>
      </trkpt>
      <trkpt lat="49.044635" lon="9.227419">
        <ele>299.452757</ele>
        <time>2021-07-24T15:08:58.000Z</time>
      </trkpt>
      <trkpt lat="49.044613" lon="9.227438">
        <ele>299.405075</ele>
        <time>2021-07-24T15:08:59.000Z</time>
      </trkpt>
      <trkpt lat="49.044591" lon="9.227442">
        <ele>299.363287</ele>
        <time>2021-07-24T15:09:00.000Z</time>
      </trkpt>
      <trkpt lat="49.044578" lon="9.227436">
        <ele>299.337670</ele>
        <time>2021-07-24T15:09:01.000Z</time>
      </trkpt>
      <trkpt lat="49.044583" lon="9.227426">
        <ele>299.322120</ele>
        <time>2021-07-24T15:09:02.000Z</time>
      </trkpt>
      <trkpt lat="49.044587" lon="9.227422">
        <ele>299.313100</ele>
        <time>2021-07-24T15:09:03.000Z</time>
      </trkpt>
      <trkpt lat="49.044587" lon="9.227422">
        <ele>299.313100</ele>
        <time>2021-07-24T15:09:04.000Z</time>
      </trkpt>
      <trkpt lat="49.044588" lon="9.227421">
        <ele>299.310844</ele>
        <time>2021-07-24T15:09:05.000Z</time>
      </trkpt>
      <trkpt lat="49.044585" lon="9.227422">
        <ele>299.305052</ele>
        <time>2021-07-24T15:09:06.000Z</time>
      </trkpt>
      <trkpt lat="49.044586" lon="9.227423">
        <ele>299.302797</ele>
        <time>2021-07-24T15:09:07.000Z</time>
      </trkpt>
      <trkpt lat="49.044597" lon="9.227422">
        <ele>299.282013</ele>
        <time>2021-07-24T15:09:08.000Z</time>
      </trkpt>
      <trkpt lat="49.044607" lon="9.227422">
        <ele>299.263152</ele>
        <time>2021-07-24T15:09:09.000Z</time>
      </trkpt>
      <trkpt lat="49.044610" lon="9.227422">
        <ele>299.257493</ele>
        <time>2021-07-24T15:09:10.000Z</time>
      </trkpt>
      <trkpt lat="49.044610" lon="9.227424">
        <ele>299.255021</ele>
        <time>2021-07-24T15:09:11.000Z</time>
      </trkpt>
      <trkpt lat="49.044607" lon="9.227426">
        <ele>299.248846</ele>
        <time>2021-07-24T15:09:12.000Z</time>
      </trkpt>
      <trkpt lat="49.044604" lon="9.227425">
        <ele>299.243054</ele>
        <time>2021-07-24T15:09:13.000Z</time>
      </trkpt>
      <trkpt lat="49.044603" lon="9.227424">
        <ele>299.240799</ele>
        <time>2021-07-24T15:09:14.000Z</time>
      </trkpt>
      <trkpt lat="49.044603" lon="9.227424">
        <ele>299.240799</ele>
        <time>2021-07-24T15:09:15.000Z</time>
      </trkpt>
      <trkpt lat="49.044603" lon="9.227424">
        <ele>299.240799</ele>
        <time>2021-07-24T15:09:16.000Z</time>
      </trkpt>
      <trkpt lat="49.044603" lon="9.227426">
        <ele>299.238326</ele>
        <time>2021-07-24T15:09:17.000Z</time>
      </trkpt>
      <trkpt lat="49.044602" lon="9.227427">
        <ele>299.236071</ele>
        <time>2021-07-24T15:09:18.000Z</time>
      </trkpt>
      <trkpt lat="49.044603" lon="9.227426">
        <ele>299.233816</ele>
        <time>2021-07-24T15:09:19.000Z</time>
      </trkpt>
      <trkpt lat="49.044604" lon="9.227428">
        <ele>299.230706</ele>
        <time>2021-07-24T15:09:20.000Z</time>
      </trkpt>
      <trkpt lat="49.044605" lon="9.227429">
        <ele>299.228451</ele>
        <time>2021-07-24T15:09:21.000Z</time>
      </trkpt>
      <trkpt lat="49.044597" lon="9.227439">
        <ele>299.208944</ele>
        <time>2021-07-24T15:09:22.000Z</time>
      </trkpt>
      <trkpt lat="49.044578" lon="9.227458">
        <ele>299.166095</ele>
        <time>2021-07-24T15:09:23.000Z</time>
      </trkpt>
      <trkpt lat="49.044561" lon="9.227476">
        <ele>299.127065</ele>
        <time>2021-07-24T15:09:24.000Z</time>
      </trkpt>
      <trkpt lat="49.044546" lon="9.227489">
        <ele>299.094527</ele>
        <time>2021-07-24T15:09:25.000Z</time>
      </trkpt>
      <trkpt lat="49.044529" lon="9.227500">
        <ele>299.059698</ele>
        <time>2021-07-24T15:09:26.000Z</time>
      </trkpt>
      <trkpt lat="49.044511" lon="9.227509">
        <ele>299.023971</ele>
        <time>2021-07-24T15:09:27.000Z</time>
      </trkpt>
      <trkpt lat="49.044493" lon="9.227515">
        <ele>298.989220</ele>
        <time>2021-07-24T15:09:28.000Z</time>
      </trkpt>
      <trkpt lat="49.044475" lon="9.227523">
        <ele>298.953858</ele>
        <time>2021-07-24T15:09:29.000Z</time>
      </trkpt>
      <trkpt lat="49.044458" lon="9.227533">
        <ele>298.919493</ele>
        <time>2021-07-24T15:09:30.000Z</time>
      </trkpt>
      <trkpt lat="49.044442" lon="9.227546">
        <ele>298.885302</ele>
        <time>2021-07-24T15:09:31.000Z</time>
      </trkpt>
      <trkpt lat="49.044425" lon="9.227564">
        <ele>298.846272</ele>
        <time>2021-07-24T15:09:32.000Z</time>
      </trkpt>
      <trkpt lat="49.044405" lon="9.227583">
        <ele>298.801834</ele>
        <time>2021-07-24T15:09:33.000Z</time>
      </trkpt>
      <trkpt lat="49.044389" lon="9.227596">
        <ele>298.767643</ele>
        <time>2021-07-24T15:09:34.000Z</time>
      </trkpt>
      <trkpt lat="49.044371" lon="9.227609">
        <ele>298.730081</ele>
        <time>2021-07-24T15:09:35.000Z</time>
      </trkpt>
      <trkpt lat="49.044345" lon="9.227630">
        <ele>298.674593</ele>
        <time>2021-07-24T15:09:36.000Z</time>
      </trkpt>
      <trkpt lat="49.044322" lon="9.227650">
        <ele>298.624660</ele>
        <time>2021-07-24T15:09:37.000Z</time>
      </trkpt>
      <trkpt lat="49.044303" lon="9.227666">
        <ele>298.583727</ele>
        <time>2021-07-24T15:09:38.000Z</time>
      </trkpt>
      <trkpt lat="49.044285" lon="9.227676">
        <ele>298.547596</ele>
        <time>2021-07-24T15:09:39.000Z</time>
      </trkpt>
      <trkpt lat="49.044263" lon="9.227684">
        <ele>298.504938</ele>
        <time>2021-07-24T15:09:40.000Z</time>
      </trkpt>
      <trkpt lat="49.044238" lon="9.227704">
        <ele>298.451695</ele>
        <time>2021-07-24T15:09:41.000Z</time>
      </trkpt>
      <trkpt lat="49.044219" lon="9.227725">
        <ele>298.407443</ele>
        <time>2021-07-24T15:09:42.000Z</time>
      </trkpt>
      <trkpt lat="49.044202" lon="9.227747">
        <ele>298.365396</ele>
        <time>2021-07-24T15:09:43.000Z</time>
      </trkpt>
      <trkpt lat="49.044179" lon="9.227769">
        <ele>298.314194</ele>
        <time>2021-07-24T15:09:44.000Z</time>
      </trkpt>
      <trkpt lat="49.044153" lon="9.227787">
        <ele>298.260342</ele>
        <time>2021-07-24T15:09:45.000Z</time>
      </trkpt>
      <trkpt lat="49.044127" lon="9.227812">
        <ele>298.202375</ele>
        <time>2021-07-24T15:09:46.000Z</time>
      </trkpt>
      <trkpt lat="49.044098" lon="9.227840">
        <ele>298.137644</ele>
        <time>2021-07-24T15:09:47.000Z</time>
      </trkpt>
      <trkpt lat="49.044065" lon="9.227869">
        <ele>298.065814</ele>
        <time>2021-07-24T15:09:48.000Z</time>
      </trkpt>
      <trkpt lat="49.044031" lon="9.227894">
        <ele>297.994626</ele>
        <time>2021-07-24T15:09:49.000Z</time>
      </trkpt>
      <trkpt lat="49.043996" lon="9.227920">
        <ele>297.921201</ele>
        <time>2021-07-24T15:09:50.000Z</time>
      </trkpt>
      <trkpt lat="49.043958" lon="9.227950">
        <ele>297.840500</ele>
        <time>2021-07-24T15:09:51.000Z</time>
      </trkpt>
      <trkpt lat="49.043922" lon="9.227982">
        <ele>297.761915</ele>
        <time>2021-07-24T15:09:52.000Z</time>
      </trkpt>
      <trkpt lat="49.043875" lon="9.228018">
        <ele>297.662721</ele>
        <time>2021-07-24T15:09:53.000Z</time>
      </trkpt>
      <trkpt lat="49.043830" lon="9.228056">
        <ele>297.565711</ele>
        <time>2021-07-24T15:09:54.000Z</time>
      </trkpt>
      <trkpt lat="49.043786" lon="9.228091">
        <ele>297.472118</ele>
        <time>2021-07-24T15:09:55.000Z</time>
      </trkpt>
      <trkpt lat="49.043739" lon="9.228129">
        <ele>297.371790</ele>
        <time>2021-07-24T15:09:56.000Z</time>
      </trkpt>
      <trkpt lat="49.043688" lon="9.228159">
        <ele>297.268695</ele>
        <time>2021-07-24T15:09:57.000Z</time>
      </trkpt>
      <trkpt lat="49.043641" lon="9.228198">
        <ele>297.167783</ele>
        <time>2021-07-24T15:09:58.000Z</time>
      </trkpt>
      <trkpt lat="49.043586" lon="9.228229">
        <ele>297.057192</ele>
        <time>2021-07-24T15:09:59.000Z</time>
      </trkpt>
      <trkpt lat="49.043536" lon="9.228266">
        <ele>296.963875</ele>
        <time>2021-07-24T15:10:00.000Z</time>
      </trkpt>
      <trkpt lat="49.043481" lon="9.228304">
        <ele>296.883760</ele>
        <time>2021-07-24T15:10:01.000Z</time>
      </trkpt>
      <trkpt lat="49.043428" lon="9.228352">
        <ele>296.801976</ele>
        <time>2021-07-24T15:10:02.000Z</time>
      </trkpt>
      <trkpt lat="49.043373" lon="9.228398">
        <ele>296.718748</ele>
        <time>2021-07-24T15:10:03.000Z</time>
      </trkpt>
      <trkpt lat="49.043319" lon="9.228451">
        <ele>296.633548</ele>
        <time>2021-07-24T15:10:04.000Z</time>
      </trkpt>
      <trkpt lat="49.043258" lon="9.228505">
        <ele>296.539967</ele>
        <time>2021-07-24T15:10:05.000Z</time>
      </trkpt>
      <trkpt lat="49.043194" lon="9.228538">
        <ele>296.450325</ele>
        <time>2021-07-24T15:10:06.000Z</time>
      </trkpt>
      <trkpt lat="49.043131" lon="9.228600">
        <ele>296.350846</ele>
        <time>2021-07-24T15:10:07.000Z</time>
      </trkpt>
      <trkpt lat="49.043078" lon="9.228649">
        <ele>296.268614</ele>
        <time>2021-07-24T15:10:08.000Z</time>
      </trkpt>
      <trkpt lat="49.043029" lon="9.228694">
        <ele>296.192724</ele>
        <time>2021-07-24T15:10:09.000Z</time>
      </trkpt>
      <trkpt lat="49.042959" lon="9.228762">
        <ele>296.082608</ele>
        <time>2021-07-24T15:10:10.000Z</time>
      </trkpt>
      <trkpt lat="49.042888" lon="9.228831">
        <ele>295.970906</ele>
        <time>2021-07-24T15:10:11.000Z</time>
      </trkpt>
      <trkpt lat="49.042818" lon="9.228887">
        <ele>295.866026</ele>
        <time>2021-07-24T15:10:12.000Z</time>
      </trkpt>
      <trkpt lat="49.042757" lon="9.228972">
        <ele>295.756403</ele>
        <time>2021-07-24T15:10:13.000Z</time>
      </trkpt>
      <trkpt lat="49.042704" lon="9.229074">
        <ele>295.643193</ele>
        <time>2021-07-24T15:10:14.000Z</time>
      </trkpt>
      <trkpt lat="49.042659" lon="9.229179">
        <ele>295.534078</ele>
        <time>2021-07-24T15:10:15.000Z</time>
      </trkpt>
      <trkpt lat="49.042651" lon="9.229288">
        <ele>295.438679</ele>
        <time>2021-07-24T15:10:16.000Z</time>
      </trkpt>
      <trkpt lat="49.042631" lon="9.229399">
        <ele>295.338552</ele>
        <time>2021-07-24T15:10:17.000Z</time>
      </trkpt>
      <trkpt lat="49.042640" lon="9.229483">
        <ele>295.264521</ele>
        <time>2021-07-24T15:10:18.000Z</time>
      </trkpt>
      <trkpt lat="49.042642" lon="9.229561">
        <ele>295.196626</ele>
        <time>2021-07-24T15:10:19.000Z</time>
      </trkpt>
      <trkpt lat="49.042646" lon="9.229657">
        <ele>295.112959</ele>
        <time>2021-07-24T15:10:20.000Z</time>
      </trkpt>
      <trkpt lat="49.042631" lon="9.229746">
        <ele>295.033030</ele>
        <time>2021-07-24T15:10:21.000Z</time>
      </trkpt>
      <trkpt lat="49.042625" lon="9.229839">
        <ele>294.951749</ele>
        <time>2021-07-24T15:10:22.000Z</time>
      </trkpt>
      <trkpt lat="49.042623" lon="9.229918">
        <ele>294.882985</ele>
        <time>2021-07-24T15:10:23.000Z</time>
      </trkpt>
      <trkpt lat="49.042580" lon="9.229982">
        <ele>294.803272</ele>
        <time>2021-07-24T15:10:24.000Z</time>
      </trkpt>
      <trkpt lat="49.042534" lon="9.230035">
        <ele>294.726782</ele>
        <time>2021-07-24T15:10:25.000Z</time>
      </trkpt>
      <trkpt lat="49.042491" lon="9.230105">
        <ele>294.643341</ele>
        <time>2021-07-24T15:10:26.000Z</time>
      </trkpt>
      <trkpt lat="49.042453" lon="9.230179">
        <ele>294.626582</ele>
        <time>2021-07-24T15:10:27.000Z</time>
      </trkpt>
      <trkpt lat="49.042416" lon="9.230242">
        <ele>294.664357</ele>
        <time>2021-07-24T15:10:28.000Z</time>
      </trkpt>
      <trkpt lat="49.042369" lon="9.230307">
        <ele>294.707577</ele>
        <time>2021-07-24T15:10:29.000Z</time>
      </trkpt>
      <trkpt lat="49.042330" lon="9.230376">
        <ele>294.748265</ele>
        <time>2021-07-24T15:10:30.000Z</time>
      </trkpt>
      <trkpt lat="49.042287" lon="9.230441">
        <ele>294.789506</ele>
        <time>2021-07-24T15:10:31.000Z</time>
      </trkpt>
      <trkpt lat="49.042245" lon="9.230502">
        <ele>294.829014</ele>
        <time>2021-07-24T15:10:32.000Z</time>
      </trkpt>
      <trkpt lat="49.042205" lon="9.230570">
        <ele>294.869817</ele>
        <time>2021-07-24T15:10:33.000Z</time>
      </trkpt>
      <trkpt lat="49.042169" lon="9.230627">
        <ele>294.905165</ele>
        <time>2021-07-24T15:10:34.000Z</time>
      </trkpt>
      <trkpt lat="49.042128" lon="9.230691">
        <ele>294.945130</ele>
        <time>2021-07-24T15:10:35.000Z</time>
      </trkpt>
      <trkpt lat="49.042097" lon="9.230766">
        <ele>294.984726</ele>
        <time>2021-07-24T15:10:36.000Z</time>
      </trkpt>
      <trkpt lat="49.042050" lon="9.230836">
        <ele>295.029477</ele>
        <time>2021-07-24T15:10:37.000Z</time>
      </trkpt>
      <trkpt lat="49.042018" lon="9.230895">
        <ele>295.063675</ele>
        <time>2021-07-24T15:10:38.000Z</time>
      </trkpt>
      <trkpt lat="49.041983" lon="9.230967">
        <ele>295.103706</ele>
        <time>2021-07-24T15:10:39.000Z</time>
      </trkpt>
      <trkpt lat="49.041958" lon="9.231047">
        <ele>295.143286</ele>
        <time>2021-07-24T15:10:40.000Z</time>
      </trkpt>
      <trkpt lat="49.041947" lon="9.231134">
        <ele>295.182855</ele>
        <time>2021-07-24T15:10:41.000Z</time>
      </trkpt>
      <trkpt lat="49.041931" lon="9.231213">
        <ele>295.219781</ele>
        <time>2021-07-24T15:10:42.000Z</time>
      </trkpt>
      <trkpt lat="49.041916" lon="9.231290">
        <ele>295.255655</ele>
        <time>2021-07-24T15:10:43.000Z</time>
      </trkpt>
      <trkpt lat="49.041911" lon="9.231367">
        <ele>295.290211</ele>
        <time>2021-07-24T15:10:44.000Z</time>
      </trkpt>
      <trkpt lat="49.041907" lon="9.231451">
        <ele>295.327823</ele>
        <time>2021-07-24T15:10:45.000Z</time>
      </trkpt>
      <trkpt lat="49.041901" lon="9.231527">
        <ele>295.362009</ele>
        <time>2021-07-24T15:10:46.000Z</time>
      </trkpt>
      <trkpt lat="49.041900" lon="9.231616">
        <ele>295.401761</ele>
        <time>2021-07-24T15:10:47.000Z</time>
      </trkpt>
      <trkpt lat="49.041896" lon="9.231695">
        <ele>295.437147</ele>
        <time>2021-07-24T15:10:48.000Z</time>
      </trkpt>
      <trkpt lat="49.041897" lon="9.231773">
        <ele>295.471987</ele>
        <time>2021-07-24T15:10:49.000Z</time>
      </trkpt>
      <trkpt lat="49.041894" lon="9.231846">
        <ele>295.504653</ele>
        <time>2021-07-24T15:10:50.000Z</time>
      </trkpt>
      <trkpt lat="49.041888" lon="9.231930">
        <ele>295.542388</ele>
        <time>2021-07-24T15:10:51.000Z</time>
      </trkpt>
      <trkpt lat="49.041892" lon="9.232005">
        <ele>295.575993</ele>
        <time>2021-07-24T15:10:52.000Z</time>
      </trkpt>
      <trkpt lat="49.041880" lon="9.232075">
        <ele>295.608306</ele>
        <time>2021-07-24T15:10:53.000Z</time>
      </trkpt>
      <trkpt lat="49.041884" lon="9.232137">
        <ele>295.636128</ele>
        <time>2021-07-24T15:10:54.000Z</time>
      </trkpt>
      <trkpt lat="49.041882" lon="9.232223">
        <ele>295.674559</ele>
        <time>2021-07-24T15:10:55.000Z</time>
      </trkpt>
      <trkpt lat="49.041877" lon="9.232308">
        <ele>295.712671</ele>
        <time>2021-07-24T15:10:56.000Z</time>
      </trkpt>
      <trkpt lat="49.041869" lon="9.232380">
        <ele>295.745284</ele>
        <time>2021-07-24T15:10:57.000Z</time>
      </trkpt>
      <trkpt lat="49.041866" lon="9.232441">
        <ele>295.772603</ele>
        <time>2021-07-24T15:10:58.000Z</time>
      </trkpt>
      <trkpt lat="49.041850" lon="9.232500">
        <ele>295.801118</ele>
        <time>2021-07-24T15:10:59.000Z</time>
      </trkpt>
      <trkpt lat="49.041858" lon="9.232583">
        <ele>295.831201</ele>
        <time>2021-07-24T15:11:00.000Z</time>
      </trkpt>
      <trkpt lat="49.041850" lon="9.232654">
        <ele>295.835949</ele>
        <time>2021-07-24T15:11:01.000Z</time>
      </trkpt>
      <trkpt lat="49.041848" lon="9.232724">
        <ele>295.840566</ele>
        <time>2021-07-24T15:11:02.000Z</time>
      </trkpt>
      <trkpt lat="49.041841" lon="9.232796">
        <ele>295.845363</ele>
        <time>2021-07-24T15:11:03.000Z</time>
      </trkpt>
      <trkpt lat="49.041825" lon="9.232868">
        <ele>295.850373</ele>
        <time>2021-07-24T15:11:04.000Z</time>
      </trkpt>
      <trkpt lat="49.041820" lon="9.232927">
        <ele>295.854294</ele>
        <time>2021-07-24T15:11:05.000Z</time>
      </trkpt>
      <trkpt lat="49.041799" lon="9.232997">
        <ele>295.859367</ele>
        <time>2021-07-24T15:11:06.000Z</time>
      </trkpt>
      <trkpt lat="49.041782" lon="9.233064">
        <ele>295.864101</ele>
        <time>2021-07-24T15:11:07.000Z</time>
      </trkpt>
      <trkpt lat="49.041766" lon="9.233140">
        <ele>295.869362</ele>
        <time>2021-07-24T15:11:08.000Z</time>
      </trkpt>
      <trkpt lat="49.041761" lon="9.233193">
        <ele>295.872891</ele>
        <time>2021-07-24T15:11:09.000Z</time>
      </trkpt>
      <trkpt lat="49.041733" lon="9.233272">
        <ele>295.878809</ele>
        <time>2021-07-24T15:11:10.000Z</time>
      </trkpt>
      <trkpt lat="49.041705" lon="9.233350">
        <ele>295.884670</ele>
        <time>2021-07-24T15:11:11.000Z</time>
      </trkpt>
      <trkpt lat="49.041673" lon="9.233424">
        <ele>295.890512</ele>
        <time>2021-07-24T15:11:12.000Z</time>
      </trkpt>
      <trkpt lat="49.041644" lon="9.233504">
        <ele>295.896536</ele>
        <time>2021-07-24T15:11:13.000Z</time>
      </trkpt>
      <trkpt lat="49.041616" lon="9.233561">
        <ele>295.901230</ele>
        <time>2021-07-24T15:11:14.000Z</time>
      </trkpt>
      <trkpt lat="49.041594" lon="9.233643">
        <ele>295.907069</ele>
        <time>2021-07-24T15:11:15.000Z</time>
      </trkpt>
      <trkpt lat="49.041568" lon="9.233689">
        <ele>295.911072</ele>
        <time>2021-07-24T15:11:16.000Z</time>
      </trkpt>
      <trkpt lat="49.041539" lon="9.233773">
        <ele>295.917328</ele>
        <time>2021-07-24T15:11:17.000Z</time>
      </trkpt>
      <trkpt lat="49.041509" lon="9.233832">
        <ele>295.922249</ele>
        <time>2021-07-24T15:11:18.000Z</time>
      </trkpt>
      <trkpt lat="49.041477" lon="9.233903">
        <ele>295.927927</ele>
        <time>2021-07-24T15:11:19.000Z</time>
      </trkpt>
      <trkpt lat="49.041484" lon="9.233945">
        <ele>295.930783</ele>
        <time>2021-07-24T15:11:20.000Z</time>
      </trkpt>
      <trkpt lat="49.041477" lon="9.234017">
        <ele>295.935580</ele>
        <time>2021-07-24T15:11:21.000Z</time>
      </trkpt>
      <trkpt lat="49.041461" lon="9.234084">
        <ele>295.940279</ele>
        <time>2021-07-24T15:11:22.000Z</time>
      </trkpt>
      <trkpt lat="49.041438" lon="9.234153">
        <ele>295.945381</ele>
        <time>2021-07-24T15:11:23.000Z</time>
      </trkpt>
      <trkpt lat="49.041423" lon="9.234217">
        <ele>295.949860</ele>
        <time>2021-07-24T15:11:24.000Z</time>
      </trkpt>
      <trkpt lat="49.041384" lon="9.234296">
        <ele>295.956377</ele>
        <time>2021-07-24T15:11:25.000Z</time>
      </trkpt>
      <trkpt lat="49.041355" lon="9.234371">
        <ele>295.962116</ele>
        <time>2021-07-24T15:11:26.000Z</time>
      </trkpt>
      <trkpt lat="49.041332" lon="9.234456">
        <ele>295.968176</ele>
        <time>2021-07-24T15:11:27.000Z</time>
      </trkpt>
      <trkpt lat="49.041326" lon="9.234525">
        <ele>295.972763</ele>
        <time>2021-07-24T15:11:28.000Z</time>
      </trkpt>
      <trkpt lat="49.041323" lon="9.234577">
        <ele>295.976203</ele>
        <time>2021-07-24T15:11:29.000Z</time>
      </trkpt>
      <trkpt lat="49.041288" lon="9.234654">
        <ele>295.982378</ele>
        <time>2021-07-24T15:11:30.000Z</time>
      </trkpt>
      <trkpt lat="49.041249" lon="9.234737">
        <ele>295.989108</ele>
        <time>2021-07-24T15:11:31.000Z</time>
      </trkpt>
      <trkpt lat="49.041217" lon="9.234812">
        <ele>295.995005</ele>
        <time>2021-07-24T15:11:32.000Z</time>
      </trkpt>
      <trkpt lat="49.041186" lon="9.234899">
        <ele>296.001531</ele>
        <time>2021-07-24T15:11:33.000Z</time>
      </trkpt>
      <trkpt lat="49.041177" lon="9.234953">
        <ele>296.005203</ele>
        <time>2021-07-24T15:11:34.000Z</time>
      </trkpt>
      <trkpt lat="49.041124" lon="9.235021">
        <ele>296.004214</ele>
        <time>2021-07-24T15:11:35.000Z</time>
      </trkpt>
      <trkpt lat="49.041105" lon="9.235084">
        <ele>295.983148</ele>
        <time>2021-07-24T15:11:36.000Z</time>
      </trkpt>
      <trkpt lat="49.041099" lon="9.235124">
        <ele>295.970683</ele>
        <time>2021-07-24T15:11:37.000Z</time>
      </trkpt>
      <trkpt lat="49.041073" lon="9.235203">
        <ele>295.943830</ele>
        <time>2021-07-24T15:11:38.000Z</time>
      </trkpt>
      <trkpt lat="49.041034" lon="9.235274">
        <ele>295.915692</ele>
        <time>2021-07-24T15:11:39.000Z</time>
      </trkpt>
      <trkpt lat="49.041011" lon="9.235350">
        <ele>295.890264</ele>
        <time>2021-07-24T15:11:40.000Z</time>
      </trkpt>
      <trkpt lat="49.040979" lon="9.235425">
        <ele>295.863080</ele>
        <time>2021-07-24T15:11:41.000Z</time>
      </trkpt>
      <trkpt lat="49.040957" lon="9.235496">
        <ele>295.839224</ele>
        <time>2021-07-24T15:11:42.000Z</time>
      </trkpt>
      <trkpt lat="49.040945" lon="9.235545">
        <ele>295.823334</ele>
        <time>2021-07-24T15:11:43.000Z</time>
      </trkpt>
      <trkpt lat="49.040911" lon="9.235601">
        <ele>295.800148</ele>
        <time>2021-07-24T15:11:44.000Z</time>
      </trkpt>
      <trkpt lat="49.040887" lon="9.235660">
        <ele>295.779055</ele>
        <time>2021-07-24T15:11:45.000Z</time>
      </trkpt>
      <trkpt lat="49.040878" lon="9.235727">
        <ele>295.758279</ele>
        <time>2021-07-24T15:11:46.000Z</time>
      </trkpt>
      <trkpt lat="49.040864" lon="9.235804">
        <ele>295.734006</ele>
        <time>2021-07-24T15:11:47.000Z</time>
      </trkpt>
      <trkpt lat="49.040828" lon="9.235885">
        <ele>295.704278</ele>
        <time>2021-07-24T15:11:48.000Z</time>
      </trkpt>
      <trkpt lat="49.040796" lon="9.235953">
        <ele>295.678850</ele>
        <time>2021-07-24T15:11:49.000Z</time>
      </trkpt>
      <trkpt lat="49.040767" lon="9.236030">
        <ele>295.651874</ele>
        <time>2021-07-24T15:11:50.000Z</time>
      </trkpt>
      <trkpt lat="49.040735" lon="9.236099">
        <ele>295.626198</ele>
        <time>2021-07-24T15:11:51.000Z</time>
      </trkpt>
      <trkpt lat="49.040710" lon="9.236173">
        <ele>295.600909</ele>
        <time>2021-07-24T15:11:52.000Z</time>
      </trkpt>
      <trkpt lat="49.040688" lon="9.236243">
        <ele>295.577328</ele>
        <time>2021-07-24T15:11:53.000Z</time>
      </trkpt>
      <trkpt lat="49.040662" lon="9.236312">
        <ele>295.553151</ele>
        <time>2021-07-24T15:11:54.000Z</time>
      </trkpt>
      <trkpt lat="49.040616" lon="9.236373">
        <ele>295.524906</ele>
        <time>2021-07-24T15:11:55.000Z</time>
      </trkpt>
      <trkpt lat="49.040599" lon="9.236440">
        <ele>295.503082</ele>
        <time>2021-07-24T15:11:56.000Z</time>
      </trkpt>
      <trkpt lat="49.040576" lon="9.236482">
        <ele>295.486458</ele>
        <time>2021-07-24T15:11:57.000Z</time>
      </trkpt>
      <trkpt lat="49.040550" lon="9.236548">
        <ele>295.463067</ele>
        <time>2021-07-24T15:11:58.000Z</time>
      </trkpt>
      <trkpt lat="49.040520" lon="9.236615">
        <ele>295.438419</ele>
        <time>2021-07-24T15:11:59.000Z</time>
      </trkpt>
      <trkpt lat="49.040513" lon="9.236657">
        <ele>295.425255</ele>
        <time>2021-07-24T15:12:00.000Z</time>
      </trkpt>
      <trkpt lat="49.040479" lon="9.236717">
        <ele>295.401162</ele>
        <time>2021-07-24T15:12:01.000Z</time>
      </trkpt>
      <trkpt lat="49.040445" lon="9.236801">
        <ele>295.371173</ele>
        <time>2021-07-24T15:12:02.000Z</time>
      </trkpt>
      <trkpt lat="49.040438" lon="9.236871">
        <ele>295.349663</ele>
        <time>2021-07-24T15:12:03.000Z</time>
      </trkpt>
      <trkpt lat="49.040413" lon="9.236943">
        <ele>295.324912</ele>
        <time>2021-07-24T15:12:04.000Z</time>
      </trkpt>
      <trkpt lat="49.040385" lon="9.237010">
        <ele>295.300775</ele>
        <time>2021-07-24T15:12:05.000Z</time>
      </trkpt>
      <trkpt lat="49.040361" lon="9.237066">
        <ele>295.280451</ele>
        <time>2021-07-24T15:12:06.000Z</time>
      </trkpt>
      <trkpt lat="49.040337" lon="9.237113">
        <ele>295.262353</ele>
        <time>2021-07-24T15:12:07.000Z</time>
      </trkpt>
      <trkpt lat="49.040319" lon="9.237187">
        <ele>295.238376</ele>
        <time>2021-07-24T15:12:08.000Z</time>
      </trkpt>
      <trkpt lat="49.040291" lon="9.237260">
        <ele>295.212683</ele>
        <time>2021-07-24T15:12:09.000Z</time>
      </trkpt>
      <trkpt lat="49.040259" lon="9.237314">
        <ele>295.190570</ele>
        <time>2021-07-24T15:12:10.000Z</time>
      </trkpt>
      <trkpt lat="49.040243" lon="9.237374">
        <ele>295.189813</ele>
        <time>2021-07-24T15:12:11.000Z</time>
      </trkpt>
      <trkpt lat="49.040215" lon="9.237439">
        <ele>295.236535</ele>
        <time>2021-07-24T15:12:12.000Z</time>
      </trkpt>
      <trkpt lat="49.040189" lon="9.237489">
        <ele>295.274873</ele>
        <time>2021-07-24T15:12:13.000Z</time>
      </trkpt>
      <trkpt lat="49.040171" lon="9.237558">
        <ele>295.319484</ele>
        <time>2021-07-24T15:12:14.000Z</time>
      </trkpt>
      <trkpt lat="49.040171" lon="9.237607">
        <ele>295.348919</ele>
        <time>2021-07-24T15:12:15.000Z</time>
      </trkpt>
      <trkpt lat="49.040155" lon="9.237677">
        <ele>295.393452</ele>
        <time>2021-07-24T15:12:16.000Z</time>
      </trkpt>
      <trkpt lat="49.040124" lon="9.237750">
        <ele>295.445702</ele>
        <time>2021-07-24T15:12:17.000Z</time>
      </trkpt>
      <trkpt lat="49.040110" lon="9.237824">
        <ele>295.491969</ele>
        <time>2021-07-24T15:12:18.000Z</time>
      </trkpt>
      <trkpt lat="49.040087" lon="9.237888">
        <ele>295.535813</ele>
        <time>2021-07-24T15:12:19.000Z</time>
      </trkpt>
      <trkpt lat="49.040065" lon="9.237950">
        <ele>295.578164</ele>
        <time>2021-07-24T15:12:20.000Z</time>
      </trkpt>
      <trkpt lat="49.040038" lon="9.238001">
        <ele>295.617544</ele>
        <time>2021-07-24T15:12:21.000Z</time>
      </trkpt>
      <trkpt lat="49.040019" lon="9.238065">
        <ele>295.659749</ele>
        <time>2021-07-24T15:12:22.000Z</time>
      </trkpt>
      <trkpt lat="49.039999" lon="9.238116">
        <ele>295.695449</ele>
        <time>2021-07-24T15:12:23.000Z</time>
      </trkpt>
      <trkpt lat="49.039986" lon="9.238162">
        <ele>295.725540</ele>
        <time>2021-07-24T15:12:24.000Z</time>
      </trkpt>
      <trkpt lat="49.039973" lon="9.238214">
        <ele>295.758972</ele>
        <time>2021-07-24T15:12:25.000Z</time>
      </trkpt>
      <trkpt lat="49.039970" lon="9.238243">
        <ele>295.776608</ele>
        <time>2021-07-24T15:12:26.000Z</time>
      </trkpt>
      <trkpt lat="49.039980" lon="9.238278">
        <ele>295.799544</ele>
        <time>2021-07-24T15:12:27.000Z</time>
      </trkpt>
      <trkpt lat="49.039974" lon="9.238300">
        <ele>295.813858</ele>
        <time>2021-07-24T15:12:28.000Z</time>
      </trkpt>
      <trkpt lat="49.039970" lon="9.238299">
        <ele>295.817572</ele>
        <time>2021-07-24T15:12:29.000Z</time>
      </trkpt>
      <trkpt lat="49.039971" lon="9.238290">
        <ele>295.823056</ele>
        <time>2021-07-24T15:12:30.000Z</time>
      </trkpt>
      <trkpt lat="49.039974" lon="9.238286">
        <ele>295.826707</ele>
        <time>2021-07-24T15:12:31.000Z</time>
      </trkpt>
      <trkpt lat="49.039973" lon="9.238304">
        <ele>295.837559</ele>
        <time>2021-07-24T15:12:32.000Z</time>
      </trkpt>
      <trkpt lat="49.039969" lon="9.238334">
        <ele>295.855949</ele>
        <time>2021-07-24T15:12:33.000Z</time>
      </trkpt>
      <trkpt lat="49.039959" lon="9.238361">
        <ele>295.874578</ele>
        <time>2021-07-24T15:12:34.000Z</time>
      </trkpt>
      <trkpt lat="49.039948" lon="9.238391">
        <ele>295.895227</ele>
        <time>2021-07-24T15:12:35.000Z</time>
      </trkpt>
      <trkpt lat="49.039940" lon="9.238407">
        <ele>295.907315</ele>
        <time>2021-07-24T15:12:36.000Z</time>
      </trkpt>
      <trkpt lat="49.039931" lon="9.238422">
        <ele>295.919531</ele>
        <time>2021-07-24T15:12:37.000Z</time>
      </trkpt>
      <trkpt lat="49.039921" lon="9.238449">
        <ele>295.938160</ele>
        <time>2021-07-24T15:12:38.000Z</time>
      </trkpt>
      <trkpt lat="49.039909" lon="9.238468">
        <ele>295.954009</ele>
        <time>2021-07-24T15:12:39.000Z</time>
      </trkpt>
      <trkpt lat="49.039903" lon="9.238490">
        <ele>295.968323</ele>
        <time>2021-07-24T15:12:40.000Z</time>
      </trkpt>
      <trkpt lat="49.039900" lon="9.238508">
        <ele>295.979480</ele>
        <time>2021-07-24T15:12:41.000Z</time>
      </trkpt>
      <trkpt lat="49.039902" lon="9.238523">
        <ele>295.988675</ele>
        <time>2021-07-24T15:12:42.000Z</time>
      </trkpt>
      <trkpt lat="49.039901" lon="9.238542">
        <ele>296.000126</ele>
        <time>2021-07-24T15:12:43.000Z</time>
      </trkpt>
      <trkpt lat="49.039896" lon="9.238566">
        <ele>296.015253</ele>
        <time>2021-07-24T15:12:44.000Z</time>
      </trkpt>
      <trkpt lat="49.039891" lon="9.238582">
        <ele>296.025901</ele>
        <time>2021-07-24T15:12:45.000Z</time>
      </trkpt>
      <trkpt lat="49.039886" lon="9.238593">
        <ele>296.033942</ele>
        <time>2021-07-24T15:12:46.000Z</time>
      </trkpt>
      <trkpt lat="49.039878" lon="9.238605">
        <ele>296.044224</ele>
        <time>2021-07-24T15:12:47.000Z</time>
      </trkpt>
      <trkpt lat="49.039874" lon="9.238611">
        <ele>296.049364</ele>
        <time>2021-07-24T15:12:48.000Z</time>
      </trkpt>
      <trkpt lat="49.039867" lon="9.238624">
        <ele>296.059470</ele>
        <time>2021-07-24T15:12:49.000Z</time>
      </trkpt>
      <trkpt lat="49.039862" lon="9.238644">
        <ele>296.072329</ele>
        <time>2021-07-24T15:12:50.000Z</time>
      </trkpt>
      <trkpt lat="49.039862" lon="9.238660">
        <ele>296.081940</ele>
        <time>2021-07-24T15:12:51.000Z</time>
      </trkpt>
      <trkpt lat="49.039859" lon="9.238672">
        <ele>296.089655</ele>
        <time>2021-07-24T15:12:52.000Z</time>
      </trkpt>
      <trkpt lat="49.039855" lon="9.238683">
        <ele>296.097212</ele>
        <time>2021-07-24T15:12:53.000Z</time>
      </trkpt>
      <trkpt lat="49.039849" lon="9.238693">
        <ele>296.105355</ele>
        <time>2021-07-24T15:12:54.000Z</time>
      </trkpt>
      <trkpt lat="49.039841" lon="9.238706">
        <ele>296.116067</ele>
        <time>2021-07-24T15:12:55.000Z</time>
      </trkpt>
      <trkpt lat="49.039834" lon="9.238719">
        <ele>296.126173</ele>
        <time>2021-07-24T15:12:56.000Z</time>
      </trkpt>
      <trkpt lat="49.039831" lon="9.238727">
        <ele>296.131709</ele>
        <time>2021-07-24T15:12:57.000Z</time>
      </trkpt>
      <trkpt lat="49.039827" lon="9.238737">
        <ele>296.138747</ele>
        <time>2021-07-24T15:12:58.000Z</time>
      </trkpt>
      <trkpt lat="49.039823" lon="9.238750">
        <ele>296.147373</ele>
        <time>2021-07-24T15:12:59.000Z</time>
      </trkpt>
      <trkpt lat="49.039817" lon="9.238760">
        <ele>296.155517</ele>
        <time>2021-07-24T15:13:00.000Z</time>
      </trkpt>
      <trkpt lat="49.039806" lon="9.238769">
        <ele>296.166955</ele>
        <time>2021-07-24T15:13:01.000Z</time>
      </trkpt>
      <trkpt lat="49.039795" lon="9.238783">
        <ele>296.180083</ele>
        <time>2021-07-24T15:13:02.000Z</time>
      </trkpt>
      <trkpt lat="49.039790" lon="9.238796">
        <ele>296.189138</ele>
        <time>2021-07-24T15:13:03.000Z</time>
      </trkpt>
      <trkpt lat="49.039786" lon="9.238815">
        <ele>296.201125</ele>
        <time>2021-07-24T15:13:04.000Z</time>
      </trkpt>
      <trkpt lat="49.039785" lon="9.238834">
        <ele>296.212576</ele>
        <time>2021-07-24T15:13:05.000Z</time>
      </trkpt>
      <trkpt lat="49.039786" lon="9.238849">
        <ele>296.221633</ele>
        <time>2021-07-24T15:13:06.000Z</time>
      </trkpt>
      <trkpt lat="49.039789" lon="9.238864">
        <ele>296.231054</ele>
        <time>2021-07-24T15:13:07.000Z</time>
      </trkpt>
      <trkpt lat="49.039788" lon="9.238884">
        <ele>296.243103</ele>
        <time>2021-07-24T15:13:08.000Z</time>
      </trkpt>
      <trkpt lat="49.039775" lon="9.238912">
        <ele>296.263715</ele>
        <time>2021-07-24T15:13:09.000Z</time>
      </trkpt>
      <trkpt lat="49.039761" lon="9.238934">
        <ele>296.282133</ele>
        <time>2021-07-24T15:13:10.000Z</time>
      </trkpt>
      <trkpt lat="49.039751" lon="9.238957">
        <ele>296.298713</ele>
        <time>2021-07-24T15:13:11.000Z</time>
      </trkpt>
      <trkpt lat="49.039742" lon="9.238980">
        <ele>296.314804</ele>
        <time>2021-07-24T15:13:12.000Z</time>
      </trkpt>
      <trkpt lat="49.039738" lon="9.239017">
        <ele>296.337331</ele>
        <time>2021-07-24T15:13:13.000Z</time>
      </trkpt>
      <trkpt lat="49.039736" lon="9.239057">
        <ele>296.361429</ele>
        <time>2021-07-24T15:13:14.000Z</time>
      </trkpt>
      <trkpt lat="49.039733" lon="9.239095">
        <ele>296.384421</ele>
        <time>2021-07-24T15:13:15.000Z</time>
      </trkpt>
      <trkpt lat="49.039728" lon="9.239138">
        <ele>296.410656</ele>
        <time>2021-07-24T15:13:16.000Z</time>
      </trkpt>
      <trkpt lat="49.039724" lon="9.239178">
        <ele>296.434962</ele>
        <time>2021-07-24T15:13:17.000Z</time>
      </trkpt>
      <trkpt lat="49.039718" lon="9.239216">
        <ele>296.458443</ele>
        <time>2021-07-24T15:13:18.000Z</time>
      </trkpt>
      <trkpt lat="49.039712" lon="9.239253">
        <ele>296.481339</ele>
        <time>2021-07-24T15:13:19.000Z</time>
      </trkpt>
      <trkpt lat="49.039708" lon="9.239286">
        <ele>296.501499</ele>
        <time>2021-07-24T15:13:20.000Z</time>
      </trkpt>
      <trkpt lat="49.039708" lon="9.239321">
        <ele>296.522524</ele>
        <time>2021-07-24T15:13:21.000Z</time>
      </trkpt>
      <trkpt lat="49.039711" lon="9.239359">
        <ele>296.545517</ele>
        <time>2021-07-24T15:13:22.000Z</time>
      </trkpt>
      <trkpt lat="49.039706" lon="9.239400">
        <ele>296.570569</ele>
        <time>2021-07-24T15:13:23.000Z</time>
      </trkpt>
      <trkpt lat="49.039694" lon="9.239440">
        <ele>296.596994</ele>
        <time>2021-07-24T15:13:24.000Z</time>
      </trkpt>
      <trkpt lat="49.039677" lon="9.239481">
        <ele>296.626137</ele>
        <time>2021-07-24T15:13:25.000Z</time>
      </trkpt>
      <trkpt lat="49.039668" lon="9.239524">
        <ele>296.653253</ele>
        <time>2021-07-24T15:13:26.000Z</time>
      </trkpt>
      <trkpt lat="49.039661" lon="9.239568">
        <ele>296.680452</ele>
        <time>2021-07-24T15:13:27.000Z</time>
      </trkpt>
      <trkpt lat="49.039655" lon="9.239614">
        <ele>296.708627</ele>
        <time>2021-07-24T15:13:28.000Z</time>
      </trkpt>
      <trkpt lat="49.039644" lon="9.239656">
        <ele>296.735796</ele>
        <time>2021-07-24T15:13:29.000Z</time>
      </trkpt>
      <trkpt lat="49.039630" lon="9.239699">
        <ele>296.764637</ele>
        <time>2021-07-24T15:13:30.000Z</time>
      </trkpt>
      <trkpt lat="49.039617" lon="9.239743">
        <ele>296.793630</ele>
        <time>2021-07-24T15:13:31.000Z</time>
      </trkpt>
      <trkpt lat="49.039602" lon="9.239785">
        <ele>296.822362</ele>
        <time>2021-07-24T15:13:32.000Z</time>
      </trkpt>
      <trkpt lat="49.039591" lon="9.239833">
        <ele>296.851284</ele>
        <time>2021-07-24T15:13:33.000Z</time>
      </trkpt>
      <trkpt lat="49.039587" lon="9.239880">
        <ele>296.878068</ele>
        <time>2021-07-24T15:13:34.000Z</time>
      </trkpt>
      <trkpt lat="49.039588" lon="9.239923">
        <ele>296.902385</ele>
        <time>2021-07-24T15:13:35.000Z</time>
      </trkpt>
      <trkpt lat="49.039592" lon="9.239970">
        <ele>296.929170</ele>
        <time>2021-07-24T15:13:36.000Z</time>
      </trkpt>
      <trkpt lat="49.039596" lon="9.240023">
        <ele>296.959320</ele>
        <time>2021-07-24T15:13:37.000Z</time>
      </trkpt>
      <trkpt lat="49.039602" lon="9.240079">
        <ele>296.991388</ele>
        <time>2021-07-24T15:13:38.000Z</time>
      </trkpt>
      <trkpt lat="49.039603" lon="9.240141">
        <ele>297.026438</ele>
        <time>2021-07-24T15:13:39.000Z</time>
      </trkpt>
      <trkpt lat="49.039600" lon="9.240198">
        <ele>297.058755</ele>
        <time>2021-07-24T15:13:40.000Z</time>
      </trkpt>
      <trkpt lat="49.039594" lon="9.240244">
        <ele>297.085261</ele>
        <time>2021-07-24T15:13:41.000Z</time>
      </trkpt>
      <trkpt lat="49.039584" lon="9.240300">
        <ele>297.118063</ele>
        <time>2021-07-24T15:13:42.000Z</time>
      </trkpt>
      <trkpt lat="49.039572" lon="9.240364">
        <ele>297.155682</ele>
        <time>2021-07-24T15:13:43.000Z</time>
      </trkpt>
      <trkpt lat="49.039561" lon="9.240429">
        <ele>297.193621</ele>
        <time>2021-07-24T15:13:44.000Z</time>
      </trkpt>
      <trkpt lat="49.039553" lon="9.240491">
        <ele>297.229333</ele>
        <time>2021-07-24T15:13:45.000Z</time>
      </trkpt>
      <trkpt lat="49.039549" lon="9.240548">
        <ele>297.261730</ele>
        <time>2021-07-24T15:13:46.000Z</time>
      </trkpt>
      <trkpt lat="49.039544" lon="9.240608">
        <ele>297.295912</ele>
        <time>2021-07-24T15:13:47.000Z</time>
      </trkpt>
      <trkpt lat="49.039537" lon="9.240670">
        <ele>297.331466</ele>
        <time>2021-07-24T15:13:48.000Z</time>
      </trkpt>
      <trkpt lat="49.039524" lon="9.240727">
        <ele>297.365574</ele>
        <time>2021-07-24T15:13:49.000Z</time>
      </trkpt>
      <trkpt lat="49.039506" lon="9.240786">
        <ele>297.402352</ele>
        <time>2021-07-24T15:13:50.000Z</time>
      </trkpt>
      <trkpt lat="49.039466" lon="9.240876">
        <ele>297.463803</ele>
        <time>2021-07-24T15:13:51.000Z</time>
      </trkpt>
      <trkpt lat="49.039443" lon="9.240946">
        <ele>297.508054</ele>
        <time>2021-07-24T15:13:52.000Z</time>
      </trkpt>
      <trkpt lat="49.039430" lon="9.241004">
        <ele>297.542696</ele>
        <time>2021-07-24T15:13:53.000Z</time>
      </trkpt>
      <trkpt lat="49.039414" lon="9.241060">
        <ele>297.577219</ele>
        <time>2021-07-24T15:13:54.000Z</time>
      </trkpt>
      <trkpt lat="49.039411" lon="9.241132">
        <ele>297.617992</ele>
        <time>2021-07-24T15:13:55.000Z</time>
      </trkpt>
      <trkpt lat="49.039418" lon="9.241187">
        <ele>297.649656</ele>
        <time>2021-07-24T15:13:56.000Z</time>
      </trkpt>
      <trkpt lat="49.039391" lon="9.241252">
        <ele>297.693144</ele>
        <time>2021-07-24T15:13:57.000Z</time>
      </trkpt>
      <trkpt lat="49.039410" lon="9.241313">
        <ele>297.731312</ele>
        <time>2021-07-24T15:13:58.000Z</time>
      </trkpt>
      <trkpt lat="49.039404" lon="9.241356">
        <ele>297.756157</ele>
        <time>2021-07-24T15:13:59.000Z</time>
      </trkpt>
      <trkpt lat="49.039395" lon="9.241417">
        <ele>297.791494</ele>
        <time>2021-07-24T15:14:00.000Z</time>
      </trkpt>
      <trkpt lat="49.039369" lon="9.241493">
        <ele>297.839942</ele>
        <time>2021-07-24T15:14:01.000Z</time>
      </trkpt>
      <trkpt lat="49.039362" lon="9.241571">
        <ele>297.884435</ele>
        <time>2021-07-24T15:14:02.000Z</time>
      </trkpt>
      <trkpt lat="49.039374" lon="9.241623">
        <ele>297.915590</ele>
        <time>2021-07-24T15:14:03.000Z</time>
      </trkpt>
      <trkpt lat="49.039369" lon="9.241695">
        <ele>297.956509</ele>
        <time>2021-07-24T15:14:04.000Z</time>
      </trkpt>
      <trkpt lat="49.039348" lon="9.241771">
        <ele>298.003120</ele>
        <time>2021-07-24T15:14:05.000Z</time>
      </trkpt>
      <trkpt lat="49.039354" lon="9.241831">
        <ele>298.037421</ele>
        <time>2021-07-24T15:14:06.000Z</time>
      </trkpt>
      <trkpt lat="49.039350" lon="9.241895">
        <ele>298.073754</ele>
        <time>2021-07-24T15:14:07.000Z</time>
      </trkpt>
      <trkpt lat="49.039349" lon="9.241964">
        <ele>298.112759</ele>
        <time>2021-07-24T15:14:08.000Z</time>
      </trkpt>
      <trkpt lat="49.039352" lon="9.242039">
        <ele>298.155224</ele>
        <time>2021-07-24T15:14:09.000Z</time>
      </trkpt>
      <trkpt lat="49.039342" lon="9.242119">
        <ele>298.201250</ele>
        <time>2021-07-24T15:14:10.000Z</time>
      </trkpt>
      <trkpt lat="49.039344" lon="9.242203">
        <ele>298.248754</ele>
        <time>2021-07-24T15:14:11.000Z</time>
      </trkpt>
      <trkpt lat="49.039341" lon="9.242271">
        <ele>298.287271</ele>
        <time>2021-07-24T15:14:12.000Z</time>
      </trkpt>
      <trkpt lat="49.039321" lon="9.242366">
        <ele>298.343661</ele>
        <time>2021-07-24T15:14:13.000Z</time>
      </trkpt>
      <trkpt lat="49.039321" lon="9.242454">
        <ele>298.351721</ele>
        <time>2021-07-24T15:14:14.000Z</time>
      </trkpt>
      <trkpt lat="49.039312" lon="9.242533">
        <ele>298.287723</ele>
        <time>2021-07-24T15:14:15.000Z</time>
      </trkpt>
      <trkpt lat="49.039303" lon="9.242615">
        <ele>298.221365</ele>
        <time>2021-07-24T15:14:16.000Z</time>
      </trkpt>
      <trkpt lat="49.039301" lon="9.242691">
        <ele>298.160658</ele>
        <time>2021-07-24T15:14:17.000Z</time>
      </trkpt>
      <trkpt lat="49.039293" lon="9.242772">
        <ele>298.095280</ele>
        <time>2021-07-24T15:14:18.000Z</time>
      </trkpt>
      <trkpt lat="49.039272" lon="9.242870">
        <ele>298.012990</ele>
        <time>2021-07-24T15:14:19.000Z</time>
      </trkpt>
      <trkpt lat="49.039257" lon="9.242963">
        <ele>297.936550</ele>
        <time>2021-07-24T15:14:20.000Z</time>
      </trkpt>
      <trkpt lat="49.039234" lon="9.243060">
        <ele>297.854222</ele>
        <time>2021-07-24T15:14:21.000Z</time>
      </trkpt>
      <trkpt lat="49.039218" lon="9.243152">
        <ele>297.778254</ele>
        <time>2021-07-24T15:14:22.000Z</time>
      </trkpt>
      <trkpt lat="49.039197" lon="9.243243">
        <ele>297.701255</ele>
        <time>2021-07-24T15:14:23.000Z</time>
      </trkpt>
      <trkpt lat="49.039173" lon="9.243334">
        <ele>297.622967</ele>
        <time>2021-07-24T15:14:24.000Z</time>
      </trkpt>
      <trkpt lat="49.039150" lon="9.243423">
        <ele>297.546613</ele>
        <time>2021-07-24T15:14:25.000Z</time>
      </trkpt>
      <trkpt lat="49.039140" lon="9.243500">
        <ele>297.483962</ele>
        <time>2021-07-24T15:14:26.000Z</time>
      </trkpt>
      <trkpt lat="49.039116" lon="9.243581">
        <ele>297.413016</ele>
        <time>2021-07-24T15:14:27.000Z</time>
      </trkpt>
      <trkpt lat="49.039086" lon="9.243663">
        <ele>297.338066</ele>
        <time>2021-07-24T15:14:28.000Z</time>
      </trkpt>
      <trkpt lat="49.039047" lon="9.243771">
        <ele>297.239655</ele>
        <time>2021-07-24T15:14:29.000Z</time>
      </trkpt>
      <trkpt lat="49.039033" lon="9.243855">
        <ele>297.170478</ele>
        <time>2021-07-24T15:14:30.000Z</time>
      </trkpt>
      <trkpt lat="49.039011" lon="9.243939">
        <ele>297.098282</ele>
        <time>2021-07-24T15:14:31.000Z</time>
      </trkpt>
      <trkpt lat="49.039006" lon="9.244012">
        <ele>297.039701</ele>
        <time>2021-07-24T15:14:32.000Z</time>
      </trkpt>
      <trkpt lat="49.038972" lon="9.244110">
        <ele>296.951205</ele>
        <time>2021-07-24T15:14:33.000Z</time>
      </trkpt>
      <trkpt lat="49.038952" lon="9.244201">
        <ele>296.874601</ele>
        <time>2021-07-24T15:14:34.000Z</time>
      </trkpt>
      <trkpt lat="49.038930" lon="9.244286">
        <ele>296.801663</ele>
        <time>2021-07-24T15:14:35.000Z</time>
      </trkpt>
      <trkpt lat="49.038912" lon="9.244379">
        <ele>296.724268</ele>
        <time>2021-07-24T15:14:36.000Z</time>
      </trkpt>
      <trkpt lat="49.038883" lon="9.244471">
        <ele>296.642792</ele>
        <time>2021-07-24T15:14:37.000Z</time>
      </trkpt>
      <trkpt lat="49.038870" lon="9.244568">
        <ele>296.563771</ele>
        <time>2021-07-24T15:14:38.000Z</time>
      </trkpt>
      <trkpt lat="49.038838" lon="9.244664">
        <ele>296.477813</ele>
        <time>2021-07-24T15:14:39.000Z</time>
      </trkpt>
      <trkpt lat="49.038830" lon="9.244736">
        <ele>296.419527</ele>
        <time>2021-07-24T15:14:40.000Z</time>
      </trkpt>
      <trkpt lat="49.038821" lon="9.244830">
        <ele>296.343706</ele>
        <time>2021-07-24T15:14:41.000Z</time>
      </trkpt>
      <trkpt lat="49.038799" lon="9.244897">
        <ele>296.283897</ele>
        <time>2021-07-24T15:14:42.000Z</time>
      </trkpt>
      <trkpt lat="49.038769" lon="9.245002">
        <ele>296.192479</ele>
        <time>2021-07-24T15:14:43.000Z</time>
      </trkpt>
      <trkpt lat="49.038737" lon="9.245096">
        <ele>296.226425</ele>
        <time>2021-07-24T15:14:44.000Z</time>
      </trkpt>
      <trkpt lat="49.038709" lon="9.245196">
        <ele>296.270969</ele>
        <time>2021-07-24T15:14:45.000Z</time>
      </trkpt>
      <trkpt lat="49.038680" lon="9.245292">
        <ele>296.314269</ele>
        <time>2021-07-24T15:14:46.000Z</time>
      </trkpt>
      <trkpt lat="49.038662" lon="9.245366">
        <ele>296.346601</ele>
        <time>2021-07-24T15:14:47.000Z</time>
      </trkpt>
      <trkpt lat="49.038642" lon="9.245453">
        <ele>296.384368</ele>
        <time>2021-07-24T15:14:48.000Z</time>
      </trkpt>
      <trkpt lat="49.038608" lon="9.245553">
        <ele>296.430513</ele>
        <time>2021-07-24T15:14:49.000Z</time>
      </trkpt>
      <trkpt lat="49.038593" lon="9.245643">
        <ele>296.468554</ele>
        <time>2021-07-24T15:14:50.000Z</time>
      </trkpt>
      <trkpt lat="49.038576" lon="9.245725">
        <ele>296.503784</ele>
        <time>2021-07-24T15:14:51.000Z</time>
      </trkpt>
      <trkpt lat="49.038559" lon="9.245836">
        <ele>296.550478</ele>
        <time>2021-07-24T15:14:52.000Z</time>
      </trkpt>
      <trkpt lat="49.038540" lon="9.245927">
        <ele>296.589600</ele>
        <time>2021-07-24T15:14:53.000Z</time>
      </trkpt>
      <trkpt lat="49.038552" lon="9.246002">
        <ele>296.621225</ele>
        <time>2021-07-24T15:14:54.000Z</time>
      </trkpt>
      <trkpt lat="49.038531" lon="9.246108">
        <ele>296.666586</ele>
        <time>2021-07-24T15:14:55.000Z</time>
      </trkpt>
      <trkpt lat="49.038523" lon="9.246180">
        <ele>296.696501</ele>
        <time>2021-07-24T15:14:56.000Z</time>
      </trkpt>
      <trkpt lat="49.038512" lon="9.246286">
        <ele>296.740463</ele>
        <time>2021-07-24T15:14:57.000Z</time>
      </trkpt>
      <trkpt lat="49.038487" lon="9.246376">
        <ele>296.780504</ele>
        <time>2021-07-24T15:14:58.000Z</time>
      </trkpt>
      <trkpt lat="49.038472" lon="9.246468">
        <ele>296.819339</ele>
        <time>2021-07-24T15:14:59.000Z</time>
      </trkpt>
      <trkpt lat="49.038457" lon="9.246546">
        <ele>296.852637</ele>
        <time>2021-07-24T15:15:00.000Z</time>
      </trkpt>
      <trkpt lat="49.038481" lon="9.246594">
        <ele>296.877366</ele>
        <time>2021-07-24T15:15:01.000Z</time>
      </trkpt>
      <trkpt lat="49.038470" lon="9.246696">
        <ele>296.919711</ele>
        <time>2021-07-24T15:15:02.000Z</time>
      </trkpt>
      <trkpt lat="49.038472" lon="9.246789">
        <ele>296.957828</ele>
        <time>2021-07-24T15:15:03.000Z</time>
      </trkpt>
      <trkpt lat="49.038463" lon="9.246866">
        <ele>296.989867</ele>
        <time>2021-07-24T15:15:04.000Z</time>
      </trkpt>
      <trkpt lat="49.038465" lon="9.246933">
        <ele>297.017342</ele>
        <time>2021-07-24T15:15:05.000Z</time>
      </trkpt>
      <trkpt lat="49.038435" lon="9.247027">
        <ele>297.060169</ele>
        <time>2021-07-24T15:15:06.000Z</time>
      </trkpt>
      <trkpt lat="49.038441" lon="9.247110">
        <ele>297.094375</ele>
        <time>2021-07-24T15:15:07.000Z</time>
      </trkpt>
      <trkpt lat="49.038442" lon="9.247167">
        <ele>297.117733</ele>
        <time>2021-07-24T15:15:08.000Z</time>
      </trkpt>
      <trkpt lat="49.038422" lon="9.247239">
        <ele>297.149765</ele>
        <time>2021-07-24T15:15:09.000Z</time>
      </trkpt>
      <trkpt lat="49.038426" lon="9.247338">
        <ele>297.190396</ele>
        <time>2021-07-24T15:15:10.000Z</time>
      </trkpt>
      <trkpt lat="49.038420" lon="9.247421">
        <ele>297.224603</ele>
        <time>2021-07-24T15:15:11.000Z</time>
      </trkpt>
      <trkpt lat="49.038423" lon="9.247507">
        <ele>297.259881</ele>
        <time>2021-07-24T15:15:12.000Z</time>
      </trkpt>
      <trkpt lat="49.038436" lon="9.247620">
        <ele>297.306878</ele>
        <time>2021-07-24T15:15:13.000Z</time>
      </trkpt>
      <trkpt lat="49.038438" lon="9.247685">
        <ele>297.372171</ele>
        <time>2021-07-24T15:15:14.000Z</time>
      </trkpt>
      <trkpt lat="49.038421" lon="9.247753">
        <ele>297.451282</ele>
        <time>2021-07-24T15:15:15.000Z</time>
      </trkpt>
      <trkpt lat="49.038419" lon="9.247863">
        <ele>297.570902</ele>
        <time>2021-07-24T15:15:16.000Z</time>
      </trkpt>
      <trkpt lat="49.038427" lon="9.247951">
        <ele>297.667477</ele>
        <time>2021-07-24T15:15:17.000Z</time>
      </trkpt>
      <trkpt lat="49.038434" lon="9.248040">
        <ele>297.764917</ele>
        <time>2021-07-24T15:15:18.000Z</time>
      </trkpt>
      <trkpt lat="49.038425" lon="9.248122">
        <ele>297.855295</ele>
        <time>2021-07-24T15:15:19.000Z</time>
      </trkpt>
      <trkpt lat="49.038421" lon="9.248209">
        <ele>297.950100</ele>
        <time>2021-07-24T15:15:20.000Z</time>
      </trkpt>
      <trkpt lat="49.038416" lon="9.248287">
        <ele>298.035293</ele>
        <time>2021-07-24T15:15:21.000Z</time>
      </trkpt>
      <trkpt lat="49.038432" lon="9.248369">
        <ele>298.128295</ele>
        <time>2021-07-24T15:15:22.000Z</time>
      </trkpt>
      <trkpt lat="49.038441" lon="9.248444">
        <ele>298.211177</ele>
        <time>2021-07-24T15:15:23.000Z</time>
      </trkpt>
      <trkpt lat="49.038460" lon="9.248523">
        <ele>298.302650</ele>
        <time>2021-07-24T15:15:24.000Z</time>
      </trkpt>
      <trkpt lat="49.038455" lon="9.248598">
        <ele>298.384598</ele>
        <time>2021-07-24T15:15:25.000Z</time>
      </trkpt>
      <trkpt lat="49.038454" lon="9.248669">
        <ele>298.461796</ele>
        <time>2021-07-24T15:15:26.000Z</time>
      </trkpt>
      <trkpt lat="49.038467" lon="9.248746">
        <ele>298.548229</ele>
        <time>2021-07-24T15:15:27.000Z</time>
      </trkpt>
      <trkpt lat="49.038468" lon="9.248821">
        <ele>298.629774</ele>
        <time>2021-07-24T15:15:28.000Z</time>
      </trkpt>
      <trkpt lat="49.038475" lon="9.248906">
        <ele>298.722898</ele>
        <time>2021-07-24T15:15:29.000Z</time>
      </trkpt>
      <trkpt lat="49.038483" lon="9.248973">
        <ele>298.796928</ele>
        <time>2021-07-24T15:15:30.000Z</time>
      </trkpt>
      <trkpt lat="49.038500" lon="9.249021">
        <ele>298.856233</ele>
        <time>2021-07-24T15:15:31.000Z</time>
      </trkpt>
      <trkpt lat="49.038516" lon="9.249099">
        <ele>298.945076</ele>
        <time>2021-07-24T15:15:32.000Z</time>
      </trkpt>
      <trkpt lat="49.038539" lon="9.249143">
        <ele>299.006250</ele>
        <time>2021-07-24T15:15:33.000Z</time>
      </trkpt>
      <trkpt lat="49.038567" lon="9.249201">
        <ele>299.084549</ele>
        <time>2021-07-24T15:15:34.000Z</time>
      </trkpt>
      <trkpt lat="49.038598" lon="9.249267">
        <ele>299.172808</ele>
        <time>2021-07-24T15:15:35.000Z</time>
      </trkpt>
      <trkpt lat="49.038627" lon="9.249336">
        <ele>299.261905</ele>
        <time>2021-07-24T15:15:36.000Z</time>
      </trkpt>
      <trkpt lat="49.038661" lon="9.249401">
        <ele>299.352298</ele>
        <time>2021-07-24T15:15:37.000Z</time>
      </trkpt>
      <trkpt lat="49.038701" lon="9.249457">
        <ele>299.442326</ele>
        <time>2021-07-24T15:15:38.000Z</time>
      </trkpt>
      <trkpt lat="49.038726" lon="9.249532">
        <ele>299.533788</ele>
        <time>2021-07-24T15:15:39.000Z</time>
      </trkpt>
      <trkpt lat="49.038761" lon="9.249609">
        <ele>299.635642</ele>
        <time>2021-07-24T15:15:40.000Z</time>
      </trkpt>
      <trkpt lat="49.038779" lon="9.249684">
        <ele>299.722461</ele>
        <time>2021-07-24T15:15:41.000Z</time>
      </trkpt>
      <trkpt lat="49.038797" lon="9.249755">
        <ele>299.805211</ele>
        <time>2021-07-24T15:15:42.000Z</time>
      </trkpt>
      <trkpt lat="49.038813" lon="9.249839">
        <ele>299.900297</ele>
        <time>2021-07-24T15:15:43.000Z</time>
      </trkpt>
      <trkpt lat="49.038827" lon="9.249925">
        <ele>299.996621</ele>
        <time>2021-07-24T15:15:44.000Z</time>
      </trkpt>
      <trkpt lat="49.038843" lon="9.250002">
        <ele>300.084427</ele>
        <time>2021-07-24T15:15:45.000Z</time>
      </trkpt>
      <trkpt lat="49.038844" lon="9.250090">
        <ele>300.180100</ele>
        <time>2021-07-24T15:15:46.000Z</time>
      </trkpt>
      <trkpt lat="49.038850" lon="9.250187">
        <ele>300.286010</ele>
        <time>2021-07-24T15:15:47.000Z</time>
      </trkpt>
      <trkpt lat="49.038858" lon="9.250293">
        <ele>300.308623</ele>
        <time>2021-07-24T15:15:48.000Z</time>
      </trkpt>
      <trkpt lat="49.038868" lon="9.250372">
        <ele>300.321379</ele>
        <time>2021-07-24T15:15:49.000Z</time>
      </trkpt>
      <trkpt lat="49.038881" lon="9.250453">
        <ele>300.334600</ele>
        <time>2021-07-24T15:15:50.000Z</time>
      </trkpt>
      <trkpt lat="49.038891" lon="9.250548">
        <ele>300.349854</ele>
        <time>2021-07-24T15:15:51.000Z</time>
      </trkpt>
      <trkpt lat="49.038902" lon="9.250638">
        <ele>300.364368</ele>
        <time>2021-07-24T15:15:52.000Z</time>
      </trkpt>
      <trkpt lat="49.038929" lon="9.250719">
        <ele>300.378774</ele>
        <time>2021-07-24T15:15:53.000Z</time>
      </trkpt>
      <trkpt lat="49.038939" lon="9.250805">
        <ele>300.392621</ele>
        <time>2021-07-24T15:15:54.000Z</time>
      </trkpt>
      <trkpt lat="49.038952" lon="9.250897">
        <ele>300.407541</ele>
        <time>2021-07-24T15:15:55.000Z</time>
      </trkpt>
      <trkpt lat="49.038965" lon="9.250982">
        <ele>300.421379</ele>
        <time>2021-07-24T15:15:56.000Z</time>
      </trkpt>
      <trkpt lat="49.038980" lon="9.251065">
        <ele>300.435028</ele>
        <time>2021-07-24T15:15:57.000Z</time>
      </trkpt>
      <trkpt lat="49.038993" lon="9.251143">
        <ele>300.447787</ele>
        <time>2021-07-24T15:15:58.000Z</time>
      </trkpt>
      <trkpt lat="49.039005" lon="9.251220">
        <ele>300.460335</ele>
        <time>2021-07-24T15:15:59.000Z</time>
      </trkpt>
      <trkpt lat="49.039017" lon="9.251296">
        <ele>300.472728</ele>
        <time>2021-07-24T15:16:00.000Z</time>
      </trkpt>
      <trkpt lat="49.039032" lon="9.251376">
        <ele>300.485920</ele>
        <time>2021-07-24T15:16:01.000Z</time>
      </trkpt>
      <trkpt lat="49.039043" lon="9.251462">
        <ele>300.499811</ele>
        <time>2021-07-24T15:16:02.000Z</time>
      </trkpt>
      <trkpt lat="49.039056" lon="9.251539">
        <ele>300.512417</ele>
        <time>2021-07-24T15:16:03.000Z</time>
      </trkpt>
      <trkpt lat="49.039073" lon="9.251617">
        <ele>300.525448</ele>
        <time>2021-07-24T15:16:04.000Z</time>
      </trkpt>
      <trkpt lat="49.039087" lon="9.251697">
        <ele>300.538575</ele>
        <time>2021-07-24T15:16:05.000Z</time>
      </trkpt>
      <trkpt lat="49.039100" lon="9.251777">
        <ele>300.551642</ele>
        <time>2021-07-24T15:16:06.000Z</time>
      </trkpt>
      <trkpt lat="49.039108" lon="9.251852">
        <ele>300.563688</ele>
        <time>2021-07-24T15:16:07.000Z</time>
      </trkpt>
      <trkpt lat="49.039117" lon="9.251941">
        <ele>300.577965</ele>
        <time>2021-07-24T15:16:08.000Z</time>
      </trkpt>
      <trkpt lat="49.039124" lon="9.252019">
        <ele>300.590446</ele>
        <time>2021-07-24T15:16:09.000Z</time>
      </trkpt>
      <trkpt lat="49.039135" lon="9.252095">
        <ele>300.602785</ele>
        <time>2021-07-24T15:16:10.000Z</time>
      </trkpt>
      <trkpt lat="49.039142" lon="9.252172">
        <ele>300.615109</ele>
        <time>2021-07-24T15:16:11.000Z</time>
      </trkpt>
      <trkpt lat="49.039147" lon="9.252247">
        <ele>300.627061</ele>
        <time>2021-07-24T15:16:12.000Z</time>
      </trkpt>
      <trkpt lat="49.039148" lon="9.252326">
        <ele>300.639587</ele>
        <time>2021-07-24T15:16:13.000Z</time>
      </trkpt>
      <trkpt lat="49.039159" lon="9.252403">
        <ele>300.652081</ele>
        <time>2021-07-24T15:16:14.000Z</time>
      </trkpt>
      <trkpt lat="49.039174" lon="9.252477">
        <ele>300.664361</ele>
        <time>2021-07-24T15:16:15.000Z</time>
      </trkpt>
      <trkpt lat="49.039173" lon="9.252549">
        <ele>300.675778</ele>
        <time>2021-07-24T15:16:16.000Z</time>
      </trkpt>
      <trkpt lat="49.039179" lon="9.252625">
        <ele>300.687914</ele>
        <time>2021-07-24T15:16:17.000Z</time>
      </trkpt>
      <trkpt lat="49.039175" lon="9.252691">
        <ele>300.698422</ele>
        <time>2021-07-24T15:16:18.000Z</time>
      </trkpt>
      <trkpt lat="49.039192" lon="9.252760">
        <ele>300.710108</ele>
        <time>2021-07-24T15:16:19.000Z</time>
      </trkpt>
      <trkpt lat="49.039205" lon="9.252836">
        <ele>300.722560</ele>
        <time>2021-07-24T15:16:20.000Z</time>
      </trkpt>
      <trkpt lat="49.039222" lon="9.252912">
        <ele>300.637299</ele>
        <time>2021-07-24T15:16:21.000Z</time>
      </trkpt>
      <trkpt lat="49.039218" lon="9.252995">
        <ele>300.481011</ele>
        <time>2021-07-24T15:16:22.000Z</time>
      </trkpt>
      <trkpt lat="49.039232" lon="9.253082">
        <ele>300.312782</ele>
        <time>2021-07-24T15:16:23.000Z</time>
      </trkpt>
      <trkpt lat="49.039240" lon="9.253161">
        <ele>300.162667</ele>
        <time>2021-07-24T15:16:24.000Z</time>
      </trkpt>
      <trkpt lat="49.039240" lon="9.253240">
        <ele>300.014311</ele>
        <time>2021-07-24T15:16:25.000Z</time>
      </trkpt>
      <trkpt lat="49.039251" lon="9.253320">
        <ele>299.860809</ele>
        <time>2021-07-24T15:16:26.000Z</time>
      </trkpt>
      <trkpt lat="49.039260" lon="9.253398">
        <ele>299.712079</ele>
        <time>2021-07-24T15:16:27.000Z</time>
      </trkpt>
      <trkpt lat="49.039264" lon="9.253496">
        <ele>299.527687</ele>
        <time>2021-07-24T15:16:28.000Z</time>
      </trkpt>
      <trkpt lat="49.039268" lon="9.253586">
        <ele>299.358286</ele>
        <time>2021-07-24T15:16:29.000Z</time>
      </trkpt>
      <trkpt lat="49.039267" lon="9.253672">
        <ele>299.196760</ele>
        <time>2021-07-24T15:16:30.000Z</time>
      </trkpt>
      <trkpt lat="49.039270" lon="9.253764">
        <ele>299.023778</ele>
        <time>2021-07-24T15:16:31.000Z</time>
      </trkpt>
      <trkpt lat="49.039270" lon="9.253845">
        <ele>298.871667</ele>
        <time>2021-07-24T15:16:32.000Z</time>
      </trkpt>
      <trkpt lat="49.039283" lon="9.253940">
        <ele>298.689419</ele>
        <time>2021-07-24T15:16:33.000Z</time>
      </trkpt>
      <trkpt lat="49.039258" lon="9.254021">
        <ele>298.521292</ele>
        <time>2021-07-24T15:16:34.000Z</time>
      </trkpt>
      <trkpt lat="49.039229" lon="9.254097">
        <ele>298.356152</ele>
        <time>2021-07-24T15:16:35.000Z</time>
      </trkpt>
      <trkpt lat="49.039178" lon="9.254151">
        <ele>298.178308</ele>
        <time>2021-07-24T15:16:36.000Z</time>
      </trkpt>
      <trkpt lat="49.039137" lon="9.254163">
        <ele>298.058714</ele>
        <time>2021-07-24T15:16:37.000Z</time>
      </trkpt>
      <trkpt lat="49.039075" lon="9.254141">
        <ele>297.876362</ele>
        <time>2021-07-24T15:16:38.000Z</time>
      </trkpt>
      <trkpt lat="49.039015" lon="9.254132">
        <ele>297.703652</ele>
        <time>2021-07-24T15:16:39.000Z</time>
      </trkpt>
      <trkpt lat="49.038950" lon="9.254106">
        <ele>297.511153</ele>
        <time>2021-07-24T15:16:40.000Z</time>
      </trkpt>
      <trkpt lat="49.038890" lon="9.254104">
        <ele>297.339231</ele>
        <time>2021-07-24T15:16:41.000Z</time>
      </trkpt>
      <trkpt lat="49.038820" lon="9.254095">
        <ele>297.137993</ele>
        <time>2021-07-24T15:16:42.000Z</time>
      </trkpt>
      <trkpt lat="49.038757" lon="9.254088">
        <ele>296.957040</ele>
        <time>2021-07-24T15:16:43.000Z</time>
      </trkpt>
      <trkpt lat="49.038683" lon="9.254082">
        <ele>296.744754</ele>
        <time>2021-07-24T15:16:44.000Z</time>
      </trkpt>
      <trkpt lat="49.038603" lon="9.254078">
        <ele>296.515456</ele>
        <time>2021-07-24T15:16:45.000Z</time>
      </trkpt>
      <trkpt lat="49.038525" lon="9.254059">
        <ele>296.289180</ele>
        <time>2021-07-24T15:16:46.000Z</time>
      </trkpt>
      <trkpt lat="49.038431" lon="9.254054">
        <ele>296.019737</ele>
        <time>2021-07-24T15:16:47.000Z</time>
      </trkpt>
      <trkpt lat="49.038350" lon="9.254034">
        <ele>295.784678</ele>
        <time>2021-07-24T15:16:48.000Z</time>
      </trkpt>
      <trkpt lat="49.038252" lon="9.254021">
        <ele>295.490743</ele>
        <time>2021-07-24T15:16:49.000Z</time>
      </trkpt>
      <trkpt lat="49.038164" lon="9.254018">
        <ele>295.196228</ele>
        <time>2021-07-24T15:16:50.000Z</time>
      </trkpt>
      <trkpt lat="49.038086" lon="9.253985">
        <ele>294.925395</ele>
        <time>2021-07-24T15:16:51.000Z</time>
      </trkpt>
      <trkpt lat="49.038009" lon="9.253970">
        <ele>294.665666</ele>
        <time>2021-07-24T15:16:52.000Z</time>
      </trkpt>
      <trkpt lat="49.037926" lon="9.253955">
        <ele>294.386013</ele>
        <time>2021-07-24T15:16:53.000Z</time>
      </trkpt>
      <trkpt lat="49.037841" lon="9.253934">
        <ele>294.097903</ele>
        <time>2021-07-24T15:16:54.000Z</time>
      </trkpt>
      <trkpt lat="49.037743" lon="9.253920">
        <ele>293.768568</ele>
        <time>2021-07-24T15:16:55.000Z</time>
      </trkpt>
      <trkpt lat="49.037652" lon="9.253909">
        <ele>293.463135</ele>
        <time>2021-07-24T15:16:56.000Z</time>
      </trkpt>
      <trkpt lat="49.037570" lon="9.253897">
        <ele>293.187509</ele>
        <time>2021-07-24T15:16:57.000Z</time>
      </trkpt>
      <trkpt lat="49.037473" lon="9.253916">
        <ele>292.860290</ele>
        <time>2021-07-24T15:16:58.000Z</time>
      </trkpt>
      <trkpt lat="49.037391" lon="9.253929">
        <ele>292.584447</ele>
        <time>2021-07-24T15:16:59.000Z</time>
      </trkpt>
      <trkpt lat="49.037297" lon="9.253946">
        <ele>292.267727</ele>
        <time>2021-07-24T15:17:00.000Z</time>
      </trkpt>
      <trkpt lat="49.037208" lon="9.253965">
        <ele>291.967038</ele>
        <time>2021-07-24T15:17:01.000Z</time>
      </trkpt>
      <trkpt lat="49.037130" lon="9.253974">
        <ele>291.705311</ele>
        <time>2021-07-24T15:17:02.000Z</time>
      </trkpt>
      <trkpt lat="49.037038" lon="9.253987">
        <ele>291.396168</ele>
        <time>2021-07-24T15:17:03.000Z</time>
      </trkpt>
      <trkpt lat="49.036948" lon="9.254020">
        <ele>291.086458</ele>
        <time>2021-07-24T15:17:04.000Z</time>
      </trkpt>
      <trkpt lat="49.036858" lon="9.254028">
        <ele>290.784814</ele>
        <time>2021-07-24T15:17:05.000Z</time>
      </trkpt>
      <trkpt lat="49.036761" lon="9.254055">
        <ele>290.454900</ele>
        <time>2021-07-24T15:17:06.000Z</time>
      </trkpt>
      <trkpt lat="49.036686" lon="9.254061">
        <ele>290.203611</ele>
        <time>2021-07-24T15:17:07.000Z</time>
      </trkpt>
      <trkpt lat="49.036606" lon="9.254068">
        <ele>289.935497</ele>
        <time>2021-07-24T15:17:08.000Z</time>
      </trkpt>
      <trkpt lat="49.036517" lon="9.254079">
        <ele>289.636734</ele>
        <time>2021-07-24T15:17:09.000Z</time>
      </trkpt>
      <trkpt lat="49.036448" lon="9.254091">
        <ele>289.684977</ele>
        <time>2021-07-24T15:17:10.000Z</time>
      </trkpt>
      <trkpt lat="49.036362" lon="9.254092">
        <ele>289.926239</ele>
        <time>2021-07-24T15:17:11.000Z</time>
      </trkpt>
      <trkpt lat="49.036281" lon="9.254087">
        <ele>290.153654</ele>
        <time>2021-07-24T15:17:12.000Z</time>
      </trkpt>
      <trkpt lat="49.036188" lon="9.254087">
        <ele>290.414546</ele>
        <time>2021-07-24T15:17:13.000Z</time>
      </trkpt>
      <trkpt lat="49.036109" lon="9.254091">
        <ele>290.636286</ele>
        <time>2021-07-24T15:17:14.000Z</time>
      </trkpt>
      <trkpt lat="49.036041" lon="9.254086">
        <ele>290.827267</ele>
        <time>2021-07-24T15:17:15.000Z</time>
      </trkpt>
      <trkpt lat="49.035972" lon="9.254088">
        <ele>291.020867</ele>
        <time>2021-07-24T15:17:16.000Z</time>
      </trkpt>
      <trkpt lat="49.035898" lon="9.254107">
        <ele>291.231379</ele>
        <time>2021-07-24T15:17:17.000Z</time>
      </trkpt>
      <trkpt lat="49.035835" lon="9.254105">
        <ele>291.408150</ele>
        <time>2021-07-24T15:17:18.000Z</time>
      </trkpt>
      <trkpt lat="49.035764" lon="9.254098">
        <ele>291.607741</ele>
        <time>2021-07-24T15:17:19.000Z</time>
      </trkpt>
      <trkpt lat="49.035708" lon="9.254103">
        <ele>291.765107</ele>
        <time>2021-07-24T15:17:20.000Z</time>
      </trkpt>
      <trkpt lat="49.035635" lon="9.254103">
        <ele>291.969893</ele>
        <time>2021-07-24T15:17:21.000Z</time>
      </trkpt>
      <trkpt lat="49.035565" lon="9.254093">
        <ele>292.167122</ele>
        <time>2021-07-24T15:17:22.000Z</time>
      </trkpt>
      <trkpt lat="49.035506" lon="9.254100">
        <ele>292.333134</ele>
        <time>2021-07-24T15:17:23.000Z</time>
      </trkpt>
      <trkpt lat="49.035447" lon="9.254096">
        <ele>292.498810</ele>
        <time>2021-07-24T15:17:24.000Z</time>
      </trkpt>
      <trkpt lat="49.035383" lon="9.254074">
        <ele>292.682851</ele>
        <time>2021-07-24T15:17:25.000Z</time>
      </trkpt>
      <trkpt lat="49.035327" lon="9.254053">
        <ele>292.844625</ele>
        <time>2021-07-24T15:17:26.000Z</time>
      </trkpt>
      <trkpt lat="49.035273" lon="9.254034">
        <ele>293.000089</ele>
        <time>2021-07-24T15:17:27.000Z</time>
      </trkpt>
      <trkpt lat="49.035226" lon="9.253996">
        <ele>293.149314</ele>
        <time>2021-07-24T15:17:28.000Z</time>
      </trkpt>
      <trkpt lat="49.035180" lon="9.253955">
        <ele>293.298774</ele>
        <time>2021-07-24T15:17:29.000Z</time>
      </trkpt>
      <trkpt lat="49.035131" lon="9.253916">
        <ele>293.453821</ele>
        <time>2021-07-24T15:17:30.000Z</time>
      </trkpt>
      <trkpt lat="49.035089" lon="9.253883">
        <ele>293.586356</ele>
        <time>2021-07-24T15:17:31.000Z</time>
      </trkpt>
      <trkpt lat="49.035054" lon="9.253849">
        <ele>293.702762</ele>
        <time>2021-07-24T15:17:32.000Z</time>
      </trkpt>
      <trkpt lat="49.035014" lon="9.253829">
        <ele>293.820849</ele>
        <time>2021-07-24T15:17:33.000Z</time>
      </trkpt>
      <trkpt lat="49.034984" lon="9.253799">
        <ele>293.921481</ele>
        <time>2021-07-24T15:17:34.000Z</time>
      </trkpt>
      <trkpt lat="49.034939" lon="9.253798">
        <ele>294.047733</ele>
        <time>2021-07-24T15:17:35.000Z</time>
      </trkpt>
      <trkpt lat="49.034905" lon="9.253783">
        <ele>294.147022</ele>
        <time>2021-07-24T15:17:36.000Z</time>
      </trkpt>
      <trkpt lat="49.034866" lon="9.253783">
        <ele>294.256428</ele>
        <time>2021-07-24T15:17:37.000Z</time>
      </trkpt>
      <trkpt lat="49.034827" lon="9.253808">
        <ele>294.375103</ele>
        <time>2021-07-24T15:17:38.000Z</time>
      </trkpt>
      <trkpt lat="49.034796" lon="9.253847">
        <ele>294.487831</ele>
        <time>2021-07-24T15:17:39.000Z</time>
      </trkpt>
      <trkpt lat="49.034768" lon="9.253899">
        <ele>294.598844</ele>
        <time>2021-07-24T15:17:40.000Z</time>
      </trkpt>
      <trkpt lat="49.034749" lon="9.253964">
        <ele>294.541624</ele>
        <time>2021-07-24T15:17:41.000Z</time>
      </trkpt>
      <trkpt lat="49.034736" lon="9.254036">
        <ele>294.481581</ele>
        <time>2021-07-24T15:17:42.000Z</time>
      </trkpt>
      <trkpt lat="49.034721" lon="9.254119">
        <ele>294.412359</ele>
        <time>2021-07-24T15:17:43.000Z</time>
      </trkpt>
      <trkpt lat="49.034705" lon="9.254194">
        <ele>294.348946</ele>
        <time>2021-07-24T15:17:44.000Z</time>
      </trkpt>
      <trkpt lat="49.034691" lon="9.254265">
        <ele>294.289335</ele>
        <time>2021-07-24T15:17:45.000Z</time>
      </trkpt>
      <trkpt lat="49.034678" lon="9.254335">
        <ele>294.230840</ele>
        <time>2021-07-24T15:17:46.000Z</time>
      </trkpt>
      <trkpt lat="49.034661" lon="9.254411">
        <ele>294.166277</ele>
        <time>2021-07-24T15:17:47.000Z</time>
      </trkpt>
      <trkpt lat="49.034647" lon="9.254488">
        <ele>294.102031</ele>
        <time>2021-07-24T15:17:48.000Z</time>
      </trkpt>
      <trkpt lat="49.034633" lon="9.254566">
        <ele>294.037011</ele>
        <time>2021-07-24T15:17:49.000Z</time>
      </trkpt>
      <trkpt lat="49.034624" lon="9.254643">
        <ele>293.974126</ele>
        <time>2021-07-24T15:17:50.000Z</time>
      </trkpt>
      <trkpt lat="49.034607" lon="9.254722">
        <ele>293.907275</ele>
        <time>2021-07-24T15:17:51.000Z</time>
      </trkpt>
      <trkpt lat="49.034590" lon="9.254807">
        <ele>293.835825</ele>
        <time>2021-07-24T15:17:52.000Z</time>
      </trkpt>
      <trkpt lat="49.034570" lon="9.254893">
        <ele>293.762458</ele>
        <time>2021-07-24T15:17:53.000Z</time>
      </trkpt>
      <trkpt lat="49.034555" lon="9.254990">
        <ele>293.682329</ele>
        <time>2021-07-24T15:17:54.000Z</time>
      </trkpt>
      <trkpt lat="49.034537" lon="9.255076">
        <ele>293.609746</ele>
        <time>2021-07-24T15:17:55.000Z</time>
      </trkpt>
      <trkpt lat="49.034521" lon="9.255169">
        <ele>293.532441</ele>
        <time>2021-07-24T15:17:56.000Z</time>
      </trkpt>
      <trkpt lat="49.034505" lon="9.255253">
        <ele>293.462111</ele>
        <time>2021-07-24T15:17:57.000Z</time>
      </trkpt>
      <trkpt lat="49.034483" lon="9.255334">
        <ele>293.391619</ele>
        <time>2021-07-24T15:17:58.000Z</time>
      </trkpt>
      <trkpt lat="49.034463" lon="9.255425">
        <ele>293.314452</ele>
        <time>2021-07-24T15:17:59.000Z</time>
      </trkpt>
      <trkpt lat="49.034439" lon="9.255512">
        <ele>293.238563</ele>
        <time>2021-07-24T15:18:00.000Z</time>
      </trkpt>
      <trkpt lat="49.034415" lon="9.255591">
        <ele>293.168558</ele>
        <time>2021-07-24T15:18:01.000Z</time>
      </trkpt>
      <trkpt lat="49.034397" lon="9.255672">
        <ele>293.099793</ele>
        <time>2021-07-24T15:18:02.000Z</time>
      </trkpt>
      <trkpt lat="49.034366" lon="9.255749">
        <ele>293.027143</ele>
        <time>2021-07-24T15:18:03.000Z</time>
      </trkpt>
      <trkpt lat="49.034328" lon="9.255821">
        <ele>292.952827</ele>
        <time>2021-07-24T15:18:04.000Z</time>
      </trkpt>
      <trkpt lat="49.034290" lon="9.255901">
        <ele>292.873398</ele>
        <time>2021-07-24T15:18:05.000Z</time>
      </trkpt>
      <trkpt lat="49.034248" lon="9.255979">
        <ele>292.792244</ele>
        <time>2021-07-24T15:18:06.000Z</time>
      </trkpt>
      <trkpt lat="49.034207" lon="9.256061">
        <ele>292.709329</ele>
        <time>2021-07-24T15:18:07.000Z</time>
      </trkpt>
      <trkpt lat="49.034166" lon="9.256135">
        <ele>292.631431</ele>
        <time>2021-07-24T15:18:08.000Z</time>
      </trkpt>
      <trkpt lat="49.034126" lon="9.256207">
        <ele>292.555552</ele>
        <time>2021-07-24T15:18:09.000Z</time>
      </trkpt>
      <trkpt lat="49.034085" lon="9.256283">
        <ele>292.476419</ele>
        <time>2021-07-24T15:18:10.000Z</time>
      </trkpt>
      <trkpt lat="49.034040" lon="9.256358">
        <ele>292.401197</ele>
        <time>2021-07-24T15:18:11.000Z</time>
      </trkpt>
      <trkpt lat="49.033997" lon="9.256435">
        <ele>292.556004</ele>
        <time>2021-07-24T15:18:12.000Z</time>
      </trkpt>
      <trkpt lat="49.033957" lon="9.256518">
        <ele>292.713666</ele>
        <time>2021-07-24T15:18:13.000Z</time>
      </trkpt>
      <trkpt lat="49.033922" lon="9.256589">
        <ele>292.849624</ele>
        <time>2021-07-24T15:18:14.000Z</time>
      </trkpt>
      <trkpt lat="49.033876" lon="9.256671">
        <ele>293.014799</ele>
        <time>2021-07-24T15:18:15.000Z</time>
      </trkpt>
      <trkpt lat="49.033840" lon="9.256744">
        <ele>293.154606</ele>
        <time>2021-07-24T15:18:16.000Z</time>
      </trkpt>
      <trkpt lat="49.033798" lon="9.256808">
        <ele>293.293201</ele>
        <time>2021-07-24T15:18:17.000Z</time>
      </trkpt>
      <trkpt lat="49.033751" lon="9.256876">
        <ele>293.444430</ele>
        <time>2021-07-24T15:18:18.000Z</time>
      </trkpt>
      <trkpt lat="49.033698" lon="9.256928">
        <ele>293.591545</ele>
        <time>2021-07-24T15:18:19.000Z</time>
      </trkpt>
      <trkpt lat="49.033650" lon="9.256976">
        <ele>293.725536</ele>
        <time>2021-07-24T15:18:20.000Z</time>
      </trkpt>
      <trkpt lat="49.033602" lon="9.257014">
        <ele>293.851786</ele>
        <time>2021-07-24T15:18:21.000Z</time>
      </trkpt>
      <trkpt lat="49.033559" lon="9.257039">
        <ele>293.959214</ele>
        <time>2021-07-24T15:18:22.000Z</time>
      </trkpt>
      <trkpt lat="49.033512" lon="9.257068">
        <ele>294.077573</ele>
        <time>2021-07-24T15:18:23.000Z</time>
      </trkpt>
      <trkpt lat="49.033480" lon="9.257083">
        <ele>294.155725</ele>
        <time>2021-07-24T15:18:24.000Z</time>
      </trkpt>
      <trkpt lat="49.033437" lon="9.257087">
        <ele>294.256294</ele>
        <time>2021-07-24T15:18:25.000Z</time>
      </trkpt>
      <trkpt lat="49.033399" lon="9.257091">
        <ele>294.345216</ele>
        <time>2021-07-24T15:18:26.000Z</time>
      </trkpt>
      <trkpt lat="49.033370" lon="9.257093">
        <ele>294.412985</ele>
        <time>2021-07-24T15:18:27.000Z</time>
      </trkpt>
      <trkpt lat="49.033334" lon="9.257085">
        <ele>294.497914</ele>
        <time>2021-07-24T15:18:28.000Z</time>
      </trkpt>
      <trkpt lat="49.033293" lon="9.257082">
        <ele>294.593738</ele>
        <time>2021-07-24T15:18:29.000Z</time>
      </trkpt>
      <trkpt lat="49.033245" lon="9.257072">
        <ele>294.706834</ele>
        <time>2021-07-24T15:18:30.000Z</time>
      </trkpt>
      <trkpt lat="49.033189" lon="9.257057">
        <ele>294.839566</ele>
        <time>2021-07-24T15:18:31.000Z</time>
      </trkpt>
      <trkpt lat="49.033145" lon="9.257055">
        <ele>294.942330</ele>
        <time>2021-07-24T15:18:32.000Z</time>
      </trkpt>
      <trkpt lat="49.033096" lon="9.257049">
        <ele>295.057088</ele>
        <time>2021-07-24T15:18:33.000Z</time>
      </trkpt>
      <trkpt lat="49.033077" lon="9.257042">
        <ele>295.102718</ele>
        <time>2021-07-24T15:18:34.000Z</time>
      </trkpt>
      <trkpt lat="49.033016" lon="9.257046">
        <ele>295.245254</ele>
        <time>2021-07-24T15:18:35.000Z</time>
      </trkpt>
      <trkpt lat="49.032971" lon="9.257043">
        <ele>295.350406</ele>
        <time>2021-07-24T15:18:36.000Z</time>
      </trkpt>
      <trkpt lat="49.032930" lon="9.257055">
        <ele>295.447867</ele>
        <time>2021-07-24T15:18:37.000Z</time>
      </trkpt>
      <trkpt lat="49.032877" lon="9.257061">
        <ele>295.571935</ele>
        <time>2021-07-24T15:18:38.000Z</time>
      </trkpt>
      <trkpt lat="49.032821" lon="9.257082">
        <ele>295.706559</ele>
        <time>2021-07-24T15:18:39.000Z</time>
      </trkpt>
      <trkpt lat="49.032779" lon="9.257102">
        <ele>295.809275</ele>
        <time>2021-07-24T15:18:40.000Z</time>
      </trkpt>
      <trkpt lat="49.032734" lon="9.257126">
        <ele>295.920564</ele>
        <time>2021-07-24T15:18:41.000Z</time>
      </trkpt>
      <trkpt lat="49.032700" lon="9.257136">
        <ele>296.001399</ele>
        <time>2021-07-24T15:18:42.000Z</time>
      </trkpt>
      <trkpt lat="49.032675" lon="9.257169">
        <ele>296.078583</ele>
        <time>2021-07-24T15:18:43.000Z</time>
      </trkpt>
      <trkpt lat="49.032638" lon="9.257205">
        <ele>296.181037</ele>
        <time>2021-07-24T15:18:44.000Z</time>
      </trkpt>
      <trkpt lat="49.032610" lon="9.257247">
        <ele>296.272716</ele>
        <time>2021-07-24T15:18:45.000Z</time>
      </trkpt>
      <trkpt lat="49.032577" lon="9.257288">
        <ele>296.372078</ele>
        <time>2021-07-24T15:18:46.000Z</time>
      </trkpt>
      <trkpt lat="49.032539" lon="9.257337">
        <ele>296.488242</ele>
        <time>2021-07-24T15:18:47.000Z</time>
      </trkpt>
      <trkpt lat="49.032507" lon="9.257374">
        <ele>296.581985</ele>
        <time>2021-07-24T15:18:48.000Z</time>
      </trkpt>
      <trkpt lat="49.032484" lon="9.257407">
        <ele>296.701949</ele>
        <time>2021-07-24T15:18:49.000Z</time>
      </trkpt>
      <trkpt lat="49.032466" lon="9.257440">
        <ele>296.818410</ele>
        <time>2021-07-24T15:18:50.000Z</time>
      </trkpt>
      <trkpt lat="49.032449" lon="9.257467">
        <ele>296.919968</ele>
        <time>2021-07-24T15:18:51.000Z</time>
      </trkpt>
      <trkpt lat="49.032420" lon="9.257500">
        <ele>297.069686</ele>
        <time>2021-07-24T15:18:52.000Z</time>
      </trkpt>
      <trkpt lat="49.032402" lon="9.257531">
        <ele>297.182029</ele>
        <time>2021-07-24T15:18:53.000Z</time>
      </trkpt>
      <trkpt lat="49.032368" lon="9.257575">
        <ele>297.366538</ele>
        <time>2021-07-24T15:18:54.000Z</time>
      </trkpt>
      <trkpt lat="49.032324" lon="9.257624">
        <ele>297.591975</ele>
        <time>2021-07-24T15:18:55.000Z</time>
      </trkpt>
      <trkpt lat="49.032293" lon="9.257670">
        <ele>297.770942</ele>
        <time>2021-07-24T15:18:56.000Z</time>
      </trkpt>
      <trkpt lat="49.032263" lon="9.257705">
        <ele>297.927233</ele>
        <time>2021-07-24T15:18:57.000Z</time>
      </trkpt>
      <trkpt lat="49.032222" lon="9.257757">
        <ele>298.147881</ele>
        <time>2021-07-24T15:18:58.000Z</time>
      </trkpt>
      <trkpt lat="49.032184" lon="9.257805">
        <ele>298.352046</ele>
        <time>2021-07-24T15:18:59.000Z</time>
      </trkpt>
      <trkpt lat="49.032152" lon="9.257842">
        <ele>298.518209</ele>
        <time>2021-07-24T15:19:00.000Z</time>
      </trkpt>
      <trkpt lat="49.032115" lon="9.257891">
        <ele>298.720973</ele>
        <time>2021-07-24T15:19:01.000Z</time>
      </trkpt>
      <trkpt lat="49.032075" lon="9.257922">
        <ele>298.906633</ele>
        <time>2021-07-24T15:19:02.000Z</time>
      </trkpt>
      <trkpt lat="49.032046" lon="9.257968">
        <ele>299.079765</ele>
        <time>2021-07-24T15:19:03.000Z</time>
      </trkpt>
      <trkpt lat="49.032009" lon="9.258006">
        <ele>299.264344</ele>
        <time>2021-07-24T15:19:04.000Z</time>
      </trkpt>
      <trkpt lat="49.031978" lon="9.258047">
        <ele>299.434132</ele>
        <time>2021-07-24T15:19:05.000Z</time>
      </trkpt>
      <trkpt lat="49.031978" lon="9.258047">
        <ele>299.434132</ele>
        <time>2021-07-24T15:19:06.000Z</time>
      </trkpt>
      <trkpt lat="49.031942" lon="9.258072">
        <ele>299.597812</ele>
        <time>2021-07-24T15:19:07.000Z</time>
      </trkpt>
      <trkpt lat="49.031906" lon="9.258125">
        <ele>299.804855</ele>
        <time>2021-07-24T15:19:08.000Z</time>
      </trkpt>
      <trkpt lat="49.031867" lon="9.258172">
        <ele>300.010531</ele>
        <time>2021-07-24T15:19:09.000Z</time>
      </trkpt>
      <trkpt lat="49.031833" lon="9.258211">
        <ele>300.186569</ele>
        <time>2021-07-24T15:19:10.000Z</time>
      </trkpt>
      <trkpt lat="49.031797" lon="9.258258">
        <ele>300.382656</ele>
        <time>2021-07-24T15:19:11.000Z</time>
      </trkpt>
      <trkpt lat="49.031771" lon="9.258300">
        <ele>300.539369</ele>
        <time>2021-07-24T15:19:12.000Z</time>
      </trkpt>
      <trkpt lat="49.031736" lon="9.258353">
        <ele>300.743454</ele>
        <time>2021-07-24T15:19:13.000Z</time>
      </trkpt>
      <trkpt lat="49.031715" lon="9.258391">
        <ele>300.878286</ele>
        <time>2021-07-24T15:19:14.000Z</time>
      </trkpt>
      <trkpt lat="49.031685" lon="9.258432">
        <ele>301.044970</ele>
        <time>2021-07-24T15:19:15.000Z</time>
      </trkpt>
      <trkpt lat="49.031652" lon="9.258483">
        <ele>301.239369</ele>
        <time>2021-07-24T15:19:16.000Z</time>
      </trkpt>
      <trkpt lat="49.031626" lon="9.258515">
        <ele>301.377616</ele>
        <time>2021-07-24T15:19:17.000Z</time>
      </trkpt>
      <trkpt lat="49.031592" lon="9.258560">
        <ele>301.563893</ele>
        <time>2021-07-24T15:19:18.000Z</time>
      </trkpt>
      <trkpt lat="49.031559" lon="9.258607">
        <ele>301.750724</ele>
        <time>2021-07-24T15:19:19.000Z</time>
      </trkpt>
      <trkpt lat="49.031533" lon="9.258645">
        <ele>301.899733</ele>
        <time>2021-07-24T15:19:20.000Z</time>
      </trkpt>
      <trkpt lat="49.031498" lon="9.258684">
        <ele>302.079095</ele>
        <time>2021-07-24T15:19:21.000Z</time>
      </trkpt>
      <trkpt lat="49.031484" lon="9.258736">
        <ele>302.231604</ele>
        <time>2021-07-24T15:19:22.000Z</time>
      </trkpt>
      <trkpt lat="49.031456" lon="9.258776">
        <ele>302.390352</ele>
        <time>2021-07-24T15:19:23.000Z</time>
      </trkpt>
      <trkpt lat="49.031413" lon="9.258814">
        <ele>302.595994</ele>
        <time>2021-07-24T15:19:24.000Z</time>
      </trkpt>
      <trkpt lat="49.031381" lon="9.258851">
        <ele>302.762158</ele>
        <time>2021-07-24T15:19:25.000Z</time>
      </trkpt>
      <trkpt lat="49.031339" lon="9.258898">
        <ele>302.977713</ele>
        <time>2021-07-24T15:19:26.000Z</time>
      </trkpt>
      <trkpt lat="49.031304" lon="9.258947">
        <ele>303.174304</ele>
        <time>2021-07-24T15:19:27.000Z</time>
      </trkpt>
      <trkpt lat="49.031278" lon="9.258984">
        <ele>303.321449</ele>
        <time>2021-07-24T15:19:28.000Z</time>
      </trkpt>
      <trkpt lat="49.031252" lon="9.259027">
        <ele>303.480146</ele>
        <time>2021-07-24T15:19:29.000Z</time>
      </trkpt>
      <trkpt lat="49.031212" lon="9.259069">
        <ele>303.681095</ele>
        <time>2021-07-24T15:19:30.000Z</time>
      </trkpt>
      <trkpt lat="49.031180" lon="9.259119">
        <ele>303.870661</ele>
        <time>2021-07-24T15:19:31.000Z</time>
      </trkpt>
      <trkpt lat="49.031151" lon="9.259166">
        <ele>304.042861</ele>
        <time>2021-07-24T15:19:32.000Z</time>
      </trkpt>
      <trkpt lat="49.031122" lon="9.259213">
        <ele>304.147493</ele>
        <time>2021-07-24T15:19:33.000Z</time>
      </trkpt>
      <trkpt lat="49.031096" lon="9.259260">
        <ele>304.247187</ele>
        <time>2021-07-24T15:19:34.000Z</time>
      </trkpt>
      <trkpt lat="49.031065" lon="9.259313">
        <ele>304.362332</ele>
        <time>2021-07-24T15:19:35.000Z</time>
      </trkpt>
      <trkpt lat="49.031055" lon="9.259371">
        <ele>304.459558</ele>
        <time>2021-07-24T15:19:36.000Z</time>
      </trkpt>
      <trkpt lat="49.031026" lon="9.259421">
        <ele>304.567783</ele>
        <time>2021-07-24T15:19:37.000Z</time>
      </trkpt>
      <trkpt lat="49.031015" lon="9.259466">
        <ele>304.645642</ele>
        <time>2021-07-24T15:19:38.000Z</time>
      </trkpt>
      <trkpt lat="49.030990" lon="9.259518">
        <ele>304.750179</ele>
        <time>2021-07-24T15:19:39.000Z</time>
      </trkpt>
      <trkpt lat="49.030967" lon="9.259570">
        <ele>304.851871</ele>
        <time>2021-07-24T15:19:40.000Z</time>
      </trkpt>
      <trkpt lat="49.030951" lon="9.259608">
        <ele>304.925086</ele>
        <time>2021-07-24T15:19:41.000Z</time>
      </trkpt>
      <trkpt lat="49.030926" lon="9.259647">
        <ele>305.013510</ele>
        <time>2021-07-24T15:19:42.000Z</time>
      </trkpt>
      <trkpt lat="49.030905" lon="9.259694">
        <ele>305.105718</ele>
        <time>2021-07-24T15:19:43.000Z</time>
      </trkpt>
      <trkpt lat="49.030887" lon="9.259744">
        <ele>305.198193</ele>
        <time>2021-07-24T15:19:44.000Z</time>
      </trkpt>
      <trkpt lat="49.030871" lon="9.259795">
        <ele>305.289852</ele>
        <time>2021-07-24T15:19:45.000Z</time>
      </trkpt>
      <trkpt lat="49.030857" lon="9.259847">
        <ele>305.380985</ele>
        <time>2021-07-24T15:19:46.000Z</time>
      </trkpt>
      <trkpt lat="49.030845" lon="9.259891">
        <ele>305.458243</ele>
        <time>2021-07-24T15:19:47.000Z</time>
      </trkpt>
      <trkpt lat="49.030840" lon="9.259932">
        <ele>305.525852</ele>
        <time>2021-07-24T15:19:48.000Z</time>
      </trkpt>
      <trkpt lat="49.030838" lon="9.259968">
        <ele>305.584425</ele>
        <time>2021-07-24T15:19:49.000Z</time>
      </trkpt>
      <trkpt lat="49.030837" lon="9.260001">
        <ele>305.637981</ele>
        <time>2021-07-24T15:19:50.000Z</time>
      </trkpt>
      <trkpt lat="49.030835" lon="9.260041">
        <ele>305.703018</ele>
        <time>2021-07-24T15:19:51.000Z</time>
      </trkpt>
      <trkpt lat="49.030835" lon="9.260079">
        <ele>305.764623</ele>
        <time>2021-07-24T15:19:52.000Z</time>
      </trkpt>
      <trkpt lat="49.030834" lon="9.260117">
        <ele>305.826279</ele>
        <time>2021-07-24T15:19:53.000Z</time>
      </trkpt>
      <trkpt lat="49.030829" lon="9.260156">
        <ele>305.890703</ele>
        <time>2021-07-24T15:19:54.000Z</time>
      </trkpt>
      <trkpt lat="49.030824" lon="9.260192">
        <ele>305.950361</ele>
        <time>2021-07-24T15:19:55.000Z</time>
      </trkpt>
      <trkpt lat="49.030819" lon="9.260230">
        <ele>306.013195</ele>
        <time>2021-07-24T15:19:56.000Z</time>
      </trkpt>
      <trkpt lat="49.030815" lon="9.260268">
        <ele>306.075590</ele>
        <time>2021-07-24T15:19:57.000Z</time>
      </trkpt>
      <trkpt lat="49.030811" lon="9.260303">
        <ele>306.133187</ele>
        <time>2021-07-24T15:19:58.000Z</time>
      </trkpt>
      <trkpt lat="49.030809" lon="9.260342">
        <ele>306.196607</ele>
        <time>2021-07-24T15:19:59.000Z</time>
      </trkpt>
      <trkpt lat="49.030808" lon="9.260388">
        <ele>306.271224</ele>
        <time>2021-07-24T15:20:00.000Z</time>
      </trkpt>
      <trkpt lat="49.030805" lon="9.260442">
        <ele>306.359082</ele>
        <time>2021-07-24T15:20:01.000Z</time>
      </trkpt>
      <trkpt lat="49.030800" lon="9.260495">
        <ele>306.445891</ele>
        <time>2021-07-24T15:20:02.000Z</time>
      </trkpt>
      <trkpt lat="49.030796" lon="9.260537">
        <ele>306.514696</ele>
        <time>2021-07-24T15:20:03.000Z</time>
      </trkpt>
      <trkpt lat="49.030789" lon="9.260583">
        <ele>306.591254</ele>
        <time>2021-07-24T15:20:04.000Z</time>
      </trkpt>
      <trkpt lat="49.030782" lon="9.260641">
        <ele>306.686863</ele>
        <time>2021-07-24T15:20:05.000Z</time>
      </trkpt>
      <trkpt lat="49.030779" lon="9.260689">
        <ele>306.765034</ele>
        <time>2021-07-24T15:20:06.000Z</time>
      </trkpt>
      <trkpt lat="49.030773" lon="9.260737">
        <ele>306.844253</ele>
        <time>2021-07-24T15:20:07.000Z</time>
      </trkpt>
      <trkpt lat="49.030769" lon="9.260792">
        <ele>306.933966</ele>
        <time>2021-07-24T15:20:08.000Z</time>
      </trkpt>
      <trkpt lat="49.030766" lon="9.260844">
        <ele>307.018595</ele>
        <time>2021-07-24T15:20:09.000Z</time>
      </trkpt>
      <trkpt lat="49.030764" lon="9.260893">
        <ele>307.098187</ele>
        <time>2021-07-24T15:20:10.000Z</time>
      </trkpt>
      <trkpt lat="49.030759" lon="9.260953">
        <ele>307.196242</ele>
        <time>2021-07-24T15:20:11.000Z</time>
      </trkpt>
      <trkpt lat="49.030752" lon="9.261017">
        <ele>307.301433</ele>
        <time>2021-07-24T15:20:12.000Z</time>
      </trkpt>
      <trkpt lat="49.030745" lon="9.261080">
        <ele>307.405025</ele>
        <time>2021-07-24T15:20:13.000Z</time>
      </trkpt>
      <trkpt lat="49.030737" lon="9.261145">
        <ele>307.512244</ele>
        <time>2021-07-24T15:20:14.000Z</time>
      </trkpt>
      <trkpt lat="49.030729" lon="9.261202">
        <ele>307.606746</ele>
        <time>2021-07-24T15:20:15.000Z</time>
      </trkpt>
      <trkpt lat="49.030719" lon="9.261277">
        <ele>307.730825</ele>
        <time>2021-07-24T15:20:16.000Z</time>
      </trkpt>
      <trkpt lat="49.030708" lon="9.261335">
        <ele>307.828710</ele>
        <time>2021-07-24T15:20:17.000Z</time>
      </trkpt>
      <trkpt lat="49.030698" lon="9.261386">
        <ele>307.915010</ele>
        <time>2021-07-24T15:20:18.000Z</time>
      </trkpt>
      <trkpt lat="49.030687" lon="9.261437">
        <ele>308.002050</ele>
        <time>2021-07-24T15:20:19.000Z</time>
      </trkpt>
      <trkpt lat="49.030679" lon="9.261491">
        <ele>308.091802</ele>
        <time>2021-07-24T15:20:20.000Z</time>
      </trkpt>
      <trkpt lat="49.030673" lon="9.261540">
        <ele>308.172615</ele>
        <time>2021-07-24T15:20:21.000Z</time>
      </trkpt>
      <trkpt lat="49.030654" lon="9.261572">
        <ele>308.242605</ele>
        <time>2021-07-24T15:20:22.000Z</time>
      </trkpt>
      <trkpt lat="49.030655" lon="9.261615">
        <ele>308.312360</ele>
        <time>2021-07-24T15:20:23.000Z</time>
      </trkpt>
      <trkpt lat="49.030641" lon="9.261645">
        <ele>308.372058</ele>
        <time>2021-07-24T15:20:24.000Z</time>
      </trkpt>
      <trkpt lat="49.030632" lon="9.261685">
        <ele>308.440619</ele>
        <time>2021-07-24T15:20:25.000Z</time>
      </trkpt>
      <trkpt lat="49.030647" lon="9.261701">
        <ele>308.485879</ele>
        <time>2021-07-24T15:20:26.000Z</time>
      </trkpt>
      <trkpt lat="49.030650" lon="9.261723">
        <ele>308.496687</ele>
        <time>2021-07-24T15:20:27.000Z</time>
      </trkpt>
      <trkpt lat="49.030644" lon="9.261748">
        <ele>308.509409</ele>
        <time>2021-07-24T15:20:28.000Z</time>
      </trkpt>
      <trkpt lat="49.030642" lon="9.261767">
        <ele>308.518605</ele>
        <time>2021-07-24T15:20:29.000Z</time>
      </trkpt>
      <trkpt lat="49.030639" lon="9.261784">
        <ele>308.527019</ele>
        <time>2021-07-24T15:20:30.000Z</time>
      </trkpt>
      <trkpt lat="49.030630" lon="9.261810">
        <ele>308.541069</ele>
        <time>2021-07-24T15:20:31.000Z</time>
      </trkpt>
      <trkpt lat="49.030612" lon="9.261848">
        <ele>308.563472</ele>
        <time>2021-07-24T15:20:32.000Z</time>
      </trkpt>
      <trkpt lat="49.030598" lon="9.261901">
        <ele>308.590778</ele>
        <time>2021-07-24T15:20:33.000Z</time>
      </trkpt>
      <trkpt lat="49.030590" lon="9.261963">
        <ele>308.620976</ele>
        <time>2021-07-24T15:20:34.000Z</time>
      </trkpt>
      <trkpt lat="49.030588" lon="9.262024">
        <ele>308.650163</ele>
        <time>2021-07-24T15:20:35.000Z</time>
      </trkpt>
      <trkpt lat="49.030584" lon="9.262089">
        <ele>308.681363</ele>
        <time>2021-07-24T15:20:36.000Z</time>
      </trkpt>
      <trkpt lat="49.030573" lon="9.262154">
        <ele>308.713443</ele>
        <time>2021-07-24T15:20:37.000Z</time>
      </trkpt>
      <trkpt lat="49.030558" lon="9.262216">
        <ele>308.745025</ele>
        <time>2021-07-24T15:20:38.000Z</time>
      </trkpt>
      <trkpt lat="49.030537" lon="9.262273">
        <ele>308.776271</ele>
        <time>2021-07-24T15:20:39.000Z</time>
      </trkpt>
      <trkpt lat="49.030517" lon="9.262330">
        <ele>308.807166</ele>
        <time>2021-07-24T15:20:40.000Z</time>
      </trkpt>
      <trkpt lat="49.030497" lon="9.262391">
        <ele>308.839759</ele>
        <time>2021-07-24T15:20:41.000Z</time>
      </trkpt>
      <trkpt lat="49.030480" lon="9.262453">
        <ele>308.871874</ele>
        <time>2021-07-24T15:20:42.000Z</time>
      </trkpt>
      <trkpt lat="49.030467" lon="9.262509">
        <ele>308.900264</ele>
        <time>2021-07-24T15:20:43.000Z</time>
      </trkpt>
      <trkpt lat="49.030456" lon="9.262564">
        <ele>308.927744</ele>
        <time>2021-07-24T15:20:44.000Z</time>
      </trkpt>
      <trkpt lat="49.030445" lon="9.262625">
        <ele>308.957977</ele>
        <time>2021-07-24T15:20:45.000Z</time>
      </trkpt>
      <trkpt lat="49.030415" lon="9.262702">
        <ele>309.000781</ele>
        <time>2021-07-24T15:20:46.000Z</time>
      </trkpt>
      <trkpt lat="49.030396" lon="9.262768">
        <ele>309.035228</ele>
        <time>2021-07-24T15:20:47.000Z</time>
      </trkpt>
      <trkpt lat="49.030387" lon="9.262836">
        <ele>309.068380</ele>
        <time>2021-07-24T15:20:48.000Z</time>
      </trkpt>
      <trkpt lat="49.030368" lon="9.262893">
        <ele>309.098938</ele>
        <time>2021-07-24T15:20:49.000Z</time>
      </trkpt>
      <trkpt lat="49.030353" lon="9.262954">
        <ele>309.130072</ele>
        <time>2021-07-24T15:20:50.000Z</time>
      </trkpt>
      <trkpt lat="49.030339" lon="9.263019">
        <ele>309.162768</ele>
        <time>2021-07-24T15:20:51.000Z</time>
      </trkpt>
      <trkpt lat="49.030323" lon="9.263075">
        <ele>309.191961</ele>
        <time>2021-07-24T15:20:52.000Z</time>
      </trkpt>
      <trkpt lat="49.030306" lon="9.263137">
        <ele>309.224077</ele>
        <time>2021-07-24T15:20:53.000Z</time>
      </trkpt>
      <trkpt lat="49.030293" lon="9.263198">
        <ele>309.254729</ele>
        <time>2021-07-24T15:20:54.000Z</time>
      </trkpt>
      <trkpt lat="49.030275" lon="9.263248">
        <ele>309.281989</ele>
        <time>2021-07-24T15:20:55.000Z</time>
      </trkpt>
      <trkpt lat="49.030260" lon="9.263297">
        <ele>309.307832</ele>
        <time>2021-07-24T15:20:56.000Z</time>
      </trkpt>
      <trkpt lat="49.030244" lon="9.263337">
        <ele>309.330224</ele>
        <time>2021-07-24T15:20:57.000Z</time>
      </trkpt>
      <trkpt lat="49.030244" lon="9.263369">
        <ele>309.345516</ele>
        <time>2021-07-24T15:20:58.000Z</time>
      </trkpt>
      <trkpt lat="49.030235" lon="9.263397">
        <ele>309.360419</ele>
        <time>2021-07-24T15:20:59.000Z</time>
      </trkpt>
      <trkpt lat="49.030223" lon="9.263422">
        <ele>309.375226</ele>
        <time>2021-07-24T15:21:00.000Z</time>
      </trkpt>
      <trkpt lat="49.030216" lon="9.263444">
        <ele>309.386912</ele>
        <time>2021-07-24T15:21:01.000Z</time>
      </trkpt>
      <trkpt lat="49.030212" lon="9.263464">
        <ele>309.396904</ele>
        <time>2021-07-24T15:21:02.000Z</time>
      </trkpt>
      <trkpt lat="49.030209" lon="9.263480">
        <ele>309.404857</ele>
        <time>2021-07-24T15:21:03.000Z</time>
      </trkpt>
      <trkpt lat="49.030202" lon="9.263497">
        <ele>309.414451</ele>
        <time>2021-07-24T15:21:04.000Z</time>
      </trkpt>
      <trkpt lat="49.030188" lon="9.263514">
        <ele>309.427494</ele>
        <time>2021-07-24T15:21:05.000Z</time>
      </trkpt>
      <trkpt lat="49.030167" lon="9.263525">
        <ele>309.443678</ele>
        <time>2021-07-24T15:21:06.000Z</time>
      </trkpt>
      <trkpt lat="49.030147" lon="9.263525">
        <ele>309.458255</ele>
        <time>2021-07-24T15:21:07.000Z</time>
      </trkpt>
      <trkpt lat="49.030133" lon="9.263515">
        <ele>309.469523</ele>
        <time>2021-07-24T15:21:08.000Z</time>
      </trkpt>
      <trkpt lat="49.030126" lon="9.263506">
        <ele>309.476196</ele>
        <time>2021-07-24T15:21:09.000Z</time>
      </trkpt>
      <trkpt lat="49.030122" lon="9.263503">
        <ele>309.479445</ele>
        <time>2021-07-24T15:21:10.000Z</time>
      </trkpt>
      <trkpt lat="49.030121" lon="9.263502">
        <ele>309.480316</ele>
        <time>2021-07-24T15:21:11.000Z</time>
      </trkpt>
      <trkpt lat="49.030125" lon="9.263502">
        <ele>309.483232</ele>
        <time>2021-07-24T15:21:12.000Z</time>
      </trkpt>
      <trkpt lat="49.030124" lon="9.263504">
        <ele>309.484434</ele>
        <time>2021-07-24T15:21:13.000Z</time>
      </trkpt>
      <trkpt lat="49.030125" lon="9.263507">
        <ele>309.486042</ele>
        <time>2021-07-24T15:21:14.000Z</time>
      </trkpt>
      <trkpt lat="49.030127" lon="9.263508">
        <ele>309.487576</ele>
        <time>2021-07-24T15:21:15.000Z</time>
      </trkpt>
      <trkpt lat="49.030128" lon="9.263508">
        <ele>309.488305</ele>
        <time>2021-07-24T15:21:16.000Z</time>
      </trkpt>
      <trkpt lat="49.030130" lon="9.263510">
        <ele>309.490048</ele>
        <time>2021-07-24T15:21:17.000Z</time>
      </trkpt>
      <trkpt lat="49.030130" lon="9.263513">
        <ele>309.491482</ele>
        <time>2021-07-24T15:21:18.000Z</time>
      </trkpt>
      <trkpt lat="49.030130" lon="9.263515">
        <ele>309.492438</ele>
        <time>2021-07-24T15:21:19.000Z</time>
      </trkpt>
      <trkpt lat="49.030131" lon="9.263516">
        <ele>309.493309</ele>
        <time>2021-07-24T15:21:20.000Z</time>
      </trkpt>
      <trkpt lat="49.030131" lon="9.263518">
        <ele>309.494265</ele>
        <time>2021-07-24T15:21:21.000Z</time>
      </trkpt>
      <trkpt lat="49.030132" lon="9.263519">
        <ele>309.495137</ele>
        <time>2021-07-24T15:21:22.000Z</time>
      </trkpt>
      <trkpt lat="49.030133" lon="9.263519">
        <ele>309.495866</ele>
        <time>2021-07-24T15:21:23.000Z</time>
      </trkpt>
      <trkpt lat="49.030134" lon="9.263519">
        <ele>309.496594</ele>
        <time>2021-07-24T15:21:24.000Z</time>
      </trkpt>
      <trkpt lat="49.030135" lon="9.263519">
        <ele>309.497323</ele>
        <time>2021-07-24T15:21:25.000Z</time>
      </trkpt>
      <trkpt lat="49.030136" lon="9.263519">
        <ele>309.498052</ele>
        <time>2021-07-24T15:21:26.000Z</time>
      </trkpt>
      <trkpt lat="49.030136" lon="9.263521">
        <ele>309.499008</ele>
        <time>2021-07-24T15:21:27.000Z</time>
      </trkpt>
      <trkpt lat="49.030137" lon="9.263523">
        <ele>309.500210</ele>
        <time>2021-07-24T15:21:28.000Z</time>
      </trkpt>
      <trkpt lat="49.030137" lon="9.263524">
        <ele>309.500688</ele>
        <time>2021-07-24T15:21:29.000Z</time>
      </trkpt>
      <trkpt lat="49.030137" lon="9.263527">
        <ele>309.502121</ele>
        <time>2021-07-24T15:21:30.000Z</time>
      </trkpt>
      <trkpt lat="49.030136" lon="9.263527">
        <ele>309.502850</ele>
        <time>2021-07-24T15:21:31.000Z</time>
      </trkpt>
      <trkpt lat="49.030136" lon="9.263527">
        <ele>309.502850</ele>
        <time>2021-07-24T15:21:32.000Z</time>
      </trkpt>
      <trkpt lat="49.030136" lon="9.263526">
        <ele>309.503328</ele>
        <time>2021-07-24T15:21:33.000Z</time>
      </trkpt>
      <trkpt lat="49.030136" lon="9.263525">
        <ele>309.503806</ele>
        <time>2021-07-24T15:21:34.000Z</time>
      </trkpt>
      <trkpt lat="49.030137" lon="9.263524">
        <ele>309.504678</ele>
        <time>2021-07-24T15:21:35.000Z</time>
      </trkpt>
      <trkpt lat="49.030136" lon="9.263524">
        <ele>309.505407</ele>
        <time>2021-07-24T15:21:36.000Z</time>
      </trkpt>
      <trkpt lat="49.030136" lon="9.263524">
        <ele>309.505407</ele>
        <time>2021-07-24T15:21:37.000Z</time>
      </trkpt>
      <trkpt lat="49.030136" lon="9.263524">
        <ele>309.505407</ele>
        <time>2021-07-24T15:21:38.000Z</time>
      </trkpt>
      <trkpt lat="49.030136" lon="9.263524">
        <ele>309.505407</ele>
        <time>2021-07-24T15:21:39.000Z</time>
      </trkpt>
      <trkpt lat="49.030136" lon="9.263524">
        <ele>309.505407</ele>
        <time>2021-07-24T15:21:40.000Z</time>
      </trkpt>
      <trkpt lat="49.030136" lon="9.263524">
        <ele>309.505407</ele>
        <time>2021-07-24T15:21:41.000Z</time>
      </trkpt>
      <trkpt lat="49.030136" lon="9.263524">
        <ele>309.505407</ele>
        <time>2021-07-24T15:21:42.000Z</time>
      </trkpt>
      <trkpt lat="49.030136" lon="9.263524">
        <ele>309.505407</ele>
        <time>2021-07-24T15:21:46.000Z</time>
      </trkpt>
      <trkpt lat="49.030136" lon="9.263524">
        <ele>309.505407</ele>
        <time>2021-07-24T15:21:47.000Z</time>
      </trkpt>
      <trkpt lat="49.030136" lon="9.263524">
        <ele>309.505407</ele>
        <time>2021-07-24T15:21:49.000Z</time>
      </trkpt>
      <trkpt lat="49.030136" lon="9.263524">
        <ele>309.505407</ele>
        <time>2021-07-24T15:21:55.000Z</time>
      </trkpt>
      <trkpt lat="49.030136" lon="9.263524">
        <ele>309.505407</ele>
        <time>2021-07-24T15:21:57.000Z</time>
      </trkpt>
      <trkpt lat="49.030136" lon="9.263524">
        <ele>309.505407</ele>
        <time>2021-07-24T15:22:02.000Z</time>
      </trkpt>
      <trkpt lat="49.030136" lon="9.263524">
        <ele>309.505407</ele>
        <time>2021-07-24T15:22:07.000Z</time>
      </trkpt>
      <trkpt lat="49.030136" lon="9.263524">
        <ele>309.505407</ele>
        <time>2021-07-24T15:22:11.000Z</time>
      </trkpt>
      <trkpt lat="49.030136" lon="9.263524">
        <ele>309.505407</ele>
        <time>2021-07-24T15:22:18.000Z</time>
      </trkpt>
      <trkpt lat="49.030136" lon="9.263524">
        <ele>309.505407</ele>
        <time>2021-07-24T15:22:19.000Z</time>
      </trkpt>
      <trkpt lat="49.030136" lon="9.263524">
        <ele>309.505407</ele>
        <time>2021-07-24T15:22:20.000Z</time>
      </trkpt>
      <trkpt lat="49.030136" lon="9.263524">
        <ele>309.505407</ele>
        <time>2021-07-24T15:22:22.000Z</time>
      </trkpt>
      <trkpt lat="49.030136" lon="9.263524">
        <ele>309.505407</ele>
        <time>2021-07-24T15:22:25.000Z</time>
      </trkpt>
      <trkpt lat="49.030136" lon="9.263524">
        <ele>309.505407</ele>
        <time>2021-07-24T15:22:27.000Z</time>
      </trkpt>
      <trkpt lat="49.030136" lon="9.263524">
        <ele>309.505407</ele>
        <time>2021-07-24T15:22:29.000Z</time>
      </trkpt>
      <trkpt lat="49.030136" lon="9.263524">
        <ele>309.505407</ele>
        <time>2021-07-24T15:22:38.000Z</time>
      </trkpt>
      <trkpt lat="49.030136" lon="9.263524">
        <ele>309.505407</ele>
        <time>2021-07-24T15:22:43.000Z</time>
      </trkpt>
      <trkpt lat="49.030136" lon="9.263524">
        <ele>309.505407</ele>
        <time>2021-07-24T15:23:03.000Z</time>
      </trkpt>
      <trkpt lat="49.030136" lon="9.263524">
        <ele>309.505407</ele>
        <time>2021-07-24T15:23:07.000Z</time>
      </trkpt>
      <trkpt lat="49.030136" lon="9.263524">
        <ele>309.505407</ele>
        <time>2021-07-24T15:23:10.000Z</time>
      </trkpt>
      <trkpt lat="49.030136" lon="9.263524">
        <ele>309.505407</ele>
        <time>2021-07-24T15:23:12.000Z</time>
      </trkpt>
      <trkpt lat="49.030136" lon="9.263524">
        <ele>309.505407</ele>
        <time>2021-07-24T15:23:15.000Z</time>
      </trkpt>
      <trkpt lat="49.030135" lon="9.263524">
        <ele>309.506135</ele>
        <time>2021-07-24T15:23:18.000Z</time>
      </trkpt>
      <trkpt lat="49.030135" lon="9.263524">
        <ele>309.506135</ele>
        <time>2021-07-24T15:23:19.000Z</time>
      </trkpt>
      <trkpt lat="49.030135" lon="9.263524">
        <ele>309.506135</ele>
        <time>2021-07-24T15:23:21.000Z</time>
      </trkpt>
      <trkpt lat="49.030135" lon="9.263524">
        <ele>309.506135</ele>
        <time>2021-07-24T15:23:25.000Z</time>
      </trkpt>
      <trkpt lat="49.030135" lon="9.263524">
        <ele>309.506135</ele>
        <time>2021-07-24T15:23:27.000Z</time>
      </trkpt>
      <trkpt lat="49.030135" lon="9.263524">
        <ele>309.506135</ele>
        <time>2021-07-24T15:23:33.000Z</time>
      </trkpt>
      <trkpt lat="49.030135" lon="9.263524">
        <ele>309.506135</ele>
        <time>2021-07-24T15:23:39.000Z</time>
      </trkpt>
      <trkpt lat="49.030135" lon="9.263524">
        <ele>309.506135</ele>
        <time>2021-07-24T15:23:44.000Z</time>
      </trkpt>
      <trkpt lat="49.030135" lon="9.263524">
        <ele>309.506135</ele>
        <time>2021-07-24T15:23:45.000Z</time>
      </trkpt>
      <trkpt lat="49.030135" lon="9.263524">
        <ele>309.506135</ele>
        <time>2021-07-24T15:23:48.000Z</time>
      </trkpt>
      <trkpt lat="49.030135" lon="9.263524">
        <ele>309.506135</ele>
        <time>2021-07-24T15:23:53.000Z</time>
      </trkpt>
      <trkpt lat="49.030135" lon="9.263524">
        <ele>309.506135</ele>
        <time>2021-07-24T15:23:58.000Z</time>
      </trkpt>
      <trkpt lat="49.030135" lon="9.263524">
        <ele>309.506135</ele>
        <time>2021-07-24T15:24:03.000Z</time>
      </trkpt>
      <trkpt lat="49.030135" lon="9.263524">
        <ele>309.506135</ele>
        <time>2021-07-24T15:24:04.000Z</time>
      </trkpt>
      <trkpt lat="49.030135" lon="9.263524">
        <ele>309.506135</ele>
        <time>2021-07-24T15:24:07.000Z</time>
      </trkpt>
      <trkpt lat="49.030135" lon="9.263524">
        <ele>309.506135</ele>
        <time>2021-07-24T15:24:10.000Z</time>
      </trkpt>
      <trkpt lat="49.030135" lon="9.263524">
        <ele>309.506135</ele>
        <time>2021-07-24T15:24:13.000Z</time>
      </trkpt>
      <trkpt lat="49.030135" lon="9.263524">
        <ele>309.506135</ele>
        <time>2021-07-24T15:24:17.000Z</time>
      </trkpt>
      <trkpt lat="49.030135" lon="9.263524">
        <ele>309.506135</ele>
        <time>2021-07-24T15:24:18.000Z</time>
      </trkpt>
      <trkpt lat="49.030135" lon="9.263524">
        <ele>309.506135</ele>
        <time>2021-07-24T15:24:21.000Z</time>
      </trkpt>
      <trkpt lat="49.030135" lon="9.263524">
        <ele>309.506135</ele>
        <time>2021-07-24T15:24:26.000Z</time>
      </trkpt>
      <trkpt lat="49.030135" lon="9.263524">
        <ele>309.506135</ele>
        <time>2021-07-24T15:24:34.000Z</time>
      </trkpt>
      <trkpt lat="49.030135" lon="9.263524">
        <ele>309.506135</ele>
        <time>2021-07-24T15:24:35.000Z</time>
      </trkpt>
      <trkpt lat="49.030135" lon="9.263524">
        <ele>309.506135</ele>
        <time>2021-07-24T15:24:49.000Z</time>
      </trkpt>
      <trkpt lat="49.030135" lon="9.263524">
        <ele>309.506135</ele>
        <time>2021-07-24T15:24:58.000Z</time>
      </trkpt>
      <trkpt lat="49.030135" lon="9.263524">
        <ele>309.506135</ele>
        <time>2021-07-24T15:25:04.000Z</time>
      </trkpt>
      <trkpt lat="49.030135" lon="9.263524">
        <ele>309.506135</ele>
        <time>2021-07-24T15:25:12.000Z</time>
      </trkpt>
      <trkpt lat="49.030135" lon="9.263524">
        <ele>309.506135</ele>
        <time>2021-07-24T15:25:17.000Z</time>
      </trkpt>
      <trkpt lat="49.030135" lon="9.263524">
        <ele>309.506135</ele>
        <time>2021-07-24T15:25:24.000Z</time>
      </trkpt>
      <trkpt lat="49.030135" lon="9.263524">
        <ele>309.506135</ele>
        <time>2021-07-24T15:25:27.000Z</time>
      </trkpt>
      <trkpt lat="49.030135" lon="9.263524">
        <ele>309.506135</ele>
        <time>2021-07-24T15:25:35.000Z</time>
      </trkpt>
      <trkpt lat="49.030135" lon="9.263524">
        <ele>309.506135</ele>
        <time>2021-07-24T15:25:38.000Z</time>
      </trkpt>
      <trkpt lat="49.030135" lon="9.263525">
        <ele>309.506613</ele>
        <time>2021-07-24T15:25:41.000Z</time>
      </trkpt>
      <trkpt lat="49.030135" lon="9.263525">
        <ele>309.506613</ele>
        <time>2021-07-24T15:25:42.000Z</time>
      </trkpt>
      <trkpt lat="49.030135" lon="9.263525">
        <ele>309.506613</ele>
        <time>2021-07-24T15:25:43.000Z</time>
      </trkpt>
      <trkpt lat="49.030134" lon="9.263525">
        <ele>309.507342</ele>
        <time>2021-07-24T15:25:45.000Z</time>
      </trkpt>
      <trkpt lat="49.030134" lon="9.263525">
        <ele>309.507342</ele>
        <time>2021-07-24T15:25:46.000Z</time>
      </trkpt>
      <trkpt lat="49.030134" lon="9.263525">
        <ele>309.507342</ele>
        <time>2021-07-24T15:25:57.000Z</time>
      </trkpt>
      <trkpt lat="49.030134" lon="9.263525">
        <ele>309.507342</ele>
        <time>2021-07-24T15:26:02.000Z</time>
      </trkpt>
      <trkpt lat="49.030134" lon="9.263525">
        <ele>309.507342</ele>
        <time>2021-07-24T15:26:03.000Z</time>
      </trkpt>
      <trkpt lat="49.030134" lon="9.263525">
        <ele>309.507342</ele>
        <time>2021-07-24T15:26:17.000Z</time>
      </trkpt>
      <trkpt lat="49.030134" lon="9.263525">
        <ele>309.507342</ele>
        <time>2021-07-24T15:26:18.000Z</time>
      </trkpt>
      <trkpt lat="49.030134" lon="9.263525">
        <ele>309.507342</ele>
        <time>2021-07-24T15:26:32.000Z</time>
      </trkpt>
      <trkpt lat="49.030134" lon="9.263525">
        <ele>309.507342</ele>
        <time>2021-07-24T15:26:33.000Z</time>
      </trkpt>
      <trkpt lat="49.030134" lon="9.263525">
        <ele>309.507342</ele>
        <time>2021-07-24T15:26:47.000Z</time>
      </trkpt>
      <trkpt lat="49.030134" lon="9.263525">
        <ele>309.507342</ele>
        <time>2021-07-24T15:26:53.000Z</time>
      </trkpt>
      <trkpt lat="49.030134" lon="9.263525">
        <ele>309.507342</ele>
        <time>2021-07-24T15:26:55.000Z</time>
      </trkpt>
      <trkpt lat="49.030134" lon="9.263525">
        <ele>309.507342</ele>
        <time>2021-07-24T15:27:02.000Z</time>
      </trkpt>
      <trkpt lat="49.030134" lon="9.263525">
        <ele>309.507342</ele>
        <time>2021-07-24T15:27:07.000Z</time>
      </trkpt>
      <trkpt lat="49.030134" lon="9.263525">
        <ele>309.507342</ele>
        <time>2021-07-24T15:27:10.000Z</time>
      </trkpt>
      <trkpt lat="49.030134" lon="9.263525">
        <ele>309.507342</ele>
        <time>2021-07-24T15:27:13.000Z</time>
      </trkpt>
      <trkpt lat="49.030134" lon="9.263525">
        <ele>309.507342</ele>
        <time>2021-07-24T15:27:16.000Z</time>
      </trkpt>
      <trkpt lat="49.030134" lon="9.263525">
        <ele>309.507342</ele>
        <time>2021-07-24T15:27:19.000Z</time>
      </trkpt>
      <trkpt lat="49.030134" lon="9.263526">
        <ele>309.507820</ele>
        <time>2021-07-24T15:27:22.000Z</time>
      </trkpt>
      <trkpt lat="49.030134" lon="9.263526">
        <ele>309.507820</ele>
        <time>2021-07-24T15:27:23.000Z</time>
      </trkpt>
      <trkpt lat="49.030134" lon="9.263526">
        <ele>309.507820</ele>
        <time>2021-07-24T15:27:26.000Z</time>
      </trkpt>
      <trkpt lat="49.030134" lon="9.263526">
        <ele>309.507820</ele>
        <time>2021-07-24T15:27:34.000Z</time>
      </trkpt>
      <trkpt lat="49.030134" lon="9.263526">
        <ele>309.507820</ele>
        <time>2021-07-24T15:27:41.000Z</time>
      </trkpt>
      <trkpt lat="49.030134" lon="9.263526">
        <ele>309.507820</ele>
        <time>2021-07-24T15:27:46.000Z</time>
      </trkpt>
      <trkpt lat="49.030134" lon="9.263526">
        <ele>309.507820</ele>
        <time>2021-07-24T15:27:53.000Z</time>
      </trkpt>
      <trkpt lat="49.030134" lon="9.263526">
        <ele>309.507820</ele>
        <time>2021-07-24T15:27:55.000Z</time>
      </trkpt>
      <trkpt lat="49.030134" lon="9.263526">
        <ele>309.507820</ele>
        <time>2021-07-24T15:27:56.000Z</time>
      </trkpt>
      <trkpt lat="49.030130" lon="9.263524">
        <ele>309.510888</ele>
        <time>2021-07-24T15:27:58.000Z</time>
      </trkpt>
      <trkpt lat="49.030121" lon="9.263528">
        <ele>309.517721</ele>
        <time>2021-07-24T15:27:59.000Z</time>
      </trkpt>
      <trkpt lat="49.030111" lon="9.263549">
        <ele>309.530124</ele>
        <time>2021-07-24T15:28:00.000Z</time>
      </trkpt>
      <trkpt lat="49.030110" lon="9.263580">
        <ele>309.544957</ele>
        <time>2021-07-24T15:28:01.000Z</time>
      </trkpt>
      <trkpt lat="49.030118" lon="9.263609">
        <ele>309.559992</ele>
        <time>2021-07-24T15:28:02.000Z</time>
      </trkpt>
      <trkpt lat="49.030126" lon="9.263632">
        <ele>309.572435</ele>
        <time>2021-07-24T15:28:03.000Z</time>
      </trkpt>
      <trkpt lat="49.030133" lon="9.263651">
        <ele>309.582850</ele>
        <time>2021-07-24T15:28:04.000Z</time>
      </trkpt>
      <trkpt lat="49.030138" lon="9.263669">
        <ele>309.592192</ele>
        <time>2021-07-24T15:28:05.000Z</time>
      </trkpt>
      <trkpt lat="49.030144" lon="9.263693">
        <ele>309.604467</ele>
        <time>2021-07-24T15:28:06.000Z</time>
      </trkpt>
      <trkpt lat="49.030150" lon="9.263722">
        <ele>309.619000</ele>
        <time>2021-07-24T15:28:07.000Z</time>
      </trkpt>
      <trkpt lat="49.030158" lon="9.263756">
        <ele>309.636263</ele>
        <time>2021-07-24T15:28:08.000Z</time>
      </trkpt>
      <trkpt lat="49.030162" lon="9.263787">
        <ele>309.651361</ele>
        <time>2021-07-24T15:28:09.000Z</time>
      </trkpt>
      <trkpt lat="49.030164" lon="9.263815">
        <ele>309.664822</ele>
        <time>2021-07-24T15:28:10.000Z</time>
      </trkpt>
      <trkpt lat="49.030165" lon="9.263842">
        <ele>309.677745</ele>
        <time>2021-07-24T15:28:11.000Z</time>
      </trkpt>
      <trkpt lat="49.030165" lon="9.263865">
        <ele>309.688737</ele>
        <time>2021-07-24T15:28:12.000Z</time>
      </trkpt>
      <trkpt lat="49.030167" lon="9.263888">
        <ele>309.699824</ele>
        <time>2021-07-24T15:28:13.000Z</time>
      </trkpt>
      <trkpt lat="49.030170" lon="9.263916">
        <ele>309.713383</ele>
        <time>2021-07-24T15:28:14.000Z</time>
      </trkpt>
      <trkpt lat="49.030172" lon="9.263943">
        <ele>309.726368</ele>
        <time>2021-07-24T15:28:15.000Z</time>
      </trkpt>
      <trkpt lat="49.030171" lon="9.263968">
        <ele>309.738338</ele>
        <time>2021-07-24T15:28:16.000Z</time>
      </trkpt>
      <trkpt lat="49.030169" lon="9.264000">
        <ele>309.753699</ele>
        <time>2021-07-24T15:28:17.000Z</time>
      </trkpt>
      <trkpt lat="49.030167" lon="9.264031">
        <ele>309.768586</ele>
        <time>2021-07-24T15:28:18.000Z</time>
      </trkpt>
      <trkpt lat="49.030168" lon="9.264058">
        <ele>309.781509</ele>
        <time>2021-07-24T15:28:19.000Z</time>
      </trkpt>
      <trkpt lat="49.030167" lon="9.264084">
        <ele>309.793956</ele>
        <time>2021-07-24T15:28:20.000Z</time>
      </trkpt>
      <trkpt lat="49.030163" lon="9.264114">
        <ele>309.819239</ele>
        <time>2021-07-24T15:28:21.000Z</time>
      </trkpt>
      <trkpt lat="49.030158" lon="9.264144">
        <ele>309.847580</ele>
        <time>2021-07-24T15:28:22.000Z</time>
      </trkpt>
      <trkpt lat="49.030156" lon="9.264173">
        <ele>309.874278</ele>
        <time>2021-07-24T15:28:23.000Z</time>
      </trkpt>
      <trkpt lat="49.030156" lon="9.264204">
        <ele>309.902661</ele>
        <time>2021-07-24T15:28:24.000Z</time>
      </trkpt>
      <trkpt lat="49.030154" lon="9.264235">
        <ele>309.931181</ele>
        <time>2021-07-24T15:28:25.000Z</time>
      </trkpt>
      <trkpt lat="49.030148" lon="9.264267">
        <ele>309.961654</ele>
        <time>2021-07-24T15:28:26.000Z</time>
      </trkpt>
      <trkpt lat="49.030140" lon="9.264298">
        <ele>309.992156</ele>
        <time>2021-07-24T15:28:27.000Z</time>
      </trkpt>
      <trkpt lat="49.030131" lon="9.264333">
        <ele>310.026578</ele>
        <time>2021-07-24T15:28:28.000Z</time>
      </trkpt>
      <trkpt lat="49.030124" lon="9.264366">
        <ele>310.058334</ele>
        <time>2021-07-24T15:28:29.000Z</time>
      </trkpt>
      <trkpt lat="49.030119" lon="9.264396">
        <ele>310.086675</ele>
        <time>2021-07-24T15:28:30.000Z</time>
      </trkpt>
      <trkpt lat="49.030118" lon="9.264422">
        <ele>310.110521</ele>
        <time>2021-07-24T15:28:31.000Z</time>
      </trkpt>
      <trkpt lat="49.030119" lon="9.264448">
        <ele>310.134367</ele>
        <time>2021-07-24T15:28:32.000Z</time>
      </trkpt>
      <trkpt lat="49.030120" lon="9.264475">
        <ele>310.159127</ele>
        <time>2021-07-24T15:28:33.000Z</time>
      </trkpt>
      <trkpt lat="49.030120" lon="9.264502">
        <ele>310.183847</ele>
        <time>2021-07-24T15:28:34.000Z</time>
      </trkpt>
      <trkpt lat="49.030121" lon="9.264521">
        <ele>310.201299</ele>
        <time>2021-07-24T15:28:35.000Z</time>
      </trkpt>
      <trkpt lat="49.030122" lon="9.264527">
        <ele>310.206967</ele>
        <time>2021-07-24T15:28:36.000Z</time>
      </trkpt>
      <trkpt lat="49.030125" lon="9.264526">
        <ele>310.211256</ele>
        <time>2021-07-24T15:28:37.000Z</time>
      </trkpt>
      <trkpt lat="49.030125" lon="9.264524">
        <ele>310.213087</ele>
        <time>2021-07-24T15:28:38.000Z</time>
      </trkpt>
      <trkpt lat="49.030125" lon="9.264524">
        <ele>310.213087</ele>
        <time>2021-07-24T15:28:39.000Z</time>
      </trkpt>
      <trkpt lat="49.030125" lon="9.264523">
        <ele>310.214002</ele>
        <time>2021-07-24T15:28:40.000Z</time>
      </trkpt>
      <trkpt lat="49.030123" lon="9.264522">
        <ele>310.216941</ele>
        <time>2021-07-24T15:28:41.000Z</time>
      </trkpt>
      <trkpt lat="49.030123" lon="9.264521">
        <ele>310.217857</ele>
        <time>2021-07-24T15:28:42.000Z</time>
      </trkpt>
      <trkpt lat="49.030122" lon="9.264521">
        <ele>310.219253</ele>
        <time>2021-07-24T15:28:43.000Z</time>
      </trkpt>
      <trkpt lat="49.030123" lon="9.264520">
        <ele>310.220923</ele>
        <time>2021-07-24T15:28:44.000Z</time>
      </trkpt>
      <trkpt lat="49.030123" lon="9.264519">
        <ele>310.221839</ele>
        <time>2021-07-24T15:28:45.000Z</time>
      </trkpt>
      <trkpt lat="49.030120" lon="9.264535">
        <ele>310.237075</ele>
        <time>2021-07-24T15:28:46.000Z</time>
      </trkpt>
      <trkpt lat="49.030121" lon="9.264556">
        <ele>310.256353</ele>
        <time>2021-07-24T15:28:47.000Z</time>
      </trkpt>
      <trkpt lat="49.030120" lon="9.264574">
        <ele>310.272893</ele>
        <time>2021-07-24T15:28:48.000Z</time>
      </trkpt>
      <trkpt lat="49.030119" lon="9.264590">
        <ele>310.287608</ele>
        <time>2021-07-24T15:28:49.000Z</time>
      </trkpt>
      <trkpt lat="49.030115" lon="9.264605">
        <ele>310.302434</ele>
        <time>2021-07-24T15:28:50.000Z</time>
      </trkpt>
      <trkpt lat="49.030110" lon="9.264622">
        <ele>310.319494</ele>
        <time>2021-07-24T15:28:51.000Z</time>
      </trkpt>
      <trkpt lat="49.030102" lon="9.264647">
        <ele>310.344964</ele>
        <time>2021-07-24T15:28:52.000Z</time>
      </trkpt>
      <trkpt lat="49.030092" lon="9.264676">
        <ele>310.374964</ele>
        <time>2021-07-24T15:28:53.000Z</time>
      </trkpt>
      <trkpt lat="49.030082" lon="9.264712">
        <ele>310.410760</ele>
        <time>2021-07-24T15:28:54.000Z</time>
      </trkpt>
      <trkpt lat="49.030075" lon="9.264756">
        <ele>310.452215</ele>
        <time>2021-07-24T15:28:55.000Z</time>
      </trkpt>
      <trkpt lat="49.030070" lon="9.264803">
        <ele>310.495810</ele>
        <time>2021-07-24T15:28:56.000Z</time>
      </trkpt>
      <trkpt lat="49.030064" lon="9.264851">
        <ele>310.540549</ele>
        <time>2021-07-24T15:28:57.000Z</time>
      </trkpt>
      <trkpt lat="49.030057" lon="9.264902">
        <ele>310.588256</ele>
        <time>2021-07-24T15:28:58.000Z</time>
      </trkpt>
      <trkpt lat="49.030046" lon="9.264949">
        <ele>310.633948</ele>
        <time>2021-07-24T15:28:59.000Z</time>
      </trkpt>
      <trkpt lat="49.030027" lon="9.264988">
        <ele>310.678433</ele>
        <time>2021-07-24T15:29:00.000Z</time>
      </trkpt>
      <trkpt lat="49.030007" lon="9.265027">
        <ele>310.723766</ele>
        <time>2021-07-24T15:29:01.000Z</time>
      </trkpt>
      <trkpt lat="49.029992" lon="9.265065">
        <ele>310.764377</ele>
        <time>2021-07-24T15:29:02.000Z</time>
      </trkpt>
      <trkpt lat="49.029984" lon="9.265107">
        <ele>310.804421</ele>
        <time>2021-07-24T15:29:03.000Z</time>
      </trkpt>
      <trkpt lat="49.029980" lon="9.265154">
        <ele>310.847814</ele>
        <time>2021-07-24T15:29:04.000Z</time>
      </trkpt>
      <trkpt lat="49.029976" lon="9.265201">
        <ele>310.891207</ele>
        <time>2021-07-24T15:29:05.000Z</time>
      </trkpt>
      <trkpt lat="49.029974" lon="9.265244">
        <ele>310.930676</ele>
        <time>2021-07-24T15:29:06.000Z</time>
      </trkpt>
      <trkpt lat="49.029976" lon="9.265288">
        <ele>310.971059</ele>
        <time>2021-07-24T15:29:07.000Z</time>
      </trkpt>
      <trkpt lat="49.029980" lon="9.265329">
        <ele>311.009011</ele>
        <time>2021-07-24T15:29:08.000Z</time>
      </trkpt>
      <trkpt lat="49.029988" lon="9.265371">
        <ele>311.049055</ele>
        <time>2021-07-24T15:29:09.000Z</time>
      </trkpt>
      <trkpt lat="49.029997" lon="9.265414">
        <ele>311.090382</ele>
        <time>2021-07-24T15:29:10.000Z</time>
      </trkpt>
      <trkpt lat="49.030007" lon="9.265451">
        <ele>311.127024</ele>
        <time>2021-07-24T15:29:11.000Z</time>
      </trkpt>
      <trkpt lat="49.030019" lon="9.265485">
        <ele>311.162377</ele>
        <time>2021-07-24T15:29:12.000Z</time>
      </trkpt>
      <trkpt lat="49.030028" lon="9.265515">
        <ele>311.192583</ele>
        <time>2021-07-24T15:29:13.000Z</time>
      </trkpt>
      <trkpt lat="49.030033" lon="9.265532">
        <ele>311.209643</ele>
        <time>2021-07-24T15:29:14.000Z</time>
      </trkpt>
      <trkpt lat="49.030035" lon="9.265550">
        <ele>311.226358</ele>
        <time>2021-07-24T15:29:15.000Z</time>
      </trkpt>
      <trkpt lat="49.030035" lon="9.265577">
        <ele>311.251079</ele>
        <time>2021-07-24T15:29:16.000Z</time>
      </trkpt>
      <trkpt lat="49.030035" lon="9.265608">
        <ele>311.279462</ele>
        <time>2021-07-24T15:29:17.000Z</time>
      </trkpt>
      <trkpt lat="49.030037" lon="9.265641">
        <ele>311.309805</ele>
        <time>2021-07-24T15:29:18.000Z</time>
      </trkpt>
      <trkpt lat="49.030039" lon="9.265668">
        <ele>311.334683</ele>
        <time>2021-07-24T15:29:19.000Z</time>
      </trkpt>
      <trkpt lat="49.030042" lon="9.265693">
        <ele>311.357952</ele>
        <time>2021-07-24T15:29:20.000Z</time>
      </trkpt>
      <trkpt lat="49.030048" lon="9.265724">
        <ele>311.387546</ele>
        <time>2021-07-24T15:29:21.000Z</time>
      </trkpt>
      <trkpt lat="49.030057" lon="9.265757">
        <ele>311.420270</ele>
        <time>2021-07-24T15:29:22.000Z</time>
      </trkpt>
      <trkpt lat="49.030070" lon="9.265792">
        <ele>311.457100</ele>
        <time>2021-07-24T15:29:23.000Z</time>
      </trkpt>
      <trkpt lat="49.030087" lon="9.265832">
        <ele>311.500744</ele>
        <time>2021-07-24T15:29:24.000Z</time>
      </trkpt>
      <trkpt lat="49.030105" lon="9.265874">
        <ele>311.546684</ele>
        <time>2021-07-24T15:29:25.000Z</time>
      </trkpt>
      <trkpt lat="49.030120" lon="9.265918">
        <ele>311.592090</ele>
        <time>2021-07-24T15:29:26.000Z</time>
      </trkpt>
      <trkpt lat="49.030134" lon="9.265964">
        <ele>311.638523</ele>
        <time>2021-07-24T15:29:27.000Z</time>
      </trkpt>
      <trkpt lat="49.030150" lon="9.266009">
        <ele>311.685392</ele>
        <time>2021-07-24T15:29:28.000Z</time>
      </trkpt>
      <trkpt lat="49.030168" lon="9.266054">
        <ele>311.733655</ele>
        <time>2021-07-24T15:29:29.000Z</time>
      </trkpt>
      <trkpt lat="49.030185" lon="9.266102">
        <ele>311.783604</ele>
        <time>2021-07-24T15:29:30.000Z</time>
      </trkpt>
      <trkpt lat="49.030201" lon="9.266151">
        <ele>311.833723</ele>
        <time>2021-07-24T15:29:31.000Z</time>
      </trkpt>
      <trkpt lat="49.030213" lon="9.266202">
        <ele>311.883333</ele>
        <time>2021-07-24T15:29:32.000Z</time>
      </trkpt>
      <trkpt lat="49.030227" lon="9.266250">
        <ele>311.931433</ele>
        <time>2021-07-24T15:29:33.000Z</time>
      </trkpt>
      <trkpt lat="49.030239" lon="9.266298">
        <ele>311.978467</ele>
        <time>2021-07-24T15:29:34.000Z</time>
      </trkpt>
      <trkpt lat="49.030252" lon="9.266355">
        <ele>312.033722</ele>
        <time>2021-07-24T15:29:35.000Z</time>
      </trkpt>
      <trkpt lat="49.030265" lon="9.266412">
        <ele>312.088977</ele>
        <time>2021-07-24T15:29:36.000Z</time>
      </trkpt>
      <trkpt lat="49.030277" lon="9.266466">
        <ele>312.141181</ele>
        <time>2021-07-24T15:29:37.000Z</time>
      </trkpt>
      <trkpt lat="49.030290" lon="9.266522">
        <ele>312.195572</ele>
        <time>2021-07-24T15:29:38.000Z</time>
      </trkpt>
      <trkpt lat="49.030303" lon="9.266580">
        <ele>312.251693</ele>
        <time>2021-07-24T15:29:39.000Z</time>
      </trkpt>
      <trkpt lat="49.030313" lon="9.266640">
        <ele>312.308374</ele>
        <time>2021-07-24T15:29:40.000Z</time>
      </trkpt>
      <trkpt lat="49.030322" lon="9.266696">
        <ele>312.218321</ele>
        <time>2021-07-24T15:29:41.000Z</time>
      </trkpt>
      <trkpt lat="49.030329" lon="9.266757">
        <ele>312.120902</ele>
        <time>2021-07-24T15:29:42.000Z</time>
      </trkpt>
      <trkpt lat="49.030336" lon="9.266822">
        <ele>312.017279</ele>
        <time>2021-07-24T15:29:43.000Z</time>
      </trkpt>
      <trkpt lat="49.030340" lon="9.266881">
        <ele>311.923970</ele>
        <time>2021-07-24T15:29:44.000Z</time>
      </trkpt>
      <trkpt lat="49.030344" lon="9.266939">
        <ele>311.832225</ele>
        <time>2021-07-24T15:29:45.000Z</time>
      </trkpt>
      <trkpt lat="49.030345" lon="9.266996">
        <ele>311.742525</ele>
        <time>2021-07-24T15:29:46.000Z</time>
      </trkpt>
      <trkpt lat="49.030345" lon="9.267048">
        <ele>311.660723</ele>
        <time>2021-07-24T15:29:47.000Z</time>
      </trkpt>
      <trkpt lat="49.030345" lon="9.267103">
        <ele>311.574201</ele>
        <time>2021-07-24T15:29:48.000Z</time>
      </trkpt>
      <trkpt lat="49.030345" lon="9.267163">
        <ele>311.479814</ele>
        <time>2021-07-24T15:29:49.000Z</time>
      </trkpt>
      <trkpt lat="49.030345" lon="9.267225">
        <ele>311.382280</ele>
        <time>2021-07-24T15:29:50.000Z</time>
      </trkpt>
      <trkpt lat="49.030343" lon="9.267292">
        <ele>311.276772</ele>
        <time>2021-07-24T15:29:51.000Z</time>
      </trkpt>
      <trkpt lat="49.030332" lon="9.267386">
        <ele>311.126562</ele>
        <time>2021-07-24T15:29:52.000Z</time>
      </trkpt>
      <trkpt lat="49.030336" lon="9.267466">
        <ele>311.000347</ele>
        <time>2021-07-24T15:29:53.000Z</time>
      </trkpt>
      <trkpt lat="49.030338" lon="9.267547">
        <ele>310.872834</ele>
        <time>2021-07-24T15:29:54.000Z</time>
      </trkpt>
      <trkpt lat="49.030337" lon="9.267619">
        <ele>310.759543</ele>
        <time>2021-07-24T15:29:55.000Z</time>
      </trkpt>
      <trkpt lat="49.030352" lon="9.267697">
        <ele>310.631671</ele>
        <time>2021-07-24T15:29:56.000Z</time>
      </trkpt>
      <trkpt lat="49.030347" lon="9.267772">
        <ele>310.513078</ele>
        <time>2021-07-24T15:29:57.000Z</time>
      </trkpt>
      <trkpt lat="49.030353" lon="9.267856">
        <ele>310.380154</ele>
        <time>2021-07-24T15:29:58.000Z</time>
      </trkpt>
      <trkpt lat="49.030353" lon="9.267944">
        <ele>310.241720</ele>
        <time>2021-07-24T15:29:59.000Z</time>
      </trkpt>
      <trkpt lat="49.030357" lon="9.268032">
        <ele>310.102953</ele>
        <time>2021-07-24T15:30:00.000Z</time>
      </trkpt>
      <trkpt lat="49.030361" lon="9.268116">
        <ele>309.970463</ele>
        <time>2021-07-24T15:30:01.000Z</time>
      </trkpt>
      <trkpt lat="49.030352" lon="9.268200">
        <ele>309.836568</ele>
        <time>2021-07-24T15:30:02.000Z</time>
      </trkpt>
      <trkpt lat="49.030337" lon="9.268282">
        <ele>309.702645</ele>
        <time>2021-07-24T15:30:03.000Z</time>
      </trkpt>
      <trkpt lat="49.030329" lon="9.268347">
        <ele>309.598607</ele>
        <time>2021-07-24T15:30:04.000Z</time>
      </trkpt>
      <trkpt lat="49.030300" lon="9.268453">
        <ele>309.417921</ele>
        <time>2021-07-24T15:30:05.000Z</time>
      </trkpt>
      <trkpt lat="49.030279" lon="9.268539">
        <ele>309.273555</ele>
        <time>2021-07-24T15:30:06.000Z</time>
      </trkpt>
      <trkpt lat="49.030249" lon="9.268618">
        <ele>309.129938</ele>
        <time>2021-07-24T15:30:07.000Z</time>
      </trkpt>
      <trkpt lat="49.030215" lon="9.268711">
        <ele>308.962431</ele>
        <time>2021-07-24T15:30:08.000Z</time>
      </trkpt>
      <trkpt lat="49.030177" lon="9.268790">
        <ele>308.808297</ele>
        <time>2021-07-24T15:30:09.000Z</time>
      </trkpt>
      <trkpt lat="49.030145" lon="9.268861">
        <ele>308.672762</ele>
        <time>2021-07-24T15:30:10.000Z</time>
      </trkpt>
      <trkpt lat="49.030124" lon="9.268934">
        <ele>308.547356</ele>
        <time>2021-07-24T15:30:11.000Z</time>
      </trkpt>
      <trkpt lat="49.030101" lon="9.269003">
        <ele>308.425588</ele>
        <time>2021-07-24T15:30:12.000Z</time>
      </trkpt>
      <trkpt lat="49.030089" lon="9.269068">
        <ele>308.319359</ele>
        <time>2021-07-24T15:30:13.000Z</time>
      </trkpt>
      <trkpt lat="49.030079" lon="9.269133">
        <ele>308.214328</ele>
        <time>2021-07-24T15:30:14.000Z</time>
      </trkpt>
      <trkpt lat="49.030066" lon="9.269189">
        <ele>308.120874</ele>
        <time>2021-07-24T15:30:15.000Z</time>
      </trkpt>
      <trkpt lat="49.030051" lon="9.269236">
        <ele>308.038643</ele>
        <time>2021-07-24T15:30:16.000Z</time>
      </trkpt>
      <trkpt lat="49.030047" lon="9.269272">
        <ele>308.017710</ele>
        <time>2021-07-24T15:30:17.000Z</time>
      </trkpt>
      <trkpt lat="49.030038" lon="9.269308">
        <ele>308.142565</ele>
        <time>2021-07-24T15:30:18.000Z</time>
      </trkpt>
      <trkpt lat="49.030036" lon="9.269338">
        <ele>308.240284</ele>
        <time>2021-07-24T15:30:19.000Z</time>
      </trkpt>
      <trkpt lat="49.030032" lon="9.269362">
        <ele>308.320533</ele>
        <time>2021-07-24T15:30:20.000Z</time>
      </trkpt>
      <trkpt lat="49.030030" lon="9.269389">
        <ele>308.408586</ele>
        <time>2021-07-24T15:30:21.000Z</time>
      </trkpt>
      <trkpt lat="49.030026" lon="9.269425">
        <ele>308.526911</ele>
        <time>2021-07-24T15:30:22.000Z</time>
      </trkpt>
      <trkpt lat="49.030025" lon="9.269474">
        <ele>308.685778</ele>
        <time>2021-07-24T15:30:23.000Z</time>
      </trkpt>
      <trkpt lat="49.030019" lon="9.269525">
        <ele>308.853689</ele>
        <time>2021-07-24T15:30:24.000Z</time>
      </trkpt>
      <trkpt lat="49.030007" lon="9.269572">
        <ele>309.017139</ele>
        <time>2021-07-24T15:30:25.000Z</time>
      </trkpt>
      <trkpt lat="49.029990" lon="9.269612">
        <ele>309.171613</ele>
        <time>2021-07-24T15:30:26.000Z</time>
      </trkpt>
      <trkpt lat="49.029967" lon="9.269643">
        <ele>309.323319</ele>
        <time>2021-07-24T15:30:27.000Z</time>
      </trkpt>
      <trkpt lat="49.029941" lon="9.269671">
        <ele>309.480630</ele>
        <time>2021-07-24T15:30:28.000Z</time>
      </trkpt>
      <trkpt lat="49.029915" lon="9.269699">
        <ele>309.637941</ele>
        <time>2021-07-24T15:30:29.000Z</time>
      </trkpt>
      <trkpt lat="49.029891" lon="9.269722">
        <ele>309.778034</ele>
        <time>2021-07-24T15:30:30.000Z</time>
      </trkpt>
      <trkpt lat="49.029867" lon="9.269743">
        <ele>309.914789</ele>
        <time>2021-07-24T15:30:31.000Z</time>
      </trkpt>
      <trkpt lat="49.029842" lon="9.269763">
        <ele>310.054318</ele>
        <time>2021-07-24T15:30:32.000Z</time>
      </trkpt>
      <trkpt lat="49.029817" lon="9.269782">
        <ele>310.192372</ele>
        <time>2021-07-24T15:30:33.000Z</time>
      </trkpt>
      <trkpt lat="49.029793" lon="9.269801">
        <ele>310.326020</ele>
        <time>2021-07-24T15:30:34.000Z</time>
      </trkpt>
      <trkpt lat="49.029767" lon="9.269823">
        <ele>310.472977</ele>
        <time>2021-07-24T15:30:35.000Z</time>
      </trkpt>
      <trkpt lat="49.029742" lon="9.269846">
        <ele>310.617279</ele>
        <time>2021-07-24T15:30:36.000Z</time>
      </trkpt>
      <trkpt lat="49.029719" lon="9.269871">
        <ele>310.756872</ele>
        <time>2021-07-24T15:30:37.000Z</time>
      </trkpt>
      <trkpt lat="49.029697" lon="9.269901">
        <ele>310.902731</ele>
        <time>2021-07-24T15:30:38.000Z</time>
      </trkpt>
      <trkpt lat="49.029675" lon="9.269932">
        <ele>311.050769</ele>
        <time>2021-07-24T15:30:39.000Z</time>
      </trkpt>
      <trkpt lat="49.029653" lon="9.269966">
        <ele>311.205570</ele>
        <time>2021-07-24T15:30:40.000Z</time>
      </trkpt>
      <trkpt lat="49.029630" lon="9.270000">
        <ele>311.363882</ele>
        <time>2021-07-24T15:30:41.000Z</time>
      </trkpt>
      <trkpt lat="49.029609" lon="9.270030">
        <ele>311.506095</ele>
        <time>2021-07-24T15:30:42.000Z</time>
      </trkpt>
      <trkpt lat="49.029586" lon="9.270062">
        <ele>311.659966</ele>
        <time>2021-07-24T15:30:43.000Z</time>
      </trkpt>
      <trkpt lat="49.029566" lon="9.270094">
        <ele>311.803232</ele>
        <time>2021-07-24T15:30:44.000Z</time>
      </trkpt>
      <trkpt lat="49.029547" lon="9.270124">
        <ele>311.938399</ele>
        <time>2021-07-24T15:30:45.000Z</time>
      </trkpt>
      <trkpt lat="49.029527" lon="9.270156">
        <ele>312.081665</ele>
        <time>2021-07-24T15:30:46.000Z</time>
      </trkpt>
      <trkpt lat="49.029506" lon="9.270186">
        <ele>312.223878</ele>
        <time>2021-07-24T15:30:47.000Z</time>
      </trkpt>
      <trkpt lat="49.029483" lon="9.270215">
        <ele>312.371373</ele>
        <time>2021-07-24T15:30:48.000Z</time>
      </trkpt>
      <trkpt lat="49.029460" lon="9.270242">
        <ele>312.514824</ele>
        <time>2021-07-24T15:30:49.000Z</time>
      </trkpt>
      <trkpt lat="49.029437" lon="9.270271">
        <ele>312.662319</ele>
        <time>2021-07-24T15:30:50.000Z</time>
      </trkpt>
      <trkpt lat="49.029415" lon="9.270306">
        <ele>312.819443</ele>
        <time>2021-07-24T15:30:51.000Z</time>
      </trkpt>
      <trkpt lat="49.029399" lon="9.270344">
        <ele>312.965793</ele>
        <time>2021-07-24T15:30:52.000Z</time>
      </trkpt>
      <trkpt lat="49.029389" lon="9.270392">
        <ele>313.129008</ele>
        <time>2021-07-24T15:30:53.000Z</time>
      </trkpt>
      <trkpt lat="49.029387" lon="9.270446">
        <ele>313.304283</ele>
        <time>2021-07-24T15:30:54.000Z</time>
      </trkpt>
      <trkpt lat="49.029392" lon="9.270494">
        <ele>313.461785</ele>
        <time>2021-07-24T15:30:55.000Z</time>
      </trkpt>
      <trkpt lat="49.029399" lon="9.270536">
        <ele>313.602221</ele>
        <time>2021-07-24T15:30:56.000Z</time>
      </trkpt>
      <trkpt lat="49.029406" lon="9.270578">
        <ele>313.742657</ele>
        <time>2021-07-24T15:30:57.000Z</time>
      </trkpt>
      <trkpt lat="49.029413" lon="9.270614">
        <ele>313.864343</ele>
        <time>2021-07-24T15:30:58.000Z</time>
      </trkpt>
      <trkpt lat="49.029421" lon="9.270653">
        <ele>313.996769</ele>
        <time>2021-07-24T15:30:59.000Z</time>
      </trkpt>
      <trkpt lat="49.029428" lon="9.270695">
        <ele>314.137205</ele>
        <time>2021-07-24T15:31:00.000Z</time>
      </trkpt>
      <trkpt lat="49.029433" lon="9.270731">
        <ele>314.256457</ele>
        <time>2021-07-24T15:31:01.000Z</time>
      </trkpt>
      <trkpt lat="49.029440" lon="9.270769">
        <ele>314.384370</ele>
        <time>2021-07-24T15:31:02.000Z</time>
      </trkpt>
      <trkpt lat="49.029447" lon="9.270804">
        <ele>314.502952</ele>
        <time>2021-07-24T15:31:03.000Z</time>
      </trkpt>
      <trkpt lat="49.029456" lon="9.270844">
        <ele>314.639998</ele>
        <time>2021-07-24T15:31:04.000Z</time>
      </trkpt>
      <trkpt lat="49.029460" lon="9.270890">
        <ele>314.790373</ele>
        <time>2021-07-24T15:31:05.000Z</time>
      </trkpt>
      <trkpt lat="49.029460" lon="9.270934">
        <ele>314.932962</ele>
        <time>2021-07-24T15:31:06.000Z</time>
      </trkpt>
      <trkpt lat="49.029459" lon="9.270976">
        <ele>315.069159</ele>
        <time>2021-07-24T15:31:07.000Z</time>
      </trkpt>
      <trkpt lat="49.029460" lon="9.271020">
        <ele>315.211833</ele>
        <time>2021-07-24T15:31:08.000Z</time>
      </trkpt>
      <trkpt lat="49.029462" lon="9.271064">
        <ele>315.354764</ele>
        <time>2021-07-24T15:31:09.000Z</time>
      </trkpt>
      <trkpt lat="49.029465" lon="9.271105">
        <ele>315.488456</ele>
        <time>2021-07-24T15:31:10.000Z</time>
      </trkpt>
      <trkpt lat="49.029468" lon="9.271149">
        <ele>315.631813</ele>
        <time>2021-07-24T15:31:11.000Z</time>
      </trkpt>
      <trkpt lat="49.029468" lon="9.271193">
        <ele>315.774402</ele>
        <time>2021-07-24T15:31:12.000Z</time>
      </trkpt>
      <trkpt lat="49.029466" lon="9.271234">
        <ele>315.907636</ele>
        <time>2021-07-24T15:31:13.000Z</time>
      </trkpt>
      <trkpt lat="49.029462" lon="9.271272">
        <ele>316.032358</ele>
        <time>2021-07-24T15:31:14.000Z</time>
      </trkpt>
      <trkpt lat="49.029459" lon="9.271315">
        <ele>316.172492</ele>
        <time>2021-07-24T15:31:15.000Z</time>
      </trkpt>
      <trkpt lat="49.029457" lon="9.271357">
        <ele>316.308958</ele>
        <time>2021-07-24T15:31:16.000Z</time>
      </trkpt>
      <trkpt lat="49.029455" lon="9.271398">
        <ele>316.442192</ele>
        <time>2021-07-24T15:31:17.000Z</time>
      </trkpt>
      <trkpt lat="49.029452" lon="9.271442">
        <ele>316.585550</ele>
        <time>2021-07-24T15:31:18.000Z</time>
      </trkpt>
      <trkpt lat="49.029449" lon="9.271484">
        <ele>316.722463</ele>
        <time>2021-07-24T15:31:19.000Z</time>
      </trkpt>
      <trkpt lat="49.029446" lon="9.271524">
        <ele>316.852934</ele>
        <time>2021-07-24T15:31:20.000Z</time>
      </trkpt>
      <trkpt lat="49.029443" lon="9.271568">
        <ele>317.072448</ele>
        <time>2021-07-24T15:31:21.000Z</time>
      </trkpt>
      <trkpt lat="49.029439" lon="9.271610">
        <ele>317.302376</ele>
        <time>2021-07-24T15:31:22.000Z</time>
      </trkpt>
      <trkpt lat="49.029435" lon="9.271652">
        <ele>317.532305</ele>
        <time>2021-07-24T15:31:23.000Z</time>
      </trkpt>
      <trkpt lat="49.029429" lon="9.271696">
        <ele>317.775781</ele>
        <time>2021-07-24T15:31:24.000Z</time>
      </trkpt>
      <trkpt lat="49.029423" lon="9.271733">
        <ele>317.982273</ele>
        <time>2021-07-24T15:31:25.000Z</time>
      </trkpt>
      <trkpt lat="49.029418" lon="9.271773">
        <ele>318.202882</ele>
        <time>2021-07-24T15:31:26.000Z</time>
      </trkpt>
      <trkpt lat="49.029413" lon="9.271814">
        <ele>318.428814</ele>
        <time>2021-07-24T15:31:27.000Z</time>
      </trkpt>
      <trkpt lat="49.029411" lon="9.271852">
        <ele>318.635347</ele>
        <time>2021-07-24T15:31:28.000Z</time>
      </trkpt>
      <trkpt lat="49.029410" lon="9.271890">
        <ele>318.841383</ele>
        <time>2021-07-24T15:31:29.000Z</time>
      </trkpt>
      <trkpt lat="49.029406" lon="9.271931">
        <ele>319.065951</ele>
        <time>2021-07-24T15:31:30.000Z</time>
      </trkpt>
      <trkpt lat="49.029400" lon="9.271964">
        <ele>319.251480</ele>
        <time>2021-07-24T15:31:31.000Z</time>
      </trkpt>
      <trkpt lat="49.029390" lon="9.271997">
        <ele>319.448432</ele>
        <time>2021-07-24T15:31:32.000Z</time>
      </trkpt>
      <trkpt lat="49.029379" lon="9.272040">
        <ele>319.698493</ele>
        <time>2021-07-24T15:31:33.000Z</time>
      </trkpt>
      <trkpt lat="49.029371" lon="9.272082">
        <ele>319.935441</ele>
        <time>2021-07-24T15:31:34.000Z</time>
      </trkpt>
      <trkpt lat="49.029366" lon="9.272114">
        <ele>320.113661</ele>
        <time>2021-07-24T15:31:35.000Z</time>
      </trkpt>
      <trkpt lat="49.029361" lon="9.272151">
        <ele>320.318326</ele>
        <time>2021-07-24T15:31:36.000Z</time>
      </trkpt>
      <trkpt lat="49.029355" lon="9.272193">
        <ele>320.551206</ele>
        <time>2021-07-24T15:31:37.000Z</time>
      </trkpt>
      <trkpt lat="49.029351" lon="9.272230">
        <ele>320.754365</ele>
        <time>2021-07-24T15:31:38.000Z</time>
      </trkpt>
      <trkpt lat="49.029346" lon="9.272262">
        <ele>320.932584</ele>
        <time>2021-07-24T15:31:39.000Z</time>
      </trkpt>
      <trkpt lat="49.029339" lon="9.272292">
        <ele>321.105098</ele>
        <time>2021-07-24T15:31:40.000Z</time>
      </trkpt>
      <trkpt lat="49.029332" lon="9.272320">
        <ele>321.267445</ele>
        <time>2021-07-24T15:31:41.000Z</time>
      </trkpt>
      <trkpt lat="49.029322" lon="9.272345">
        <ele>321.426100</ele>
        <time>2021-07-24T15:31:42.000Z</time>
      </trkpt>
      <trkpt lat="49.029307" lon="9.272365">
        <ele>321.590726</ele>
        <time>2021-07-24T15:31:43.000Z</time>
      </trkpt>
      <trkpt lat="49.029288" lon="9.272377">
        <ele>321.760647</ele>
        <time>2021-07-24T15:31:44.000Z</time>
      </trkpt>
      <trkpt lat="49.029268" lon="9.272383">
        <ele>321.929068</ele>
        <time>2021-07-24T15:31:45.000Z</time>
      </trkpt>
      <trkpt lat="49.029245" lon="9.272386">
        <ele>322.119805</ele>
        <time>2021-07-24T15:31:46.000Z</time>
      </trkpt>
      <trkpt lat="49.029223" lon="9.272388">
        <ele>322.301907</ele>
        <time>2021-07-24T15:31:47.000Z</time>
      </trkpt>
      <trkpt lat="49.029198" lon="9.272388">
        <ele>322.508476</ele>
        <time>2021-07-24T15:31:48.000Z</time>
      </trkpt>
      <trkpt lat="49.029173" lon="9.272388">
        <ele>322.715044</ele>
        <time>2021-07-24T15:31:49.000Z</time>
      </trkpt>
      <trkpt lat="49.029151" lon="9.272391">
        <ele>322.897549</ele>
        <time>2021-07-24T15:31:50.000Z</time>
      </trkpt>
      <trkpt lat="49.029128" lon="9.272399">
        <ele>323.092471</ele>
        <time>2021-07-24T15:31:51.000Z</time>
      </trkpt>
      <trkpt lat="49.029107" lon="9.272410">
        <ele>323.275937</ele>
        <time>2021-07-24T15:31:52.000Z</time>
      </trkpt>
      <trkpt lat="49.029087" lon="9.272428">
        <ele>323.467820</ele>
        <time>2021-07-24T15:31:53.000Z</time>
      </trkpt>
      <trkpt lat="49.029070" lon="9.272453">
        <ele>323.662949</ele>
        <time>2021-07-24T15:31:54.000Z</time>
      </trkpt>
      <trkpt lat="49.029056" lon="9.272487">
        <ele>323.880461</ele>
        <time>2021-07-24T15:31:55.000Z</time>
      </trkpt>
      <trkpt lat="49.029049" lon="9.272528">
        <ele>324.109992</ele>
        <time>2021-07-24T15:31:56.000Z</time>
      </trkpt>
      <trkpt lat="49.029047" lon="9.272570">
        <ele>324.338134</ele>
        <time>2021-07-24T15:31:57.000Z</time>
      </trkpt>
      <trkpt lat="49.029047" lon="9.272611">
        <ele>324.560259</ele>
        <time>2021-07-24T15:31:58.000Z</time>
      </trkpt>
      <trkpt lat="49.029045" lon="9.272651">
        <ele>324.777595</ele>
        <time>2021-07-24T15:31:59.000Z</time>
      </trkpt>
      <trkpt lat="49.029037" lon="9.272690">
        <ele>324.998983</ele>
        <time>2021-07-24T15:32:00.000Z</time>
      </trkpt>
      <trkpt lat="49.029026" lon="9.272729">
        <ele>325.228992</ele>
        <time>2021-07-24T15:32:01.000Z</time>
      </trkpt>
      <trkpt lat="49.029014" lon="9.272766">
        <ele>325.452628</ele>
        <time>2021-07-24T15:32:02.000Z</time>
      </trkpt>
      <trkpt lat="49.029005" lon="9.272804">
        <ele>325.671519</ele>
        <time>2021-07-24T15:32:03.000Z</time>
      </trkpt>
      <trkpt lat="49.028996" lon="9.272842">
        <ele>325.890410</ele>
        <time>2021-07-24T15:32:04.000Z</time>
      </trkpt>
      <trkpt lat="49.028989" lon="9.272880">
        <ele>326.104253</ele>
        <time>2021-07-24T15:32:05.000Z</time>
      </trkpt>
      <trkpt lat="49.028979" lon="9.272918">
        <ele>326.326087</ele>
        <time>2021-07-24T15:32:06.000Z</time>
      </trkpt>
      <trkpt lat="49.028968" lon="9.272955">
        <ele>326.546185</ele>
        <time>2021-07-24T15:32:07.000Z</time>
      </trkpt>
      <trkpt lat="49.028956" lon="9.272992">
        <ele>326.769821</ele>
        <time>2021-07-24T15:32:08.000Z</time>
      </trkpt>
      <trkpt lat="49.028944" lon="9.273031">
        <ele>327.003219</ele>
        <time>2021-07-24T15:32:09.000Z</time>
      </trkpt>
      <trkpt lat="49.028934" lon="9.273070">
        <ele>327.230091</ele>
        <time>2021-07-24T15:32:10.000Z</time>
      </trkpt>
      <trkpt lat="49.028925" lon="9.273111">
        <ele>327.464334</ele>
        <time>2021-07-24T15:32:11.000Z</time>
      </trkpt>
      <trkpt lat="49.028916" lon="9.273152">
        <ele>327.698577</ele>
        <time>2021-07-24T15:32:12.000Z</time>
      </trkpt>
      <trkpt lat="49.028908" lon="9.273193">
        <ele>327.930329</ele>
        <time>2021-07-24T15:32:13.000Z</time>
      </trkpt>
      <trkpt lat="49.028899" lon="9.273236">
        <ele>328.174871</ele>
        <time>2021-07-24T15:32:14.000Z</time>
      </trkpt>
      <trkpt lat="49.028889" lon="9.273278">
        <ele>328.416952</ele>
        <time>2021-07-24T15:32:15.000Z</time>
      </trkpt>
      <trkpt lat="49.028879" lon="9.273320">
        <ele>328.659033</ele>
        <time>2021-07-24T15:32:16.000Z</time>
      </trkpt>
      <trkpt lat="49.028870" lon="9.273359">
        <ele>328.883027</ele>
        <time>2021-07-24T15:32:17.000Z</time>
      </trkpt>
      <trkpt lat="49.028860" lon="9.273396">
        <ele>329.099844</ele>
        <time>2021-07-24T15:32:18.000Z</time>
      </trkpt>
      <trkpt lat="49.028850" lon="9.273434">
        <ele>329.321679</ele>
        <time>2021-07-24T15:32:19.000Z</time>
      </trkpt>
      <trkpt lat="49.028841" lon="9.273471">
        <ele>329.535483</ele>
        <time>2021-07-24T15:32:20.000Z</time>
      </trkpt>
      <trkpt lat="49.028832" lon="9.273510">
        <ele>329.759478</ele>
        <time>2021-07-24T15:32:21.000Z</time>
      </trkpt>
      <trkpt lat="49.028822" lon="9.273550">
        <ele>329.991403</ele>
        <time>2021-07-24T15:32:22.000Z</time>
      </trkpt>
      <trkpt lat="49.028813" lon="9.273591">
        <ele>330.225647</ele>
        <time>2021-07-24T15:32:23.000Z</time>
      </trkpt>
      <trkpt lat="49.028805" lon="9.273631">
        <ele>330.452212</ele>
        <time>2021-07-24T15:32:24.000Z</time>
      </trkpt>
      <trkpt lat="49.028798" lon="9.273673">
        <ele>330.686992</ele>
        <time>2021-07-24T15:32:25.000Z</time>
      </trkpt>
      <trkpt lat="49.028790" lon="9.273715">
        <ele>330.923942</ele>
        <time>2021-07-24T15:32:26.000Z</time>
      </trkpt>
      <trkpt lat="49.028783" lon="9.273756">
        <ele>331.153475</ele>
        <time>2021-07-24T15:32:27.000Z</time>
      </trkpt>
      <trkpt lat="49.028776" lon="9.273797">
        <ele>331.383008</ele>
        <time>2021-07-24T15:32:28.000Z</time>
      </trkpt>
      <trkpt lat="49.028770" lon="9.273838">
        <ele>331.610599</ele>
        <time>2021-07-24T15:32:29.000Z</time>
      </trkpt>
      <trkpt lat="49.028766" lon="9.273881">
        <ele>331.873760</ele>
        <time>2021-07-24T15:32:30.000Z</time>
      </trkpt>
      <trkpt lat="49.028760" lon="9.273925">
        <ele>332.184245</ele>
        <time>2021-07-24T15:32:31.000Z</time>
      </trkpt>
      <trkpt lat="49.028754" lon="9.273969">
        <ele>332.494729</ele>
        <time>2021-07-24T15:32:32.000Z</time>
      </trkpt>
      <trkpt lat="49.028747" lon="9.274011">
        <ele>332.794119</ele>
        <time>2021-07-24T15:32:33.000Z</time>
      </trkpt>
      <trkpt lat="49.028741" lon="9.274056">
        <ele>333.111370</ele>
        <time>2021-07-24T15:32:34.000Z</time>
      </trkpt>
      <trkpt lat="49.028735" lon="9.274102">
        <ele>333.435394</ele>
        <time>2021-07-24T15:32:35.000Z</time>
      </trkpt>
      <trkpt lat="49.028728" lon="9.274146">
        <ele>333.748194</ele>
        <time>2021-07-24T15:32:36.000Z</time>
      </trkpt>
      <trkpt lat="49.028720" lon="9.274191">
        <ele>334.070307</ele>
        <time>2021-07-24T15:32:37.000Z</time>
      </trkpt>
      <trkpt lat="49.028712" lon="9.274235">
        <ele>334.385758</ele>
        <time>2021-07-24T15:32:38.000Z</time>
      </trkpt>
      <trkpt lat="49.028705" lon="9.274279">
        <ele>334.698558</ele>
        <time>2021-07-24T15:32:39.000Z</time>
      </trkpt>
      <trkpt lat="49.028698" lon="9.274325">
        <ele>335.024802</ele>
        <time>2021-07-24T15:32:40.000Z</time>
      </trkpt>
      <trkpt lat="49.028692" lon="9.274371">
        <ele>335.348827</ele>
        <time>2021-07-24T15:32:41.000Z</time>
      </trkpt>
      <trkpt lat="49.028686" lon="9.274420">
        <ele>335.693203</ele>
        <time>2021-07-24T15:32:42.000Z</time>
      </trkpt>
      <trkpt lat="49.028680" lon="9.274468">
        <ele>336.030790</ele>
        <time>2021-07-24T15:32:43.000Z</time>
      </trkpt>
      <trkpt lat="49.028674" lon="9.274515">
        <ele>336.361593</ele>
        <time>2021-07-24T15:32:44.000Z</time>
      </trkpt>
      <trkpt lat="49.028668" lon="9.274565">
        <ele>336.712763</ele>
        <time>2021-07-24T15:32:45.000Z</time>
      </trkpt>
      <trkpt lat="49.028663" lon="9.274611">
        <ele>337.034898</ele>
        <time>2021-07-24T15:32:46.000Z</time>
      </trkpt>
      <trkpt lat="49.028657" lon="9.274657">
        <ele>337.358922</ele>
        <time>2021-07-24T15:32:47.000Z</time>
      </trkpt>
      <trkpt lat="49.028652" lon="9.274705">
        <ele>337.694696</ele>
        <time>2021-07-24T15:32:48.000Z</time>
      </trkpt>
      <trkpt lat="49.028647" lon="9.274750">
        <ele>338.010017</ele>
        <time>2021-07-24T15:32:49.000Z</time>
      </trkpt>
      <trkpt lat="49.028639" lon="9.274795">
        <ele>338.332131</ele>
        <time>2021-07-24T15:32:50.000Z</time>
      </trkpt>
      <trkpt lat="49.028631" lon="9.274841">
        <ele>338.660918</ele>
        <time>2021-07-24T15:32:51.000Z</time>
      </trkpt>
      <trkpt lat="49.028623" lon="9.274885">
        <ele>338.976369</ele>
        <time>2021-07-24T15:32:52.000Z</time>
      </trkpt>
      <trkpt lat="49.028615" lon="9.274929">
        <ele>339.291820</ele>
        <time>2021-07-24T15:32:53.000Z</time>
      </trkpt>
      <trkpt lat="49.028606" lon="9.274974">
        <ele>339.616851</ele>
        <time>2021-07-24T15:32:54.000Z</time>
      </trkpt>
      <trkpt lat="49.028598" lon="9.275018">
        <ele>339.932302</ele>
        <time>2021-07-24T15:32:55.000Z</time>
      </trkpt>
      <trkpt lat="49.028591" lon="9.275062">
        <ele>340.245103</ele>
        <time>2021-07-24T15:32:56.000Z</time>
      </trkpt>
      <trkpt lat="49.028583" lon="9.275108">
        <ele>340.573890</ele>
        <time>2021-07-24T15:32:57.000Z</time>
      </trkpt>
      <trkpt lat="49.028576" lon="9.275152">
        <ele>340.886691</ele>
        <time>2021-07-24T15:32:58.000Z</time>
      </trkpt>
      <trkpt lat="49.028576" lon="9.275152">
        <ele>340.886691</ele>
        <time>2021-07-24T15:32:59.000Z</time>
      </trkpt>
      <trkpt lat="49.028568" lon="9.275198">
        <ele>341.215478</ele>
        <time>2021-07-24T15:33:00.000Z</time>
      </trkpt>
      <trkpt lat="49.028556" lon="9.275284">
        <ele>341.822927</ele>
        <time>2021-07-24T15:33:01.000Z</time>
      </trkpt>
      <trkpt lat="49.028549" lon="9.275328">
        <ele>342.135728</ele>
        <time>2021-07-24T15:33:02.000Z</time>
      </trkpt>
      <trkpt lat="49.028542" lon="9.275373">
        <ele>342.455247</ele>
        <time>2021-07-24T15:33:03.000Z</time>
      </trkpt>
      <trkpt lat="49.028537" lon="9.275419">
        <ele>342.777383</ele>
        <time>2021-07-24T15:33:04.000Z</time>
      </trkpt>
      <trkpt lat="49.028532" lon="9.275463">
        <ele>343.085895</ele>
        <time>2021-07-24T15:33:05.000Z</time>
      </trkpt>
      <trkpt lat="49.028526" lon="9.275506">
        <ele>343.389620</ele>
        <time>2021-07-24T15:33:06.000Z</time>
      </trkpt>
      <trkpt lat="49.028520" lon="9.275550">
        <ele>343.700106</ele>
        <time>2021-07-24T15:33:07.000Z</time>
      </trkpt>
      <trkpt lat="49.028513" lon="9.275593">
        <ele>344.006197</ele>
        <time>2021-07-24T15:33:08.000Z</time>
      </trkpt>
      <trkpt lat="49.028505" lon="9.275634">
        <ele>344.301729</ele>
        <time>2021-07-24T15:33:09.000Z</time>
      </trkpt>
      <trkpt lat="49.028498" lon="9.275676">
        <ele>344.601120</ele>
        <time>2021-07-24T15:33:10.000Z</time>
      </trkpt>
      <trkpt lat="49.028492" lon="9.275722">
        <ele>344.925146</ele>
        <time>2021-07-24T15:33:11.000Z</time>
      </trkpt>
      <trkpt lat="49.028486" lon="9.275768">
        <ele>345.249172</ele>
        <time>2021-07-24T15:33:12.000Z</time>
      </trkpt>
      <trkpt lat="49.028479" lon="9.275812">
        <ele>345.561973</ele>
        <time>2021-07-24T15:33:13.000Z</time>
      </trkpt>
      <trkpt lat="49.028472" lon="9.275854">
        <ele>345.861365</ele>
        <time>2021-07-24T15:33:14.000Z</time>
      </trkpt>
      <trkpt lat="49.028465" lon="9.275897">
        <ele>346.167456</ele>
        <time>2021-07-24T15:33:15.000Z</time>
      </trkpt>
      <trkpt lat="49.028458" lon="9.275939">
        <ele>346.466848</ele>
        <time>2021-07-24T15:33:16.000Z</time>
      </trkpt>
      <trkpt lat="49.028450" lon="9.275981">
        <ele>346.769008</ele>
        <time>2021-07-24T15:33:17.000Z</time>
      </trkpt>
      <trkpt lat="49.028442" lon="9.276023">
        <ele>347.071168</ele>
        <time>2021-07-24T15:33:18.000Z</time>
      </trkpt>
      <trkpt lat="49.028435" lon="9.276065">
        <ele>347.370559</ele>
        <time>2021-07-24T15:33:19.000Z</time>
      </trkpt>
      <trkpt lat="49.028428" lon="9.276107">
        <ele>347.669951</ele>
        <time>2021-07-24T15:33:20.000Z</time>
      </trkpt>
      <trkpt lat="49.028421" lon="9.276151">
        <ele>347.982753</ele>
        <time>2021-07-24T15:33:21.000Z</time>
      </trkpt>
      <trkpt lat="49.028414" lon="9.276195">
        <ele>348.295554</ele>
        <time>2021-07-24T15:33:22.000Z</time>
      </trkpt>
      <trkpt lat="49.028407" lon="9.276238">
        <ele>348.601647</ele>
        <time>2021-07-24T15:33:23.000Z</time>
      </trkpt>
      <trkpt lat="49.028398" lon="9.276281">
        <ele>348.913488</ele>
        <time>2021-07-24T15:33:24.000Z</time>
      </trkpt>
      <trkpt lat="49.028389" lon="9.276323">
        <ele>349.218755</ele>
        <time>2021-07-24T15:33:25.000Z</time>
      </trkpt>
      <trkpt lat="49.028380" lon="9.276363">
        <ele>349.510921</ele>
        <time>2021-07-24T15:33:26.000Z</time>
      </trkpt>
      <trkpt lat="49.028373" lon="9.276403">
        <ele>349.796941</ele>
        <time>2021-07-24T15:33:27.000Z</time>
      </trkpt>
      <trkpt lat="49.028367" lon="9.276446">
        <ele>350.100667</ele>
        <time>2021-07-24T15:33:28.000Z</time>
      </trkpt>
      <trkpt lat="49.028362" lon="9.276491">
        <ele>350.415990</ele>
        <time>2021-07-24T15:33:29.000Z</time>
      </trkpt>
      <trkpt lat="49.028356" lon="9.276535">
        <ele>350.718371</ele>
        <time>2021-07-24T15:33:30.000Z</time>
      </trkpt>
      <trkpt lat="49.028348" lon="9.276577">
        <ele>350.939657</ele>
        <time>2021-07-24T15:33:31.000Z</time>
      </trkpt>
      <trkpt lat="49.028340" lon="9.276620">
        <ele>351.165807</ele>
        <time>2021-07-24T15:33:32.000Z</time>
      </trkpt>
      <trkpt lat="49.028332" lon="9.276664">
        <ele>351.396828</ele>
        <time>2021-07-24T15:33:33.000Z</time>
      </trkpt>
      <trkpt lat="49.028324" lon="9.276707">
        <ele>351.622977</ele>
        <time>2021-07-24T15:33:34.000Z</time>
      </trkpt>
      <trkpt lat="49.028316" lon="9.276749">
        <ele>351.844264</ele>
        <time>2021-07-24T15:33:35.000Z</time>
      </trkpt>
      <trkpt lat="49.028309" lon="9.276790">
        <ele>352.058623</ele>
        <time>2021-07-24T15:33:36.000Z</time>
      </trkpt>
      <trkpt lat="49.028303" lon="9.276833">
        <ele>352.281056</ele>
        <time>2021-07-24T15:33:37.000Z</time>
      </trkpt>
      <trkpt lat="49.028297" lon="9.276877">
        <ele>352.508441</ele>
        <time>2021-07-24T15:33:38.000Z</time>
      </trkpt>
      <trkpt lat="49.028291" lon="9.276919">
        <ele>352.725928</ele>
        <time>2021-07-24T15:33:39.000Z</time>
      </trkpt>
      <trkpt lat="49.028283" lon="9.276961">
        <ele>352.947214</ele>
        <time>2021-07-24T15:33:40.000Z</time>
      </trkpt>
      <trkpt lat="49.028278" lon="9.277005">
        <ele>353.173154</ele>
        <time>2021-07-24T15:33:41.000Z</time>
      </trkpt>
      <trkpt lat="49.028272" lon="9.277048">
        <ele>353.395587</ele>
        <time>2021-07-24T15:33:42.000Z</time>
      </trkpt>
      <trkpt lat="49.028265" lon="9.277093">
        <ele>353.629587</ele>
        <time>2021-07-24T15:33:43.000Z</time>
      </trkpt>
      <trkpt lat="49.028258" lon="9.277135">
        <ele>353.848847</ele>
        <time>2021-07-24T15:33:44.000Z</time>
      </trkpt>
      <trkpt lat="49.028250" lon="9.277179">
        <ele>354.079868</ele>
        <time>2021-07-24T15:33:45.000Z</time>
      </trkpt>
      <trkpt lat="49.028242" lon="9.277222">
        <ele>354.306018</ele>
        <time>2021-07-24T15:33:46.000Z</time>
      </trkpt>
      <trkpt lat="49.028234" lon="9.277265">
        <ele>354.532168</ele>
        <time>2021-07-24T15:33:47.000Z</time>
      </trkpt>
      <trkpt lat="49.028225" lon="9.277307">
        <ele>354.755731</ele>
        <time>2021-07-24T15:33:48.000Z</time>
      </trkpt>
      <trkpt lat="49.028218" lon="9.277350">
        <ele>354.979897</ele>
        <time>2021-07-24T15:33:49.000Z</time>
      </trkpt>
      <trkpt lat="49.028212" lon="9.277392">
        <ele>355.197385</ele>
        <time>2021-07-24T15:33:50.000Z</time>
      </trkpt>
      <trkpt lat="49.028209" lon="9.277434">
        <ele>355.411144</ele>
        <time>2021-07-24T15:33:51.000Z</time>
      </trkpt>
      <trkpt lat="49.028207" lon="9.277477">
        <ele>355.629252</ele>
        <time>2021-07-24T15:33:52.000Z</time>
      </trkpt>
      <trkpt lat="49.028203" lon="9.277519">
        <ele>355.843985</ele>
        <time>2021-07-24T15:33:53.000Z</time>
      </trkpt>
      <trkpt lat="49.028198" lon="9.277564">
        <ele>356.074911</ele>
        <time>2021-07-24T15:33:54.000Z</time>
      </trkpt>
      <trkpt lat="49.028193" lon="9.277606">
        <ele>356.290888</ele>
        <time>2021-07-24T15:33:55.000Z</time>
      </trkpt>
      <trkpt lat="49.028190" lon="9.277648">
        <ele>356.504647</ele>
        <time>2021-07-24T15:33:56.000Z</time>
      </trkpt>
      <trkpt lat="49.028189" lon="9.277692">
        <ele>356.727402</ele>
        <time>2021-07-24T15:33:57.000Z</time>
      </trkpt>
      <trkpt lat="49.028188" lon="9.277737">
        <ele>356.955214</ele>
        <time>2021-07-24T15:33:58.000Z</time>
      </trkpt>
      <trkpt lat="49.028187" lon="9.277780">
        <ele>357.172913</ele>
        <time>2021-07-24T15:33:59.000Z</time>
      </trkpt>
      <trkpt lat="49.028184" lon="9.277822">
        <ele>357.386672</ele>
        <time>2021-07-24T15:34:00.000Z</time>
      </trkpt>
      <trkpt lat="49.028183" lon="9.277866">
        <ele>357.609427</ele>
        <time>2021-07-24T15:34:01.000Z</time>
      </trkpt>
      <trkpt lat="49.028184" lon="9.277910">
        <ele>357.832182</ele>
        <time>2021-07-24T15:34:02.000Z</time>
      </trkpt>
      <trkpt lat="49.028185" lon="9.277952">
        <ele>358.044825</ele>
        <time>2021-07-24T15:34:03.000Z</time>
      </trkpt>
      <trkpt lat="49.028186" lon="9.277997">
        <ele>358.272636</ele>
        <time>2021-07-24T15:34:04.000Z</time>
      </trkpt>
      <trkpt lat="49.028187" lon="9.278044">
        <ele>358.510562</ele>
        <time>2021-07-24T15:34:05.000Z</time>
      </trkpt>
      <trkpt lat="49.028189" lon="9.278091">
        <ele>358.748862</ele>
        <time>2021-07-24T15:34:06.000Z</time>
      </trkpt>
      <trkpt lat="49.028190" lon="9.278134">
        <ele>358.966561</ele>
        <time>2021-07-24T15:34:07.000Z</time>
      </trkpt>
      <trkpt lat="49.028192" lon="9.278179">
        <ele>359.194764</ele>
        <time>2021-07-24T15:34:08.000Z</time>
      </trkpt>
      <trkpt lat="49.028192" lon="9.278225">
        <ele>359.427505</ele>
        <time>2021-07-24T15:34:09.000Z</time>
      </trkpt>
      <trkpt lat="49.028192" lon="9.278269">
        <ele>359.650126</ele>
        <time>2021-07-24T15:34:10.000Z</time>
      </trkpt>
      <trkpt lat="49.028192" lon="9.278312">
        <ele>359.867688</ele>
        <time>2021-07-24T15:34:11.000Z</time>
      </trkpt>
      <trkpt lat="49.028194" lon="9.278354">
        <ele>360.080750</ele>
        <time>2021-07-24T15:34:12.000Z</time>
      </trkpt>
      <trkpt lat="49.028197" lon="9.278398">
        <ele>360.304571</ele>
        <time>2021-07-24T15:34:13.000Z</time>
      </trkpt>
      <trkpt lat="49.028200" lon="9.278443">
        <ele>360.533426</ele>
        <time>2021-07-24T15:34:14.000Z</time>
      </trkpt>
      <trkpt lat="49.028202" lon="9.278485">
        <ele>360.746488</ele>
        <time>2021-07-24T15:34:15.000Z</time>
      </trkpt>
      <trkpt lat="49.028202" lon="9.278528">
        <ele>360.964050</ele>
        <time>2021-07-24T15:34:16.000Z</time>
      </trkpt>
      <trkpt lat="49.028200" lon="9.278574">
        <ele>361.197301</ele>
        <time>2021-07-24T15:34:17.000Z</time>
      </trkpt>
      <trkpt lat="49.028197" lon="9.278616">
        <ele>361.411061</ele>
        <time>2021-07-24T15:34:18.000Z</time>
      </trkpt>
      <trkpt lat="49.028195" lon="9.278657">
        <ele>361.619077</ele>
        <time>2021-07-24T15:34:19.000Z</time>
      </trkpt>
      <trkpt lat="49.028192" lon="9.278699">
        <ele>361.832836</ele>
        <time>2021-07-24T15:34:20.000Z</time>
      </trkpt>
      <trkpt lat="49.028190" lon="9.278741">
        <ele>362.045898</ele>
        <time>2021-07-24T15:34:21.000Z</time>
      </trkpt>
      <trkpt lat="49.028189" lon="9.278784">
        <ele>362.263597</ele>
        <time>2021-07-24T15:34:22.000Z</time>
      </trkpt>
      <trkpt lat="49.028187" lon="9.278825">
        <ele>362.471613</ele>
        <time>2021-07-24T15:34:23.000Z</time>
      </trkpt>
      <trkpt lat="49.028185" lon="9.278862">
        <ele>362.659452</ele>
        <time>2021-07-24T15:34:24.000Z</time>
      </trkpt>
      <trkpt lat="49.028183" lon="9.278899">
        <ele>362.847291</ele>
        <time>2021-07-24T15:34:25.000Z</time>
      </trkpt>
      <trkpt lat="49.028184" lon="9.278934">
        <ele>363.024545</ele>
        <time>2021-07-24T15:34:26.000Z</time>
      </trkpt>
      <trkpt lat="49.028186" lon="9.278968">
        <ele>363.197261</ele>
        <time>2021-07-24T15:34:27.000Z</time>
      </trkpt>
      <trkpt lat="49.028188" lon="9.279001">
        <ele>363.364939</ele>
        <time>2021-07-24T15:34:28.000Z</time>
      </trkpt>
      <trkpt lat="49.028187" lon="9.279032">
        <ele>363.521976</ele>
        <time>2021-07-24T15:34:29.000Z</time>
      </trkpt>
      <trkpt lat="49.028184" lon="9.279058">
        <ele>363.655546</ele>
        <time>2021-07-24T15:34:30.000Z</time>
      </trkpt>
      <trkpt lat="49.028180" lon="9.279082">
        <ele>363.780837</ele>
        <time>2021-07-24T15:34:31.000Z</time>
      </trkpt>
      <trkpt lat="49.028177" lon="9.279105">
        <ele>363.899488</ele>
        <time>2021-07-24T15:34:32.000Z</time>
      </trkpt>
      <trkpt lat="49.028175" lon="9.279127">
        <ele>364.011863</ele>
        <time>2021-07-24T15:34:33.000Z</time>
      </trkpt>
      <trkpt lat="49.028168" lon="9.279146">
        <ele>364.122131</ele>
        <time>2021-07-24T15:34:34.000Z</time>
      </trkpt>
      <trkpt lat="49.028153" lon="9.279152">
        <ele>364.241792</ele>
        <time>2021-07-24T15:34:35.000Z</time>
      </trkpt>
      <trkpt lat="49.028141" lon="9.279137">
        <ele>364.361518</ele>
        <time>2021-07-24T15:34:36.000Z</time>
      </trkpt>
      <trkpt lat="49.028134" lon="9.279110">
        <ele>364.508418</ele>
        <time>2021-07-24T15:34:37.000Z</time>
      </trkpt>
      <trkpt lat="49.028137" lon="9.279078">
        <ele>364.543123</ele>
        <time>2021-07-24T15:34:38.000Z</time>
      </trkpt>
      <trkpt lat="49.028142" lon="9.279045">
        <ele>364.486035</ele>
        <time>2021-07-24T15:34:39.000Z</time>
      </trkpt>
      <trkpt lat="49.028147" lon="9.279015">
        <ele>364.433861</ele>
        <time>2021-07-24T15:34:40.000Z</time>
      </trkpt>
      <trkpt lat="49.028150" lon="9.278985">
        <ele>364.382711</ele>
        <time>2021-07-24T15:34:41.000Z</time>
      </trkpt>
      <trkpt lat="49.028150" lon="9.278954">
        <ele>364.330459</ele>
        <time>2021-07-24T15:34:42.000Z</time>
      </trkpt>
      <trkpt lat="49.028150" lon="9.278924">
        <ele>364.279893</ele>
        <time>2021-07-24T15:34:43.000Z</time>
      </trkpt>
      <trkpt lat="49.028150" lon="9.278894">
        <ele>364.229327</ele>
        <time>2021-07-24T15:34:44.000Z</time>
      </trkpt>
      <trkpt lat="49.028150" lon="9.278864">
        <ele>364.178761</ele>
        <time>2021-07-24T15:34:45.000Z</time>
      </trkpt>
      <trkpt lat="49.028148" lon="9.278836">
        <ele>364.131287</ele>
        <time>2021-07-24T15:34:46.000Z</time>
      </trkpt>
      <trkpt lat="49.028148" lon="9.278811">
        <ele>364.089149</ele>
        <time>2021-07-24T15:34:47.000Z</time>
      </trkpt>
      <trkpt lat="49.028147" lon="9.278786">
        <ele>364.046932</ele>
        <time>2021-07-24T15:34:48.000Z</time>
      </trkpt>
      <trkpt lat="49.028152" lon="9.278762">
        <ele>364.004486</ele>
        <time>2021-07-24T15:34:49.000Z</time>
      </trkpt>
      <trkpt lat="49.028162" lon="9.278740">
        <ele>363.959366</ele>
        <time>2021-07-24T15:34:50.000Z</time>
      </trkpt>
      <trkpt lat="49.028171" lon="9.278727">
        <ele>363.927501</ele>
        <time>2021-07-24T15:34:51.000Z</time>
      </trkpt>
      <trkpt lat="49.028175" lon="9.278722">
        <ele>363.914206</ele>
        <time>2021-07-24T15:34:52.000Z</time>
      </trkpt>
      <trkpt lat="49.028175" lon="9.278721">
        <ele>363.912520</ele>
        <time>2021-07-24T15:34:53.000Z</time>
      </trkpt>
      <trkpt lat="49.028176" lon="9.278721">
        <ele>363.909950</ele>
        <time>2021-07-24T15:34:54.000Z</time>
      </trkpt>
      <trkpt lat="49.028176" lon="9.278723">
        <ele>363.906578</ele>
        <time>2021-07-24T15:34:55.000Z</time>
      </trkpt>
      <trkpt lat="49.028176" lon="9.278724">
        <ele>363.904893</ele>
        <time>2021-07-24T15:34:56.000Z</time>
      </trkpt>
      <trkpt lat="49.028177" lon="9.278725">
        <ele>363.901819</ele>
        <time>2021-07-24T15:34:57.000Z</time>
      </trkpt>
      <trkpt lat="49.028177" lon="9.278726">
        <ele>363.900133</ele>
        <time>2021-07-24T15:34:58.000Z</time>
      </trkpt>
      <trkpt lat="49.028177" lon="9.278727">
        <ele>363.898448</ele>
        <time>2021-07-24T15:34:59.000Z</time>
      </trkpt>
      <trkpt lat="49.028176" lon="9.278728">
        <ele>363.895374</ele>
        <time>2021-07-24T15:35:00.000Z</time>
      </trkpt>
      <trkpt lat="49.028176" lon="9.278729">
        <ele>363.893688</ele>
        <time>2021-07-24T15:35:01.000Z</time>
      </trkpt>
      <trkpt lat="49.028176" lon="9.278731">
        <ele>363.890317</ele>
        <time>2021-07-24T15:35:02.000Z</time>
      </trkpt>
      <trkpt lat="49.028176" lon="9.278732">
        <ele>363.888632</ele>
        <time>2021-07-24T15:35:03.000Z</time>
      </trkpt>
      <trkpt lat="49.028176" lon="9.278732">
        <ele>363.888632</ele>
        <time>2021-07-24T15:35:04.000Z</time>
      </trkpt>
      <trkpt lat="49.028176" lon="9.278733">
        <ele>363.886946</ele>
        <time>2021-07-24T15:35:05.000Z</time>
      </trkpt>
      <trkpt lat="49.028176" lon="9.278733">
        <ele>363.886946</ele>
        <time>2021-07-24T15:35:06.000Z</time>
      </trkpt>
      <trkpt lat="49.028176" lon="9.278733">
        <ele>363.886946</ele>
        <time>2021-07-24T15:35:07.000Z</time>
      </trkpt>
      <trkpt lat="49.028176" lon="9.278733">
        <ele>363.886946</ele>
        <time>2021-07-24T15:35:08.000Z</time>
      </trkpt>
      <trkpt lat="49.028176" lon="9.278734">
        <ele>363.885261</ele>
        <time>2021-07-24T15:35:09.000Z</time>
      </trkpt>
      <trkpt lat="49.028176" lon="9.278734">
        <ele>363.885261</ele>
        <time>2021-07-24T15:35:11.000Z</time>
      </trkpt>
      <trkpt lat="49.028176" lon="9.278734">
        <ele>363.885261</ele>
        <time>2021-07-24T15:35:13.000Z</time>
      </trkpt>
      <trkpt lat="49.028175" lon="9.278734">
        <ele>363.882690</ele>
        <time>2021-07-24T15:35:17.000Z</time>
      </trkpt>
      <trkpt lat="49.028175" lon="9.278734">
        <ele>363.882690</ele>
        <time>2021-07-24T15:35:20.000Z</time>
      </trkpt>
      <trkpt lat="49.028175" lon="9.278734">
        <ele>363.882690</ele>
        <time>2021-07-24T15:35:21.000Z</time>
      </trkpt>
      <trkpt lat="49.028175" lon="9.278734">
        <ele>363.882690</ele>
        <time>2021-07-24T15:35:28.000Z</time>
      </trkpt>
      <trkpt lat="49.028175" lon="9.278734">
        <ele>363.882690</ele>
        <time>2021-07-24T15:35:35.000Z</time>
      </trkpt>
      <trkpt lat="49.028175" lon="9.278733">
        <ele>363.881005</ele>
        <time>2021-07-24T15:35:41.000Z</time>
      </trkpt>
      <trkpt lat="49.028175" lon="9.278733">
        <ele>363.881005</ele>
        <time>2021-07-24T15:35:46.000Z</time>
      </trkpt>
      <trkpt lat="49.028175" lon="9.278733">
        <ele>363.881005</ele>
        <time>2021-07-24T15:35:50.000Z</time>
      </trkpt>
      <trkpt lat="49.028175" lon="9.278733">
        <ele>363.881005</ele>
        <time>2021-07-24T15:35:55.000Z</time>
      </trkpt>
      <trkpt lat="49.028175" lon="9.278733">
        <ele>363.881005</ele>
        <time>2021-07-24T15:36:20.000Z</time>
      </trkpt>
      <trkpt lat="49.028175" lon="9.278733">
        <ele>363.881005</ele>
        <time>2021-07-24T15:36:25.000Z</time>
      </trkpt>
      <trkpt lat="49.028175" lon="9.278733">
        <ele>363.881005</ele>
        <time>2021-07-24T15:36:32.000Z</time>
      </trkpt>
      <trkpt lat="49.028175" lon="9.278733">
        <ele>363.881005</ele>
        <time>2021-07-24T15:36:35.000Z</time>
      </trkpt>
      <trkpt lat="49.028175" lon="9.278733">
        <ele>363.881005</ele>
        <time>2021-07-24T15:36:37.000Z</time>
      </trkpt>
      <trkpt lat="49.028175" lon="9.278733">
        <ele>363.881005</ele>
        <time>2021-07-24T15:36:39.000Z</time>
      </trkpt>
      <trkpt lat="49.028175" lon="9.278733">
        <ele>363.881005</ele>
        <time>2021-07-24T15:36:42.000Z</time>
      </trkpt>
      <trkpt lat="49.028175" lon="9.278733">
        <ele>363.881005</ele>
        <time>2021-07-24T15:36:44.000Z</time>
      </trkpt>
      <trkpt lat="49.028176" lon="9.278733">
        <ele>363.878434</ele>
        <time>2021-07-24T15:36:45.000Z</time>
      </trkpt>
      <trkpt lat="49.028176" lon="9.278733">
        <ele>363.878434</ele>
        <time>2021-07-24T15:36:47.000Z</time>
      </trkpt>
      <trkpt lat="49.028176" lon="9.278733">
        <ele>363.878434</ele>
        <time>2021-07-24T15:36:49.000Z</time>
      </trkpt>
      <trkpt lat="49.028176" lon="9.278733">
        <ele>363.878434</ele>
        <time>2021-07-24T15:36:52.000Z</time>
      </trkpt>
      <trkpt lat="49.028176" lon="9.278733">
        <ele>363.878434</ele>
        <time>2021-07-24T15:36:54.000Z</time>
      </trkpt>
      <trkpt lat="49.028176" lon="9.278733">
        <ele>363.878434</ele>
        <time>2021-07-24T15:36:58.000Z</time>
      </trkpt>
      <trkpt lat="49.028176" lon="9.278732">
        <ele>363.876748</ele>
        <time>2021-07-24T15:37:02.000Z</time>
      </trkpt>
      <trkpt lat="49.028176" lon="9.278732">
        <ele>363.876748</ele>
        <time>2021-07-24T15:37:07.000Z</time>
      </trkpt>
      <trkpt lat="49.028176" lon="9.278732">
        <ele>363.876748</ele>
        <time>2021-07-24T15:37:12.000Z</time>
      </trkpt>
      <trkpt lat="49.028175" lon="9.278732">
        <ele>363.874178</ele>
        <time>2021-07-24T15:37:13.000Z</time>
      </trkpt>
      <trkpt lat="49.028175" lon="9.278732">
        <ele>363.874178</ele>
        <time>2021-07-24T15:37:15.000Z</time>
      </trkpt>
      <trkpt lat="49.028175" lon="9.278732">
        <ele>363.874178</ele>
        <time>2021-07-24T15:37:21.000Z</time>
      </trkpt>
      <trkpt lat="49.028175" lon="9.278732">
        <ele>363.874178</ele>
        <time>2021-07-24T15:37:35.000Z</time>
      </trkpt>
      <trkpt lat="49.028175" lon="9.278732">
        <ele>363.874178</ele>
        <time>2021-07-24T15:37:40.000Z</time>
      </trkpt>
      <trkpt lat="49.028175" lon="9.278732">
        <ele>363.874178</ele>
        <time>2021-07-24T15:37:41.000Z</time>
      </trkpt>
      <trkpt lat="49.028175" lon="9.278732">
        <ele>363.874178</ele>
        <time>2021-07-24T15:37:45.000Z</time>
      </trkpt>
      <trkpt lat="49.028175" lon="9.278732">
        <ele>363.874178</ele>
        <time>2021-07-24T15:37:49.000Z</time>
      </trkpt>
      <trkpt lat="49.028175" lon="9.278732">
        <ele>363.874178</ele>
        <time>2021-07-24T15:37:53.000Z</time>
      </trkpt>
      <trkpt lat="49.028175" lon="9.278732">
        <ele>363.874178</ele>
        <time>2021-07-24T15:37:54.000Z</time>
      </trkpt>
      <trkpt lat="49.028175" lon="9.278732">
        <ele>363.874178</ele>
        <time>2021-07-24T15:37:55.000Z</time>
      </trkpt>
      <trkpt lat="49.028175" lon="9.278732">
        <ele>363.874178</ele>
        <time>2021-07-24T15:37:57.000Z</time>
      </trkpt>
      <trkpt lat="49.028175" lon="9.278732">
        <ele>363.874178</ele>
        <time>2021-07-24T15:38:01.000Z</time>
      </trkpt>
      <trkpt lat="49.028175" lon="9.278732">
        <ele>363.874178</ele>
        <time>2021-07-24T15:38:10.000Z</time>
      </trkpt>
      <trkpt lat="49.028175" lon="9.278732">
        <ele>363.874178</ele>
        <time>2021-07-24T15:38:12.000Z</time>
      </trkpt>
      <trkpt lat="49.028175" lon="9.278732">
        <ele>363.874178</ele>
        <time>2021-07-24T15:38:18.000Z</time>
      </trkpt>
      <trkpt lat="49.028175" lon="9.278732">
        <ele>363.874178</ele>
        <time>2021-07-24T15:38:20.000Z</time>
      </trkpt>
      <trkpt lat="49.028175" lon="9.278732">
        <ele>363.874178</ele>
        <time>2021-07-24T15:38:30.000Z</time>
      </trkpt>
      <trkpt lat="49.028177" lon="9.278733">
        <ele>363.868767</ele>
        <time>2021-07-24T15:38:45.000Z</time>
      </trkpt>
      <trkpt lat="49.028178" lon="9.278730">
        <ele>363.863095</ele>
        <time>2021-07-24T15:38:46.000Z</time>
      </trkpt>
      <trkpt lat="49.028179" lon="9.278723">
        <ele>363.851019</ele>
        <time>2021-07-24T15:38:47.000Z</time>
      </trkpt>
      <trkpt lat="49.028179" lon="9.278711">
        <ele>363.830793</ele>
        <time>2021-07-24T15:38:48.000Z</time>
      </trkpt>
      <trkpt lat="49.028178" lon="9.278697">
        <ele>363.807056</ele>
        <time>2021-07-24T15:38:49.000Z</time>
      </trkpt>
      <trkpt lat="49.028178" lon="9.278682">
        <ele>363.781773</ele>
        <time>2021-07-24T15:38:50.000Z</time>
      </trkpt>
      <trkpt lat="49.028179" lon="9.278664">
        <ele>363.751325</ele>
        <time>2021-07-24T15:38:51.000Z</time>
      </trkpt>
      <trkpt lat="49.028183" lon="9.278647">
        <ele>363.720882</ele>
        <time>2021-07-24T15:38:52.000Z</time>
      </trkpt>
      <trkpt lat="49.028188" lon="9.278633">
        <ele>363.694011</ele>
        <time>2021-07-24T15:38:53.000Z</time>
      </trkpt>
      <trkpt lat="49.028190" lon="9.278623">
        <ele>363.676389</ele>
        <time>2021-07-24T15:38:54.000Z</time>
      </trkpt>
      <trkpt lat="49.028193" lon="9.278616">
        <ele>363.662293</ele>
        <time>2021-07-24T15:38:55.000Z</time>
      </trkpt>
      <trkpt lat="49.028194" lon="9.278613">
        <ele>363.656621</ele>
        <time>2021-07-24T15:38:56.000Z</time>
      </trkpt>
      <trkpt lat="49.028195" lon="9.278612">
        <ele>363.653547</ele>
        <time>2021-07-24T15:38:57.000Z</time>
      </trkpt>
      <trkpt lat="49.028195" lon="9.278611">
        <ele>363.651861</ele>
        <time>2021-07-24T15:38:58.000Z</time>
      </trkpt>
      <trkpt lat="49.028195" lon="9.278610">
        <ele>363.650176</ele>
        <time>2021-07-24T15:38:59.000Z</time>
      </trkpt>
      <trkpt lat="49.028195" lon="9.278610">
        <ele>363.650176</ele>
        <time>2021-07-24T15:39:00.000Z</time>
      </trkpt>
      <trkpt lat="49.028196" lon="9.278609">
        <ele>363.647102</ele>
        <time>2021-07-24T15:39:01.000Z</time>
      </trkpt>
      <trkpt lat="49.028196" lon="9.278609">
        <ele>363.647102</ele>
        <time>2021-07-24T15:39:02.000Z</time>
      </trkpt>
      <trkpt lat="49.028196" lon="9.278609">
        <ele>363.647102</ele>
        <time>2021-07-24T15:39:03.000Z</time>
      </trkpt>
      <trkpt lat="49.028196" lon="9.278608">
        <ele>363.645416</ele>
        <time>2021-07-24T15:39:04.000Z</time>
      </trkpt>
      <trkpt lat="49.028195" lon="9.278608">
        <ele>363.642846</ele>
        <time>2021-07-24T15:39:05.000Z</time>
      </trkpt>
      <trkpt lat="49.028195" lon="9.278608">
        <ele>363.642846</ele>
        <time>2021-07-24T15:39:06.000Z</time>
      </trkpt>
      <trkpt lat="49.028194" lon="9.278608">
        <ele>363.640275</ele>
        <time>2021-07-24T15:39:07.000Z</time>
      </trkpt>
      <trkpt lat="49.028194" lon="9.278607">
        <ele>363.638589</ele>
        <time>2021-07-24T15:39:08.000Z</time>
      </trkpt>
      <trkpt lat="49.028194" lon="9.278607">
        <ele>363.638589</ele>
        <time>2021-07-24T15:39:09.000Z</time>
      </trkpt>
      <trkpt lat="49.028194" lon="9.278607">
        <ele>363.638589</ele>
        <time>2021-07-24T15:39:10.000Z</time>
      </trkpt>
      <trkpt lat="49.028194" lon="9.278607">
        <ele>363.638589</ele>
        <time>2021-07-24T15:39:11.000Z</time>
      </trkpt>
      <trkpt lat="49.028194" lon="9.278607">
        <ele>363.638589</ele>
        <time>2021-07-24T15:39:12.000Z</time>
      </trkpt>
      <trkpt lat="49.028194" lon="9.278607">
        <ele>363.638589</ele>
        <time>2021-07-24T15:39:14.000Z</time>
      </trkpt>
      <trkpt lat="49.028194" lon="9.278607">
        <ele>363.638589</ele>
        <time>2021-07-24T15:39:17.000Z</time>
      </trkpt>
      <trkpt lat="49.028194" lon="9.278607">
        <ele>363.638589</ele>
        <time>2021-07-24T15:39:19.000Z</time>
      </trkpt>
      <trkpt lat="49.028194" lon="9.278607">
        <ele>363.638589</ele>
        <time>2021-07-24T15:39:20.000Z</time>
      </trkpt>
      <trkpt lat="49.028194" lon="9.278607">
        <ele>363.638589</ele>
        <time>2021-07-24T15:39:22.000Z</time>
      </trkpt>
      <trkpt lat="49.028194" lon="9.278604">
        <ele>363.633533</ele>
        <time>2021-07-24T15:39:23.000Z</time>
      </trkpt>
      <trkpt lat="49.028194" lon="9.278602">
        <ele>363.630162</ele>
        <time>2021-07-24T15:39:24.000Z</time>
      </trkpt>
      <trkpt lat="49.028194" lon="9.278601">
        <ele>363.628476</ele>
        <time>2021-07-24T15:39:25.000Z</time>
      </trkpt>
      <trkpt lat="49.028193" lon="9.278608">
        <ele>363.616401</ele>
        <time>2021-07-24T15:39:26.000Z</time>
      </trkpt>
      <trkpt lat="49.028192" lon="9.278619">
        <ele>363.597683</ele>
        <time>2021-07-24T15:39:27.000Z</time>
      </trkpt>
      <trkpt lat="49.028187" lon="9.278633">
        <ele>363.570812</ele>
        <time>2021-07-24T15:39:28.000Z</time>
      </trkpt>
      <trkpt lat="49.028179" lon="9.278646">
        <ele>363.540761</ele>
        <time>2021-07-24T15:39:29.000Z</time>
      </trkpt>
      <trkpt lat="49.028171" lon="9.278656">
        <ele>363.514171</ele>
        <time>2021-07-24T15:39:30.000Z</time>
      </trkpt>
      <trkpt lat="49.028164" lon="9.278667">
        <ele>363.488334</ele>
        <time>2021-07-24T15:39:31.000Z</time>
      </trkpt>
      <trkpt lat="49.028161" lon="9.278675">
        <ele>363.472800</ele>
        <time>2021-07-24T15:39:32.000Z</time>
      </trkpt>
      <trkpt lat="49.028163" lon="9.278675">
        <ele>363.467659</ele>
        <time>2021-07-24T15:39:33.000Z</time>
      </trkpt>
      <trkpt lat="49.028163" lon="9.278675">
        <ele>363.467659</ele>
        <time>2021-07-24T15:39:34.000Z</time>
      </trkpt>
      <trkpt lat="49.028157" lon="9.278685">
        <ele>363.444811</ele>
        <time>2021-07-24T15:39:35.000Z</time>
      </trkpt>
      <trkpt lat="49.028152" lon="9.278696">
        <ele>363.422251</ele>
        <time>2021-07-24T15:39:36.000Z</time>
      </trkpt>
      <trkpt lat="49.028161" lon="9.278708">
        <ele>363.391521</ele>
        <time>2021-07-24T15:39:37.000Z</time>
      </trkpt>
      <trkpt lat="49.028174" lon="9.278717">
        <ele>363.354820</ele>
        <time>2021-07-24T15:39:38.000Z</time>
      </trkpt>
      <trkpt lat="49.028180" lon="9.278714">
        <ele>363.338589</ele>
        <time>2021-07-24T15:39:39.000Z</time>
      </trkpt>
      <trkpt lat="49.028183" lon="9.278710">
        <ele>363.328345</ele>
        <time>2021-07-24T15:39:40.000Z</time>
      </trkpt>
      <trkpt lat="49.028183" lon="9.278704">
        <ele>363.318232</ele>
        <time>2021-07-24T15:39:41.000Z</time>
      </trkpt>
      <trkpt lat="49.028182" lon="9.278701">
        <ele>363.312560</ele>
        <time>2021-07-24T15:39:42.000Z</time>
      </trkpt>
      <trkpt lat="49.028182" lon="9.278699">
        <ele>363.309189</ele>
        <time>2021-07-24T15:39:43.000Z</time>
      </trkpt>
      <trkpt lat="49.028182" lon="9.278698">
        <ele>363.307503</ele>
        <time>2021-07-24T15:39:44.000Z</time>
      </trkpt>
      <trkpt lat="49.028182" lon="9.278697">
        <ele>363.305818</ele>
        <time>2021-07-24T15:39:45.000Z</time>
      </trkpt>
      <trkpt lat="49.028181" lon="9.278698">
        <ele>363.302744</ele>
        <time>2021-07-24T15:39:46.000Z</time>
      </trkpt>
      <trkpt lat="49.028180" lon="9.278698">
        <ele>363.300173</ele>
        <time>2021-07-24T15:39:47.000Z</time>
      </trkpt>
      <trkpt lat="49.028179" lon="9.278699">
        <ele>363.297099</ele>
        <time>2021-07-24T15:39:48.000Z</time>
      </trkpt>
      <trkpt lat="49.028179" lon="9.278700">
        <ele>363.295414</ele>
        <time>2021-07-24T15:39:49.000Z</time>
      </trkpt>
      <trkpt lat="49.028179" lon="9.278701">
        <ele>363.293728</ele>
        <time>2021-07-24T15:39:50.000Z</time>
      </trkpt>
      <trkpt lat="49.028179" lon="9.278701">
        <ele>363.293728</ele>
        <time>2021-07-24T15:39:51.000Z</time>
      </trkpt>
      <trkpt lat="49.028178" lon="9.278702">
        <ele>363.290654</ele>
        <time>2021-07-24T15:39:52.000Z</time>
      </trkpt>
      <trkpt lat="49.028177" lon="9.278695">
        <ele>363.278579</ele>
        <time>2021-07-24T15:39:53.000Z</time>
      </trkpt>
      <trkpt lat="49.028177" lon="9.278682">
        <ele>363.256667</ele>
        <time>2021-07-24T15:39:54.000Z</time>
      </trkpt>
      <trkpt lat="49.028176" lon="9.278671">
        <ele>363.237948</ele>
        <time>2021-07-24T15:39:55.000Z</time>
      </trkpt>
      <trkpt lat="49.028172" lon="9.278663">
        <ele>363.220991</ele>
        <time>2021-07-24T15:39:56.000Z</time>
      </trkpt>
      <trkpt lat="49.028167" lon="9.278660">
        <ele>363.207179</ele>
        <time>2021-07-24T15:39:57.000Z</time>
      </trkpt>
      <trkpt lat="49.028165" lon="9.278663">
        <ele>363.199968</ele>
        <time>2021-07-24T15:39:58.000Z</time>
      </trkpt>
      <trkpt lat="49.028164" lon="9.278669">
        <ele>363.189533</ele>
        <time>2021-07-24T15:39:59.000Z</time>
      </trkpt>
      <trkpt lat="49.028164" lon="9.278672">
        <ele>363.184476</ele>
        <time>2021-07-24T15:40:00.000Z</time>
      </trkpt>
      <trkpt lat="49.028163" lon="9.278672">
        <ele>363.181906</ele>
        <time>2021-07-24T15:40:01.000Z</time>
      </trkpt>
      <trkpt lat="49.028162" lon="9.278673">
        <ele>363.178832</ele>
        <time>2021-07-24T15:40:02.000Z</time>
      </trkpt>
      <trkpt lat="49.028161" lon="9.278673">
        <ele>363.176261</ele>
        <time>2021-07-24T15:40:03.000Z</time>
      </trkpt>
      <trkpt lat="49.028160" lon="9.278673">
        <ele>363.173691</ele>
        <time>2021-07-24T15:40:04.000Z</time>
      </trkpt>
      <trkpt lat="49.028160" lon="9.278673">
        <ele>363.173691</ele>
        <time>2021-07-24T15:40:05.000Z</time>
      </trkpt>
      <trkpt lat="49.028159" lon="9.278673">
        <ele>363.171120</ele>
        <time>2021-07-24T15:40:07.000Z</time>
      </trkpt>
      <trkpt lat="49.028159" lon="9.278672">
        <ele>363.169434</ele>
        <time>2021-07-24T15:40:08.000Z</time>
      </trkpt>
      <trkpt lat="49.028159" lon="9.278672">
        <ele>363.169434</ele>
        <time>2021-07-24T15:40:09.000Z</time>
      </trkpt>
      <trkpt lat="49.028160" lon="9.278672">
        <ele>363.166864</ele>
        <time>2021-07-24T15:40:10.000Z</time>
      </trkpt>
      <trkpt lat="49.028157" lon="9.278674">
        <ele>363.158447</ele>
        <time>2021-07-24T15:40:11.000Z</time>
      </trkpt>
      <trkpt lat="49.028152" lon="9.278679">
        <ele>363.143077</ele>
        <time>2021-07-24T15:40:12.000Z</time>
      </trkpt>
      <trkpt lat="49.028150" lon="9.278686">
        <ele>363.130207</ele>
        <time>2021-07-24T15:40:13.000Z</time>
      </trkpt>
      <trkpt lat="49.028152" lon="9.278689">
        <ele>363.122996</ele>
        <time>2021-07-24T15:40:14.000Z</time>
      </trkpt>
      <trkpt lat="49.028153" lon="9.278689">
        <ele>363.120425</ele>
        <time>2021-07-24T15:40:15.000Z</time>
      </trkpt>
      <trkpt lat="49.028153" lon="9.278689">
        <ele>363.120425</ele>
        <time>2021-07-24T15:40:16.000Z</time>
      </trkpt>
      <trkpt lat="49.028154" lon="9.278689">
        <ele>363.117855</ele>
        <time>2021-07-24T15:40:17.000Z</time>
      </trkpt>
      <trkpt lat="49.028152" lon="9.278692">
        <ele>363.110644</ele>
        <time>2021-07-24T15:40:18.000Z</time>
      </trkpt>
      <trkpt lat="49.028151" lon="9.278700">
        <ele>363.096916</ele>
        <time>2021-07-24T15:40:19.000Z</time>
      </trkpt>
      <trkpt lat="49.028151" lon="9.278704">
        <ele>363.090174</ele>
        <time>2021-07-24T15:40:20.000Z</time>
      </trkpt>
      <trkpt lat="49.028153" lon="9.278702">
        <ele>363.084026</ele>
        <time>2021-07-24T15:40:21.000Z</time>
      </trkpt>
      <trkpt lat="49.028153" lon="9.278701">
        <ele>363.082341</ele>
        <time>2021-07-24T15:40:22.000Z</time>
      </trkpt>
      <trkpt lat="49.028154" lon="9.278700">
        <ele>363.079267</ele>
        <time>2021-07-24T15:40:23.000Z</time>
      </trkpt>
      <trkpt lat="49.028154" lon="9.278699">
        <ele>363.077581</ele>
        <time>2021-07-24T15:40:24.000Z</time>
      </trkpt>
      <trkpt lat="49.028155" lon="9.278698">
        <ele>363.074507</ele>
        <time>2021-07-24T15:40:25.000Z</time>
      </trkpt>
      <trkpt lat="49.028156" lon="9.278697">
        <ele>363.071434</ele>
        <time>2021-07-24T15:40:26.000Z</time>
      </trkpt>
      <trkpt lat="49.028156" lon="9.278697">
        <ele>363.071434</ele>
        <time>2021-07-24T15:40:27.000Z</time>
      </trkpt>
      <trkpt lat="49.028157" lon="9.278696">
        <ele>363.068360</ele>
        <time>2021-07-24T15:40:28.000Z</time>
      </trkpt>
      <trkpt lat="49.028157" lon="9.278694">
        <ele>363.064988</ele>
        <time>2021-07-24T15:40:29.000Z</time>
      </trkpt>
      <trkpt lat="49.028157" lon="9.278694">
        <ele>363.064988</ele>
        <time>2021-07-24T15:40:30.000Z</time>
      </trkpt>
      <trkpt lat="49.028157" lon="9.278697">
        <ele>363.059932</ele>
        <time>2021-07-24T15:40:31.000Z</time>
      </trkpt>
      <trkpt lat="49.028158" lon="9.278704">
        <ele>363.047856</ele>
        <time>2021-07-24T15:40:32.000Z</time>
      </trkpt>
      <trkpt lat="49.028160" lon="9.278714">
        <ele>363.030234</ele>
        <time>2021-07-24T15:40:33.000Z</time>
      </trkpt>
      <trkpt lat="49.028162" lon="9.278721">
        <ele>363.017364</ele>
        <time>2021-07-24T15:40:34.000Z</time>
      </trkpt>
      <trkpt lat="49.028164" lon="9.278719">
        <ele>363.011216</ele>
        <time>2021-07-24T15:40:35.000Z</time>
      </trkpt>
      <trkpt lat="49.028164" lon="9.278718">
        <ele>363.009531</ele>
        <time>2021-07-24T15:40:36.000Z</time>
      </trkpt>
      <trkpt lat="49.028165" lon="9.278717">
        <ele>363.006457</ele>
        <time>2021-07-24T15:40:37.000Z</time>
      </trkpt>
      <trkpt lat="49.028165" lon="9.278716">
        <ele>363.004771</ele>
        <time>2021-07-24T15:40:38.000Z</time>
      </trkpt>
      <trkpt lat="49.028165" lon="9.278718">
        <ele>363.001400</ele>
        <time>2021-07-24T15:40:39.000Z</time>
      </trkpt>
      <trkpt lat="49.028165" lon="9.278719">
        <ele>362.999715</ele>
        <time>2021-07-24T15:40:40.000Z</time>
      </trkpt>
      <trkpt lat="49.028166" lon="9.278727">
        <ele>362.985988</ele>
        <time>2021-07-24T15:40:41.000Z</time>
      </trkpt>
      <trkpt lat="49.028163" lon="9.278755">
        <ele>362.938167</ele>
        <time>2021-07-24T15:40:42.000Z</time>
      </trkpt>
      <trkpt lat="49.028158" lon="9.278787">
        <ele>362.882719</ele>
        <time>2021-07-24T15:40:43.000Z</time>
      </trkpt>
      <trkpt lat="49.028152" lon="9.278809">
        <ele>362.842558</ele>
        <time>2021-07-24T15:40:44.000Z</time>
      </trkpt>
      <trkpt lat="49.028146" lon="9.278827">
        <ele>362.808523</ele>
        <time>2021-07-24T15:40:45.000Z</time>
      </trkpt>
      <trkpt lat="49.028141" lon="9.278839">
        <ele>362.784558</ele>
        <time>2021-07-24T15:40:46.000Z</time>
      </trkpt>
      <trkpt lat="49.028140" lon="9.278842">
        <ele>362.778886</ele>
        <time>2021-07-24T15:40:47.000Z</time>
      </trkpt>
      <trkpt lat="49.028142" lon="9.278840">
        <ele>362.772738</ele>
        <time>2021-07-24T15:40:48.000Z</time>
      </trkpt>
      <trkpt lat="49.028143" lon="9.278839">
        <ele>362.769664</ele>
        <time>2021-07-24T15:40:49.000Z</time>
      </trkpt>
      <trkpt lat="49.028143" lon="9.278839">
        <ele>362.769664</ele>
        <time>2021-07-24T15:40:50.000Z</time>
      </trkpt>
      <trkpt lat="49.028144" lon="9.278842">
        <ele>362.763991</ele>
        <time>2021-07-24T15:40:51.000Z</time>
      </trkpt>
      <trkpt lat="49.028143" lon="9.278861">
        <ele>362.731863</ele>
        <time>2021-07-24T15:40:52.000Z</time>
      </trkpt>
      <trkpt lat="49.028142" lon="9.278891">
        <ele>362.681232</ele>
        <time>2021-07-24T15:40:53.000Z</time>
      </trkpt>
      <trkpt lat="49.028143" lon="9.278906">
        <ele>362.655819</ele>
        <time>2021-07-24T15:40:54.000Z</time>
      </trkpt>
      <trkpt lat="49.028146" lon="9.278902">
        <ele>362.645575</ele>
        <time>2021-07-24T15:40:55.000Z</time>
      </trkpt>
      <trkpt lat="49.028147" lon="9.278898">
        <ele>362.638359</ele>
        <time>2021-07-24T15:40:56.000Z</time>
      </trkpt>
      <trkpt lat="49.028152" lon="9.278917">
        <ele>362.603851</ele>
        <time>2021-07-24T15:40:57.000Z</time>
      </trkpt>
      <trkpt lat="49.028158" lon="9.278948">
        <ele>362.549371</ele>
        <time>2021-07-24T15:40:58.000Z</time>
      </trkpt>
      <trkpt lat="49.028162" lon="9.278979">
        <ele>362.496117</ele>
        <time>2021-07-24T15:40:59.000Z</time>
      </trkpt>
      <trkpt lat="49.028163" lon="9.279018">
        <ele>362.430331</ele>
        <time>2021-07-24T15:41:00.000Z</time>
      </trkpt>
      <trkpt lat="49.028162" lon="9.279055">
        <ele>362.367914</ele>
        <time>2021-07-24T15:41:01.000Z</time>
      </trkpt>
      <trkpt lat="49.028158" lon="9.279094">
        <ele>362.301379</ele>
        <time>2021-07-24T15:41:02.000Z</time>
      </trkpt>
      <trkpt lat="49.028154" lon="9.279137">
        <ele>362.228175</ele>
        <time>2021-07-24T15:41:03.000Z</time>
      </trkpt>
      <trkpt lat="49.028151" lon="9.279183">
        <ele>362.150258</ele>
        <time>2021-07-24T15:41:04.000Z</time>
      </trkpt>
      <trkpt lat="49.028150" lon="9.279234">
        <ele>362.064257</ele>
        <time>2021-07-24T15:41:05.000Z</time>
      </trkpt>
      <trkpt lat="49.028148" lon="9.279291">
        <ele>361.968044</ele>
        <time>2021-07-24T15:41:06.000Z</time>
      </trkpt>
      <trkpt lat="49.028143" lon="9.279351">
        <ele>361.866099</ele>
        <time>2021-07-24T15:41:07.000Z</time>
      </trkpt>
      <trkpt lat="49.028138" lon="9.279415">
        <ele>361.757462</ele>
        <time>2021-07-24T15:41:08.000Z</time>
      </trkpt>
      <trkpt lat="49.028137" lon="9.279474">
        <ele>361.657982</ele>
        <time>2021-07-24T15:41:09.000Z</time>
      </trkpt>
      <trkpt lat="49.028136" lon="9.279550">
        <ele>361.529856</ele>
        <time>2021-07-24T15:41:10.000Z</time>
      </trkpt>
      <trkpt lat="49.028131" lon="9.279624">
        <ele>361.404466</ele>
        <time>2021-07-24T15:41:11.000Z</time>
      </trkpt>
      <trkpt lat="49.028131" lon="9.279703">
        <ele>361.271309</ele>
        <time>2021-07-24T15:41:12.000Z</time>
      </trkpt>
      <trkpt lat="49.028126" lon="9.279787">
        <ele>361.129142</ele>
        <time>2021-07-24T15:41:13.000Z</time>
      </trkpt>
      <trkpt lat="49.028121" lon="9.279870">
        <ele>360.988653</ele>
        <time>2021-07-24T15:41:14.000Z</time>
      </trkpt>
      <trkpt lat="49.028112" lon="9.279951">
        <ele>360.850179</ele>
        <time>2021-07-24T15:41:15.000Z</time>
      </trkpt>
      <trkpt lat="49.028109" lon="9.280034">
        <ele>360.710067</ele>
        <time>2021-07-24T15:41:16.000Z</time>
      </trkpt>
      <trkpt lat="49.028100" lon="9.280123">
        <ele>360.558281</ele>
        <time>2021-07-24T15:41:17.000Z</time>
      </trkpt>
      <trkpt lat="49.028093" lon="9.280210">
        <ele>360.410540</ele>
        <time>2021-07-24T15:41:18.000Z</time>
      </trkpt>
      <trkpt lat="49.028087" lon="9.280294">
        <ele>360.268117</ele>
        <time>2021-07-24T15:41:19.000Z</time>
      </trkpt>
      <trkpt lat="49.028084" lon="9.280378">
        <ele>360.126322</ele>
        <time>2021-07-24T15:41:20.000Z</time>
      </trkpt>
      <trkpt lat="49.028079" lon="9.280458">
        <ele>359.990868</ele>
        <time>2021-07-24T15:41:21.000Z</time>
      </trkpt>
      <trkpt lat="49.028075" lon="9.280527">
        <ele>359.677031</ele>
        <time>2021-07-24T15:41:22.000Z</time>
      </trkpt>
      <trkpt lat="49.028065" lon="9.280592">
        <ele>359.278541</ele>
        <time>2021-07-24T15:41:23.000Z</time>
      </trkpt>
      <trkpt lat="49.028064" lon="9.280652">
        <ele>358.920313</ele>
        <time>2021-07-24T15:41:24.000Z</time>
      </trkpt>
      <trkpt lat="49.028056" lon="9.280693">
        <ele>358.664998</ele>
        <time>2021-07-24T15:41:25.000Z</time>
      </trkpt>
      <trkpt lat="49.028057" lon="9.280722">
        <ele>358.491672</ele>
        <time>2021-07-24T15:41:26.000Z</time>
      </trkpt>
      <trkpt lat="49.028059" lon="9.280745">
        <ele>358.353194</ele>
        <time>2021-07-24T15:41:27.000Z</time>
      </trkpt>
      <trkpt lat="49.028059" lon="9.280768">
        <ele>358.215918</ele>
        <time>2021-07-24T15:41:28.000Z</time>
      </trkpt>
      <trkpt lat="49.028054" lon="9.280801">
        <ele>358.013766</ele>
        <time>2021-07-24T15:41:29.000Z</time>
      </trkpt>
      <trkpt lat="49.028053" lon="9.280834">
        <ele>357.816595</ele>
        <time>2021-07-24T15:41:30.000Z</time>
      </trkpt>
      <trkpt lat="49.028049" lon="9.280877">
        <ele>357.557378</ele>
        <time>2021-07-24T15:41:31.000Z</time>
      </trkpt>
      <trkpt lat="49.028048" lon="9.280922">
        <ele>357.288640</ele>
        <time>2021-07-24T15:41:32.000Z</time>
      </trkpt>
      <trkpt lat="49.028045" lon="9.280977">
        <ele>356.959237</ele>
        <time>2021-07-24T15:41:33.000Z</time>
      </trkpt>
      <trkpt lat="49.028043" lon="9.281041">
        <ele>356.576817</ele>
        <time>2021-07-24T15:41:34.000Z</time>
      </trkpt>
      <trkpt lat="49.028039" lon="9.281107">
        <ele>356.181215</ele>
        <time>2021-07-24T15:41:35.000Z</time>
      </trkpt>
      <trkpt lat="49.028036" lon="9.281163">
        <ele>355.845864</ele>
        <time>2021-07-24T15:41:36.000Z</time>
      </trkpt>
      <trkpt lat="49.028034" lon="9.281207">
        <ele>355.582618</ele>
        <time>2021-07-24T15:41:37.000Z</time>
      </trkpt>
      <trkpt lat="49.028033" lon="9.281246">
        <ele>355.349668</ele>
        <time>2021-07-24T15:41:38.000Z</time>
      </trkpt>
      <trkpt lat="49.028031" lon="9.281282">
        <ele>355.134031</ele>
        <time>2021-07-24T15:41:39.000Z</time>
      </trkpt>
      <trkpt lat="49.028030" lon="9.281316">
        <ele>354.930897</ele>
        <time>2021-07-24T15:41:40.000Z</time>
      </trkpt>
      <trkpt lat="49.028028" lon="9.281351">
        <ele>354.721206</ele>
        <time>2021-07-24T15:41:41.000Z</time>
      </trkpt>
      <trkpt lat="49.028024" lon="9.281392">
        <ele>354.473802</ele>
        <time>2021-07-24T15:41:42.000Z</time>
      </trkpt>
      <trkpt lat="49.028020" lon="9.281433">
        <ele>354.226399</ele>
        <time>2021-07-24T15:41:43.000Z</time>
      </trkpt>
      <trkpt lat="49.028015" lon="9.281473">
        <ele>353.983358</ele>
        <time>2021-07-24T15:41:44.000Z</time>
      </trkpt>
      <trkpt lat="49.028012" lon="9.281520">
        <ele>353.701511</ele>
        <time>2021-07-24T15:41:45.000Z</time>
      </trkpt>
      <trkpt lat="49.028010" lon="9.281567">
        <ele>353.420400</ele>
        <time>2021-07-24T15:41:46.000Z</time>
      </trkpt>
      <trkpt lat="49.028010" lon="9.281609">
        <ele>353.169721</ele>
        <time>2021-07-24T15:41:47.000Z</time>
      </trkpt>
      <trkpt lat="49.028008" lon="9.281652">
        <ele>352.912429</ele>
        <time>2021-07-24T15:41:48.000Z</time>
      </trkpt>
      <trkpt lat="49.028005" lon="9.281696">
        <ele>352.648398</ele>
        <time>2021-07-24T15:41:49.000Z</time>
      </trkpt>
      <trkpt lat="49.027999" lon="9.281744">
        <ele>352.356749</ele>
        <time>2021-07-24T15:41:50.000Z</time>
      </trkpt>
      <trkpt lat="49.027992" lon="9.281794">
        <ele>352.051595</ele>
        <time>2021-07-24T15:41:51.000Z</time>
      </trkpt>
      <trkpt lat="49.027985" lon="9.281849">
        <ele>351.717199</ele>
        <time>2021-07-24T15:41:52.000Z</time>
      </trkpt>
      <trkpt lat="49.027980" lon="9.281897">
        <ele>351.427116</ele>
        <time>2021-07-24T15:41:53.000Z</time>
      </trkpt>
      <trkpt lat="49.027975" lon="9.281953">
        <ele>351.089794</ele>
        <time>2021-07-24T15:41:54.000Z</time>
      </trkpt>
      <trkpt lat="49.027968" lon="9.282016">
        <ele>350.708415</ele>
        <time>2021-07-24T15:41:55.000Z</time>
      </trkpt>
      <trkpt lat="49.027957" lon="9.282090">
        <ele>350.255536</ele>
        <time>2021-07-24T15:41:56.000Z</time>
      </trkpt>
      <trkpt lat="49.027955" lon="9.282147">
        <ele>349.914842</ele>
        <time>2021-07-24T15:41:57.000Z</time>
      </trkpt>
      <trkpt lat="49.027951" lon="9.282221">
        <ele>349.471672</ele>
        <time>2021-07-24T15:41:58.000Z</time>
      </trkpt>
      <trkpt lat="49.027943" lon="9.282296">
        <ele>349.018147</ele>
        <time>2021-07-24T15:41:59.000Z</time>
      </trkpt>
      <trkpt lat="49.027937" lon="9.282371">
        <ele>348.567187</ele>
        <time>2021-07-24T15:42:00.000Z</time>
      </trkpt>
      <trkpt lat="49.027927" lon="9.282453">
        <ele>348.069373</ele>
        <time>2021-07-24T15:42:01.000Z</time>
      </trkpt>
      <trkpt lat="49.027916" lon="9.282527">
        <ele>347.616493</ele>
        <time>2021-07-24T15:42:02.000Z</time>
      </trkpt>
      <trkpt lat="49.027905" lon="9.282610">
        <ele>347.111086</ele>
        <time>2021-07-24T15:42:03.000Z</time>
      </trkpt>
      <trkpt lat="49.027900" lon="9.282698">
        <ele>346.583886</ele>
        <time>2021-07-24T15:42:04.000Z</time>
      </trkpt>
      <trkpt lat="49.027891" lon="9.282787">
        <ele>346.046405</ele>
        <time>2021-07-24T15:42:05.000Z</time>
      </trkpt>
      <trkpt lat="49.027885" lon="9.282881">
        <ele>345.482709</ele>
        <time>2021-07-24T15:42:06.000Z</time>
      </trkpt>
      <trkpt lat="49.027877" lon="9.282987">
        <ele>344.845866</ele>
        <time>2021-07-24T15:42:07.000Z</time>
      </trkpt>
      <trkpt lat="49.027862" lon="9.283085">
        <ele>344.245223</ele>
        <time>2021-07-24T15:42:08.000Z</time>
      </trkpt>
      <trkpt lat="49.027855" lon="9.283185">
        <ele>343.644976</ele>
        <time>2021-07-24T15:42:09.000Z</time>
      </trkpt>
      <trkpt lat="49.027843" lon="9.283280">
        <ele>343.051665</ele>
        <time>2021-07-24T15:42:10.000Z</time>
      </trkpt>
      <trkpt lat="49.027835" lon="9.283385">
        <ele>342.401179</ele>
        <time>2021-07-24T15:42:11.000Z</time>
      </trkpt>
      <trkpt lat="49.027828" lon="9.283475">
        <ele>341.843462</ele>
        <time>2021-07-24T15:42:12.000Z</time>
      </trkpt>
      <trkpt lat="49.027818" lon="9.283558">
        <ele>341.324154</ele>
        <time>2021-07-24T15:42:13.000Z</time>
      </trkpt>
      <trkpt lat="49.027801" lon="9.283641">
        <ele>340.789057</ele>
        <time>2021-07-24T15:42:14.000Z</time>
      </trkpt>
      <trkpt lat="49.027775" lon="9.283709">
        <ele>340.304657</ele>
        <time>2021-07-24T15:42:15.000Z</time>
      </trkpt>
      <trkpt lat="49.027723" lon="9.283757">
        <ele>339.734206</ele>
        <time>2021-07-24T15:42:16.000Z</time>
      </trkpt>
      <trkpt lat="49.027661" lon="9.283768">
        <ele>339.148408</ele>
        <time>2021-07-24T15:42:17.000Z</time>
      </trkpt>
      <trkpt lat="49.027599" lon="9.283768">
        <ele>338.566535</ele>
        <time>2021-07-24T15:42:18.000Z</time>
      </trkpt>
      <trkpt lat="49.027541" lon="9.283754">
        <ele>338.015427</ele>
        <time>2021-07-24T15:42:19.000Z</time>
      </trkpt>
      <trkpt lat="49.027489" lon="9.283749">
        <ele>337.526435</ele>
        <time>2021-07-24T15:42:20.000Z</time>
      </trkpt>
      <trkpt lat="49.027440" lon="9.283747">
        <ele>337.066403</ele>
        <time>2021-07-24T15:42:21.000Z</time>
      </trkpt>
      <trkpt lat="49.027393" lon="9.283781">
        <ele>336.578199</ele>
        <time>2021-07-24T15:42:22.000Z</time>
      </trkpt>
      <trkpt lat="49.027353" lon="9.283842">
        <ele>336.047317</ele>
        <time>2021-07-24T15:42:23.000Z</time>
      </trkpt>
      <trkpt lat="49.027329" lon="9.283920">
        <ele>335.517102</ele>
        <time>2021-07-24T15:42:24.000Z</time>
      </trkpt>
      <trkpt lat="49.027310" lon="9.284010">
        <ele>334.935265</ele>
        <time>2021-07-24T15:42:25.000Z</time>
      </trkpt>
      <trkpt lat="49.027301" lon="9.284105">
        <ele>334.344586</ele>
        <time>2021-07-24T15:42:26.000Z</time>
      </trkpt>
      <trkpt lat="49.027281" lon="9.284213">
        <ele>333.653982</ele>
        <time>2021-07-24T15:42:27.000Z</time>
      </trkpt>
      <trkpt lat="49.027262" lon="9.284317">
        <ele>332.989612</ele>
        <time>2021-07-24T15:42:28.000Z</time>
      </trkpt>
      <trkpt lat="49.027238" lon="9.284422">
        <ele>332.305332</ele>
        <time>2021-07-24T15:42:29.000Z</time>
      </trkpt>
      <trkpt lat="49.027209" lon="9.284529">
        <ele>331.592845</ele>
        <time>2021-07-24T15:42:30.000Z</time>
      </trkpt>
      <trkpt lat="49.027177" lon="9.284640">
        <ele>330.846670</ele>
        <time>2021-07-24T15:42:31.000Z</time>
      </trkpt>
      <trkpt lat="49.027133" lon="9.284749">
        <ele>330.058987</ele>
        <time>2021-07-24T15:42:32.000Z</time>
      </trkpt>
      <trkpt lat="49.027081" lon="9.284854">
        <ele>329.249250</ele>
        <time>2021-07-24T15:42:33.000Z</time>
      </trkpt>
      <trkpt lat="49.027032" lon="9.284969">
        <ele>328.405272</ele>
        <time>2021-07-24T15:42:34.000Z</time>
      </trkpt>
      <trkpt lat="49.026983" lon="9.285082">
        <ele>327.571586</ele>
        <time>2021-07-24T15:42:35.000Z</time>
      </trkpt>
      <trkpt lat="49.026928" lon="9.285199">
        <ele>326.683595</ele>
        <time>2021-07-24T15:42:36.000Z</time>
      </trkpt>
      <trkpt lat="49.026884" lon="9.285316">
        <ele>325.722317</ele>
        <time>2021-07-24T15:42:37.000Z</time>
      </trkpt>
      <trkpt lat="49.026845" lon="9.285438">
        <ele>324.754987</ele>
        <time>2021-07-24T15:42:38.000Z</time>
      </trkpt>
      <trkpt lat="49.026809" lon="9.285553">
        <ele>323.846759</ele>
        <time>2021-07-24T15:42:39.000Z</time>
      </trkpt>
      <trkpt lat="49.026793" lon="9.285684">
        <ele>322.897053</ele>
        <time>2021-07-24T15:42:40.000Z</time>
      </trkpt>
      <trkpt lat="49.026790" lon="9.285830">
        <ele>321.855990</ele>
        <time>2021-07-24T15:42:41.000Z</time>
      </trkpt>
      <trkpt lat="49.026800" lon="9.285964">
        <ele>320.894796</ele>
        <time>2021-07-24T15:42:42.000Z</time>
      </trkpt>
      <trkpt lat="49.026824" lon="9.286090">
        <ele>319.959663</ele>
        <time>2021-07-24T15:42:43.000Z</time>
      </trkpt>
      <trkpt lat="49.026843" lon="9.286210">
        <ele>319.079835</ele>
        <time>2021-07-24T15:42:44.000Z</time>
      </trkpt>
      <trkpt lat="49.026849" lon="9.286324">
        <ele>318.264736</ele>
        <time>2021-07-24T15:42:45.000Z</time>
      </trkpt>
      <trkpt lat="49.026828" lon="9.286431">
        <ele>317.468712</ele>
        <time>2021-07-24T15:42:46.000Z</time>
      </trkpt>
      <trkpt lat="49.026784" lon="9.286507">
        <ele>316.746136</ele>
        <time>2021-07-24T15:42:47.000Z</time>
      </trkpt>
      <trkpt lat="49.026718" lon="9.286548">
        <ele>315.971531</ele>
        <time>2021-07-24T15:42:48.000Z</time>
      </trkpt>
      <trkpt lat="49.026654" lon="9.286578">
        <ele>315.243777</ele>
        <time>2021-07-24T15:42:49.000Z</time>
      </trkpt>
      <trkpt lat="49.026582" lon="9.286609">
        <ele>314.430597</ele>
        <time>2021-07-24T15:42:50.000Z</time>
      </trkpt>
      <trkpt lat="49.026513" lon="9.286640">
        <ele>313.648747</ele>
        <time>2021-07-24T15:42:51.000Z</time>
      </trkpt>
      <trkpt lat="49.026443" lon="9.286670">
        <ele>312.858423</ele>
        <time>2021-07-24T15:42:52.000Z</time>
      </trkpt>
      <trkpt lat="49.026361" lon="9.286695">
        <ele>311.949504</ele>
        <time>2021-07-24T15:42:53.000Z</time>
      </trkpt>
      <trkpt lat="49.026277" lon="9.286730">
        <ele>311.003018</ele>
        <time>2021-07-24T15:42:54.000Z</time>
      </trkpt>
      <trkpt lat="49.026192" lon="9.286772">
        <ele>310.031843</ele>
        <time>2021-07-24T15:42:55.000Z</time>
      </trkpt>
      <trkpt lat="49.026104" lon="9.286807">
        <ele>309.043351</ele>
        <time>2021-07-24T15:42:56.000Z</time>
      </trkpt>
      <trkpt lat="49.026020" lon="9.286838">
        <ele>308.103976</ele>
        <time>2021-07-24T15:42:57.000Z</time>
      </trkpt>
      <trkpt lat="49.025947" lon="9.286869">
        <ele>307.280329</ele>
        <time>2021-07-24T15:42:58.000Z</time>
      </trkpt>
      <trkpt lat="49.025882" lon="9.286885">
        <ele>306.877162</ele>
        <time>2021-07-24T15:42:59.000Z</time>
      </trkpt>
      <trkpt lat="49.025817" lon="9.286862">
        <ele>306.539861</ele>
        <time>2021-07-24T15:43:00.000Z</time>
      </trkpt>
      <trkpt lat="49.025760" lon="9.286809">
        <ele>306.202397</ele>
        <time>2021-07-24T15:43:01.000Z</time>
      </trkpt>
      <trkpt lat="49.025709" lon="9.286748">
        <ele>305.874762</ele>
        <time>2021-07-24T15:43:02.000Z</time>
      </trkpt>
      <trkpt lat="49.025661" lon="9.286672">
        <ele>305.525000</ele>
        <time>2021-07-24T15:43:03.000Z</time>
      </trkpt>
      <trkpt lat="49.025616" lon="9.286577">
        <ele>305.136541</ele>
        <time>2021-07-24T15:43:04.000Z</time>
      </trkpt>
      <trkpt lat="49.025586" lon="9.286471">
        <ele>304.753858</ele>
        <time>2021-07-24T15:43:05.000Z</time>
      </trkpt>
      <trkpt lat="49.025573" lon="9.286356">
        <ele>304.367051</ele>
        <time>2021-07-24T15:43:06.000Z</time>
      </trkpt>
      <trkpt lat="49.025581" lon="9.286246">
        <ele>304.000204</ele>
        <time>2021-07-24T15:43:07.000Z</time>
      </trkpt>
      <trkpt lat="49.025595" lon="9.286140">
        <ele>303.641795</ele>
        <time>2021-07-24T15:43:08.000Z</time>
      </trkpt>
      <trkpt lat="49.025607" lon="9.286033">
        <ele>303.281977</ele>
        <time>2021-07-24T15:43:09.000Z</time>
      </trkpt>
      <trkpt lat="49.025620" lon="9.285942">
        <ele>302.973269</ele>
        <time>2021-07-24T15:43:10.000Z</time>
      </trkpt>
      <trkpt lat="49.025630" lon="9.285846">
        <ele>302.651073</ele>
        <time>2021-07-24T15:43:11.000Z</time>
      </trkpt>
      <trkpt lat="49.025642" lon="9.285751">
        <ele>302.330392</ele>
        <time>2021-07-24T15:43:12.000Z</time>
      </trkpt>
      <trkpt lat="49.025657" lon="9.285661">
        <ele>302.022589</ele>
        <time>2021-07-24T15:43:13.000Z</time>
      </trkpt>
      <trkpt lat="49.025669" lon="9.285566">
        <ele>301.701908</ele>
        <time>2021-07-24T15:43:14.000Z</time>
      </trkpt>
      <trkpt lat="49.025676" lon="9.285477">
        <ele>301.404791</ele>
        <time>2021-07-24T15:43:15.000Z</time>
      </trkpt>
      <trkpt lat="49.025692" lon="9.285395">
        <ele>301.121212</ele>
        <time>2021-07-24T15:43:16.000Z</time>
      </trkpt>
      <trkpt lat="49.025703" lon="9.285308">
        <ele>300.827526</ele>
        <time>2021-07-24T15:43:17.000Z</time>
      </trkpt>
      <trkpt lat="49.025713" lon="9.285229">
        <ele>300.560835</ele>
        <time>2021-07-24T15:43:18.000Z</time>
      </trkpt>
      <trkpt lat="49.025723" lon="9.285147">
        <ele>300.284374</ele>
        <time>2021-07-24T15:43:19.000Z</time>
      </trkpt>
      <trkpt lat="49.025737" lon="9.285075">
        <ele>300.035448</ele>
        <time>2021-07-24T15:43:20.000Z</time>
      </trkpt>
      <trkpt lat="49.025746" lon="9.284995">
        <ele>299.766402</ele>
        <time>2021-07-24T15:43:21.000Z</time>
      </trkpt>
      <trkpt lat="49.025754" lon="9.284904">
        <ele>299.462072</ele>
        <time>2021-07-24T15:43:22.000Z</time>
      </trkpt>
      <trkpt lat="49.025764" lon="9.284827">
        <ele>299.201887</ele>
        <time>2021-07-24T15:43:23.000Z</time>
      </trkpt>
      <trkpt lat="49.025775" lon="9.284745">
        <ele>298.924457</ele>
        <time>2021-07-24T15:43:24.000Z</time>
      </trkpt>
      <trkpt lat="49.025786" lon="9.284659">
        <ele>298.634026</ele>
        <time>2021-07-24T15:43:25.000Z</time>
      </trkpt>
      <trkpt lat="49.025798" lon="9.284580">
        <ele>298.365236</ele>
        <time>2021-07-24T15:43:26.000Z</time>
      </trkpt>
      <trkpt lat="49.025810" lon="9.284502">
        <ele>298.099674</ele>
        <time>2021-07-24T15:43:27.000Z</time>
      </trkpt>
      <trkpt lat="49.025823" lon="9.284427">
        <ele>298.099656</ele>
        <time>2021-07-24T15:43:28.000Z</time>
      </trkpt>
      <trkpt lat="49.025834" lon="9.284348">
        <ele>298.153256</ele>
        <time>2021-07-24T15:43:29.000Z</time>
      </trkpt>
      <trkpt lat="49.025838" lon="9.284273">
        <ele>298.203196</ele>
        <time>2021-07-24T15:43:30.000Z</time>
      </trkpt>
      <trkpt lat="49.025855" lon="9.284191">
        <ele>298.260273</ele>
        <time>2021-07-24T15:43:31.000Z</time>
      </trkpt>
      <trkpt lat="49.025870" lon="9.284113">
        <ele>298.314221</ele>
        <time>2021-07-24T15:43:32.000Z</time>
      </trkpt>
      <trkpt lat="49.025884" lon="9.284034">
        <ele>298.368533</ele>
        <time>2021-07-24T15:43:33.000Z</time>
      </trkpt>
      <trkpt lat="49.025899" lon="9.283955">
        <ele>298.423118</ele>
        <time>2021-07-24T15:43:34.000Z</time>
      </trkpt>
      <trkpt lat="49.025902" lon="9.283876">
        <ele>298.475636</ele>
        <time>2021-07-24T15:43:35.000Z</time>
      </trkpt>
      <trkpt lat="49.025913" lon="9.283794">
        <ele>298.531185</ele>
        <time>2021-07-24T15:43:36.000Z</time>
      </trkpt>
      <trkpt lat="49.025927" lon="9.283713">
        <ele>298.586779</ele>
        <time>2021-07-24T15:43:37.000Z</time>
      </trkpt>
      <trkpt lat="49.025943" lon="9.283643">
        <ele>298.635979</ele>
        <time>2021-07-24T15:43:38.000Z</time>
      </trkpt>
      <trkpt lat="49.025955" lon="9.283572">
        <ele>298.684640</ele>
        <time>2021-07-24T15:43:39.000Z</time>
      </trkpt>
      <trkpt lat="49.025960" lon="9.283500">
        <ele>298.732692</ele>
        <time>2021-07-24T15:43:40.000Z</time>
      </trkpt>
      <trkpt lat="49.025972" lon="9.283436">
        <ele>298.776870</ele>
        <time>2021-07-24T15:43:41.000Z</time>
      </trkpt>
      <trkpt lat="49.025985" lon="9.283369">
        <ele>298.823243</ele>
        <time>2021-07-24T15:43:42.000Z</time>
      </trkpt>
      <trkpt lat="49.025997" lon="9.283303">
        <ele>298.868698</ele>
        <time>2021-07-24T15:43:43.000Z</time>
      </trkpt>
      <trkpt lat="49.026005" lon="9.283233">
        <ele>298.915856</ele>
        <time>2021-07-24T15:43:44.000Z</time>
      </trkpt>
      <trkpt lat="49.026012" lon="9.283163">
        <ele>298.962851</ele>
        <time>2021-07-24T15:43:45.000Z</time>
      </trkpt>
      <trkpt lat="49.026020" lon="9.283097">
        <ele>299.007396</ele>
        <time>2021-07-24T15:43:46.000Z</time>
      </trkpt>
      <trkpt lat="49.026030" lon="9.283033">
        <ele>299.051061</ele>
        <time>2021-07-24T15:43:47.000Z</time>
      </trkpt>
      <trkpt lat="49.026037" lon="9.282974">
        <ele>299.090854</ele>
        <time>2021-07-24T15:43:48.000Z</time>
      </trkpt>
      <trkpt lat="49.026047" lon="9.282913">
        <ele>299.132584</ele>
        <time>2021-07-24T15:43:49.000Z</time>
      </trkpt>
      <trkpt lat="49.026049" lon="9.282859">
        <ele>299.168480</ele>
        <time>2021-07-24T15:43:50.000Z</time>
      </trkpt>
      <trkpt lat="49.026055" lon="9.282810">
        <ele>299.201562</ele>
        <time>2021-07-24T15:43:51.000Z</time>
      </trkpt>
      <trkpt lat="49.026056" lon="9.282755">
        <ele>299.238079</ele>
        <time>2021-07-24T15:43:52.000Z</time>
      </trkpt>
      <trkpt lat="49.026060" lon="9.282698">
        <ele>299.276124</ele>
        <time>2021-07-24T15:43:53.000Z</time>
      </trkpt>
      <trkpt lat="49.026064" lon="9.282642">
        <ele>299.313510</ele>
        <time>2021-07-24T15:43:54.000Z</time>
      </trkpt>
      <trkpt lat="49.026064" lon="9.282589">
        <ele>299.348685</ele>
        <time>2021-07-24T15:43:55.000Z</time>
      </trkpt>
      <trkpt lat="49.026070" lon="9.282534">
        <ele>299.385689</ele>
        <time>2021-07-24T15:43:56.000Z</time>
      </trkpt>
      <trkpt lat="49.026075" lon="9.282472">
        <ele>299.427147</ele>
        <time>2021-07-24T15:43:57.000Z</time>
      </trkpt>
      <trkpt lat="49.026076" lon="9.282410">
        <ele>299.468308</ele>
        <time>2021-07-24T15:43:58.000Z</time>
      </trkpt>
      <trkpt lat="49.026077" lon="9.282349">
        <ele>299.508805</ele>
        <time>2021-07-24T15:43:59.000Z</time>
      </trkpt>
      <trkpt lat="49.026078" lon="9.282285">
        <ele>299.551292</ele>
        <time>2021-07-24T15:44:00.000Z</time>
      </trkpt>
      <trkpt lat="49.026081" lon="9.282218">
        <ele>299.595862</ele>
        <time>2021-07-24T15:44:01.000Z</time>
      </trkpt>
      <trkpt lat="49.026086" lon="9.282153">
        <ele>299.639297</ele>
        <time>2021-07-24T15:44:02.000Z</time>
      </trkpt>
      <trkpt lat="49.026090" lon="9.282087">
        <ele>299.683287</ele>
        <time>2021-07-24T15:44:03.000Z</time>
      </trkpt>
      <trkpt lat="49.026094" lon="9.282017">
        <ele>299.729920</ele>
        <time>2021-07-24T15:44:04.000Z</time>
      </trkpt>
      <trkpt lat="49.026092" lon="9.281937">
        <ele>299.783053</ele>
        <time>2021-07-24T15:44:05.000Z</time>
      </trkpt>
      <trkpt lat="49.026091" lon="9.281872">
        <ele>299.826204</ele>
        <time>2021-07-24T15:44:06.000Z</time>
      </trkpt>
      <trkpt lat="49.026095" lon="9.281805">
        <ele>299.870855</ele>
        <time>2021-07-24T15:44:07.000Z</time>
      </trkpt>
      <trkpt lat="49.026099" lon="9.281739">
        <ele>299.918405</ele>
        <time>2021-07-24T15:44:08.000Z</time>
      </trkpt>
      <trkpt lat="49.026095" lon="9.281668">
        <ele>299.970178</ele>
        <time>2021-07-24T15:44:09.000Z</time>
      </trkpt>
      <trkpt lat="49.026094" lon="9.281599">
        <ele>300.020321</ele>
        <time>2021-07-24T15:44:10.000Z</time>
      </trkpt>
      <trkpt lat="49.026091" lon="9.281527">
        <ele>300.072737</ele>
        <time>2021-07-24T15:44:11.000Z</time>
      </trkpt>
      <trkpt lat="49.026095" lon="9.281450">
        <ele>300.128855</ele>
        <time>2021-07-24T15:44:12.000Z</time>
      </trkpt>
      <trkpt lat="49.026101" lon="9.281375">
        <ele>300.183749</ele>
        <time>2021-07-24T15:44:13.000Z</time>
      </trkpt>
      <trkpt lat="49.026098" lon="9.281304">
        <ele>300.235440</ele>
        <time>2021-07-24T15:44:14.000Z</time>
      </trkpt>
      <trkpt lat="49.026091" lon="9.281238">
        <ele>300.284014</ele>
        <time>2021-07-24T15:44:15.000Z</time>
      </trkpt>
      <trkpt lat="49.026092" lon="9.281168">
        <ele>300.334884</ele>
        <time>2021-07-24T15:44:16.000Z</time>
      </trkpt>
      <trkpt lat="49.026095" lon="9.281092">
        <ele>300.390200</ele>
        <time>2021-07-24T15:44:17.000Z</time>
      </trkpt>
      <trkpt lat="49.026097" lon="9.281022">
        <ele>300.441106</ele>
        <time>2021-07-24T15:44:18.000Z</time>
      </trkpt>
      <trkpt lat="49.026091" lon="9.280949">
        <ele>300.494557</ele>
        <time>2021-07-24T15:44:19.000Z</time>
      </trkpt>
      <trkpt lat="49.026092" lon="9.280875">
        <ele>300.548332</ele>
        <time>2021-07-24T15:44:20.000Z</time>
      </trkpt>
      <trkpt lat="49.026089" lon="9.280800">
        <ele>300.602923</ele>
        <time>2021-07-24T15:44:21.000Z</time>
      </trkpt>
      <trkpt lat="49.026088" lon="9.280726">
        <ele>300.656698</ele>
        <time>2021-07-24T15:44:22.000Z</time>
      </trkpt>
      <trkpt lat="49.026093" lon="9.280648">
        <ele>300.713638</ele>
        <time>2021-07-24T15:44:23.000Z</time>
      </trkpt>
      <trkpt lat="49.026096" lon="9.280581">
        <ele>300.762429</ele>
        <time>2021-07-24T15:44:24.000Z</time>
      </trkpt>
      <trkpt lat="49.026097" lon="9.280509">
        <ele>300.814751</ele>
        <time>2021-07-24T15:44:25.000Z</time>
      </trkpt>
      <trkpt lat="49.026101" lon="9.280435">
        <ele>300.868697</ele>
        <time>2021-07-24T15:44:26.000Z</time>
      </trkpt>
      <trkpt lat="49.026105" lon="9.280359">
        <ele>300.924091</ele>
        <time>2021-07-24T15:44:27.000Z</time>
      </trkpt>
      <trkpt lat="49.026108" lon="9.280282">
        <ele>300.980132</ele>
        <time>2021-07-24T15:44:28.000Z</time>
      </trkpt>
      <trkpt lat="49.026109" lon="9.280209">
        <ele>301.033181</ele>
        <time>2021-07-24T15:44:29.000Z</time>
      </trkpt>
      <trkpt lat="49.026110" lon="9.280138">
        <ele>301.084776</ele>
        <time>2021-07-24T15:44:30.000Z</time>
      </trkpt>
      <trkpt lat="49.026107" lon="9.280061">
        <ele>301.140818</ele>
        <time>2021-07-24T15:44:31.000Z</time>
      </trkpt>
      <trkpt lat="49.026108" lon="9.279984">
        <ele>301.196772</ele>
        <time>2021-07-24T15:44:32.000Z</time>
      </trkpt>
      <trkpt lat="49.026112" lon="9.279903">
        <ele>301.255788</ele>
        <time>2021-07-24T15:44:33.000Z</time>
      </trkpt>
      <trkpt lat="49.026113" lon="9.279819">
        <ele>301.316826</ele>
        <time>2021-07-24T15:44:34.000Z</time>
      </trkpt>
      <trkpt lat="49.026113" lon="9.279738">
        <ele>301.375675</ele>
        <time>2021-07-24T15:44:35.000Z</time>
      </trkpt>
      <trkpt lat="49.026121" lon="9.279655">
        <ele>301.436625</ele>
        <time>2021-07-24T15:44:36.000Z</time>
      </trkpt>
      <trkpt lat="49.026129" lon="9.279567">
        <ele>301.501172</ele>
        <time>2021-07-24T15:44:37.000Z</time>
      </trkpt>
      <trkpt lat="49.026126" lon="9.279477">
        <ele>301.566644</ele>
        <time>2021-07-24T15:44:38.000Z</time>
      </trkpt>
      <trkpt lat="49.026126" lon="9.279390">
        <ele>301.629852</ele>
        <time>2021-07-24T15:44:39.000Z</time>
      </trkpt>
      <trkpt lat="49.026126" lon="9.279298">
        <ele>301.696693</ele>
        <time>2021-07-24T15:44:40.000Z</time>
      </trkpt>
      <trkpt lat="49.026129" lon="9.279210">
        <ele>301.760714</ele>
        <time>2021-07-24T15:44:41.000Z</time>
      </trkpt>
      <trkpt lat="49.026129" lon="9.279120">
        <ele>301.826102</ele>
        <time>2021-07-24T15:44:42.000Z</time>
      </trkpt>
      <trkpt lat="49.026130" lon="9.279030">
        <ele>301.884260</ele>
        <time>2021-07-24T15:44:43.000Z</time>
      </trkpt>
      <trkpt lat="49.026137" lon="9.278934">
        <ele>301.930647</ele>
        <time>2021-07-24T15:44:44.000Z</time>
      </trkpt>
      <trkpt lat="49.026138" lon="9.278837">
        <ele>301.977236</ele>
        <time>2021-07-24T15:44:45.000Z</time>
      </trkpt>
      <trkpt lat="49.026133" lon="9.278742">
        <ele>302.023006</ele>
        <time>2021-07-24T15:44:46.000Z</time>
      </trkpt>
      <trkpt lat="49.026138" lon="9.278646">
        <ele>302.069254</ele>
        <time>2021-07-24T15:44:47.000Z</time>
      </trkpt>
      <trkpt lat="49.026141" lon="9.278551">
        <ele>302.114930</ele>
        <time>2021-07-24T15:44:48.000Z</time>
      </trkpt>
      <trkpt lat="49.026142" lon="9.278451">
        <ele>302.162960</ele>
        <time>2021-07-24T15:44:49.000Z</time>
      </trkpt>
      <trkpt lat="49.026146" lon="9.278350">
        <ele>302.211552</ele>
        <time>2021-07-24T15:44:50.000Z</time>
      </trkpt>
      <trkpt lat="49.026148" lon="9.278252">
        <ele>302.258639</ele>
        <time>2021-07-24T15:44:51.000Z</time>
      </trkpt>
      <trkpt lat="49.026145" lon="9.278162">
        <ele>302.301916</ele>
        <time>2021-07-24T15:44:52.000Z</time>
      </trkpt>
      <trkpt lat="49.026150" lon="9.278074">
        <ele>302.344336</ele>
        <time>2021-07-24T15:44:53.000Z</time>
      </trkpt>
      <trkpt lat="49.026151" lon="9.277984">
        <ele>302.387564</ele>
        <time>2021-07-24T15:44:54.000Z</time>
      </trkpt>
      <trkpt lat="49.026156" lon="9.277894">
        <ele>302.430940</ele>
        <time>2021-07-24T15:44:55.000Z</time>
      </trkpt>
      <trkpt lat="49.026157" lon="9.277808">
        <ele>302.472247</ele>
        <time>2021-07-24T15:44:56.000Z</time>
      </trkpt>
      <trkpt lat="49.026159" lon="9.277722">
        <ele>302.513574</ele>
        <time>2021-07-24T15:44:57.000Z</time>
      </trkpt>
      <trkpt lat="49.026158" lon="9.277641">
        <ele>302.552480</ele>
        <time>2021-07-24T15:44:58.000Z</time>
      </trkpt>
      <trkpt lat="49.026159" lon="9.277560">
        <ele>302.591387</ele>
        <time>2021-07-24T15:44:59.000Z</time>
      </trkpt>
      <trkpt lat="49.026155" lon="9.277476">
        <ele>302.631833</ele>
        <time>2021-07-24T15:45:00.000Z</time>
      </trkpt>
      <trkpt lat="49.026155" lon="9.277397">
        <ele>302.669772</ele>
        <time>2021-07-24T15:45:01.000Z</time>
      </trkpt>
      <trkpt lat="49.026159" lon="9.277310">
        <ele>302.711656</ele>
        <time>2021-07-24T15:45:02.000Z</time>
      </trkpt>
      <trkpt lat="49.026161" lon="9.277234">
        <ele>302.748184</ele>
        <time>2021-07-24T15:45:03.000Z</time>
      </trkpt>
      <trkpt lat="49.026166" lon="9.277155">
        <ele>302.786299</ele>
        <time>2021-07-24T15:45:04.000Z</time>
      </trkpt>
      <trkpt lat="49.026174" lon="9.277070">
        <ele>302.827538</ele>
        <time>2021-07-24T15:45:05.000Z</time>
      </trkpt>
      <trkpt lat="49.026184" lon="9.276994">
        <ele>302.864764</ele>
        <time>2021-07-24T15:45:06.000Z</time>
      </trkpt>
      <trkpt lat="49.026197" lon="9.276914">
        <ele>302.904345</ele>
        <time>2021-07-24T15:45:07.000Z</time>
      </trkpt>
      <trkpt lat="49.026205" lon="9.276837">
        <ele>302.941785</ele>
        <time>2021-07-24T15:45:08.000Z</time>
      </trkpt>
      <trkpt lat="49.026220" lon="9.276759">
        <ele>302.980821</ele>
        <time>2021-07-24T15:45:09.000Z</time>
      </trkpt>
      <trkpt lat="49.026230" lon="9.276674">
        <ele>303.022293</ele>
        <time>2021-07-24T15:45:10.000Z</time>
      </trkpt>
      <trkpt lat="49.026240" lon="9.276588">
        <ele>303.064238</ele>
        <time>2021-07-24T15:45:11.000Z</time>
      </trkpt>
      <trkpt lat="49.026254" lon="9.276499">
        <ele>303.108193</ele>
        <time>2021-07-24T15:45:12.000Z</time>
      </trkpt>
      <trkpt lat="49.026268" lon="9.276402">
        <ele>303.155891</ele>
        <time>2021-07-24T15:45:13.000Z</time>
      </trkpt>
      <trkpt lat="49.026284" lon="9.276311">
        <ele>303.168833</ele>
        <time>2021-07-24T15:45:14.000Z</time>
      </trkpt>
      <trkpt lat="49.026304" lon="9.276216">
        <ele>303.103594</ele>
        <time>2021-07-24T15:45:15.000Z</time>
      </trkpt>
      <trkpt lat="49.026322" lon="9.276114">
        <ele>303.034528</ele>
        <time>2021-07-24T15:45:16.000Z</time>
      </trkpt>
      <trkpt lat="49.026343" lon="9.276012">
        <ele>302.964624</ele>
        <time>2021-07-24T15:45:17.000Z</time>
      </trkpt>
      <trkpt lat="49.026362" lon="9.275903">
        <ele>302.890879</ele>
        <time>2021-07-24T15:45:18.000Z</time>
      </trkpt>
      <trkpt lat="49.026380" lon="9.275798">
        <ele>302.819917</ele>
        <time>2021-07-24T15:45:19.000Z</time>
      </trkpt>
      <trkpt lat="49.026395" lon="9.275695">
        <ele>302.750929</ele>
        <time>2021-07-24T15:45:20.000Z</time>
      </trkpt>
      <trkpt lat="49.026417" lon="9.275585">
        <ele>302.675733</ele>
        <time>2021-07-24T15:45:21.000Z</time>
      </trkpt>
      <trkpt lat="49.026432" lon="9.275475">
        <ele>302.602271</ele>
        <time>2021-07-24T15:45:22.000Z</time>
      </trkpt>
      <trkpt lat="49.026449" lon="9.275365">
        <ele>302.528376</ele>
        <time>2021-07-24T15:45:23.000Z</time>
      </trkpt>
      <trkpt lat="49.026471" lon="9.275256">
        <ele>302.453806</ele>
        <time>2021-07-24T15:45:24.000Z</time>
      </trkpt>
      <trkpt lat="49.026493" lon="9.275147">
        <ele>302.379236</ele>
        <time>2021-07-24T15:45:25.000Z</time>
      </trkpt>
      <trkpt lat="49.026514" lon="9.275036">
        <ele>302.303698</ele>
        <time>2021-07-24T15:45:26.000Z</time>
      </trkpt>
      <trkpt lat="49.026531" lon="9.274925">
        <ele>302.229167</ele>
        <time>2021-07-24T15:45:27.000Z</time>
      </trkpt>
      <trkpt lat="49.026544" lon="9.274810">
        <ele>302.152865</ele>
        <time>2021-07-24T15:45:28.000Z</time>
      </trkpt>
      <trkpt lat="49.026552" lon="9.274700">
        <ele>302.080500</ele>
        <time>2021-07-24T15:45:29.000Z</time>
      </trkpt>
      <trkpt lat="49.026566" lon="9.274591">
        <ele>302.007876</ele>
        <time>2021-07-24T15:45:30.000Z</time>
      </trkpt>
      <trkpt lat="49.026579" lon="9.274483">
        <ele>301.936080</ele>
        <time>2021-07-24T15:45:31.000Z</time>
      </trkpt>
      <trkpt lat="49.026596" lon="9.274380">
        <ele>301.866632</ele>
        <time>2021-07-24T15:45:32.000Z</time>
      </trkpt>
      <trkpt lat="49.026609" lon="9.274274">
        <ele>301.796122</ele>
        <time>2021-07-24T15:45:33.000Z</time>
      </trkpt>
      <trkpt lat="49.026623" lon="9.274176">
        <ele>301.730541</ele>
        <time>2021-07-24T15:45:34.000Z</time>
      </trkpt>
      <trkpt lat="49.026636" lon="9.274076">
        <ele>301.663884</ele>
        <time>2021-07-24T15:45:35.000Z</time>
      </trkpt>
      <trkpt lat="49.026651" lon="9.273975">
        <ele>301.596172</ele>
        <time>2021-07-24T15:45:36.000Z</time>
      </trkpt>
      <trkpt lat="49.026666" lon="9.273880">
        <ele>301.532281</ele>
        <time>2021-07-24T15:45:37.000Z</time>
      </trkpt>
      <trkpt lat="49.026682" lon="9.273787">
        <ele>301.469414</ele>
        <time>2021-07-24T15:45:38.000Z</time>
      </trkpt>
      <trkpt lat="49.026696" lon="9.273687">
        <ele>301.402556</ele>
        <time>2021-07-24T15:45:39.000Z</time>
      </trkpt>
      <trkpt lat="49.026707" lon="9.273594">
        <ele>301.158001</ele>
        <time>2021-07-24T15:45:40.000Z</time>
      </trkpt>
      <trkpt lat="49.026722" lon="9.273499">
        <ele>300.874376</ele>
        <time>2021-07-24T15:45:41.000Z</time>
      </trkpt>
      <trkpt lat="49.026739" lon="9.273410">
        <ele>300.605312</ele>
        <time>2021-07-24T15:45:42.000Z</time>
      </trkpt>
      <trkpt lat="49.026758" lon="9.273314">
        <ele>300.314250</ele>
        <time>2021-07-24T15:45:43.000Z</time>
      </trkpt>
      <trkpt lat="49.026779" lon="9.273227">
        <ele>300.045162</ele>
        <time>2021-07-24T15:45:44.000Z</time>
      </trkpt>
      <trkpt lat="49.026803" lon="9.273146">
        <ele>299.787166</ele>
        <time>2021-07-24T15:45:45.000Z</time>
      </trkpt>
      <trkpt lat="49.026822" lon="9.273070">
        <ele>299.551083</ele>
        <time>2021-07-24T15:45:46.000Z</time>
      </trkpt>
      <trkpt lat="49.026845" lon="9.273001">
        <ele>299.326414</ele>
        <time>2021-07-24T15:45:47.000Z</time>
      </trkpt>
      <trkpt lat="49.026867" lon="9.272942">
        <ele>299.129410</ele>
        <time>2021-07-24T15:45:48.000Z</time>
      </trkpt>
      <trkpt lat="49.026878" lon="9.272882">
        <ele>298.948578</ele>
        <time>2021-07-24T15:45:49.000Z</time>
      </trkpt>
      <trkpt lat="49.026850" lon="9.272842">
        <ele>298.778749</ele>
        <time>2021-07-24T15:45:50.000Z</time>
      </trkpt>
      <trkpt lat="49.026826" lon="9.272825">
        <ele>298.661611</ele>
        <time>2021-07-24T15:45:51.000Z</time>
      </trkpt>
      <trkpt lat="49.026797" lon="9.272798">
        <ele>298.511209</ele>
        <time>2021-07-24T15:45:52.000Z</time>
      </trkpt>
      <trkpt lat="49.026768" lon="9.272771">
        <ele>298.360806</ele>
        <time>2021-07-24T15:45:53.000Z</time>
      </trkpt>
      <trkpt lat="49.026734" lon="9.272742">
        <ele>298.188362</ele>
        <time>2021-07-24T15:45:54.000Z</time>
      </trkpt>
      <trkpt lat="49.026707" lon="9.272718">
        <ele>298.050025</ele>
        <time>2021-07-24T15:45:55.000Z</time>
      </trkpt>
      <trkpt lat="49.026679" lon="9.272691">
        <ele>297.903382</ele>
        <time>2021-07-24T15:45:56.000Z</time>
      </trkpt>
      <trkpt lat="49.026650" lon="9.272667">
        <ele>297.757328</ele>
        <time>2021-07-24T15:45:57.000Z</time>
      </trkpt>
      <trkpt lat="49.026621" lon="9.272640">
        <ele>297.606925</ele>
        <time>2021-07-24T15:45:58.000Z</time>
      </trkpt>
      <trkpt lat="49.026592" lon="9.272610">
        <ele>297.451807</ele>
        <time>2021-07-24T15:45:59.000Z</time>
      </trkpt>
      <trkpt lat="49.026561" lon="9.272580">
        <ele>297.289286</ele>
        <time>2021-07-24T15:46:00.000Z</time>
      </trkpt>
      <trkpt lat="49.026529" lon="9.272553">
        <ele>297.127401</ele>
        <time>2021-07-24T15:46:01.000Z</time>
      </trkpt>
      <trkpt lat="49.026494" lon="9.272525">
        <ele>296.952447</ele>
        <time>2021-07-24T15:46:02.000Z</time>
      </trkpt>
      <trkpt lat="49.026461" lon="9.272500">
        <ele>296.789339</ele>
        <time>2021-07-24T15:46:03.000Z</time>
      </trkpt>
      <trkpt lat="49.026428" lon="9.272475">
        <ele>296.626231</ele>
        <time>2021-07-24T15:46:04.000Z</time>
      </trkpt>
      <trkpt lat="49.026394" lon="9.272449">
        <ele>296.457866</ele>
        <time>2021-07-24T15:46:05.000Z</time>
      </trkpt>
      <trkpt lat="49.026366" lon="9.272427">
        <ele>296.318438</ele>
        <time>2021-07-24T15:46:06.000Z</time>
      </trkpt>
      <trkpt lat="49.026342" lon="9.272405">
        <ele>296.194486</ele>
        <time>2021-07-24T15:46:07.000Z</time>
      </trkpt>
      <trkpt lat="49.026319" lon="9.272380">
        <ele>296.069461</ele>
        <time>2021-07-24T15:46:08.000Z</time>
      </trkpt>
      <trkpt lat="49.026283" lon="9.272366">
        <ele>295.905003</ele>
        <time>2021-07-24T15:46:09.000Z</time>
      </trkpt>
      <trkpt lat="49.026249" lon="9.272376">
        <ele>295.751726</ele>
        <time>2021-07-24T15:46:10.000Z</time>
      </trkpt>
      <trkpt lat="49.026220" lon="9.272406">
        <ele>295.596607</ele>
        <time>2021-07-24T15:46:11.000Z</time>
      </trkpt>
      <trkpt lat="49.026192" lon="9.272446">
        <ele>295.426777</ele>
        <time>2021-07-24T15:46:12.000Z</time>
      </trkpt>
      <trkpt lat="49.026162" lon="9.272487">
        <ele>295.248458</ele>
        <time>2021-07-24T15:46:13.000Z</time>
      </trkpt>
      <trkpt lat="49.026131" lon="9.272528">
        <ele>295.066818</ele>
        <time>2021-07-24T15:46:14.000Z</time>
      </trkpt>
      <trkpt lat="49.026099" lon="9.272571">
        <ele>294.878024</ele>
        <time>2021-07-24T15:46:15.000Z</time>
      </trkpt>
      <trkpt lat="49.026066" lon="9.272612">
        <ele>294.689607</ele>
        <time>2021-07-24T15:46:16.000Z</time>
      </trkpt>
      <trkpt lat="49.026031" lon="9.272646">
        <ele>294.505914</ele>
        <time>2021-07-24T15:46:17.000Z</time>
      </trkpt>
      <trkpt lat="49.025994" lon="9.272671">
        <ele>294.326775</ele>
        <time>2021-07-24T15:46:18.000Z</time>
      </trkpt>
      <trkpt lat="49.025954" lon="9.272680">
        <ele>294.147794</ele>
        <time>2021-07-24T15:46:19.000Z</time>
      </trkpt>
      <trkpt lat="49.025913" lon="9.272672">
        <ele>293.964824</ele>
        <time>2021-07-24T15:46:20.000Z</time>
      </trkpt>
      <trkpt lat="49.025875" lon="9.272657">
        <ele>293.791069</ele>
        <time>2021-07-24T15:46:21.000Z</time>
      </trkpt>
      <trkpt lat="49.025840" lon="9.272644">
        <ele>293.631609</ele>
        <time>2021-07-24T15:46:22.000Z</time>
      </trkpt>
      <trkpt lat="49.025801" lon="9.272637">
        <ele>293.457780</ele>
        <time>2021-07-24T15:46:23.000Z</time>
      </trkpt>
      <trkpt lat="49.025758" lon="9.272633">
        <ele>293.151755</ele>
        <time>2021-07-24T15:46:24.000Z</time>
      </trkpt>
      <trkpt lat="49.025716" lon="9.272608">
        <ele>292.812638</ele>
        <time>2021-07-24T15:46:25.000Z</time>
      </trkpt>
      <trkpt lat="49.025670" lon="9.272595">
        <ele>292.460754</ele>
        <time>2021-07-24T15:46:26.000Z</time>
      </trkpt>
      <trkpt lat="49.025619" lon="9.272585">
        <ele>292.073995</ele>
        <time>2021-07-24T15:46:27.000Z</time>
      </trkpt>
      <trkpt lat="49.025567" lon="9.272568">
        <ele>291.673986</ele>
        <time>2021-07-24T15:46:28.000Z</time>
      </trkpt>
      <trkpt lat="49.025522" lon="9.272537">
        <ele>291.302584</ele>
        <time>2021-07-24T15:46:29.000Z</time>
      </trkpt>
      <trkpt lat="49.025496" lon="9.272484">
        <ele>290.976127</ele>
        <time>2021-07-24T15:46:30.000Z</time>
      </trkpt>
      <trkpt lat="49.025499" lon="9.272426">
        <ele>290.689178</ele>
        <time>2021-07-24T15:46:31.000Z</time>
      </trkpt>
      <trkpt lat="49.025539" lon="9.272406">
        <ele>290.372556</ele>
        <time>2021-07-24T15:46:32.000Z</time>
      </trkpt>
      <trkpt lat="49.025570" lon="9.272422">
        <ele>290.126395</ele>
        <time>2021-07-24T15:46:33.000Z</time>
      </trkpt>
      <trkpt lat="49.025602" lon="9.272443">
        <ele>289.864366</ele>
        <time>2021-07-24T15:46:34.000Z</time>
      </trkpt>
      <trkpt lat="49.025640" lon="9.272456">
        <ele>289.571442</ele>
        <time>2021-07-24T15:46:35.000Z</time>
      </trkpt>
      <trkpt lat="49.025683" lon="9.272452">
        <ele>289.247413</ele>
        <time>2021-07-24T15:46:36.000Z</time>
      </trkpt>
      <trkpt lat="49.025721" lon="9.272416">
        <ele>288.910933</ele>
        <time>2021-07-24T15:46:37.000Z</time>
      </trkpt>
      <trkpt lat="49.025744" lon="9.272363">
        <ele>288.597472</ele>
        <time>2021-07-24T15:46:38.000Z</time>
      </trkpt>
      <trkpt lat="49.025754" lon="9.272288">
        <ele>288.219999</ele>
        <time>2021-07-24T15:46:39.000Z</time>
      </trkpt>
      <trkpt lat="49.025748" lon="9.272209">
        <ele>287.827761</ele>
        <time>2021-07-24T15:46:40.000Z</time>
      </trkpt>
      <trkpt lat="49.025749" lon="9.272124">
        <ele>287.408469</ele>
        <time>2021-07-24T15:46:41.000Z</time>
      </trkpt>
      <trkpt lat="49.025746" lon="9.272044">
        <ele>287.013260</ele>
        <time>2021-07-24T15:46:42.000Z</time>
      </trkpt>
      <trkpt lat="49.025746" lon="9.271956">
        <ele>286.579239</ele>
        <time>2021-07-24T15:46:43.000Z</time>
      </trkpt>
      <trkpt lat="49.025748" lon="9.271873">
        <ele>286.169602</ele>
        <time>2021-07-24T15:46:44.000Z</time>
      </trkpt>
      <trkpt lat="49.025746" lon="9.271789">
        <ele>285.755037</ele>
        <time>2021-07-24T15:46:45.000Z</time>
      </trkpt>
      <trkpt lat="49.025747" lon="9.271703">
        <ele>285.330813</ele>
        <time>2021-07-24T15:46:46.000Z</time>
      </trkpt>
      <trkpt lat="49.025744" lon="9.271613">
        <ele>284.886355</ele>
        <time>2021-07-24T15:46:47.000Z</time>
      </trkpt>
      <trkpt lat="49.025747" lon="9.271519">
        <ele>284.422193</ele>
        <time>2021-07-24T15:46:48.000Z</time>
      </trkpt>
      <trkpt lat="49.025748" lon="9.271421">
        <ele>283.938793</ele>
        <time>2021-07-24T15:46:49.000Z</time>
      </trkpt>
      <trkpt lat="49.025744" lon="9.271316">
        <ele>283.420054</ele>
        <time>2021-07-24T15:46:50.000Z</time>
      </trkpt>
      <trkpt lat="49.025741" lon="9.271214">
        <ele>282.916479</ele>
        <time>2021-07-24T15:46:51.000Z</time>
      </trkpt>
      <trkpt lat="49.025747" lon="9.271108">
        <ele>282.391736</ele>
        <time>2021-07-24T15:46:52.000Z</time>
      </trkpt>
      <trkpt lat="49.025738" lon="9.271006">
        <ele>281.884133</ele>
        <time>2021-07-24T15:46:53.000Z</time>
      </trkpt>
      <trkpt lat="49.025732" lon="9.270906">
        <ele>281.388867</ele>
        <time>2021-07-24T15:46:54.000Z</time>
      </trkpt>
      <trkpt lat="49.025726" lon="9.270788">
        <ele>280.805137</ele>
        <time>2021-07-24T15:46:55.000Z</time>
      </trkpt>
      <trkpt lat="49.025722" lon="9.270681">
        <ele>280.276550</ele>
        <time>2021-07-24T15:46:56.000Z</time>
      </trkpt>
      <trkpt lat="49.025724" lon="9.270559">
        <ele>279.642167</ele>
        <time>2021-07-24T15:46:57.000Z</time>
      </trkpt>
      <trkpt lat="49.025725" lon="9.270450">
        <ele>279.028162</ele>
        <time>2021-07-24T15:46:58.000Z</time>
      </trkpt>
      <trkpt lat="49.025723" lon="9.270338">
        <ele>278.397085</ele>
        <time>2021-07-24T15:46:59.000Z</time>
      </trkpt>
      <trkpt lat="49.025721" lon="9.270218">
        <ele>277.720964</ele>
        <time>2021-07-24T15:47:00.000Z</time>
      </trkpt>
      <trkpt lat="49.025718" lon="9.270099">
        <ele>277.050199</ele>
        <time>2021-07-24T15:47:01.000Z</time>
      </trkpt>
      <trkpt lat="49.025718" lon="9.269989">
        <ele>276.430622</ele>
        <time>2021-07-24T15:47:02.000Z</time>
      </trkpt>
      <trkpt lat="49.025717" lon="9.269872">
        <ele>275.771561</ele>
        <time>2021-07-24T15:47:03.000Z</time>
      </trkpt>
      <trkpt lat="49.025713" lon="9.269758">
        <ele>275.128535</ele>
        <time>2021-07-24T15:47:04.000Z</time>
      </trkpt>
      <trkpt lat="49.025701" lon="9.269642">
        <ele>274.467081</ele>
        <time>2021-07-24T15:47:05.000Z</time>
      </trkpt>
      <trkpt lat="49.025691" lon="9.269526">
        <ele>273.808086</ele>
        <time>2021-07-24T15:47:06.000Z</time>
      </trkpt>
      <trkpt lat="49.025679" lon="9.269408">
        <ele>273.135502</ele>
        <time>2021-07-24T15:47:07.000Z</time>
      </trkpt>
      <trkpt lat="49.025654" lon="9.269284">
        <ele>272.404801</ele>
        <time>2021-07-24T15:47:08.000Z</time>
      </trkpt>
      <trkpt lat="49.025631" lon="9.269166">
        <ele>271.711420</ele>
        <time>2021-07-24T15:47:09.000Z</time>
      </trkpt>
      <trkpt lat="49.025608" lon="9.269040">
        <ele>270.974735</ele>
        <time>2021-07-24T15:47:10.000Z</time>
      </trkpt>
      <trkpt lat="49.025583" lon="9.268920">
        <ele>270.265536</ele>
        <time>2021-07-24T15:47:11.000Z</time>
      </trkpt>
      <trkpt lat="49.025561" lon="9.268796">
        <ele>269.541987</ele>
        <time>2021-07-24T15:47:12.000Z</time>
      </trkpt>
      <trkpt lat="49.025533" lon="9.268662">
        <ele>268.749831</ele>
        <time>2021-07-24T15:47:13.000Z</time>
      </trkpt>
      <trkpt lat="49.025494" lon="9.268538">
        <ele>267.975209</ele>
        <time>2021-07-24T15:47:14.000Z</time>
      </trkpt>
      <trkpt lat="49.025458" lon="9.268420">
        <ele>267.242152</ele>
        <time>2021-07-24T15:47:15.000Z</time>
      </trkpt>
      <trkpt lat="49.025424" lon="9.268302">
        <ele>266.516174</ele>
        <time>2021-07-24T15:47:16.000Z</time>
      </trkpt>
      <trkpt lat="49.025398" lon="9.268190">
        <ele>265.846961</ele>
        <time>2021-07-24T15:47:17.000Z</time>
      </trkpt>
      <trkpt lat="49.025360" lon="9.268090">
        <ele>265.195960</ele>
        <time>2021-07-24T15:47:18.000Z</time>
      </trkpt>
      <trkpt lat="49.025332" lon="9.267981">
        <ele>264.536580</ele>
        <time>2021-07-24T15:47:19.000Z</time>
      </trkpt>
      <trkpt lat="49.025305" lon="9.267891">
        <ele>264.233705</ele>
        <time>2021-07-24T15:47:20.000Z</time>
      </trkpt>
      <trkpt lat="49.025280" lon="9.267792">
        <ele>263.956953</ele>
        <time>2021-07-24T15:47:21.000Z</time>
      </trkpt>
      <trkpt lat="49.025254" lon="9.267704">
        <ele>263.705158</ele>
        <time>2021-07-24T15:47:22.000Z</time>
      </trkpt>
      <trkpt lat="49.025224" lon="9.267615">
        <ele>263.444102</ele>
        <time>2021-07-24T15:47:23.000Z</time>
      </trkpt>
      <trkpt lat="49.025190" lon="9.267522">
        <ele>263.166331</ele>
        <time>2021-07-24T15:47:24.000Z</time>
      </trkpt>
      <trkpt lat="49.025153" lon="9.267425">
        <ele>262.873585</ele>
        <time>2021-07-24T15:47:25.000Z</time>
      </trkpt>
      <trkpt lat="49.025122" lon="9.267328">
        <ele>262.592085</ele>
        <time>2021-07-24T15:47:26.000Z</time>
      </trkpt>
      <trkpt lat="49.025094" lon="9.267230">
        <ele>262.313215</ele>
        <time>2021-07-24T15:47:27.000Z</time>
      </trkpt>
      <trkpt lat="49.025064" lon="9.267132">
        <ele>262.031073</ele>
        <time>2021-07-24T15:47:28.000Z</time>
      </trkpt>
      <trkpt lat="49.025034" lon="9.267031">
        <ele>261.741820</ele>
        <time>2021-07-24T15:47:29.000Z</time>
      </trkpt>
      <trkpt lat="49.025002" lon="9.266926">
        <ele>261.439764</ele>
        <time>2021-07-24T15:47:30.000Z</time>
      </trkpt>
      <trkpt lat="49.024975" lon="9.266835">
        <ele>261.179198</ele>
        <time>2021-07-24T15:47:31.000Z</time>
      </trkpt>
      <trkpt lat="49.024952" lon="9.266731">
        <ele>260.892875</ele>
        <time>2021-07-24T15:47:32.000Z</time>
      </trkpt>
      <trkpt lat="49.024929" lon="9.266640">
        <ele>260.638456</ele>
        <time>2021-07-24T15:47:33.000Z</time>
      </trkpt>
      <trkpt lat="49.024910" lon="9.266544">
        <ele>260.376858</ele>
        <time>2021-07-24T15:47:34.000Z</time>
      </trkpt>
      <trkpt lat="49.024890" lon="9.266456">
        <ele>260.133892</ele>
        <time>2021-07-24T15:47:35.000Z</time>
      </trkpt>
      <trkpt lat="49.024867" lon="9.266376">
        <ele>259.906014</ele>
        <time>2021-07-24T15:47:36.000Z</time>
      </trkpt>
      <trkpt lat="49.024843" lon="9.266291">
        <ele>259.664588</ele>
        <time>2021-07-24T15:47:37.000Z</time>
      </trkpt>
      <trkpt lat="49.024831" lon="9.266202">
        <ele>259.427553</ele>
        <time>2021-07-24T15:47:38.000Z</time>
      </trkpt>
      <trkpt lat="49.024818" lon="9.266120">
        <ele>259.207473</ele>
        <time>2021-07-24T15:47:39.000Z</time>
      </trkpt>
      <trkpt lat="49.024799" lon="9.266021">
        <ele>258.938373</ele>
        <time>2021-07-24T15:47:40.000Z</time>
      </trkpt>
      <trkpt lat="49.024780" lon="9.265920">
        <ele>258.664262</ele>
        <time>2021-07-24T15:47:41.000Z</time>
      </trkpt>
      <trkpt lat="49.024758" lon="9.265821">
        <ele>258.391568</ele>
        <time>2021-07-24T15:47:42.000Z</time>
      </trkpt>
      <trkpt lat="49.024744" lon="9.265718">
        <ele>258.117156</ele>
        <time>2021-07-24T15:47:43.000Z</time>
      </trkpt>
      <trkpt lat="49.024737" lon="9.265617">
        <ele>257.852205</ele>
        <time>2021-07-24T15:47:44.000Z</time>
      </trkpt>
      <trkpt lat="49.024735" lon="9.265512">
        <ele>257.578171</ele>
        <time>2021-07-24T15:47:45.000Z</time>
      </trkpt>
      <trkpt lat="49.024734" lon="9.265415">
        <ele>257.325091</ele>
        <time>2021-07-24T15:47:46.000Z</time>
      </trkpt>
      <trkpt lat="49.024732" lon="9.265321">
        <ele>257.337734</ele>
        <time>2021-07-24T15:47:47.000Z</time>
      </trkpt>
      <trkpt lat="49.024735" lon="9.265238">
        <ele>257.377586</ele>
        <time>2021-07-24T15:47:48.000Z</time>
      </trkpt>
      <trkpt lat="49.024728" lon="9.265154">
        <ele>257.418181</ele>
        <time>2021-07-24T15:47:49.000Z</time>
      </trkpt>
      <trkpt lat="49.024721" lon="9.265069">
        <ele>257.459252</ele>
        <time>2021-07-24T15:47:50.000Z</time>
      </trkpt>
      <trkpt lat="49.024704" lon="9.264993">
        <ele>257.497749</ele>
        <time>2021-07-24T15:47:51.000Z</time>
      </trkpt>
      <trkpt lat="49.024686" lon="9.264908">
        <ele>257.540572</ele>
        <time>2021-07-24T15:47:52.000Z</time>
      </trkpt>
      <trkpt lat="49.024638" lon="9.264852">
        <ele>257.584757</ele>
        <time>2021-07-24T15:47:53.000Z</time>
      </trkpt>
      <trkpt lat="49.024590" lon="9.264795">
        <ele>257.629235</ele>
        <time>2021-07-24T15:47:54.000Z</time>
      </trkpt>
      <trkpt lat="49.024544" lon="9.264751">
        <ele>257.668934</ele>
        <time>2021-07-24T15:47:55.000Z</time>
      </trkpt>
      <trkpt lat="49.024499" lon="9.264704">
        <ele>257.708811</ele>
        <time>2021-07-24T15:47:56.000Z</time>
      </trkpt>
      <trkpt lat="49.024461" lon="9.264655">
        <ele>257.745194</ele>
        <time>2021-07-24T15:47:57.000Z</time>
      </trkpt>
      <trkpt lat="49.024421" lon="9.264593">
        <ele>257.786892</ele>
        <time>2021-07-24T15:47:58.000Z</time>
      </trkpt>
      <trkpt lat="49.024374" lon="9.264449">
        <ele>257.864008</ele>
        <time>2021-07-24T15:48:00.000Z</time>
      </trkpt>
      <trkpt lat="49.024360" lon="9.264374">
        <ele>257.901393</ele>
        <time>2021-07-24T15:48:01.000Z</time>
      </trkpt>
      <trkpt lat="49.024350" lon="9.264304">
        <ele>257.935740</ele>
        <time>2021-07-24T15:48:02.000Z</time>
      </trkpt>
      <trkpt lat="49.024350" lon="9.264228">
        <ele>257.972176</ele>
        <time>2021-07-24T15:48:03.000Z</time>
      </trkpt>
      <trkpt lat="49.024356" lon="9.264153">
        <ele>258.008399</ele>
        <time>2021-07-24T15:48:04.000Z</time>
      </trkpt>
      <trkpt lat="49.024356" lon="9.264089">
        <ele>258.039082</ele>
        <time>2021-07-24T15:48:05.000Z</time>
      </trkpt>
      <trkpt lat="49.024362" lon="9.264018">
        <ele>258.073402</ele>
        <time>2021-07-24T15:48:06.000Z</time>
      </trkpt>
      <trkpt lat="49.024367" lon="9.263945">
        <ele>258.108590</ele>
        <time>2021-07-24T15:48:07.000Z</time>
      </trkpt>
      <trkpt lat="49.024366" lon="9.263880">
        <ele>258.139761</ele>
        <time>2021-07-24T15:48:08.000Z</time>
      </trkpt>
      <trkpt lat="49.024363" lon="9.263812">
        <ele>258.172435</ele>
        <time>2021-07-24T15:48:09.000Z</time>
      </trkpt>
      <trkpt lat="49.024362" lon="9.263751">
        <ele>258.201689</ele>
        <time>2021-07-24T15:48:10.000Z</time>
      </trkpt>
      <trkpt lat="49.024356" lon="9.263686">
        <ele>258.233158</ele>
        <time>2021-07-24T15:48:11.000Z</time>
      </trkpt>
      <trkpt lat="49.024360" lon="9.263635">
        <ele>258.257783</ele>
        <time>2021-07-24T15:48:12.000Z</time>
      </trkpt>
      <trkpt lat="49.024351" lon="9.263580">
        <ele>258.284960</ele>
        <time>2021-07-24T15:48:13.000Z</time>
      </trkpt>
      <trkpt lat="49.024352" lon="9.263539">
        <ele>258.304630</ele>
        <time>2021-07-24T15:48:14.000Z</time>
      </trkpt>
      <trkpt lat="49.024350" lon="9.263497">
        <ele>258.324818</ele>
        <time>2021-07-24T15:48:15.000Z</time>
      </trkpt>
      <trkpt lat="49.024335" lon="9.263466">
        <ele>258.343289</ele>
        <time>2021-07-24T15:48:16.000Z</time>
      </trkpt>
      <trkpt lat="49.024329" lon="9.263419">
        <ele>258.366244</ele>
        <time>2021-07-24T15:48:17.000Z</time>
      </trkpt>
      <trkpt lat="49.024338" lon="9.263353">
        <ele>258.398563</ele>
        <time>2021-07-24T15:48:18.000Z</time>
      </trkpt>
      <trkpt lat="49.024348" lon="9.263297">
        <ele>258.426388</ele>
        <time>2021-07-24T15:48:19.000Z</time>
      </trkpt>
      <trkpt lat="49.024359" lon="9.263242">
        <ele>258.453956</ele>
        <time>2021-07-24T15:48:20.000Z</time>
      </trkpt>
      <trkpt lat="49.024370" lon="9.263198">
        <ele>258.476531</ele>
        <time>2021-07-24T15:48:21.000Z</time>
      </trkpt>
      <trkpt lat="49.024381" lon="9.263159">
        <ele>258.496885</ele>
        <time>2021-07-24T15:48:22.000Z</time>
      </trkpt>
      <trkpt lat="49.024392" lon="9.263115">
        <ele>258.519460</ele>
        <time>2021-07-24T15:48:23.000Z</time>
      </trkpt>
      <trkpt lat="49.024404" lon="9.263073">
        <ele>258.541424</ele>
        <time>2021-07-24T15:48:24.000Z</time>
      </trkpt>
      <trkpt lat="49.024411" lon="9.263045">
        <ele>258.555791</ele>
        <time>2021-07-24T15:48:25.000Z</time>
      </trkpt>
      <trkpt lat="49.024422" lon="9.263005">
        <ele>258.576585</ele>
        <time>2021-07-24T15:48:26.000Z</time>
      </trkpt>
      <trkpt lat="49.024437" lon="9.262952">
        <ele>258.604260</ele>
        <time>2021-07-24T15:48:27.000Z</time>
      </trkpt>
      <trkpt lat="49.024449" lon="9.262907">
        <ele>258.680693</ele>
        <time>2021-07-24T15:48:28.000Z</time>
      </trkpt>
      <trkpt lat="49.024462" lon="9.262864">
        <ele>258.784620</ele>
        <time>2021-07-24T15:48:29.000Z</time>
      </trkpt>
      <trkpt lat="49.024476" lon="9.262818">
        <ele>258.895929</ele>
        <time>2021-07-24T15:48:30.000Z</time>
      </trkpt>
      <trkpt lat="49.024488" lon="9.262775">
        <ele>258.998501</ele>
        <time>2021-07-24T15:48:31.000Z</time>
      </trkpt>
      <trkpt lat="49.024499" lon="9.262734">
        <ele>259.095731</ele>
        <time>2021-07-24T15:48:32.000Z</time>
      </trkpt>
      <trkpt lat="49.024511" lon="9.262689">
        <ele>259.202356</ele>
        <time>2021-07-24T15:48:33.000Z</time>
      </trkpt>
      <trkpt lat="49.024522" lon="9.262647">
        <ele>259.301621</ele>
        <time>2021-07-24T15:48:34.000Z</time>
      </trkpt>
      <trkpt lat="49.024529" lon="9.262604">
        <ele>259.398866</ele>
        <time>2021-07-24T15:48:35.000Z</time>
      </trkpt>
      <trkpt lat="49.024536" lon="9.262558">
        <ele>259.502513</ele>
        <time>2021-07-24T15:48:36.000Z</time>
      </trkpt>
      <trkpt lat="49.024542" lon="9.262513">
        <ele>259.603303</ele>
        <time>2021-07-24T15:48:37.000Z</time>
      </trkpt>
      <trkpt lat="49.024548" lon="9.262468">
        <ele>259.704094</ele>
        <time>2021-07-24T15:48:38.000Z</time>
      </trkpt>
      <trkpt lat="49.024553" lon="9.262425">
        <ele>259.799946</ele>
        <time>2021-07-24T15:48:39.000Z</time>
      </trkpt>
      <trkpt lat="49.024559" lon="9.262382">
        <ele>259.896438</ele>
        <time>2021-07-24T15:48:40.000Z</time>
      </trkpt>
      <trkpt lat="49.024567" lon="9.262339">
        <ele>259.994543</ele>
        <time>2021-07-24T15:48:41.000Z</time>
      </trkpt>
      <trkpt lat="49.024575" lon="9.262297">
        <ele>260.090538</ele>
        <time>2021-07-24T15:48:42.000Z</time>
      </trkpt>
      <trkpt lat="49.024581" lon="9.262255">
        <ele>260.184885</ele>
        <time>2021-07-24T15:48:43.000Z</time>
      </trkpt>
      <trkpt lat="49.024587" lon="9.262214">
        <ele>260.277089</ele>
        <time>2021-07-24T15:48:44.000Z</time>
      </trkpt>
      <trkpt lat="49.024594" lon="9.262172">
        <ele>260.372204</ele>
        <time>2021-07-24T15:48:45.000Z</time>
      </trkpt>
      <trkpt lat="49.024601" lon="9.262130">
        <ele>260.467320</ele>
        <time>2021-07-24T15:48:46.000Z</time>
      </trkpt>
      <trkpt lat="49.024609" lon="9.262090">
        <ele>260.559107</ele>
        <time>2021-07-24T15:48:47.000Z</time>
      </trkpt>
      <trkpt lat="49.024619" lon="9.262048">
        <ele>260.657181</ele>
        <time>2021-07-24T15:48:48.000Z</time>
      </trkpt>
      <trkpt lat="49.024630" lon="9.262007">
        <ele>260.754411</ele>
        <time>2021-07-24T15:48:49.000Z</time>
      </trkpt>
      <trkpt lat="49.024641" lon="9.261966">
        <ele>260.851642</ele>
        <time>2021-07-24T15:48:50.000Z</time>
      </trkpt>
      <trkpt lat="49.024650" lon="9.261925">
        <ele>260.946540</ele>
        <time>2021-07-24T15:48:51.000Z</time>
      </trkpt>
      <trkpt lat="49.024655" lon="9.261885">
        <ele>261.035916</ele>
        <time>2021-07-24T15:48:52.000Z</time>
      </trkpt>
      <trkpt lat="49.024655" lon="9.261844">
        <ele>261.125905</ele>
        <time>2021-07-24T15:48:53.000Z</time>
      </trkpt>
      <trkpt lat="49.024646" lon="9.261804">
        <ele>261.218724</ele>
        <time>2021-07-24T15:48:54.000Z</time>
      </trkpt>
      <trkpt lat="49.024626" lon="9.261768">
        <ele>261.322286</ele>
        <time>2021-07-24T15:48:55.000Z</time>
      </trkpt>
      <trkpt lat="49.024599" lon="9.261740">
        <ele>261.431576</ele>
        <time>2021-07-24T15:48:56.000Z</time>
      </trkpt>
      <trkpt lat="49.024569" lon="9.261720">
        <ele>261.541168</ele>
        <time>2021-07-24T15:48:57.000Z</time>
      </trkpt>
      <trkpt lat="49.024537" lon="9.261701">
        <ele>261.656110</ele>
        <time>2021-07-24T15:48:58.000Z</time>
      </trkpt>
      <trkpt lat="49.024504" lon="9.261681">
        <ele>261.774970</ele>
        <time>2021-07-24T15:48:59.000Z</time>
      </trkpt>
      <trkpt lat="49.024470" lon="9.261658">
        <ele>261.899469</ele>
        <time>2021-07-24T15:49:00.000Z</time>
      </trkpt>
      <trkpt lat="49.024438" lon="9.261631">
        <ele>262.021880</ele>
        <time>2021-07-24T15:49:01.000Z</time>
      </trkpt>
      <trkpt lat="49.024408" lon="9.261599">
        <ele>262.144422</ele>
        <time>2021-07-24T15:49:02.000Z</time>
      </trkpt>
      <trkpt lat="49.024377" lon="9.261561">
        <ele>262.277550</ele>
        <time>2021-07-24T15:49:03.000Z</time>
      </trkpt>
      <trkpt lat="49.024345" lon="9.261521">
        <ele>262.416044</ele>
        <time>2021-07-24T15:49:04.000Z</time>
      </trkpt>
      <trkpt lat="49.024312" lon="9.261480">
        <ele>262.558519</ele>
        <time>2021-07-24T15:49:05.000Z</time>
      </trkpt>
      <trkpt lat="49.024276" lon="9.261439">
        <ele>262.708913</ele>
        <time>2021-07-24T15:49:06.000Z</time>
      </trkpt>
      <trkpt lat="49.024238" lon="9.261401">
        <ele>262.861014</ele>
        <time>2021-07-24T15:49:07.000Z</time>
      </trkpt>
      <trkpt lat="49.024200" lon="9.261352">
        <ele>263.027582</ele>
        <time>2021-07-24T15:49:08.000Z</time>
      </trkpt>
      <trkpt lat="49.024159" lon="9.261303">
        <ele>263.201939</ele>
        <time>2021-07-24T15:49:09.000Z</time>
      </trkpt>
      <trkpt lat="49.024119" lon="9.261253">
        <ele>263.375057</ele>
        <time>2021-07-24T15:49:10.000Z</time>
      </trkpt>
      <trkpt lat="49.024077" lon="9.261196">
        <ele>263.563247</ele>
        <time>2021-07-24T15:49:11.000Z</time>
      </trkpt>
      <trkpt lat="49.024034" lon="9.261147">
        <ele>263.742921</ele>
        <time>2021-07-24T15:49:12.000Z</time>
      </trkpt>
      <trkpt lat="49.023986" lon="9.261094">
        <ele>263.941279</ele>
        <time>2021-07-24T15:49:13.000Z</time>
      </trkpt>
      <trkpt lat="49.023941" lon="9.261033">
        <ele>264.142807</ele>
        <time>2021-07-24T15:49:14.000Z</time>
      </trkpt>
      <trkpt lat="49.023896" lon="9.260972">
        <ele>264.344336</ele>
        <time>2021-07-24T15:49:15.000Z</time>
      </trkpt>
      <trkpt lat="49.023853" lon="9.260907">
        <ele>264.546993</ele>
        <time>2021-07-24T15:49:16.000Z</time>
      </trkpt>
      <trkpt lat="49.023818" lon="9.260837">
        <ele>264.662134</ele>
        <time>2021-07-24T15:49:17.000Z</time>
      </trkpt>
      <trkpt lat="49.023795" lon="9.260763">
        <ele>264.710855</ele>
        <time>2021-07-24T15:49:18.000Z</time>
      </trkpt>
      <trkpt lat="49.023779" lon="9.260687">
        <ele>264.758343</ele>
        <time>2021-07-24T15:49:19.000Z</time>
      </trkpt>
      <trkpt lat="49.023748" lon="9.260618">
        <ele>264.808105</ele>
        <time>2021-07-24T15:49:20.000Z</time>
      </trkpt>
      <trkpt lat="49.023716" lon="9.260556">
        <ele>264.855047</ele>
        <time>2021-07-24T15:49:21.000Z</time>
      </trkpt>
      <trkpt lat="49.023682" lon="9.260494">
        <ele>264.903132</ele>
        <time>2021-07-24T15:49:22.000Z</time>
      </trkpt>
      <trkpt lat="49.023649" lon="9.260442">
        <ele>264.946184</ele>
        <time>2021-07-24T15:49:23.000Z</time>
      </trkpt>
      <trkpt lat="49.023618" lon="9.260391">
        <ele>264.987557</ele>
        <time>2021-07-24T15:49:24.000Z</time>
      </trkpt>
      <trkpt lat="49.023590" lon="9.260343">
        <ele>265.025778</ele>
        <time>2021-07-24T15:49:25.000Z</time>
      </trkpt>
      <trkpt lat="49.023575" lon="9.260296">
        <ele>265.056876</ele>
        <time>2021-07-24T15:49:26.000Z</time>
      </trkpt>
      <trkpt lat="49.023576" lon="9.260249">
        <ele>265.084854</ele>
        <time>2021-07-24T15:49:27.000Z</time>
      </trkpt>
      <trkpt lat="49.023589" lon="9.260203">
        <ele>265.114654</ele>
        <time>2021-07-24T15:49:28.000Z</time>
      </trkpt>
      <trkpt lat="49.023597" lon="9.260147">
        <ele>265.148753</ele>
        <time>2021-07-24T15:49:29.000Z</time>
      </trkpt>
      <trkpt lat="49.023614" lon="9.260094">
        <ele>265.183855</ele>
        <time>2021-07-24T15:49:30.000Z</time>
      </trkpt>
      <trkpt lat="49.023634" lon="9.260039">
        <ele>265.221271</ele>
        <time>2021-07-24T15:49:31.000Z</time>
      </trkpt>
      <trkpt lat="49.023654" lon="9.259985">
        <ele>265.258168</ele>
        <time>2021-07-24T15:49:32.000Z</time>
      </trkpt>
      <trkpt lat="49.023680" lon="9.259932">
        <ele>265.297548</ele>
        <time>2021-07-24T15:49:33.000Z</time>
      </trkpt>
      <trkpt lat="49.023696" lon="9.259874">
        <ele>265.334983</ele>
        <time>2021-07-24T15:49:34.000Z</time>
      </trkpt>
      <trkpt lat="49.023710" lon="9.259820">
        <ele>265.369530</ele>
        <time>2021-07-24T15:49:35.000Z</time>
      </trkpt>
      <trkpt lat="49.023723" lon="9.259760">
        <ele>265.407125</ele>
        <time>2021-07-24T15:49:36.000Z</time>
      </trkpt>
      <trkpt lat="49.023744" lon="9.259711">
        <ele>265.441951</ele>
        <time>2021-07-24T15:49:37.000Z</time>
      </trkpt>
      <trkpt lat="49.023765" lon="9.259661">
        <ele>265.477277</ele>
        <time>2021-07-24T15:49:38.000Z</time>
      </trkpt>
      <trkpt lat="49.023786" lon="9.259611">
        <ele>265.512602</ele>
        <time>2021-07-24T15:49:39.000Z</time>
      </trkpt>
      <trkpt lat="49.023807" lon="9.259559">
        <ele>265.548935</ele>
        <time>2021-07-24T15:49:40.000Z</time>
      </trkpt>
      <trkpt lat="49.023829" lon="9.259505">
        <ele>265.586758</ele>
        <time>2021-07-24T15:49:41.000Z</time>
      </trkpt>
      <trkpt lat="49.023851" lon="9.259453">
        <ele>265.623575</ele>
        <time>2021-07-24T15:49:42.000Z</time>
      </trkpt>
      <trkpt lat="49.023872" lon="9.259402">
        <ele>265.659403</ele>
        <time>2021-07-24T15:49:43.000Z</time>
      </trkpt>
      <trkpt lat="49.023894" lon="9.259353">
        <ele>265.694734</ele>
        <time>2021-07-24T15:49:44.000Z</time>
      </trkpt>
      <trkpt lat="49.023915" lon="9.259303">
        <ele>265.730059</ele>
        <time>2021-07-24T15:49:45.000Z</time>
      </trkpt>
      <trkpt lat="49.023936" lon="9.259252">
        <ele>265.765887</ele>
        <time>2021-07-24T15:49:46.000Z</time>
      </trkpt>
      <trkpt lat="49.023958" lon="9.259202">
        <ele>265.801710</ele>
        <time>2021-07-24T15:49:47.000Z</time>
      </trkpt>
      <trkpt lat="49.023980" lon="9.259151">
        <ele>265.838029</ele>
        <time>2021-07-24T15:49:48.000Z</time>
      </trkpt>
      <trkpt lat="49.024004" lon="9.259102">
        <ele>265.874415</ele>
        <time>2021-07-24T15:49:49.000Z</time>
      </trkpt>
      <trkpt lat="49.024028" lon="9.259052">
        <ele>265.911280</ele>
        <time>2021-07-24T15:49:50.000Z</time>
      </trkpt>
      <trkpt lat="49.024050" lon="9.259003">
        <ele>265.946611</ele>
        <time>2021-07-24T15:49:51.000Z</time>
      </trkpt>
      <trkpt lat="49.024071" lon="9.258954">
        <ele>265.981436</ele>
        <time>2021-07-24T15:49:52.000Z</time>
      </trkpt>
      <trkpt lat="49.024092" lon="9.258903">
        <ele>266.017264</ele>
        <time>2021-07-24T15:49:53.000Z</time>
      </trkpt>
      <trkpt lat="49.024113" lon="9.258853">
        <ele>266.052590</ele>
        <time>2021-07-24T15:49:54.000Z</time>
      </trkpt>
      <trkpt lat="49.024134" lon="9.258805">
        <ele>266.086919</ele>
        <time>2021-07-24T15:49:55.000Z</time>
      </trkpt>
      <trkpt lat="49.024158" lon="9.258756">
        <ele>266.123306</ele>
        <time>2021-07-24T15:49:56.000Z</time>
      </trkpt>
      <trkpt lat="49.024182" lon="9.258707">
        <ele>266.159692</ele>
        <time>2021-07-24T15:49:57.000Z</time>
      </trkpt>
      <trkpt lat="49.024206" lon="9.258658">
        <ele>266.196079</ele>
        <time>2021-07-24T15:49:58.000Z</time>
      </trkpt>
      <trkpt lat="49.024230" lon="9.258609">
        <ele>266.232465</ele>
        <time>2021-07-24T15:49:59.000Z</time>
      </trkpt>
      <trkpt lat="49.024253" lon="9.258560">
        <ele>266.287836</ele>
        <time>2021-07-24T15:50:00.000Z</time>
      </trkpt>
      <trkpt lat="49.024277" lon="9.258512">
        <ele>266.533216</ele>
        <time>2021-07-24T15:50:01.000Z</time>
      </trkpt>
      <trkpt lat="49.024301" lon="9.258462">
        <ele>266.785109</ele>
        <time>2021-07-24T15:50:02.000Z</time>
      </trkpt>
      <trkpt lat="49.024324" lon="9.258412">
        <ele>267.033391</ele>
        <time>2021-07-24T15:50:03.000Z</time>
      </trkpt>
      <trkpt lat="49.024347" lon="9.258363">
        <ele>267.278356</ele>
        <time>2021-07-24T15:50:04.000Z</time>
      </trkpt>
      <trkpt lat="49.024369" lon="9.258315">
        <ele>267.516422</ele>
        <time>2021-07-24T15:50:05.000Z</time>
      </trkpt>
      <trkpt lat="49.024392" lon="9.258265">
        <ele>267.764703</ele>
        <time>2021-07-24T15:50:06.000Z</time>
      </trkpt>
      <trkpt lat="49.024415" lon="9.258213">
        <ele>268.019683</ele>
        <time>2021-07-24T15:50:07.000Z</time>
      </trkpt>
      <trkpt lat="49.024437" lon="9.258162">
        <ele>268.267843</ele>
        <time>2021-07-24T15:50:08.000Z</time>
      </trkpt>
      <trkpt lat="49.024458" lon="9.258111">
        <ele>268.512650</ele>
        <time>2021-07-24T15:50:09.000Z</time>
      </trkpt>
      <trkpt lat="49.024478" lon="9.258061">
        <ele>268.750738</ele>
        <time>2021-07-24T15:50:10.000Z</time>
      </trkpt>
      <trkpt lat="49.024501" lon="9.258012">
        <ele>268.995702</ele>
        <time>2021-07-24T15:50:11.000Z</time>
      </trkpt>
      <trkpt lat="49.024524" lon="9.257965">
        <ele>269.234102</ele>
        <time>2021-07-24T15:50:12.000Z</time>
      </trkpt>
      <trkpt lat="49.024542" lon="9.257924">
        <ele>269.434679</ele>
        <time>2021-07-24T15:50:13.000Z</time>
      </trkpt>
      <trkpt lat="49.024560" lon="9.257884">
        <ele>269.631890</ele>
        <time>2021-07-24T15:50:14.000Z</time>
      </trkpt>
      <trkpt lat="49.024578" lon="9.257841">
        <ele>269.839271</ele>
        <time>2021-07-24T15:50:15.000Z</time>
      </trkpt>
      <trkpt lat="49.024597" lon="9.257798">
        <ele>270.050053</ele>
        <time>2021-07-24T15:50:16.000Z</time>
      </trkpt>
      <trkpt lat="49.024615" lon="9.257757">
        <ele>270.250628</ele>
        <time>2021-07-24T15:50:17.000Z</time>
      </trkpt>
      <trkpt lat="49.024633" lon="9.257712">
        <ele>270.464907</ele>
        <time>2021-07-24T15:50:18.000Z</time>
      </trkpt>
      <trkpt lat="49.024652" lon="9.257666">
        <ele>270.685907</ele>
        <time>2021-07-24T15:50:19.000Z</time>
      </trkpt>
      <trkpt lat="49.024671" lon="9.257621">
        <ele>270.903479</ele>
        <time>2021-07-24T15:50:20.000Z</time>
      </trkpt>
      <trkpt lat="49.024689" lon="9.257577">
        <ele>271.114297</ele>
        <time>2021-07-24T15:50:21.000Z</time>
      </trkpt>
      <trkpt lat="49.024706" lon="9.257535">
        <ele>271.314939</ele>
        <time>2021-07-24T15:50:22.000Z</time>
      </trkpt>
      <trkpt lat="49.024723" lon="9.257491">
        <ele>271.522543</ele>
        <time>2021-07-24T15:50:23.000Z</time>
      </trkpt>
      <trkpt lat="49.024740" lon="9.257448">
        <ele>271.726655</ele>
        <time>2021-07-24T15:50:24.000Z</time>
      </trkpt>
      <trkpt lat="49.024758" lon="9.257401">
        <ele>271.947914</ele>
        <time>2021-07-24T15:50:25.000Z</time>
      </trkpt>
      <trkpt lat="49.024758" lon="9.257401">
        <ele>271.947914</ele>
        <time>2021-07-24T15:50:26.000Z</time>
      </trkpt>
      <trkpt lat="49.024775" lon="9.257356">
        <ele>272.159030</ele>
        <time>2021-07-24T15:50:27.000Z</time>
      </trkpt>
      <trkpt lat="49.024789" lon="9.257313">
        <ele>272.354190</ele>
        <time>2021-07-24T15:50:28.000Z</time>
      </trkpt>
      <trkpt lat="49.024805" lon="9.257267">
        <ele>272.565864</ele>
        <time>2021-07-24T15:50:29.000Z</time>
      </trkpt>
      <trkpt lat="49.024823" lon="9.257222">
        <ele>272.780142</ele>
        <time>2021-07-24T15:50:30.000Z</time>
      </trkpt>
      <trkpt lat="49.024838" lon="9.257179">
        <ele>272.978136</ele>
        <time>2021-07-24T15:50:31.000Z</time>
      </trkpt>
      <trkpt lat="49.024854" lon="9.257137">
        <ele>273.175592</ele>
        <time>2021-07-24T15:50:32.000Z</time>
      </trkpt>
      <trkpt lat="49.024871" lon="9.257093">
        <ele>273.383195</ele>
        <time>2021-07-24T15:50:33.000Z</time>
      </trkpt>
      <trkpt lat="49.024888" lon="9.257050">
        <ele>273.587307</ele>
        <time>2021-07-24T15:50:34.000Z</time>
      </trkpt>
      <trkpt lat="49.024907" lon="9.257007">
        <ele>273.798087</ele>
        <time>2021-07-24T15:50:35.000Z</time>
      </trkpt>
      <trkpt lat="49.024926" lon="9.256965">
        <ele>274.005509</ele>
        <time>2021-07-24T15:50:36.000Z</time>
      </trkpt>
      <trkpt lat="49.024945" lon="9.256923">
        <ele>274.212931</ele>
        <time>2021-07-24T15:50:37.000Z</time>
      </trkpt>
      <trkpt lat="49.024964" lon="9.256878">
        <ele>274.430502</ele>
        <time>2021-07-24T15:50:38.000Z</time>
      </trkpt>
      <trkpt lat="49.024982" lon="9.256832">
        <ele>274.648260</ele>
        <time>2021-07-24T15:50:39.000Z</time>
      </trkpt>
      <trkpt lat="49.025001" lon="9.256787">
        <ele>274.865830</ele>
        <time>2021-07-24T15:50:40.000Z</time>
      </trkpt>
      <trkpt lat="49.025020" lon="9.256744">
        <ele>275.076611</ele>
        <time>2021-07-24T15:50:41.000Z</time>
      </trkpt>
      <trkpt lat="49.025038" lon="9.256702">
        <ele>275.280576</ele>
        <time>2021-07-24T15:50:42.000Z</time>
      </trkpt>
      <trkpt lat="49.025054" lon="9.256659">
        <ele>275.481556</ele>
        <time>2021-07-24T15:50:43.000Z</time>
      </trkpt>
      <trkpt lat="49.025069" lon="9.256610">
        <ele>275.701382</ele>
        <time>2021-07-24T15:50:44.000Z</time>
      </trkpt>
      <trkpt lat="49.025084" lon="9.256562">
        <ele>275.917531</ele>
        <time>2021-07-24T15:50:45.000Z</time>
      </trkpt>
      <trkpt lat="49.025098" lon="9.256517">
        <ele>276.120004</ele>
        <time>2021-07-24T15:50:46.000Z</time>
      </trkpt>
      <trkpt lat="49.025113" lon="9.256474">
        <ele>276.317998</ele>
        <time>2021-07-24T15:50:47.000Z</time>
      </trkpt>
      <trkpt lat="49.025129" lon="9.256434">
        <ele>276.508467</ele>
        <time>2021-07-24T15:50:48.000Z</time>
      </trkpt>
      <trkpt lat="49.025147" lon="9.256395">
        <ele>276.702338</ele>
        <time>2021-07-24T15:50:49.000Z</time>
      </trkpt>
      <trkpt lat="49.025166" lon="9.256359">
        <ele>276.890194</ele>
        <time>2021-07-24T15:50:50.000Z</time>
      </trkpt>
      <trkpt lat="49.025186" lon="9.256318">
        <ele>277.097922</ele>
        <time>2021-07-24T15:50:51.000Z</time>
      </trkpt>
      <trkpt lat="49.025204" lon="9.256276">
        <ele>277.301887</ele>
        <time>2021-07-24T15:50:52.000Z</time>
      </trkpt>
      <trkpt lat="49.025219" lon="9.256241">
        <ele>277.448958</ele>
        <time>2021-07-24T15:50:53.000Z</time>
      </trkpt>
      <trkpt lat="49.025234" lon="9.256210">
        <ele>277.542099</ele>
        <time>2021-07-24T15:50:54.000Z</time>
      </trkpt>
      <trkpt lat="49.025244" lon="9.256185">
        <ele>277.612896</ele>
        <time>2021-07-24T15:50:55.000Z</time>
      </trkpt>
      <trkpt lat="49.025250" lon="9.256159">
        <ele>277.679533</ele>
        <time>2021-07-24T15:50:56.000Z</time>
      </trkpt>
      <trkpt lat="49.025247" lon="9.256133">
        <ele>277.743356</ele>
        <time>2021-07-24T15:50:57.000Z</time>
      </trkpt>
      <trkpt lat="49.025242" lon="9.256115">
        <ele>277.790616</ele>
        <time>2021-07-24T15:50:58.000Z</time>
      </trkpt>
      <trkpt lat="49.025233" lon="9.256095">
        <ele>277.849259</ele>
        <time>2021-07-24T15:50:59.000Z</time>
      </trkpt>
      <trkpt lat="49.025223" lon="9.256074">
        <ele>277.912003</ele>
        <time>2021-07-24T15:51:00.000Z</time>
      </trkpt>
      <trkpt lat="49.025210" lon="9.256057">
        <ele>277.975141</ele>
        <time>2021-07-24T15:51:01.000Z</time>
      </trkpt>
      <trkpt lat="49.025196" lon="9.256041">
        <ele>278.039643</ele>
        <time>2021-07-24T15:51:02.000Z</time>
      </trkpt>
      <trkpt lat="49.025181" lon="9.256023">
        <ele>278.110014</ele>
        <time>2021-07-24T15:51:03.000Z</time>
      </trkpt>
      <trkpt lat="49.025169" lon="9.256005">
        <ele>278.172072</ele>
        <time>2021-07-24T15:51:04.000Z</time>
      </trkpt>
      <trkpt lat="49.025158" lon="9.255986">
        <ele>278.233348</ele>
        <time>2021-07-24T15:51:05.000Z</time>
      </trkpt>
      <trkpt lat="49.025146" lon="9.255966">
        <ele>278.298887</ele>
        <time>2021-07-24T15:51:06.000Z</time>
      </trkpt>
      <trkpt lat="49.025134" lon="9.255945">
        <ele>278.366229</ele>
        <time>2021-07-24T15:51:07.000Z</time>
      </trkpt>
      <trkpt lat="49.025124" lon="9.255926">
        <ele>278.425129</ele>
        <time>2021-07-24T15:51:08.000Z</time>
      </trkpt>
      <trkpt lat="49.025113" lon="9.255905">
        <ele>278.490109</ele>
        <time>2021-07-24T15:51:09.000Z</time>
      </trkpt>
      <trkpt lat="49.025101" lon="9.255883">
        <ele>278.559292</ele>
        <time>2021-07-24T15:51:10.000Z</time>
      </trkpt>
      <trkpt lat="49.025091" lon="9.255859">
        <ele>278.628037</ele>
        <time>2021-07-24T15:51:11.000Z</time>
      </trkpt>
      <trkpt lat="49.025081" lon="9.255835">
        <ele>278.696782</ele>
        <time>2021-07-24T15:51:12.000Z</time>
      </trkpt>
      <trkpt lat="49.025071" lon="9.255811">
        <ele>278.765528</ele>
        <time>2021-07-24T15:51:13.000Z</time>
      </trkpt>
      <trkpt lat="49.025060" lon="9.255786">
        <ele>278.838313</ele>
        <time>2021-07-24T15:51:14.000Z</time>
      </trkpt>
      <trkpt lat="49.025047" lon="9.255762">
        <ele>278.913572</ele>
        <time>2021-07-24T15:51:15.000Z</time>
      </trkpt>
      <trkpt lat="49.025033" lon="9.255738">
        <ele>278.991231</ele>
        <time>2021-07-24T15:51:16.000Z</time>
      </trkpt>
      <trkpt lat="49.025019" lon="9.255711">
        <ele>279.074448</ele>
        <time>2021-07-24T15:51:17.000Z</time>
      </trkpt>
      <trkpt lat="49.025004" lon="9.255686">
        <ele>279.156372</ele>
        <time>2021-07-24T15:51:18.000Z</time>
      </trkpt>
      <trkpt lat="49.024991" lon="9.255661">
        <ele>279.233509</ele>
        <time>2021-07-24T15:51:19.000Z</time>
      </trkpt>
      <trkpt lat="49.024975" lon="9.255632">
        <ele>279.325136</ele>
        <time>2021-07-24T15:51:20.000Z</time>
      </trkpt>
      <trkpt lat="49.024960" lon="9.255608">
        <ele>279.405292</ele>
        <time>2021-07-24T15:51:21.000Z</time>
      </trkpt>
      <trkpt lat="49.024946" lon="9.255583">
        <ele>279.484773</ele>
        <time>2021-07-24T15:51:22.000Z</time>
      </trkpt>
      <trkpt lat="49.024925" lon="9.255550">
        <ele>279.595947</ele>
        <time>2021-07-24T15:51:23.000Z</time>
      </trkpt>
      <trkpt lat="49.024905" lon="9.255514">
        <ele>279.710018</ele>
        <time>2021-07-24T15:51:24.000Z</time>
      </trkpt>
      <trkpt lat="49.024888" lon="9.255479">
        <ele>279.815319</ele>
        <time>2021-07-24T15:51:25.000Z</time>
      </trkpt>
      <trkpt lat="49.024874" lon="9.255443">
        <ele>279.916508</ele>
        <time>2021-07-24T15:51:26.000Z</time>
      </trkpt>
      <trkpt lat="49.024862" lon="9.255407">
        <ele>280.014142</ele>
        <time>2021-07-24T15:51:27.000Z</time>
      </trkpt>
      <trkpt lat="49.024850" lon="9.255375">
        <ele>280.103263</ele>
        <time>2021-07-24T15:51:28.000Z</time>
      </trkpt>
      <trkpt lat="49.024835" lon="9.255343">
        <ele>280.198361</ele>
        <time>2021-07-24T15:51:29.000Z</time>
      </trkpt>
      <trkpt lat="49.024819" lon="9.255304">
        <ele>280.309580</ele>
        <time>2021-07-24T15:51:30.000Z</time>
      </trkpt>
      <trkpt lat="49.024806" lon="9.255265">
        <ele>280.415350</ele>
        <time>2021-07-24T15:51:31.000Z</time>
      </trkpt>
      <trkpt lat="49.024795" lon="9.255228">
        <ele>280.513566</ele>
        <time>2021-07-24T15:51:32.000Z</time>
      </trkpt>
      <trkpt lat="49.024784" lon="9.255192">
        <ele>280.609586</ele>
        <time>2021-07-24T15:51:33.000Z</time>
      </trkpt>
      <trkpt lat="49.024775" lon="9.255162">
        <ele>280.689344</ele>
        <time>2021-07-24T15:51:34.000Z</time>
      </trkpt>
      <trkpt lat="49.024764" lon="9.255128">
        <ele>280.781004</ele>
        <time>2021-07-24T15:51:35.000Z</time>
      </trkpt>
      <trkpt lat="49.024750" lon="9.255086">
        <ele>280.894910</ele>
        <time>2021-07-24T15:51:36.000Z</time>
      </trkpt>
      <trkpt lat="49.024738" lon="9.255048">
        <ele>280.996877</ele>
        <time>2021-07-24T15:51:37.000Z</time>
      </trkpt>
      <trkpt lat="49.024726" lon="9.255013">
        <ele>281.092362</ele>
        <time>2021-07-24T15:51:38.000Z</time>
      </trkpt>
      <trkpt lat="49.024714" lon="9.254977">
        <ele>281.189996</ele>
        <time>2021-07-24T15:51:39.000Z</time>
      </trkpt>
      <trkpt lat="49.024698" lon="9.254940">
        <ele>281.297148</ele>
        <time>2021-07-24T15:51:40.000Z</time>
      </trkpt>
      <trkpt lat="49.024683" lon="9.254904">
        <ele>281.400267</ele>
        <time>2021-07-24T15:51:41.000Z</time>
      </trkpt>
      <trkpt lat="49.024670" lon="9.254866">
        <ele>281.503887</ele>
        <time>2021-07-24T15:51:42.000Z</time>
      </trkpt>
      <trkpt lat="49.024660" lon="9.254824">
        <ele>281.611914</ele>
        <time>2021-07-24T15:51:43.000Z</time>
      </trkpt>
      <trkpt lat="49.024652" lon="9.254786">
        <ele>281.708402</ele>
        <time>2021-07-24T15:51:44.000Z</time>
      </trkpt>
      <trkpt lat="49.024643" lon="9.254750">
        <ele>281.801547</ele>
        <time>2021-07-24T15:51:45.000Z</time>
      </trkpt>
      <trkpt lat="49.024631" lon="9.254716">
        <ele>281.894897</ele>
        <time>2021-07-24T15:51:46.000Z</time>
      </trkpt>
      <trkpt lat="49.024617" lon="9.254683">
        <ele>281.989920</ele>
        <time>2021-07-24T15:51:47.000Z</time>
      </trkpt>
      <trkpt lat="49.024601" lon="9.254650">
        <ele>282.089141</ele>
        <time>2021-07-24T15:51:48.000Z</time>
      </trkpt>
      <trkpt lat="49.024586" lon="9.254620">
        <ele>282.180349</ele>
        <time>2021-07-24T15:51:49.000Z</time>
      </trkpt>
      <trkpt lat="49.024573" lon="9.254589">
        <ele>282.269311</ele>
        <time>2021-07-24T15:51:50.000Z</time>
      </trkpt>
      <trkpt lat="49.024560" lon="9.254558">
        <ele>282.358273</ele>
        <time>2021-07-24T15:51:51.000Z</time>
      </trkpt>
      <trkpt lat="49.024549" lon="9.254526">
        <ele>282.445623</ele>
        <time>2021-07-24T15:51:52.000Z</time>
      </trkpt>
      <trkpt lat="49.024541" lon="9.254494">
        <ele>282.528419</ele>
        <time>2021-07-24T15:51:53.000Z</time>
      </trkpt>
      <trkpt lat="49.024534" lon="9.254464">
        <ele>282.605402</ele>
        <time>2021-07-24T15:51:54.000Z</time>
      </trkpt>
      <trkpt lat="49.024530" lon="9.254432">
        <ele>282.684159</ele>
        <time>2021-07-24T15:51:55.000Z</time>
      </trkpt>
      <trkpt lat="49.024525" lon="9.254401">
        <ele>282.761340</ele>
        <time>2021-07-24T15:51:56.000Z</time>
      </trkpt>
      <trkpt lat="49.024519" lon="9.254369">
        <ele>282.841804</ele>
        <time>2021-07-24T15:51:57.000Z</time>
      </trkpt>
      <trkpt lat="49.024514" lon="9.254336">
        <ele>282.923688</ele>
        <time>2021-07-24T15:51:58.000Z</time>
      </trkpt>
      <trkpt lat="49.024508" lon="9.254303">
        <ele>283.006480</ele>
        <time>2021-07-24T15:51:59.000Z</time>
      </trkpt>
      <trkpt lat="49.024504" lon="9.254270">
        <ele>283.087613</ele>
        <time>2021-07-24T15:52:00.000Z</time>
      </trkpt>
      <trkpt lat="49.024499" lon="9.254233">
        <ele>283.178945</ele>
        <time>2021-07-24T15:52:01.000Z</time>
      </trkpt>
      <trkpt lat="49.024494" lon="9.254196">
        <ele>283.270277</ele>
        <time>2021-07-24T15:52:02.000Z</time>
      </trkpt>
      <trkpt lat="49.024490" lon="9.254156">
        <ele>283.368100</ele>
        <time>2021-07-24T15:52:03.000Z</time>
      </trkpt>
      <trkpt lat="49.024485" lon="9.254115">
        <ele>283.468923</ele>
        <time>2021-07-24T15:52:04.000Z</time>
      </trkpt>
      <trkpt lat="49.024481" lon="9.254071">
        <ele>283.576316</ele>
        <time>2021-07-24T15:52:05.000Z</time>
      </trkpt>
      <trkpt lat="49.024476" lon="9.254025">
        <ele>283.689044</ele>
        <time>2021-07-24T15:52:06.000Z</time>
      </trkpt>
      <trkpt lat="49.024471" lon="9.253979">
        <ele>283.801773</ele>
        <time>2021-07-24T15:52:07.000Z</time>
      </trkpt>
      <trkpt lat="49.024464" lon="9.253938">
        <ele>283.904201</ele>
        <time>2021-07-24T15:52:08.000Z</time>
      </trkpt>
      <trkpt lat="49.024456" lon="9.253895">
        <ele>284.012262</ele>
        <time>2021-07-24T15:52:09.000Z</time>
      </trkpt>
      <trkpt lat="49.024449" lon="9.253847">
        <ele>284.041177</ele>
        <time>2021-07-24T15:52:10.000Z</time>
      </trkpt>
      <trkpt lat="49.024442" lon="9.253802">
        <ele>284.033785</ele>
        <time>2021-07-24T15:52:11.000Z</time>
      </trkpt>
      <trkpt lat="49.024436" lon="9.253759">
        <ele>284.026758</ele>
        <time>2021-07-24T15:52:12.000Z</time>
      </trkpt>
      <trkpt lat="49.024429" lon="9.253718">
        <ele>284.019986</ele>
        <time>2021-07-24T15:52:13.000Z</time>
      </trkpt>
      <trkpt lat="49.024419" lon="9.253672">
        <ele>284.012240</ele>
        <time>2021-07-24T15:52:14.000Z</time>
      </trkpt>
      <trkpt lat="49.024411" lon="9.253625">
        <ele>284.004478</ele>
        <time>2021-07-24T15:52:15.000Z</time>
      </trkpt>
      <trkpt lat="49.024405" lon="9.253580">
        <ele>283.997138</ele>
        <time>2021-07-24T15:52:16.000Z</time>
      </trkpt>
      <trkpt lat="49.024401" lon="9.253524">
        <ele>283.988134</ele>
        <time>2021-07-24T15:52:17.000Z</time>
      </trkpt>
      <trkpt lat="49.024395" lon="9.253463">
        <ele>283.978275</ele>
        <time>2021-07-24T15:52:18.000Z</time>
      </trkpt>
      <trkpt lat="49.024389" lon="9.253402">
        <ele>283.968415</ele>
        <time>2021-07-24T15:52:19.000Z</time>
      </trkpt>
      <trkpt lat="49.024384" lon="9.253346">
        <ele>283.959381</ele>
        <time>2021-07-24T15:52:20.000Z</time>
      </trkpt>
      <trkpt lat="49.024379" lon="9.253297">
        <ele>283.951455</ele>
        <time>2021-07-24T15:52:21.000Z</time>
      </trkpt>
      <trkpt lat="49.024374" lon="9.253249">
        <ele>283.943686</ele>
        <time>2021-07-24T15:52:22.000Z</time>
      </trkpt>
      <trkpt lat="49.024368" lon="9.253202">
        <ele>283.936033</ele>
        <time>2021-07-24T15:52:23.000Z</time>
      </trkpt>
      <trkpt lat="49.024361" lon="9.253152">
        <ele>283.927860</ele>
        <time>2021-07-24T15:52:24.000Z</time>
      </trkpt>
      <trkpt lat="49.024354" lon="9.253099">
        <ele>283.919219</ele>
        <time>2021-07-24T15:52:25.000Z</time>
      </trkpt>
      <trkpt lat="49.024346" lon="9.253046">
        <ele>283.910526</ele>
        <time>2021-07-24T15:52:26.000Z</time>
      </trkpt>
      <trkpt lat="49.024336" lon="9.252992">
        <ele>283.901557</ele>
        <time>2021-07-24T15:52:27.000Z</time>
      </trkpt>
      <trkpt lat="49.024327" lon="9.252943">
        <ele>283.893423</ele>
        <time>2021-07-24T15:52:28.000Z</time>
      </trkpt>
      <trkpt lat="49.024317" lon="9.252894">
        <ele>283.885220</ele>
        <time>2021-07-24T15:52:29.000Z</time>
      </trkpt>
      <trkpt lat="49.024305" lon="9.252846">
        <ele>283.877009</ele>
        <time>2021-07-24T15:52:30.000Z</time>
      </trkpt>
      <trkpt lat="49.024295" lon="9.252803">
        <ele>283.869716</ele>
        <time>2021-07-24T15:52:31.000Z</time>
      </trkpt>
      <trkpt lat="49.024285" lon="9.252762">
        <ele>283.862724</ele>
        <time>2021-07-24T15:52:32.000Z</time>
      </trkpt>
      <trkpt lat="49.024275" lon="9.252720">
        <ele>283.855582</ele>
        <time>2021-07-24T15:52:33.000Z</time>
      </trkpt>
      <trkpt lat="49.024267" lon="9.252677">
        <ele>283.848437</ele>
        <time>2021-07-24T15:52:34.000Z</time>
      </trkpt>
      <trkpt lat="49.024258" lon="9.252631">
        <ele>283.840764</ele>
        <time>2021-07-24T15:52:35.000Z</time>
      </trkpt>
      <trkpt lat="49.024249" lon="9.252579">
        <ele>283.832168</ele>
        <time>2021-07-24T15:52:36.000Z</time>
      </trkpt>
      <trkpt lat="49.024242" lon="9.252535">
        <ele>283.824931</ele>
        <time>2021-07-24T15:52:37.000Z</time>
      </trkpt>
      <trkpt lat="49.024234" lon="9.252492">
        <ele>283.817786</ele>
        <time>2021-07-24T15:52:38.000Z</time>
      </trkpt>
      <trkpt lat="49.024226" lon="9.252445">
        <ele>283.810025</ele>
        <time>2021-07-24T15:52:39.000Z</time>
      </trkpt>
      <trkpt lat="49.024219" lon="9.252403">
        <ele>283.803098</ele>
        <time>2021-07-24T15:52:40.000Z</time>
      </trkpt>
      <trkpt lat="49.024210" lon="9.252358">
        <ele>283.795578</ele>
        <time>2021-07-24T15:52:41.000Z</time>
      </trkpt>
      <trkpt lat="49.024198" lon="9.252312">
        <ele>283.787665</ele>
        <time>2021-07-24T15:52:42.000Z</time>
      </trkpt>
      <trkpt lat="49.024186" lon="9.252275">
        <ele>283.781067</ele>
        <time>2021-07-24T15:52:43.000Z</time>
      </trkpt>
      <trkpt lat="49.024171" lon="9.252235">
        <ele>283.773701</ele>
        <time>2021-07-24T15:52:44.000Z</time>
      </trkpt>
      <trkpt lat="49.024155" lon="9.252186">
        <ele>283.764952</ele>
        <time>2021-07-24T15:52:45.000Z</time>
      </trkpt>
      <trkpt lat="49.024139" lon="9.252132">
        <ele>283.755480</ele>
        <time>2021-07-24T15:52:46.000Z</time>
      </trkpt>
      <trkpt lat="49.024124" lon="9.252076">
        <ele>283.745811</ele>
        <time>2021-07-24T15:52:47.000Z</time>
      </trkpt>
      <trkpt lat="49.024110" lon="9.252019">
        <ele>283.736082</ele>
        <time>2021-07-24T15:52:48.000Z</time>
      </trkpt>
      <trkpt lat="49.024099" lon="9.251967">
        <ele>283.727348</ele>
        <time>2021-07-24T15:52:49.000Z</time>
      </trkpt>
      <trkpt lat="49.024092" lon="9.251916">
        <ele>283.719020</ele>
        <time>2021-07-24T15:52:50.000Z</time>
      </trkpt>
      <trkpt lat="49.024084" lon="9.251860">
        <ele>283.709858</ele>
        <time>2021-07-24T15:52:51.000Z</time>
      </trkpt>
      <trkpt lat="49.024072" lon="9.251804">
        <ele>283.700441</ele>
        <time>2021-07-24T15:52:52.000Z</time>
      </trkpt>
      <trkpt lat="49.024057" lon="9.251751">
        <ele>283.691214</ele>
        <time>2021-07-24T15:52:53.000Z</time>
      </trkpt>
      <trkpt lat="49.024041" lon="9.251699">
        <ele>283.682033</ele>
        <time>2021-07-24T15:52:54.000Z</time>
      </trkpt>
      <trkpt lat="49.024028" lon="9.251650">
        <ele>283.673584</ele>
        <time>2021-07-24T15:52:55.000Z</time>
      </trkpt>
      <trkpt lat="49.024016" lon="9.251602">
        <ele>283.665373</ele>
        <time>2021-07-24T15:52:56.000Z</time>
      </trkpt>
      <trkpt lat="49.024004" lon="9.251553">
        <ele>283.657012</ele>
        <time>2021-07-24T15:52:57.000Z</time>
      </trkpt>
      <trkpt lat="49.023989" lon="9.251506">
        <ele>283.648657</ele>
        <time>2021-07-24T15:52:58.000Z</time>
      </trkpt>
      <trkpt lat="49.023970" lon="9.251454">
        <ele>283.639142</ele>
        <time>2021-07-24T15:52:59.000Z</time>
      </trkpt>
      <trkpt lat="49.023949" lon="9.251400">
        <ele>283.629107</ele>
        <time>2021-07-24T15:53:00.000Z</time>
      </trkpt>
      <trkpt lat="49.023930" lon="9.251348">
        <ele>283.619592</ele>
        <time>2021-07-24T15:53:01.000Z</time>
      </trkpt>
      <trkpt lat="49.023912" lon="9.251297">
        <ele>283.610334</ele>
        <time>2021-07-24T15:53:02.000Z</time>
      </trkpt>
      <trkpt lat="49.023895" lon="9.251250">
        <ele>283.518724</ele>
        <time>2021-07-24T15:53:03.000Z</time>
      </trkpt>
      <trkpt lat="49.023878" lon="9.251201">
        <ele>283.397846</ele>
        <time>2021-07-24T15:53:04.000Z</time>
      </trkpt>
      <trkpt lat="49.023860" lon="9.251148">
        <ele>283.267698</ele>
        <time>2021-07-24T15:53:05.000Z</time>
      </trkpt>
      <trkpt lat="49.023840" lon="9.251094">
        <ele>283.132466</ele>
        <time>2021-07-24T15:53:06.000Z</time>
      </trkpt>
      <trkpt lat="49.023821" lon="9.251039">
        <ele>282.996914</ele>
        <time>2021-07-24T15:53:07.000Z</time>
      </trkpt>
      <trkpt lat="49.023802" lon="9.250992">
        <ele>282.876519</ele>
        <time>2021-07-24T15:53:08.000Z</time>
      </trkpt>
      <trkpt lat="49.023780" lon="9.250955">
        <ele>282.767612</ele>
        <time>2021-07-24T15:53:09.000Z</time>
      </trkpt>
      <trkpt lat="49.023753" lon="9.250923">
        <ele>282.653903</ele>
        <time>2021-07-24T15:53:10.000Z</time>
      </trkpt>
      <trkpt lat="49.023719" lon="9.250901">
        <ele>282.531088</ele>
        <time>2021-07-24T15:53:11.000Z</time>
      </trkpt>
      <trkpt lat="49.023684" lon="9.250882">
        <ele>282.407550</ele>
        <time>2021-07-24T15:53:12.000Z</time>
      </trkpt>
      <trkpt lat="49.023651" lon="9.250870">
        <ele>282.294740</ele>
        <time>2021-07-24T15:53:13.000Z</time>
      </trkpt>
      <trkpt lat="49.023619" lon="9.250857">
        <ele>282.184621</ele>
        <time>2021-07-24T15:53:14.000Z</time>
      </trkpt>
      <trkpt lat="49.023585" lon="9.250845">
        <ele>282.068573</ele>
        <time>2021-07-24T15:53:15.000Z</time>
      </trkpt>
      <trkpt lat="49.023553" lon="9.250836">
        <ele>281.960370</ele>
        <time>2021-07-24T15:53:16.000Z</time>
      </trkpt>
      <trkpt lat="49.023519" lon="9.250827">
        <ele>281.845621</ele>
        <time>2021-07-24T15:53:17.000Z</time>
      </trkpt>
      <trkpt lat="49.023488" lon="9.250813">
        <ele>281.738113</ele>
        <time>2021-07-24T15:53:18.000Z</time>
      </trkpt>
      <trkpt lat="49.023459" lon="9.250795">
        <ele>281.633999</ele>
        <time>2021-07-24T15:53:19.000Z</time>
      </trkpt>
      <trkpt lat="49.023428" lon="9.250774">
        <ele>281.521203</ele>
        <time>2021-07-24T15:53:20.000Z</time>
      </trkpt>
      <trkpt lat="49.023391" lon="9.250761">
        <ele>281.394945</ele>
        <time>2021-07-24T15:53:21.000Z</time>
      </trkpt>
      <trkpt lat="49.023352" lon="9.250751">
        <ele>281.263439</ele>
        <time>2021-07-24T15:53:22.000Z</time>
      </trkpt>
      <trkpt lat="49.023312" lon="9.250729">
        <ele>281.122043</ele>
        <time>2021-07-24T15:53:23.000Z</time>
      </trkpt>
      <trkpt lat="49.023277" lon="9.250699">
        <ele>280.988534</ele>
        <time>2021-07-24T15:53:24.000Z</time>
      </trkpt>
      <trkpt lat="49.023248" lon="9.250661">
        <ele>280.861392</ele>
        <time>2021-07-24T15:53:25.000Z</time>
      </trkpt>
      <trkpt lat="49.023221" lon="9.250620">
        <ele>280.734689</ele>
        <time>2021-07-24T15:53:26.000Z</time>
      </trkpt>
      <trkpt lat="49.023191" lon="9.250590">
        <ele>280.615396</ele>
        <time>2021-07-24T15:53:27.000Z</time>
      </trkpt>
      <trkpt lat="49.023159" lon="9.250565">
        <ele>280.495836</ele>
        <time>2021-07-24T15:53:28.000Z</time>
      </trkpt>
      <trkpt lat="49.023128" lon="9.250552">
        <ele>280.388927</ele>
        <time>2021-07-24T15:53:29.000Z</time>
      </trkpt>
      <trkpt lat="49.023130" lon="9.250549">
        <ele>280.379598</ele>
        <time>2021-07-24T15:53:30.000Z</time>
      </trkpt>
      <trkpt lat="49.023137" lon="9.250549">
        <ele>280.356321</ele>
        <time>2021-07-24T15:53:31.000Z</time>
      </trkpt>
      <trkpt lat="49.023141" lon="9.250549">
        <ele>280.343020</ele>
        <time>2021-07-24T15:53:32.000Z</time>
      </trkpt>
      <trkpt lat="49.023143" lon="9.250548">
        <ele>280.336021</ele>
        <time>2021-07-24T15:53:33.000Z</time>
      </trkpt>
      <trkpt lat="49.023144" lon="9.250546">
        <ele>280.330537</ele>
        <time>2021-07-24T15:53:34.000Z</time>
      </trkpt>
      <trkpt lat="49.023144" lon="9.250545">
        <ele>280.328357</ele>
        <time>2021-07-24T15:53:35.000Z</time>
      </trkpt>
      <trkpt lat="49.023145" lon="9.250545">
        <ele>280.325031</ele>
        <time>2021-07-24T15:53:36.000Z</time>
      </trkpt>
      <trkpt lat="49.023146" lon="9.250544">
        <ele>280.321055</ele>
        <time>2021-07-24T15:53:37.000Z</time>
      </trkpt>
      <trkpt lat="49.023147" lon="9.250544">
        <ele>280.317730</ele>
        <time>2021-07-24T15:53:38.000Z</time>
      </trkpt>
      <trkpt lat="49.023147" lon="9.250544">
        <ele>280.317730</ele>
        <time>2021-07-24T15:53:39.000Z</time>
      </trkpt>
      <trkpt lat="49.023146" lon="9.250545">
        <ele>280.313753</ele>
        <time>2021-07-24T15:53:40.000Z</time>
      </trkpt>
      <trkpt lat="49.023146" lon="9.250545">
        <ele>280.313753</ele>
        <time>2021-07-24T15:53:41.000Z</time>
      </trkpt>
      <trkpt lat="49.023146" lon="9.250545">
        <ele>280.313753</ele>
        <time>2021-07-24T15:53:42.000Z</time>
      </trkpt>
      <trkpt lat="49.023146" lon="9.250545">
        <ele>280.313753</ele>
        <time>2021-07-24T15:53:44.000Z</time>
      </trkpt>
      <trkpt lat="49.023146" lon="9.250545">
        <ele>280.313753</ele>
        <time>2021-07-24T15:53:45.000Z</time>
      </trkpt>
      <trkpt lat="49.023146" lon="9.250545">
        <ele>280.313753</ele>
        <time>2021-07-24T15:53:47.000Z</time>
      </trkpt>
      <trkpt lat="49.023146" lon="9.250545">
        <ele>280.313753</ele>
        <time>2021-07-24T15:53:48.000Z</time>
      </trkpt>
      <trkpt lat="49.023146" lon="9.250545">
        <ele>280.313753</ele>
        <time>2021-07-24T15:53:49.000Z</time>
      </trkpt>
      <trkpt lat="49.023146" lon="9.250545">
        <ele>280.313753</ele>
        <time>2021-07-24T15:53:50.000Z</time>
      </trkpt>
      <trkpt lat="49.023146" lon="9.250544">
        <ele>280.311573</ele>
        <time>2021-07-24T15:53:52.000Z</time>
      </trkpt>
      <trkpt lat="49.023146" lon="9.250544">
        <ele>280.311573</ele>
        <time>2021-07-24T15:53:53.000Z</time>
      </trkpt>
      <trkpt lat="49.023146" lon="9.250544">
        <ele>280.311573</ele>
        <time>2021-07-24T15:53:55.000Z</time>
      </trkpt>
      <trkpt lat="49.023146" lon="9.250545">
        <ele>280.309392</ele>
        <time>2021-07-24T15:53:56.000Z</time>
      </trkpt>
      <trkpt lat="49.023146" lon="9.250545">
        <ele>280.309392</ele>
        <time>2021-07-24T15:53:57.000Z</time>
      </trkpt>
      <trkpt lat="49.023146" lon="9.250545">
        <ele>280.309392</ele>
        <time>2021-07-24T15:53:58.000Z</time>
      </trkpt>
      <trkpt lat="49.023146" lon="9.250545">
        <ele>280.309392</ele>
        <time>2021-07-24T15:53:59.000Z</time>
      </trkpt>
      <trkpt lat="49.023146" lon="9.250545">
        <ele>280.309392</ele>
        <time>2021-07-24T15:54:02.000Z</time>
      </trkpt>
      <trkpt lat="49.023146" lon="9.250545">
        <ele>280.309392</ele>
        <time>2021-07-24T15:54:04.000Z</time>
      </trkpt>
      <trkpt lat="49.023146" lon="9.250545">
        <ele>280.309392</ele>
        <time>2021-07-24T15:54:05.000Z</time>
      </trkpt>
      <trkpt lat="49.023146" lon="9.250545">
        <ele>280.309392</ele>
        <time>2021-07-24T15:54:07.000Z</time>
      </trkpt>
      <trkpt lat="49.023146" lon="9.250545">
        <ele>280.309392</ele>
        <time>2021-07-24T15:54:09.000Z</time>
      </trkpt>
      <trkpt lat="49.023146" lon="9.250545">
        <ele>280.309392</ele>
        <time>2021-07-24T15:54:12.000Z</time>
      </trkpt>
      <trkpt lat="49.023146" lon="9.250545">
        <ele>280.309392</ele>
        <time>2021-07-24T15:54:15.000Z</time>
      </trkpt>
      <trkpt lat="49.023146" lon="9.250545">
        <ele>280.309392</ele>
        <time>2021-07-24T15:54:18.000Z</time>
      </trkpt>
      <trkpt lat="49.023146" lon="9.250545">
        <ele>280.309392</ele>
        <time>2021-07-24T15:54:19.000Z</time>
      </trkpt>
      <trkpt lat="49.023146" lon="9.250545">
        <ele>280.309392</ele>
        <time>2021-07-24T15:54:21.000Z</time>
      </trkpt>
      <trkpt lat="49.023146" lon="9.250544">
        <ele>280.307212</ele>
        <time>2021-07-24T15:54:22.000Z</time>
      </trkpt>
      <trkpt lat="49.023146" lon="9.250544">
        <ele>280.307212</ele>
        <time>2021-07-24T15:54:25.000Z</time>
      </trkpt>
      <trkpt lat="49.023147" lon="9.250544">
        <ele>280.303886</ele>
        <time>2021-07-24T15:54:27.000Z</time>
      </trkpt>
      <trkpt lat="49.023147" lon="9.250544">
        <ele>280.303886</ele>
        <time>2021-07-24T15:54:29.000Z</time>
      </trkpt>
      <trkpt lat="49.023147" lon="9.250544">
        <ele>280.303886</ele>
        <time>2021-07-24T15:54:30.000Z</time>
      </trkpt>
      <trkpt lat="49.023147" lon="9.250544">
        <ele>280.303886</ele>
        <time>2021-07-24T15:54:33.000Z</time>
      </trkpt>
      <trkpt lat="49.023147" lon="9.250544">
        <ele>280.303886</ele>
        <time>2021-07-24T15:54:35.000Z</time>
      </trkpt>
      <trkpt lat="49.023147" lon="9.250544">
        <ele>280.303886</ele>
        <time>2021-07-24T15:54:37.000Z</time>
      </trkpt>
      <trkpt lat="49.023147" lon="9.250544">
        <ele>280.303886</ele>
        <time>2021-07-24T15:54:38.000Z</time>
      </trkpt>
      <trkpt lat="49.023147" lon="9.250544">
        <ele>280.303886</ele>
        <time>2021-07-24T15:54:40.000Z</time>
      </trkpt>
      <trkpt lat="49.023147" lon="9.250544">
        <ele>280.303886</ele>
        <time>2021-07-24T15:54:48.000Z</time>
      </trkpt>
      <trkpt lat="49.023147" lon="9.250544">
        <ele>280.303886</ele>
        <time>2021-07-24T15:54:52.000Z</time>
      </trkpt>
      <trkpt lat="49.023147" lon="9.250544">
        <ele>280.303886</ele>
        <time>2021-07-24T15:54:54.000Z</time>
      </trkpt>
      <trkpt lat="49.023147" lon="9.250544">
        <ele>280.303886</ele>
        <time>2021-07-24T15:54:56.000Z</time>
      </trkpt>
      <trkpt lat="49.023147" lon="9.250544">
        <ele>280.303886</ele>
        <time>2021-07-24T15:54:58.000Z</time>
      </trkpt>
      <trkpt lat="49.023147" lon="9.250544">
        <ele>280.303886</ele>
        <time>2021-07-24T15:54:59.000Z</time>
      </trkpt>
      <trkpt lat="49.023147" lon="9.250544">
        <ele>280.303886</ele>
        <time>2021-07-24T15:55:01.000Z</time>
      </trkpt>
      <trkpt lat="49.023147" lon="9.250543">
        <ele>280.301706</ele>
        <time>2021-07-24T15:55:03.000Z</time>
      </trkpt>
      <trkpt lat="49.023147" lon="9.250543">
        <ele>280.301706</ele>
        <time>2021-07-24T15:55:04.000Z</time>
      </trkpt>
      <trkpt lat="49.023147" lon="9.250543">
        <ele>280.301706</ele>
        <time>2021-07-24T15:55:05.000Z</time>
      </trkpt>
      <trkpt lat="49.023147" lon="9.250543">
        <ele>280.301706</ele>
        <time>2021-07-24T15:55:06.000Z</time>
      </trkpt>
      <trkpt lat="49.023147" lon="9.250543">
        <ele>280.301706</ele>
        <time>2021-07-24T15:55:08.000Z</time>
      </trkpt>
      <trkpt lat="49.023147" lon="9.250543">
        <ele>280.301706</ele>
        <time>2021-07-24T15:55:10.000Z</time>
      </trkpt>
      <trkpt lat="49.023147" lon="9.250543">
        <ele>280.301706</ele>
        <time>2021-07-24T15:55:11.000Z</time>
      </trkpt>
      <trkpt lat="49.023147" lon="9.250542">
        <ele>280.299525</ele>
        <time>2021-07-24T15:55:12.000Z</time>
      </trkpt>
      <trkpt lat="49.023147" lon="9.250540">
        <ele>280.295164</ele>
        <time>2021-07-24T15:55:13.000Z</time>
      </trkpt>
      <trkpt lat="49.023148" lon="9.250537">
        <ele>280.287826</ele>
        <time>2021-07-24T15:55:14.000Z</time>
      </trkpt>
      <trkpt lat="49.023148" lon="9.250535">
        <ele>280.283465</ele>
        <time>2021-07-24T15:55:15.000Z</time>
      </trkpt>
      <trkpt lat="49.023149" lon="9.250533">
        <ele>280.277981</ele>
        <time>2021-07-24T15:55:16.000Z</time>
      </trkpt>
      <trkpt lat="49.023150" lon="9.250531">
        <ele>280.272496</ele>
        <time>2021-07-24T15:55:17.000Z</time>
      </trkpt>
      <trkpt lat="49.023150" lon="9.250530">
        <ele>280.270316</ele>
        <time>2021-07-24T15:55:18.000Z</time>
      </trkpt>
      <trkpt lat="49.023151" lon="9.250529">
        <ele>280.266339</ele>
        <time>2021-07-24T15:55:19.000Z</time>
      </trkpt>
      <trkpt lat="49.023149" lon="9.250528">
        <ele>280.259341</ele>
        <time>2021-07-24T15:55:20.000Z</time>
      </trkpt>
      <trkpt lat="49.023149" lon="9.250527">
        <ele>280.257160</ele>
        <time>2021-07-24T15:55:21.000Z</time>
      </trkpt>
      <trkpt lat="49.023148" lon="9.250527">
        <ele>280.253835</ele>
        <time>2021-07-24T15:55:22.000Z</time>
      </trkpt>
      <trkpt lat="49.023148" lon="9.250527">
        <ele>280.253835</ele>
        <time>2021-07-24T15:55:23.000Z</time>
      </trkpt>
      <trkpt lat="49.023148" lon="9.250527">
        <ele>280.253835</ele>
        <time>2021-07-24T15:55:24.000Z</time>
      </trkpt>
      <trkpt lat="49.023147" lon="9.250527">
        <ele>280.250509</ele>
        <time>2021-07-24T15:55:25.000Z</time>
      </trkpt>
      <trkpt lat="49.023148" lon="9.250527">
        <ele>280.247184</ele>
        <time>2021-07-24T15:55:26.000Z</time>
      </trkpt>
      <trkpt lat="49.023148" lon="9.250527">
        <ele>280.247184</ele>
        <time>2021-07-24T15:55:28.000Z</time>
      </trkpt>
      <trkpt lat="49.023148" lon="9.250528">
        <ele>280.245004</ele>
        <time>2021-07-24T15:55:29.000Z</time>
      </trkpt>
      <trkpt lat="49.023147" lon="9.250529">
        <ele>280.241027</ele>
        <time>2021-07-24T15:55:30.000Z</time>
      </trkpt>
      <trkpt lat="49.023148" lon="9.250531">
        <ele>280.235543</ele>
        <time>2021-07-24T15:55:31.000Z</time>
      </trkpt>
      <trkpt lat="49.023148" lon="9.250534">
        <ele>280.229001</ele>
        <time>2021-07-24T15:55:32.000Z</time>
      </trkpt>
      <trkpt lat="49.023148" lon="9.250538">
        <ele>280.220279</ele>
        <time>2021-07-24T15:55:33.000Z</time>
      </trkpt>
      <trkpt lat="49.023149" lon="9.250540">
        <ele>280.214795</ele>
        <time>2021-07-24T15:55:34.000Z</time>
      </trkpt>
      <trkpt lat="49.023149" lon="9.250541">
        <ele>280.212614</ele>
        <time>2021-07-24T15:55:35.000Z</time>
      </trkpt>
      <trkpt lat="49.023150" lon="9.250542">
        <ele>280.208638</ele>
        <time>2021-07-24T15:55:36.000Z</time>
      </trkpt>
      <trkpt lat="49.023150" lon="9.250541">
        <ele>280.206457</ele>
        <time>2021-07-24T15:55:37.000Z</time>
      </trkpt>
      <trkpt lat="49.023150" lon="9.250542">
        <ele>280.204277</ele>
        <time>2021-07-24T15:55:38.000Z</time>
      </trkpt>
      <trkpt lat="49.023151" lon="9.250542">
        <ele>280.200952</ele>
        <time>2021-07-24T15:55:39.000Z</time>
      </trkpt>
      <trkpt lat="49.023150" lon="9.250541">
        <ele>280.196975</ele>
        <time>2021-07-24T15:55:40.000Z</time>
      </trkpt>
      <trkpt lat="49.023149" lon="9.250541">
        <ele>280.193650</ele>
        <time>2021-07-24T15:55:41.000Z</time>
      </trkpt>
      <trkpt lat="49.023149" lon="9.250541">
        <ele>280.193650</ele>
        <time>2021-07-24T15:55:42.000Z</time>
      </trkpt>
      <trkpt lat="49.023149" lon="9.250541">
        <ele>280.193650</ele>
        <time>2021-07-24T15:55:43.000Z</time>
      </trkpt>
      <trkpt lat="49.023149" lon="9.250542">
        <ele>280.191469</ele>
        <time>2021-07-24T15:55:44.000Z</time>
      </trkpt>
      <trkpt lat="49.023149" lon="9.250542">
        <ele>280.191469</ele>
        <time>2021-07-24T15:55:45.000Z</time>
      </trkpt>
      <trkpt lat="49.023149" lon="9.250542">
        <ele>280.191469</ele>
        <time>2021-07-24T15:55:46.000Z</time>
      </trkpt>
      <trkpt lat="49.023149" lon="9.250542">
        <ele>280.191469</ele>
        <time>2021-07-24T15:55:48.000Z</time>
      </trkpt>
      <trkpt lat="49.023149" lon="9.250542">
        <ele>280.191469</ele>
        <time>2021-07-24T15:55:55.000Z</time>
      </trkpt>
      <trkpt lat="49.023149" lon="9.250542">
        <ele>280.191469</ele>
        <time>2021-07-24T15:55:58.000Z</time>
      </trkpt>
      <trkpt lat="49.023149" lon="9.250542">
        <ele>280.191469</ele>
        <time>2021-07-24T15:56:02.000Z</time>
      </trkpt>
      <trkpt lat="49.023149" lon="9.250542">
        <ele>280.191469</ele>
        <time>2021-07-24T15:56:03.000Z</time>
      </trkpt>
      <trkpt lat="49.023147" lon="9.250543">
        <ele>280.184470</ele>
        <time>2021-07-24T15:56:08.000Z</time>
      </trkpt>
      <trkpt lat="49.023147" lon="9.250543">
        <ele>280.184470</ele>
        <time>2021-07-24T15:56:09.000Z</time>
      </trkpt>
      <trkpt lat="49.023147" lon="9.250544">
        <ele>280.182290</ele>
        <time>2021-07-24T15:56:10.000Z</time>
      </trkpt>
      <trkpt lat="49.023148" lon="9.250545">
        <ele>280.178313</ele>
        <time>2021-07-24T15:56:11.000Z</time>
      </trkpt>
      <trkpt lat="49.023147" lon="9.250544">
        <ele>280.174337</ele>
        <time>2021-07-24T15:56:12.000Z</time>
      </trkpt>
      <trkpt lat="49.023146" lon="9.250545">
        <ele>280.170361</ele>
        <time>2021-07-24T15:56:13.000Z</time>
      </trkpt>
      <trkpt lat="49.023144" lon="9.250547">
        <ele>280.162408</ele>
        <time>2021-07-24T15:56:14.000Z</time>
      </trkpt>
      <trkpt lat="49.023144" lon="9.250551">
        <ele>280.153685</ele>
        <time>2021-07-24T15:56:15.000Z</time>
      </trkpt>
      <trkpt lat="49.023143" lon="9.250556">
        <ele>280.142287</ele>
        <time>2021-07-24T15:56:16.000Z</time>
      </trkpt>
      <trkpt lat="49.023144" lon="9.250556">
        <ele>280.138962</ele>
        <time>2021-07-24T15:56:17.000Z</time>
      </trkpt>
      <trkpt lat="49.023145" lon="9.250555">
        <ele>280.134985</ele>
        <time>2021-07-24T15:56:18.000Z</time>
      </trkpt>
      <trkpt lat="49.023146" lon="9.250554">
        <ele>280.131009</ele>
        <time>2021-07-24T15:56:19.000Z</time>
      </trkpt>
      <trkpt lat="49.023146" lon="9.250554">
        <ele>280.131009</ele>
        <time>2021-07-24T15:56:20.000Z</time>
      </trkpt>
      <trkpt lat="49.023146" lon="9.250552">
        <ele>280.126648</ele>
        <time>2021-07-24T15:56:21.000Z</time>
      </trkpt>
      <trkpt lat="49.023147" lon="9.250552">
        <ele>280.123322</ele>
        <time>2021-07-24T15:56:22.000Z</time>
      </trkpt>
      <trkpt lat="49.023148" lon="9.250552">
        <ele>280.119997</ele>
        <time>2021-07-24T15:56:23.000Z</time>
      </trkpt>
      <trkpt lat="49.023149" lon="9.250552">
        <ele>280.116672</ele>
        <time>2021-07-24T15:56:24.000Z</time>
      </trkpt>
      <trkpt lat="49.023151" lon="9.250552">
        <ele>280.110021</ele>
        <time>2021-07-24T15:56:25.000Z</time>
      </trkpt>
      <trkpt lat="49.023152" lon="9.250553">
        <ele>280.106045</ele>
        <time>2021-07-24T15:56:26.000Z</time>
      </trkpt>
      <trkpt lat="49.023152" lon="9.250554">
        <ele>280.103864</ele>
        <time>2021-07-24T15:56:27.000Z</time>
      </trkpt>
      <trkpt lat="49.023152" lon="9.250557">
        <ele>280.097323</ele>
        <time>2021-07-24T15:56:28.000Z</time>
      </trkpt>
      <trkpt lat="49.023152" lon="9.250560">
        <ele>280.090781</ele>
        <time>2021-07-24T15:56:29.000Z</time>
      </trkpt>
      <trkpt lat="49.023152" lon="9.250562">
        <ele>280.086420</ele>
        <time>2021-07-24T15:56:30.000Z</time>
      </trkpt>
      <trkpt lat="49.023154" lon="9.250563">
        <ele>280.079421</ele>
        <time>2021-07-24T15:56:31.000Z</time>
      </trkpt>
      <trkpt lat="49.023152" lon="9.250562">
        <ele>280.072422</ele>
        <time>2021-07-24T15:56:32.000Z</time>
      </trkpt>
      <trkpt lat="49.023141" lon="9.250551">
        <ele>280.028681</ele>
        <time>2021-07-24T15:56:33.000Z</time>
      </trkpt>
      <trkpt lat="49.023126" lon="9.250535">
        <ele>279.967811</ele>
        <time>2021-07-24T15:56:34.000Z</time>
      </trkpt>
      <trkpt lat="49.023112" lon="9.250520">
        <ele>279.910916</ele>
        <time>2021-07-24T15:56:35.000Z</time>
      </trkpt>
      <trkpt lat="49.023097" lon="9.250501">
        <ele>279.846075</ele>
        <time>2021-07-24T15:56:36.000Z</time>
      </trkpt>
      <trkpt lat="49.023081" lon="9.250476">
        <ele>279.769901</ele>
        <time>2021-07-24T15:56:37.000Z</time>
      </trkpt>
      <trkpt lat="49.023069" lon="9.250452">
        <ele>279.704091</ele>
        <time>2021-07-24T15:56:38.000Z</time>
      </trkpt>
      <trkpt lat="49.023059" lon="9.250429">
        <ele>279.643916</ele>
        <time>2021-07-24T15:56:39.000Z</time>
      </trkpt>
      <trkpt lat="49.023041" lon="9.250405">
        <ele>279.564409</ele>
        <time>2021-07-24T15:56:40.000Z</time>
      </trkpt>
      <trkpt lat="49.023034" lon="9.250401">
        <ele>279.539551</ele>
        <time>2021-07-24T15:56:41.000Z</time>
      </trkpt>
      <trkpt lat="49.023037" lon="9.250405">
        <ele>279.526300</ele>
        <time>2021-07-24T15:56:42.000Z</time>
      </trkpt>
      <trkpt lat="49.023038" lon="9.250404">
        <ele>279.522324</ele>
        <time>2021-07-24T15:56:43.000Z</time>
      </trkpt>
      <trkpt lat="49.023038" lon="9.250402">
        <ele>279.517963</ele>
        <time>2021-07-24T15:56:44.000Z</time>
      </trkpt>
      <trkpt lat="49.023038" lon="9.250401">
        <ele>279.515782</ele>
        <time>2021-07-24T15:56:45.000Z</time>
      </trkpt>
      <trkpt lat="49.023040" lon="9.250401">
        <ele>279.509132</ele>
        <time>2021-07-24T15:56:46.000Z</time>
      </trkpt>
      <trkpt lat="49.023042" lon="9.250401">
        <ele>279.502481</ele>
        <time>2021-07-24T15:56:47.000Z</time>
      </trkpt>
      <trkpt lat="49.023042" lon="9.250403">
        <ele>279.498120</ele>
        <time>2021-07-24T15:56:48.000Z</time>
      </trkpt>
      <trkpt lat="49.023043" lon="9.250404">
        <ele>279.494144</ele>
        <time>2021-07-24T15:56:49.000Z</time>
      </trkpt>
      <trkpt lat="49.023044" lon="9.250404">
        <ele>279.490818</ele>
        <time>2021-07-24T15:56:50.000Z</time>
      </trkpt>
      <trkpt lat="49.023044" lon="9.250403">
        <ele>279.488638</ele>
        <time>2021-07-24T15:56:51.000Z</time>
      </trkpt>
      <trkpt lat="49.023034" lon="9.250403">
        <ele>279.455385</ele>
        <time>2021-07-24T15:56:52.000Z</time>
      </trkpt>
      <trkpt lat="49.023011" lon="9.250392">
        <ele>279.375231</ele>
        <time>2021-07-24T15:56:53.000Z</time>
      </trkpt>
      <trkpt lat="49.022988" lon="9.250381">
        <ele>279.295077</ele>
        <time>2021-07-24T15:56:54.000Z</time>
      </trkpt>
      <trkpt lat="49.022976" lon="9.250371">
        <ele>279.249605</ele>
        <time>2021-07-24T15:56:55.000Z</time>
      </trkpt>
      <trkpt lat="49.022961" lon="9.250363">
        <ele>279.196763</ele>
        <time>2021-07-24T15:56:56.000Z</time>
      </trkpt>
      <trkpt lat="49.022939" lon="9.250359">
        <ele>279.123090</ele>
        <time>2021-07-24T15:56:57.000Z</time>
      </trkpt>
      <trkpt lat="49.022916" lon="9.250360">
        <ele>279.046578</ele>
        <time>2021-07-24T15:56:58.000Z</time>
      </trkpt>
      <trkpt lat="49.022900" lon="9.250369">
        <ele>278.989869</ele>
        <time>2021-07-24T15:56:59.000Z</time>
      </trkpt>
      <trkpt lat="49.022882" lon="9.250384">
        <ele>278.921661</ele>
        <time>2021-07-24T15:57:00.000Z</time>
      </trkpt>
      <trkpt lat="49.022863" lon="9.250404">
        <ele>278.844891</ele>
        <time>2021-07-24T15:57:01.000Z</time>
      </trkpt>
      <trkpt lat="49.022845" lon="9.250421">
        <ele>278.774487</ele>
        <time>2021-07-24T15:57:02.000Z</time>
      </trkpt>
      <trkpt lat="49.022822" lon="9.250440">
        <ele>278.687505</ele>
        <time>2021-07-24T15:57:03.000Z</time>
      </trkpt>
      <trkpt lat="49.022794" lon="9.250462">
        <ele>278.582766</ele>
        <time>2021-07-24T15:57:04.000Z</time>
      </trkpt>
      <trkpt lat="49.022764" lon="9.250483">
        <ele>278.473000</ele>
        <time>2021-07-24T15:57:05.000Z</time>
      </trkpt>
      <trkpt lat="49.022732" lon="9.250504">
        <ele>278.357157</ele>
        <time>2021-07-24T15:57:06.000Z</time>
      </trkpt>
      <trkpt lat="49.022698" lon="9.250525">
        <ele>278.235177</ele>
        <time>2021-07-24T15:57:07.000Z</time>
      </trkpt>
      <trkpt lat="49.022669" lon="9.250544">
        <ele>278.130221</ele>
        <time>2021-07-24T15:57:08.000Z</time>
      </trkpt>
      <trkpt lat="49.022646" lon="9.250559">
        <ele>278.047039</ele>
        <time>2021-07-24T15:57:09.000Z</time>
      </trkpt>
      <trkpt lat="49.022629" lon="9.250568">
        <ele>277.987200</ele>
        <time>2021-07-24T15:57:10.000Z</time>
      </trkpt>
      <trkpt lat="49.022619" lon="9.250573">
        <ele>277.952206</ele>
        <time>2021-07-24T15:57:11.000Z</time>
      </trkpt>
      <trkpt lat="49.022616" lon="9.250573">
        <ele>277.942230</ele>
        <time>2021-07-24T15:57:12.000Z</time>
      </trkpt>
      <trkpt lat="49.022616" lon="9.250571">
        <ele>277.937869</ele>
        <time>2021-07-24T15:57:13.000Z</time>
      </trkpt>
      <trkpt lat="49.022616" lon="9.250569">
        <ele>277.933508</ele>
        <time>2021-07-24T15:57:14.000Z</time>
      </trkpt>
      <trkpt lat="49.022619" lon="9.250564">
        <ele>277.918730</ele>
        <time>2021-07-24T15:57:15.000Z</time>
      </trkpt>
      <trkpt lat="49.022622" lon="9.250561">
        <ele>277.906800</ele>
        <time>2021-07-24T15:57:16.000Z</time>
      </trkpt>
      <trkpt lat="49.022623" lon="9.250560">
        <ele>277.902824</ele>
        <time>2021-07-24T15:57:17.000Z</time>
      </trkpt>
      <trkpt lat="49.022622" lon="9.250559">
        <ele>277.898847</ele>
        <time>2021-07-24T15:57:18.000Z</time>
      </trkpt>
      <trkpt lat="49.022622" lon="9.250558">
        <ele>277.896667</ele>
        <time>2021-07-24T15:57:19.000Z</time>
      </trkpt>
      <trkpt lat="49.022621" lon="9.250558">
        <ele>277.893341</ele>
        <time>2021-07-24T15:57:20.000Z</time>
      </trkpt>
      <trkpt lat="49.022620" lon="9.250557">
        <ele>277.889365</ele>
        <time>2021-07-24T15:57:21.000Z</time>
      </trkpt>
      <trkpt lat="49.022621" lon="9.250558">
        <ele>277.885389</ele>
        <time>2021-07-24T15:57:22.000Z</time>
      </trkpt>
      <trkpt lat="49.022623" lon="9.250558">
        <ele>277.878738</ele>
        <time>2021-07-24T15:57:23.000Z</time>
      </trkpt>
      <trkpt lat="49.022625" lon="9.250558">
        <ele>277.872088</ele>
        <time>2021-07-24T15:57:24.000Z</time>
      </trkpt>
      <trkpt lat="49.022627" lon="9.250558">
        <ele>277.865437</ele>
        <time>2021-07-24T15:57:25.000Z</time>
      </trkpt>
      <trkpt lat="49.022629" lon="9.250558">
        <ele>277.858786</ele>
        <time>2021-07-24T15:57:26.000Z</time>
      </trkpt>
      <trkpt lat="49.022630" lon="9.250559">
        <ele>277.854810</ele>
        <time>2021-07-24T15:57:27.000Z</time>
      </trkpt>
      <trkpt lat="49.022630" lon="9.250559">
        <ele>277.854810</ele>
        <time>2021-07-24T15:57:28.000Z</time>
      </trkpt>
      <trkpt lat="49.022631" lon="9.250560">
        <ele>277.850834</ele>
        <time>2021-07-24T15:57:29.000Z</time>
      </trkpt>
      <trkpt lat="49.022632" lon="9.250561">
        <ele>277.846857</ele>
        <time>2021-07-24T15:57:30.000Z</time>
      </trkpt>
      <trkpt lat="49.022633" lon="9.250561">
        <ele>277.843532</ele>
        <time>2021-07-24T15:57:31.000Z</time>
      </trkpt>
      <trkpt lat="49.022633" lon="9.250561">
        <ele>277.843532</ele>
        <time>2021-07-24T15:57:32.000Z</time>
      </trkpt>
      <trkpt lat="49.022633" lon="9.250561">
        <ele>277.843532</ele>
        <time>2021-07-24T15:57:33.000Z</time>
      </trkpt>
      <trkpt lat="49.022633" lon="9.250561">
        <ele>277.843532</ele>
        <time>2021-07-24T15:57:34.000Z</time>
      </trkpt>
      <trkpt lat="49.022633" lon="9.250561">
        <ele>277.843532</ele>
        <time>2021-07-24T15:57:35.000Z</time>
      </trkpt>
      <trkpt lat="49.022633" lon="9.250561">
        <ele>277.843532</ele>
        <time>2021-07-24T15:57:41.000Z</time>
      </trkpt>
      <trkpt lat="49.022633" lon="9.250561">
        <ele>277.843532</ele>
        <time>2021-07-24T15:57:43.000Z</time>
      </trkpt>
      <trkpt lat="49.022633" lon="9.250561">
        <ele>277.843532</ele>
        <time>2021-07-24T15:57:50.000Z</time>
      </trkpt>
      <trkpt lat="49.022633" lon="9.250561">
        <ele>277.843532</ele>
        <time>2021-07-24T15:57:54.000Z</time>
      </trkpt>
      <trkpt lat="49.022633" lon="9.250561">
        <ele>277.843532</ele>
        <time>2021-07-24T15:57:56.000Z</time>
      </trkpt>
      <trkpt lat="49.022633" lon="9.250561">
        <ele>277.843532</ele>
        <time>2021-07-24T15:58:01.000Z</time>
      </trkpt>
      <trkpt lat="49.022633" lon="9.250561">
        <ele>277.843532</ele>
        <time>2021-07-24T15:58:03.000Z</time>
      </trkpt>
      <trkpt lat="49.022633" lon="9.250561">
        <ele>277.843532</ele>
        <time>2021-07-24T15:58:05.000Z</time>
      </trkpt>
      <trkpt lat="49.022633" lon="9.250561">
        <ele>277.843532</ele>
        <time>2021-07-24T15:58:13.000Z</time>
      </trkpt>
      <trkpt lat="49.022633" lon="9.250561">
        <ele>277.843532</ele>
        <time>2021-07-24T15:58:21.000Z</time>
      </trkpt>
      <trkpt lat="49.022627" lon="9.250564">
        <ele>277.822535</ele>
        <time>2021-07-24T15:58:33.000Z</time>
      </trkpt>
      <trkpt lat="49.022613" lon="9.250573">
        <ele>277.772014</ele>
        <time>2021-07-24T15:58:34.000Z</time>
      </trkpt>
      <trkpt lat="49.022596" lon="9.250584">
        <ele>277.710606</ele>
        <time>2021-07-24T15:58:35.000Z</time>
      </trkpt>
      <trkpt lat="49.022580" lon="9.250592">
        <ele>277.654615</ele>
        <time>2021-07-24T15:58:36.000Z</time>
      </trkpt>
      <trkpt lat="49.022562" lon="9.250603">
        <ele>277.577847</ele>
        <time>2021-07-24T15:58:37.000Z</time>
      </trkpt>
      <trkpt lat="49.022542" lon="9.250615">
        <ele>277.482798</ele>
        <time>2021-07-24T15:58:38.000Z</time>
      </trkpt>
      <trkpt lat="49.022519" lon="9.250629">
        <ele>277.373278</ele>
        <time>2021-07-24T15:58:39.000Z</time>
      </trkpt>
      <trkpt lat="49.022493" lon="9.250646">
        <ele>277.248170</ele>
        <time>2021-07-24T15:58:40.000Z</time>
      </trkpt>
      <trkpt lat="49.022462" lon="9.250663">
        <ele>277.102479</ele>
        <time>2021-07-24T15:58:41.000Z</time>
      </trkpt>
      <trkpt lat="49.022430" lon="9.250681">
        <ele>276.951640</ele>
        <time>2021-07-24T15:58:42.000Z</time>
      </trkpt>
      <trkpt lat="49.022396" lon="9.250699">
        <ele>276.792473</ele>
        <time>2021-07-24T15:58:43.000Z</time>
      </trkpt>
      <trkpt lat="49.022362" lon="9.250718">
        <ele>276.632332</ele>
        <time>2021-07-24T15:58:44.000Z</time>
      </trkpt>
      <trkpt lat="49.022328" lon="9.250739">
        <ele>276.470103</ele>
        <time>2021-07-24T15:58:45.000Z</time>
      </trkpt>
      <trkpt lat="49.022293" lon="9.250759">
        <ele>276.304807</ele>
        <time>2021-07-24T15:58:46.000Z</time>
      </trkpt>
      <trkpt lat="49.022257" lon="9.250781">
        <ele>276.133291</ele>
        <time>2021-07-24T15:58:47.000Z</time>
      </trkpt>
      <trkpt lat="49.022223" lon="9.250804">
        <ele>275.968797</ele>
        <time>2021-07-24T15:58:48.000Z</time>
      </trkpt>
      <trkpt lat="49.022191" lon="9.250828">
        <ele>275.811088</ele>
        <time>2021-07-24T15:58:49.000Z</time>
      </trkpt>
      <trkpt lat="49.022156" lon="9.250855">
        <ele>275.637624</ele>
        <time>2021-07-24T15:58:50.000Z</time>
      </trkpt>
      <trkpt lat="49.022120" lon="9.250880">
        <ele>275.462685</ele>
        <time>2021-07-24T15:58:51.000Z</time>
      </trkpt>
      <trkpt lat="49.022085" lon="9.250905">
        <ele>275.291760</ele>
        <time>2021-07-24T15:58:52.000Z</time>
      </trkpt>
      <trkpt lat="49.022048" lon="9.250930">
        <ele>275.112786</ele>
        <time>2021-07-24T15:58:53.000Z</time>
      </trkpt>
      <trkpt lat="49.022009" lon="9.250954">
        <ele>274.926796</ele>
        <time>2021-07-24T15:58:54.000Z</time>
      </trkpt>
      <trkpt lat="49.021973" lon="9.250976">
        <ele>274.755280</ele>
        <time>2021-07-24T15:58:55.000Z</time>
      </trkpt>
      <trkpt lat="49.021937" lon="9.250997">
        <ele>274.584821</ele>
        <time>2021-07-24T15:58:56.000Z</time>
      </trkpt>
      <trkpt lat="49.021900" lon="9.251020">
        <ele>274.408117</ele>
        <time>2021-07-24T15:58:57.000Z</time>
      </trkpt>
      <trkpt lat="49.021864" lon="9.251042">
        <ele>274.236600</ele>
        <time>2021-07-24T15:58:58.000Z</time>
      </trkpt>
      <trkpt lat="49.021828" lon="9.251063">
        <ele>274.066141</ele>
        <time>2021-07-24T15:58:59.000Z</time>
      </trkpt>
      <trkpt lat="49.021791" lon="9.251085">
        <ele>273.890512</ele>
        <time>2021-07-24T15:59:00.000Z</time>
      </trkpt>
      <trkpt lat="49.021754" lon="9.251109">
        <ele>273.712693</ele>
        <time>2021-07-24T15:59:01.000Z</time>
      </trkpt>
      <trkpt lat="49.021718" lon="9.251133">
        <ele>273.538935</ele>
        <time>2021-07-24T15:59:02.000Z</time>
      </trkpt>
      <trkpt lat="49.021681" lon="9.251158">
        <ele>273.359961</ele>
        <time>2021-07-24T15:59:03.000Z</time>
      </trkpt>
      <trkpt lat="49.021646" lon="9.251182">
        <ele>273.190246</ele>
        <time>2021-07-24T15:59:04.000Z</time>
      </trkpt>
      <trkpt lat="49.021612" lon="9.251203">
        <ele>273.028017</ele>
        <time>2021-07-24T15:59:05.000Z</time>
      </trkpt>
      <trkpt lat="49.021584" lon="9.251221">
        <ele>272.893635</ele>
        <time>2021-07-24T15:59:06.000Z</time>
      </trkpt>
      <trkpt lat="49.021564" lon="9.251238">
        <ele>272.792374</ele>
        <time>2021-07-24T15:59:07.000Z</time>
      </trkpt>
      <trkpt lat="49.021544" lon="9.251257">
        <ele>272.688165</ele>
        <time>2021-07-24T15:59:08.000Z</time>
      </trkpt>
      <trkpt lat="49.021527" lon="9.251272">
        <ele>272.601304</ele>
        <time>2021-07-24T15:59:09.000Z</time>
      </trkpt>
      <trkpt lat="49.021509" lon="9.251277">
        <ele>272.520390</ele>
        <time>2021-07-24T15:59:10.000Z</time>
      </trkpt>
      <trkpt lat="49.021488" lon="9.251264">
        <ele>272.420158</ele>
        <time>2021-07-24T15:59:11.000Z</time>
      </trkpt>
      <trkpt lat="49.021469" lon="9.251238">
        <ele>272.307259</ele>
        <time>2021-07-24T15:59:12.000Z</time>
      </trkpt>
      <trkpt lat="49.021454" lon="9.251207">
        <ele>272.195531</ele>
        <time>2021-07-24T15:59:13.000Z</time>
      </trkpt>
      <trkpt lat="49.021438" lon="9.251174">
        <ele>272.076509</ele>
        <time>2021-07-24T15:59:14.000Z</time>
      </trkpt>
      <trkpt lat="49.021421" lon="9.251137">
        <ele>271.945487</ele>
        <time>2021-07-24T15:59:15.000Z</time>
      </trkpt>
      <trkpt lat="49.021401" lon="9.251097">
        <ele>271.799609</ele>
        <time>2021-07-24T15:59:16.000Z</time>
      </trkpt>
      <trkpt lat="49.021379" lon="9.251053">
        <ele>271.639142</ele>
        <time>2021-07-24T15:59:17.000Z</time>
      </trkpt>
      <trkpt lat="49.021357" lon="9.251011">
        <ele>271.483249</ele>
        <time>2021-07-24T15:59:18.000Z</time>
      </trkpt>
      <trkpt lat="49.021335" lon="9.250971">
        <ele>271.331844</ele>
        <time>2021-07-24T15:59:19.000Z</time>
      </trkpt>
      <trkpt lat="49.021313" lon="9.250931">
        <ele>271.180439</ele>
        <time>2021-07-24T15:59:20.000Z</time>
      </trkpt>
      <trkpt lat="49.021289" lon="9.250888">
        <ele>271.016680</ele>
        <time>2021-07-24T15:59:21.000Z</time>
      </trkpt>
      <trkpt lat="49.021265" lon="9.250843">
        <ele>270.848462</ele>
        <time>2021-07-24T15:59:22.000Z</time>
      </trkpt>
      <trkpt lat="49.021240" lon="9.250796">
        <ele>270.672953</ele>
        <time>2021-07-24T15:59:23.000Z</time>
      </trkpt>
      <trkpt lat="49.021214" lon="9.250748">
        <ele>270.492399</ele>
        <time>2021-07-24T15:59:24.000Z</time>
      </trkpt>
      <trkpt lat="49.021187" lon="9.250700">
        <ele>270.308996</ele>
        <time>2021-07-24T15:59:25.000Z</time>
      </trkpt>
      <trkpt lat="49.021159" lon="9.250648">
        <ele>270.113864</ele>
        <time>2021-07-24T15:59:26.000Z</time>
      </trkpt>
      <trkpt lat="49.021132" lon="9.250593">
        <ele>269.914614</ele>
        <time>2021-07-24T15:59:27.000Z</time>
      </trkpt>
      <trkpt lat="49.021102" lon="9.250532">
        <ele>269.693482</ele>
        <time>2021-07-24T15:59:28.000Z</time>
      </trkpt>
      <trkpt lat="49.021068" lon="9.250469">
        <ele>269.600168</ele>
        <time>2021-07-24T15:59:29.000Z</time>
      </trkpt>
      <trkpt lat="49.021031" lon="9.250402">
        <ele>269.514596</ele>
        <time>2021-07-24T15:59:30.000Z</time>
      </trkpt>
      <trkpt lat="49.020993" lon="9.250330">
        <ele>269.424305</ele>
        <time>2021-07-24T15:59:31.000Z</time>
      </trkpt>
      <trkpt lat="49.020956" lon="9.250250">
        <ele>269.328668</ele>
        <time>2021-07-24T15:59:32.000Z</time>
      </trkpt>
      <trkpt lat="49.020914" lon="9.250176">
        <ele>269.233058</ele>
        <time>2021-07-24T15:59:33.000Z</time>
      </trkpt>
      <trkpt lat="49.020873" lon="9.250095">
        <ele>269.133095</ele>
        <time>2021-07-24T15:59:34.000Z</time>
      </trkpt>
      <trkpt lat="49.020826" lon="9.250012">
        <ele>269.025963</ele>
        <time>2021-07-24T15:59:35.000Z</time>
      </trkpt>
      <trkpt lat="49.020795" lon="9.249923">
        <ele>268.927511</ele>
        <time>2021-07-24T15:59:36.000Z</time>
      </trkpt>
      <trkpt lat="49.020781" lon="9.249824">
        <ele>268.828570</ele>
        <time>2021-07-24T15:59:37.000Z</time>
      </trkpt>
      <trkpt lat="49.020765" lon="9.249729">
        <ele>268.732748</ele>
        <time>2021-07-24T15:59:38.000Z</time>
      </trkpt>
      <trkpt lat="49.020763" lon="9.249630">
        <ele>268.635985</ele>
        <time>2021-07-24T15:59:39.000Z</time>
      </trkpt>
      <trkpt lat="49.020764" lon="9.249518">
        <ele>268.526557</ele>
        <time>2021-07-24T15:59:40.000Z</time>
      </trkpt>
      <trkpt lat="49.020779" lon="9.249425">
        <ele>268.432993</ele>
        <time>2021-07-24T15:59:41.000Z</time>
      </trkpt>
      <trkpt lat="49.020781" lon="9.249335">
        <ele>268.345018</ele>
        <time>2021-07-24T15:59:42.000Z</time>
      </trkpt>
      <trkpt lat="49.020808" lon="9.249235">
        <ele>268.239367</ele>
        <time>2021-07-24T15:59:43.000Z</time>
      </trkpt>
      <trkpt lat="49.020814" lon="9.249155">
        <ele>268.160702</ele>
        <time>2021-07-24T15:59:44.000Z</time>
      </trkpt>
      <trkpt lat="49.020812" lon="9.249064">
        <ele>268.071750</ele>
        <time>2021-07-24T15:59:45.000Z</time>
      </trkpt>
      <trkpt lat="49.020800" lon="9.248987">
        <ele>267.994430</ele>
        <time>2021-07-24T15:59:46.000Z</time>
      </trkpt>
      <trkpt lat="49.020795" lon="9.248922">
        <ele>267.930493</ele>
        <time>2021-07-24T15:59:47.000Z</time>
      </trkpt>
      <trkpt lat="49.020750" lon="9.248872">
        <ele>267.847547</ele>
        <time>2021-07-24T15:59:48.000Z</time>
      </trkpt>
      <trkpt lat="49.020705" lon="9.248831">
        <ele>267.769454</ele>
        <time>2021-07-24T15:59:49.000Z</time>
      </trkpt>
      <trkpt lat="49.020661" lon="9.248796">
        <ele>267.695523</ele>
        <time>2021-07-24T15:59:50.000Z</time>
      </trkpt>
      <trkpt lat="49.020614" lon="9.248753">
        <ele>267.613870</ele>
        <time>2021-07-24T15:59:51.000Z</time>
      </trkpt>
      <trkpt lat="49.020575" lon="9.248701">
        <ele>267.536693</ele>
        <time>2021-07-24T15:59:52.000Z</time>
      </trkpt>
      <trkpt lat="49.020523" lon="9.248678">
        <ele>267.456034</ele>
        <time>2021-07-24T15:59:53.000Z</time>
      </trkpt>
      <trkpt lat="49.020476" lon="9.248656">
        <ele>267.382792</ele>
        <time>2021-07-24T15:59:54.000Z</time>
      </trkpt>
      <trkpt lat="49.020426" lon="9.248625">
        <ele>267.302383</ele>
        <time>2021-07-24T15:59:55.000Z</time>
      </trkpt>
      <trkpt lat="49.020375" lon="9.248594">
        <ele>267.220593</ele>
        <time>2021-07-24T15:59:56.000Z</time>
      </trkpt>
      <trkpt lat="49.020325" lon="9.248569">
        <ele>267.142205</ele>
        <time>2021-07-24T15:59:57.000Z</time>
      </trkpt>
      <trkpt lat="49.020276" lon="9.248549">
        <ele>267.066638</ele>
        <time>2021-07-24T15:59:58.000Z</time>
      </trkpt>
      <trkpt lat="49.020223" lon="9.248522">
        <ele>266.994037</ele>
        <time>2021-07-24T15:59:59.000Z</time>
      </trkpt>
      <trkpt lat="49.020170" lon="9.248495">
        <ele>266.998744</ele>
        <time>2021-07-24T16:00:00.000Z</time>
      </trkpt>
      <trkpt lat="49.020114" lon="9.248468">
        <ele>267.003692</ele>
        <time>2021-07-24T16:00:01.000Z</time>
      </trkpt>
      <trkpt lat="49.020059" lon="9.248447">
        <ele>267.008468</ele>
        <time>2021-07-24T16:00:02.000Z</time>
      </trkpt>
      <trkpt lat="49.019999" lon="9.248422">
        <ele>267.013708</ele>
        <time>2021-07-24T16:00:03.000Z</time>
      </trkpt>
      <trkpt lat="49.019935" lon="9.248397">
        <ele>267.019274</ele>
        <time>2021-07-24T16:00:04.000Z</time>
      </trkpt>
      <trkpt lat="49.019871" lon="9.248377">
        <ele>267.024777</ele>
        <time>2021-07-24T16:00:05.000Z</time>
      </trkpt>
      <trkpt lat="49.019808" lon="9.248353">
        <ele>267.030248</ele>
        <time>2021-07-24T16:00:06.000Z</time>
      </trkpt>
      <trkpt lat="49.019744" lon="9.248328">
        <ele>267.035814</ele>
        <time>2021-07-24T16:00:07.000Z</time>
      </trkpt>
      <trkpt lat="49.019676" lon="9.248305">
        <ele>267.041681</ele>
        <time>2021-07-24T16:00:08.000Z</time>
      </trkpt>
      <trkpt lat="49.019607" lon="9.248281">
        <ele>267.047643</ele>
        <time>2021-07-24T16:00:09.000Z</time>
      </trkpt>
      <trkpt lat="49.019534" lon="9.248259">
        <ele>267.053912</ele>
        <time>2021-07-24T16:00:10.000Z</time>
      </trkpt>
      <trkpt lat="49.019469" lon="9.248238">
        <ele>267.059510</ele>
        <time>2021-07-24T16:00:11.000Z</time>
      </trkpt>
      <trkpt lat="49.019399" lon="9.248208">
        <ele>267.065635</ele>
        <time>2021-07-24T16:00:12.000Z</time>
      </trkpt>
      <trkpt lat="49.019325" lon="9.248185">
        <ele>267.071997</ele>
        <time>2021-07-24T16:00:13.000Z</time>
      </trkpt>
      <trkpt lat="49.019255" lon="9.248157">
        <ele>267.078094</ele>
        <time>2021-07-24T16:00:14.000Z</time>
      </trkpt>
      <trkpt lat="49.019189" lon="9.248128">
        <ele>267.083880</ele>
        <time>2021-07-24T16:00:15.000Z</time>
      </trkpt>
      <trkpt lat="49.019125" lon="9.248108">
        <ele>267.089384</ele>
        <time>2021-07-24T16:00:16.000Z</time>
      </trkpt>
      <trkpt lat="49.019056" lon="9.248063">
        <ele>267.095706</ele>
        <time>2021-07-24T16:00:17.000Z</time>
      </trkpt>
      <trkpt lat="49.019002" lon="9.248037">
        <ele>267.100476</ele>
        <time>2021-07-24T16:00:18.000Z</time>
      </trkpt>
      <trkpt lat="49.018931" lon="9.248005">
        <ele>267.106713</ele>
        <time>2021-07-24T16:00:19.000Z</time>
      </trkpt>
      <trkpt lat="49.018868" lon="9.247994">
        <ele>267.112055</ele>
        <time>2021-07-24T16:00:20.000Z</time>
      </trkpt>
      <trkpt lat="49.018814" lon="9.247943">
        <ele>267.117406</ele>
        <time>2021-07-24T16:00:21.000Z</time>
      </trkpt>
      <trkpt lat="49.018760" lon="9.247923">
        <ele>267.122088</ele>
        <time>2021-07-24T16:00:22.000Z</time>
      </trkpt>
      <trkpt lat="49.018705" lon="9.247895">
        <ele>267.126973</ele>
        <time>2021-07-24T16:00:23.000Z</time>
      </trkpt>
      <trkpt lat="49.018639" lon="9.247888">
        <ele>267.132546</ele>
        <time>2021-07-24T16:00:24.000Z</time>
      </trkpt>
      <trkpt lat="49.018575" lon="9.247878">
        <ele>267.137966</ele>
        <time>2021-07-24T16:00:25.000Z</time>
      </trkpt>
      <trkpt lat="49.018519" lon="9.247864">
        <ele>267.142747</ele>
        <time>2021-07-24T16:00:26.000Z</time>
      </trkpt>
      <trkpt lat="49.018463" lon="9.247856">
        <ele>267.235009</ele>
        <time>2021-07-24T16:00:27.000Z</time>
      </trkpt>
      <trkpt lat="49.018405" lon="9.247838">
        <ele>267.414951</ele>
        <time>2021-07-24T16:00:28.000Z</time>
      </trkpt>
      <trkpt lat="49.018350" lon="9.247819">
        <ele>267.586395</ele>
        <time>2021-07-24T16:00:29.000Z</time>
      </trkpt>
      <trkpt lat="49.018296" lon="9.247809">
        <ele>267.751768</ele>
        <time>2021-07-24T16:00:30.000Z</time>
      </trkpt>
      <trkpt lat="49.018243" lon="9.247791">
        <ele>267.916843</ele>
        <time>2021-07-24T16:00:31.000Z</time>
      </trkpt>
      <trkpt lat="49.018189" lon="9.247780">
        <ele>268.082468</ele>
        <time>2021-07-24T16:00:32.000Z</time>
      </trkpt>
      <trkpt lat="49.018133" lon="9.247764">
        <ele>268.255678</ele>
        <time>2021-07-24T16:00:33.000Z</time>
      </trkpt>
      <trkpt lat="49.018077" lon="9.247757">
        <ele>268.426496</ele>
        <time>2021-07-24T16:00:34.000Z</time>
      </trkpt>
      <trkpt lat="49.018018" lon="9.247747">
        <ele>268.606968</ele>
        <time>2021-07-24T16:00:35.000Z</time>
      </trkpt>
      <trkpt lat="49.017962" lon="9.247740">
        <ele>268.777786</ele>
        <time>2021-07-24T16:00:36.000Z</time>
      </trkpt>
      <trkpt lat="49.017908" lon="9.247739">
        <ele>268.941965</ele>
        <time>2021-07-24T16:00:37.000Z</time>
      </trkpt>
      <trkpt lat="49.017851" lon="9.247736">
        <ele>269.115355</ele>
        <time>2021-07-24T16:00:38.000Z</time>
      </trkpt>
      <trkpt lat="49.017796" lon="9.247745">
        <ele>269.283522</ele>
        <time>2021-07-24T16:00:39.000Z</time>
      </trkpt>
      <trkpt lat="49.017742" lon="9.247748">
        <ele>269.447798</ele>
        <time>2021-07-24T16:00:40.000Z</time>
      </trkpt>
      <trkpt lat="49.017691" lon="9.247751">
        <ele>269.602959</ele>
        <time>2021-07-24T16:00:41.000Z</time>
      </trkpt>
      <trkpt lat="49.017635" lon="9.247752">
        <ele>269.773218</ele>
        <time>2021-07-24T16:00:42.000Z</time>
      </trkpt>
      <trkpt lat="49.017586" lon="9.247744">
        <ele>269.923035</ele>
        <time>2021-07-24T16:00:43.000Z</time>
      </trkpt>
      <trkpt lat="49.017541" lon="9.247716">
        <ele>270.070793</ele>
        <time>2021-07-24T16:00:44.000Z</time>
      </trkpt>
      <trkpt lat="49.017510" lon="9.247668">
        <ele>270.205109</ele>
        <time>2021-07-24T16:00:45.000Z</time>
      </trkpt>
      <trkpt lat="49.017496" lon="9.247618">
        <ele>270.313505</ele>
        <time>2021-07-24T16:00:46.000Z</time>
      </trkpt>
      <trkpt lat="49.017493" lon="9.247553">
        <ele>270.443422</ele>
        <time>2021-07-24T16:00:47.000Z</time>
      </trkpt>
      <trkpt lat="49.017495" lon="9.247486">
        <ele>270.577145</ele>
        <time>2021-07-24T16:00:48.000Z</time>
      </trkpt>
      <trkpt lat="49.017496" lon="9.247419">
        <ele>270.710764</ele>
        <time>2021-07-24T16:00:49.000Z</time>
      </trkpt>
      <trkpt lat="49.017499" lon="9.247346">
        <ele>270.856597</ele>
        <time>2021-07-24T16:00:50.000Z</time>
      </trkpt>
      <trkpt lat="49.017508" lon="9.247269">
        <ele>271.012539</ele>
        <time>2021-07-24T16:00:51.000Z</time>
      </trkpt>
      <trkpt lat="49.017516" lon="9.247196">
        <ele>271.160104</ele>
        <time>2021-07-24T16:00:52.000Z</time>
      </trkpt>
      <trkpt lat="49.017523" lon="9.247144">
        <ele>271.265943</ele>
        <time>2021-07-24T16:00:53.000Z</time>
      </trkpt>
      <trkpt lat="49.017530" lon="9.247080">
        <ele>271.395309</ele>
        <time>2021-07-24T16:00:54.000Z</time>
      </trkpt>
      <trkpt lat="49.017536" lon="9.247015">
        <ele>271.526183</ele>
        <time>2021-07-24T16:00:55.000Z</time>
      </trkpt>
      <trkpt lat="49.017574" lon="9.246941">
        <ele>271.713571</ele>
        <time>2021-07-24T16:00:56.000Z</time>
      </trkpt>
      <trkpt lat="49.017530" lon="9.246911">
        <ele>271.860101</ele>
        <time>2021-07-24T16:00:57.000Z</time>
      </trkpt>
      <trkpt lat="49.017544" lon="9.246880">
        <ele>271.935146</ele>
        <time>2021-07-24T16:00:58.000Z</time>
      </trkpt>
      <trkpt lat="49.017521" lon="9.246813">
        <ele>272.085924</ele>
        <time>2021-07-24T16:00:59.000Z</time>
      </trkpt>
      <trkpt lat="49.017500" lon="9.246747">
        <ele>272.232184</ele>
        <time>2021-07-24T16:01:00.000Z</time>
      </trkpt>
      <trkpt lat="49.017476" lon="9.246709">
        <ele>272.337368</ele>
        <time>2021-07-24T16:01:01.000Z</time>
      </trkpt>
      <trkpt lat="49.017458" lon="9.246668">
        <ele>272.435740</ele>
        <time>2021-07-24T16:01:02.000Z</time>
      </trkpt>
      <trkpt lat="49.017425" lon="9.246669">
        <ele>272.536084</ele>
        <time>2021-07-24T16:01:03.000Z</time>
      </trkpt>
      <trkpt lat="49.017392" lon="9.246657">
        <ele>272.603391</ele>
        <time>2021-07-24T16:01:04.000Z</time>
      </trkpt>
      <trkpt lat="49.017356" lon="9.246656">
        <ele>272.562772</ele>
        <time>2021-07-24T16:01:05.000Z</time>
      </trkpt>
      <trkpt lat="49.017326" lon="9.246653">
        <ele>272.528856</ele>
        <time>2021-07-24T16:01:06.000Z</time>
      </trkpt>
      <trkpt lat="49.017294" lon="9.246656">
        <ele>272.492688</ele>
        <time>2021-07-24T16:01:07.000Z</time>
      </trkpt>
      <trkpt lat="49.017262" lon="9.246660">
        <ele>272.456467</ele>
        <time>2021-07-24T16:01:08.000Z</time>
      </trkpt>
      <trkpt lat="49.017231" lon="9.246664">
        <ele>272.421371</ele>
        <time>2021-07-24T16:01:09.000Z</time>
      </trkpt>
      <trkpt lat="49.017198" lon="9.246668">
        <ele>272.384026</ele>
        <time>2021-07-24T16:01:10.000Z</time>
      </trkpt>
      <trkpt lat="49.017167" lon="9.246674">
        <ele>272.348773</ele>
        <time>2021-07-24T16:01:11.000Z</time>
      </trkpt>
      <trkpt lat="49.017134" lon="9.246681">
        <ele>272.311187</ele>
        <time>2021-07-24T16:01:12.000Z</time>
      </trkpt>
      <trkpt lat="49.017098" lon="9.246691">
        <ele>272.269907</ele>
        <time>2021-07-24T16:01:13.000Z</time>
      </trkpt>
      <trkpt lat="49.017064" lon="9.246700">
        <ele>272.230977</ele>
        <time>2021-07-24T16:01:14.000Z</time>
      </trkpt>
      <trkpt lat="49.017032" lon="9.246706">
        <ele>272.194605</ele>
        <time>2021-07-24T16:01:15.000Z</time>
      </trkpt>
      <trkpt lat="49.016999" lon="9.246707">
        <ele>272.157370</ele>
        <time>2021-07-24T16:01:16.000Z</time>
      </trkpt>
      <trkpt lat="49.016968" lon="9.246705">
        <ele>272.122367</ele>
        <time>2021-07-24T16:01:17.000Z</time>
      </trkpt>
      <trkpt lat="49.016939" lon="9.246702">
        <ele>272.089577</ele>
        <time>2021-07-24T16:01:18.000Z</time>
      </trkpt>
      <trkpt lat="49.016908" lon="9.246698">
        <ele>272.054480</ele>
        <time>2021-07-24T16:01:19.000Z</time>
      </trkpt>
      <trkpt lat="49.016880" lon="9.246691">
        <ele>272.022471</ele>
        <time>2021-07-24T16:01:20.000Z</time>
      </trkpt>
      <trkpt lat="49.016854" lon="9.246684">
        <ele>271.992686</ele>
        <time>2021-07-24T16:01:21.000Z</time>
      </trkpt>
      <trkpt lat="49.016827" lon="9.246673">
        <ele>271.961159</ele>
        <time>2021-07-24T16:01:22.000Z</time>
      </trkpt>
      <trkpt lat="49.016796" lon="9.246662">
        <ele>271.925253</ele>
        <time>2021-07-24T16:01:23.000Z</time>
      </trkpt>
      <trkpt lat="49.016764" lon="9.246650">
        <ele>271.888077</ele>
        <time>2021-07-24T16:01:24.000Z</time>
      </trkpt>
      <trkpt lat="49.016730" lon="9.246638">
        <ele>271.848707</ele>
        <time>2021-07-24T16:01:25.000Z</time>
      </trkpt>
      <trkpt lat="49.016692" lon="9.246627">
        <ele>271.805073</ele>
        <time>2021-07-24T16:01:26.000Z</time>
      </trkpt>
      <trkpt lat="49.016651" lon="9.246616">
        <ele>271.758110</ele>
        <time>2021-07-24T16:01:27.000Z</time>
      </trkpt>
      <trkpt lat="49.016609" lon="9.246605">
        <ele>271.710035</ele>
        <time>2021-07-24T16:01:28.000Z</time>
      </trkpt>
      <trkpt lat="49.016566" lon="9.246595">
        <ele>271.660965</ele>
        <time>2021-07-24T16:01:29.000Z</time>
      </trkpt>
      <trkpt lat="49.016519" lon="9.246581">
        <ele>271.606941</ele>
        <time>2021-07-24T16:01:30.000Z</time>
      </trkpt>
      <trkpt lat="49.016475" lon="9.246570">
        <ele>271.556641</ele>
        <time>2021-07-24T16:01:31.000Z</time>
      </trkpt>
      <trkpt lat="49.016433" lon="9.246563">
        <ele>271.508978</ele>
        <time>2021-07-24T16:01:32.000Z</time>
      </trkpt>
      <trkpt lat="49.016390" lon="9.246557">
        <ele>271.460267</ele>
        <time>2021-07-24T16:01:33.000Z</time>
      </trkpt>
      <trkpt lat="49.016346" lon="9.246538">
        <ele>271.408677</ele>
        <time>2021-07-24T16:01:34.000Z</time>
      </trkpt>
      <trkpt lat="49.016307" lon="9.246515">
        <ele>271.361505</ele>
        <time>2021-07-24T16:01:35.000Z</time>
      </trkpt>
      <trkpt lat="49.016268" lon="9.246482">
        <ele>271.311188</ele>
        <time>2021-07-24T16:01:36.000Z</time>
      </trkpt>
      <trkpt lat="49.016242" lon="9.246441">
        <ele>271.268992</ele>
        <time>2021-07-24T16:01:37.000Z</time>
      </trkpt>
      <trkpt lat="49.016221" lon="9.246384">
        <ele>271.220621</ele>
        <time>2021-07-24T16:01:38.000Z</time>
      </trkpt>
      <trkpt lat="49.016211" lon="9.246318">
        <ele>271.170503</ele>
        <time>2021-07-24T16:01:39.000Z</time>
      </trkpt>
      <trkpt lat="49.016207" lon="9.246238">
        <ele>271.111142</ele>
        <time>2021-07-24T16:01:40.000Z</time>
      </trkpt>
      <trkpt lat="49.016196" lon="9.246161">
        <ele>271.052836</ele>
        <time>2021-07-24T16:01:41.000Z</time>
      </trkpt>
      <trkpt lat="49.016186" lon="9.246081">
        <ele>270.992581</ele>
        <time>2021-07-24T16:01:42.000Z</time>
      </trkpt>
      <trkpt lat="49.016170" lon="9.246004">
        <ele>270.932820</ele>
        <time>2021-07-24T16:01:43.000Z</time>
      </trkpt>
      <trkpt lat="49.016165" lon="9.245933">
        <ele>270.879987</ele>
        <time>2021-07-24T16:01:44.000Z</time>
      </trkpt>
      <trkpt lat="49.016156" lon="9.245865">
        <ele>270.828662</ele>
        <time>2021-07-24T16:01:45.000Z</time>
      </trkpt>
      <trkpt lat="49.016147" lon="9.245799">
        <ele>270.778786</ele>
        <time>2021-07-24T16:01:46.000Z</time>
      </trkpt>
      <trkpt lat="49.016141" lon="9.245727">
        <ele>270.725087</ele>
        <time>2021-07-24T16:01:47.000Z</time>
      </trkpt>
      <trkpt lat="49.016135" lon="9.245661">
        <ele>270.675789</ele>
        <time>2021-07-24T16:01:48.000Z</time>
      </trkpt>
      <trkpt lat="49.016127" lon="9.245593">
        <ele>270.624674</ele>
        <time>2021-07-24T16:01:49.000Z</time>
      </trkpt>
      <trkpt lat="49.016121" lon="9.245524">
        <ele>270.595886</ele>
        <time>2021-07-24T16:01:50.000Z</time>
      </trkpt>
      <trkpt lat="49.016113" lon="9.245458">
        <ele>270.650312</ele>
        <time>2021-07-24T16:01:51.000Z</time>
      </trkpt>
      <trkpt lat="49.016116" lon="9.245382">
        <ele>270.712052</ele>
        <time>2021-07-24T16:01:52.000Z</time>
      </trkpt>
      <trkpt lat="49.016107" lon="9.245312">
        <ele>270.769895</ele>
        <time>2021-07-24T16:01:53.000Z</time>
      </trkpt>
      <trkpt lat="49.016106" lon="9.245246">
        <ele>270.823429</ele>
        <time>2021-07-24T16:01:54.000Z</time>
      </trkpt>
      <trkpt lat="49.016095" lon="9.245172">
        <ele>270.884958</ele>
        <time>2021-07-24T16:01:55.000Z</time>
      </trkpt>
      <trkpt lat="49.016093" lon="9.245105">
        <ele>270.939345</ele>
        <time>2021-07-24T16:01:56.000Z</time>
      </trkpt>
      <trkpt lat="49.016089" lon="9.245032">
        <ele>270.998747</ele>
        <time>2021-07-24T16:01:57.000Z</time>
      </trkpt>
      <trkpt lat="49.016087" lon="9.244962">
        <ele>271.055564</ele>
        <time>2021-07-24T16:01:58.000Z</time>
      </trkpt>
      <trkpt lat="49.016083" lon="9.244884">
        <ele>271.119007</ele>
        <time>2021-07-24T16:01:59.000Z</time>
      </trkpt>
      <trkpt lat="49.016077" lon="9.244821">
        <ele>271.170630</ele>
        <time>2021-07-24T16:02:00.000Z</time>
      </trkpt>
      <trkpt lat="49.016072" lon="9.244748">
        <ele>271.230148</ele>
        <time>2021-07-24T16:02:01.000Z</time>
      </trkpt>
      <trkpt lat="49.016064" lon="9.244684">
        <ele>271.282980</ele>
        <time>2021-07-24T16:02:02.000Z</time>
      </trkpt>
      <trkpt lat="49.016052" lon="9.244624">
        <ele>271.333846</ele>
        <time>2021-07-24T16:02:03.000Z</time>
      </trkpt>
      <trkpt lat="49.016048" lon="9.244541">
        <ele>271.401332</ele>
        <time>2021-07-24T16:02:04.000Z</time>
      </trkpt>
      <trkpt lat="49.016042" lon="9.244476">
        <ele>271.454561</ele>
        <time>2021-07-24T16:02:05.000Z</time>
      </trkpt>
      <trkpt lat="49.016035" lon="9.244404">
        <ele>271.513584</ele>
        <time>2021-07-24T16:02:06.000Z</time>
      </trkpt>
      <trkpt lat="49.016024" lon="9.244346">
        <ele>271.562543</ele>
        <time>2021-07-24T16:02:07.000Z</time>
      </trkpt>
      <trkpt lat="49.016023" lon="9.244276">
        <ele>271.619320</ele>
        <time>2021-07-24T16:02:08.000Z</time>
      </trkpt>
      <trkpt lat="49.016020" lon="9.244218">
        <ele>271.666498</ele>
        <time>2021-07-24T16:02:09.000Z</time>
      </trkpt>
      <trkpt lat="49.016003" lon="9.244160">
        <ele>271.718014</ele>
        <time>2021-07-24T16:02:10.000Z</time>
      </trkpt>
      <trkpt lat="49.016001" lon="9.244099">
        <ele>271.767541</ele>
        <time>2021-07-24T16:02:11.000Z</time>
      </trkpt>
      <trkpt lat="49.015975" lon="9.244039">
        <ele>271.825856</ele>
        <time>2021-07-24T16:02:12.000Z</time>
      </trkpt>
      <trkpt lat="49.015948" lon="9.244029">
        <ele>271.860210</ele>
        <time>2021-07-24T16:02:13.000Z</time>
      </trkpt>
      <trkpt lat="49.015903" lon="9.244041">
        <ele>271.916694</ele>
        <time>2021-07-24T16:02:14.000Z</time>
      </trkpt>
      <trkpt lat="49.015863" lon="9.244056">
        <ele>271.967624</ele>
        <time>2021-07-24T16:02:15.000Z</time>
      </trkpt>
      <trkpt lat="49.015820" lon="9.244053">
        <ele>272.020846</ele>
        <time>2021-07-24T16:02:16.000Z</time>
      </trkpt>
      <trkpt lat="49.015784" lon="9.244070">
        <ele>272.067443</ele>
        <time>2021-07-24T16:02:17.000Z</time>
      </trkpt>
      <trkpt lat="49.015748" lon="9.244079">
        <ele>272.112548</ele>
        <time>2021-07-24T16:02:18.000Z</time>
      </trkpt>
      <trkpt lat="49.015708" lon="9.244088">
        <ele>272.162541</ele>
        <time>2021-07-24T16:02:19.000Z</time>
      </trkpt>
      <trkpt lat="49.015670" lon="9.244102">
        <ele>272.210877</ele>
        <time>2021-07-24T16:02:20.000Z</time>
      </trkpt>
      <trkpt lat="49.015628" lon="9.244106">
        <ele>272.262908</ele>
        <time>2021-07-24T16:02:21.000Z</time>
      </trkpt>
      <trkpt lat="49.015587" lon="9.244121">
        <ele>272.315040</ele>
        <time>2021-07-24T16:02:22.000Z</time>
      </trkpt>
      <trkpt lat="49.015543" lon="9.244134">
        <ele>272.370454</ele>
        <time>2021-07-24T16:02:23.000Z</time>
      </trkpt>
      <trkpt lat="49.015501" lon="9.244141">
        <ele>272.422693</ele>
        <time>2021-07-24T16:02:24.000Z</time>
      </trkpt>
      <trkpt lat="49.015458" lon="9.244149">
        <ele>272.476254</ele>
        <time>2021-07-24T16:02:25.000Z</time>
      </trkpt>
      <trkpt lat="49.015416" lon="9.244159">
        <ele>272.528813</ele>
        <time>2021-07-24T16:02:26.000Z</time>
      </trkpt>
      <trkpt lat="49.015374" lon="9.244167">
        <ele>272.581146</ele>
        <time>2021-07-24T16:02:27.000Z</time>
      </trkpt>
      <trkpt lat="49.015333" lon="9.244175">
        <ele>272.632253</ele>
        <time>2021-07-24T16:02:28.000Z</time>
      </trkpt>
      <trkpt lat="49.015293" lon="9.244181">
        <ele>272.681948</ele>
        <time>2021-07-24T16:02:29.000Z</time>
      </trkpt>
      <trkpt lat="49.015252" lon="9.244186">
        <ele>272.732803</ele>
        <time>2021-07-24T16:02:30.000Z</time>
      </trkpt>
      <trkpt lat="49.015212" lon="9.244201">
        <ele>272.783734</ele>
        <time>2021-07-24T16:02:31.000Z</time>
      </trkpt>
      <trkpt lat="49.015175" lon="9.244218">
        <ele>272.874626</ele>
        <time>2021-07-24T16:02:32.000Z</time>
      </trkpt>
      <trkpt lat="49.015144" lon="9.244231">
        <ele>272.986925</ele>
        <time>2021-07-24T16:02:33.000Z</time>
      </trkpt>
      <trkpt lat="49.015114" lon="9.244240">
        <ele>273.093720</ele>
        <time>2021-07-24T16:02:34.000Z</time>
      </trkpt>
      <trkpt lat="49.015083" lon="9.244244">
        <ele>273.202386</ele>
        <time>2021-07-24T16:02:35.000Z</time>
      </trkpt>
      <trkpt lat="49.015051" lon="9.244251">
        <ele>273.315302</ele>
        <time>2021-07-24T16:02:36.000Z</time>
      </trkpt>
      <trkpt lat="49.015021" lon="9.244258">
        <ele>273.421308</ele>
        <time>2021-07-24T16:02:37.000Z</time>
      </trkpt>
      <trkpt lat="49.014989" lon="9.244264">
        <ele>273.533921</ele>
        <time>2021-07-24T16:02:38.000Z</time>
      </trkpt>
      <trkpt lat="49.014957" lon="9.244271">
        <ele>273.646837</ele>
        <time>2021-07-24T16:02:39.000Z</time>
      </trkpt>
      <trkpt lat="49.014926" lon="9.244277">
        <ele>273.755985</ele>
        <time>2021-07-24T16:02:40.000Z</time>
      </trkpt>
      <trkpt lat="49.014896" lon="9.244285">
        <ele>273.862361</ele>
        <time>2021-07-24T16:02:41.000Z</time>
      </trkpt>
      <trkpt lat="49.014866" lon="9.244294">
        <ele>273.969156</ele>
        <time>2021-07-24T16:02:42.000Z</time>
      </trkpt>
      <trkpt lat="49.014835" lon="9.244303">
        <ele>274.079380</ele>
        <time>2021-07-24T16:02:43.000Z</time>
      </trkpt>
      <trkpt lat="49.014804" lon="9.244314">
        <ele>274.190553</ele>
        <time>2021-07-24T16:02:44.000Z</time>
      </trkpt>
      <trkpt lat="49.014775" lon="9.244323">
        <ele>274.293923</ele>
        <time>2021-07-24T16:02:45.000Z</time>
      </trkpt>
      <trkpt lat="49.014747" lon="9.244332">
        <ele>274.393872</ele>
        <time>2021-07-24T16:02:46.000Z</time>
      </trkpt>
      <trkpt lat="49.014718" lon="9.244341">
        <ele>274.497242</ele>
        <time>2021-07-24T16:02:47.000Z</time>
      </trkpt>
      <trkpt lat="49.014692" lon="9.244350">
        <ele>274.590368</ele>
        <time>2021-07-24T16:02:48.000Z</time>
      </trkpt>
      <trkpt lat="49.014664" lon="9.244358">
        <ele>274.689870</ele>
        <time>2021-07-24T16:02:49.000Z</time>
      </trkpt>
      <trkpt lat="49.014635" lon="9.244364">
        <ele>274.792092</ele>
        <time>2021-07-24T16:02:50.000Z</time>
      </trkpt>
      <trkpt lat="49.014605" lon="9.244370">
        <ele>274.897775</ele>
        <time>2021-07-24T16:02:51.000Z</time>
      </trkpt>
      <trkpt lat="49.014573" lon="9.244378">
        <ele>275.011039</ele>
        <time>2021-07-24T16:02:52.000Z</time>
      </trkpt>
      <trkpt lat="49.014539" lon="9.244388">
        <ele>275.131986</ele>
        <time>2021-07-24T16:02:53.000Z</time>
      </trkpt>
      <trkpt lat="49.014509" lon="9.244399">
        <ele>275.239759</ele>
        <time>2021-07-24T16:02:54.000Z</time>
      </trkpt>
      <trkpt lat="49.014481" lon="9.244414">
        <ele>275.343420</ele>
        <time>2021-07-24T16:02:55.000Z</time>
      </trkpt>
      <trkpt lat="49.014454" lon="9.244434">
        <ele>275.448268</ele>
        <time>2021-07-24T16:02:56.000Z</time>
      </trkpt>
      <trkpt lat="49.014431" lon="9.244457">
        <ele>275.544341</ele>
        <time>2021-07-24T16:02:57.000Z</time>
      </trkpt>
      <trkpt lat="49.014408" lon="9.244483">
        <ele>275.644349</ele>
        <time>2021-07-24T16:02:58.000Z</time>
      </trkpt>
      <trkpt lat="49.014408" lon="9.244483">
        <ele>275.644349</ele>
        <time>2021-07-24T16:02:59.000Z</time>
      </trkpt>
      <trkpt lat="49.014385" lon="9.244508">
        <ele>275.743009</ele>
        <time>2021-07-24T16:03:00.000Z</time>
      </trkpt>
      <trkpt lat="49.014363" lon="9.244530">
        <ele>275.834905</ele>
        <time>2021-07-24T16:03:01.000Z</time>
      </trkpt>
      <trkpt lat="49.014339" lon="9.244551">
        <ele>275.931558</ele>
        <time>2021-07-24T16:03:02.000Z</time>
      </trkpt>
      <trkpt lat="49.014313" lon="9.244572">
        <ele>276.034327</ele>
        <time>2021-07-24T16:03:03.000Z</time>
      </trkpt>
      <trkpt lat="49.014286" lon="9.244589">
        <ele>276.136360</ele>
        <time>2021-07-24T16:03:04.000Z</time>
      </trkpt>
      <trkpt lat="49.014258" lon="9.244600">
        <ele>276.237354</ele>
        <time>2021-07-24T16:03:05.000Z</time>
      </trkpt>
      <trkpt lat="49.014229" lon="9.244607">
        <ele>276.339908</ele>
        <time>2021-07-24T16:03:06.000Z</time>
      </trkpt>
      <trkpt lat="49.014200" lon="9.244613">
        <ele>276.442130</ele>
        <time>2021-07-24T16:03:07.000Z</time>
      </trkpt>
      <trkpt lat="49.014173" lon="9.244617">
        <ele>276.536881</ele>
        <time>2021-07-24T16:03:08.000Z</time>
      </trkpt>
      <trkpt lat="49.014146" lon="9.244621">
        <ele>276.631633</ele>
        <time>2021-07-24T16:03:09.000Z</time>
      </trkpt>
      <trkpt lat="49.014117" lon="9.244625">
        <ele>276.733339</ele>
        <time>2021-07-24T16:03:10.000Z</time>
      </trkpt>
      <trkpt lat="49.014088" lon="9.244631">
        <ele>276.835561</ele>
        <time>2021-07-24T16:03:11.000Z</time>
      </trkpt>
      <trkpt lat="49.014058" lon="9.244637">
        <ele>276.941244</ele>
        <time>2021-07-24T16:03:12.000Z</time>
      </trkpt>
      <trkpt lat="49.014026" lon="9.244643">
        <ele>277.053858</ele>
        <time>2021-07-24T16:03:13.000Z</time>
      </trkpt>
      <trkpt lat="49.013991" lon="9.244648">
        <ele>277.176643</ele>
        <time>2021-07-24T16:03:14.000Z</time>
      </trkpt>
      <trkpt lat="49.013956" lon="9.244653">
        <ele>277.299429</ele>
        <time>2021-07-24T16:03:15.000Z</time>
      </trkpt>
      <trkpt lat="49.013921" lon="9.244657">
        <ele>277.422022</ele>
        <time>2021-07-24T16:03:16.000Z</time>
      </trkpt>
      <trkpt lat="49.013885" lon="9.244661">
        <ele>277.548098</ele>
        <time>2021-07-24T16:03:17.000Z</time>
      </trkpt>
      <trkpt lat="49.013848" lon="9.244665">
        <ele>277.677659</ele>
        <time>2021-07-24T16:03:18.000Z</time>
      </trkpt>
      <trkpt lat="49.013812" lon="9.244668">
        <ele>277.803589</ele>
        <time>2021-07-24T16:03:19.000Z</time>
      </trkpt>
      <trkpt lat="49.013773" lon="9.244674">
        <ele>277.940503</ele>
        <time>2021-07-24T16:03:20.000Z</time>
      </trkpt>
      <trkpt lat="49.013735" lon="9.244683">
        <ele>278.074823</ele>
        <time>2021-07-24T16:03:21.000Z</time>
      </trkpt>
      <trkpt lat="49.013695" lon="9.244692">
        <ele>278.216051</ele>
        <time>2021-07-24T16:03:22.000Z</time>
      </trkpt>
      <trkpt lat="49.013654" lon="9.244697">
        <ele>278.359716</ele>
        <time>2021-07-24T16:03:23.000Z</time>
      </trkpt>
      <trkpt lat="49.013614" lon="9.244699">
        <ele>278.499505</ele>
        <time>2021-07-24T16:03:24.000Z</time>
      </trkpt>
      <trkpt lat="49.013575" lon="9.244704">
        <ele>278.636207</ele>
        <time>2021-07-24T16:03:25.000Z</time>
      </trkpt>
      <trkpt lat="49.013538" lon="9.244712">
        <ele>278.766736</ele>
        <time>2021-07-24T16:03:26.000Z</time>
      </trkpt>
      <trkpt lat="49.013502" lon="9.244718">
        <ele>278.893228</ele>
        <time>2021-07-24T16:03:27.000Z</time>
      </trkpt>
      <trkpt lat="49.013464" lon="9.244719">
        <ele>279.025977</ele>
        <time>2021-07-24T16:03:28.000Z</time>
      </trkpt>
      <trkpt lat="49.013427" lon="9.244717">
        <ele>279.113603</ele>
        <time>2021-07-24T16:03:29.000Z</time>
      </trkpt>
      <trkpt lat="49.013389" lon="9.244716">
        <ele>279.161196</ele>
        <time>2021-07-24T16:03:30.000Z</time>
      </trkpt>
      <trkpt lat="49.013349" lon="9.244718">
        <ele>279.211314</ele>
        <time>2021-07-24T16:03:31.000Z</time>
      </trkpt>
      <trkpt lat="49.013307" lon="9.244720">
        <ele>279.263934</ele>
        <time>2021-07-24T16:03:32.000Z</time>
      </trkpt>
      <trkpt lat="49.013267" lon="9.244720">
        <ele>279.314025</ele>
        <time>2021-07-24T16:03:33.000Z</time>
      </trkpt>
      <trkpt lat="49.013227" lon="9.244721">
        <ele>279.364122</ele>
        <time>2021-07-24T16:03:34.000Z</time>
      </trkpt>
      <trkpt lat="49.013185" lon="9.244721">
        <ele>279.416718</ele>
        <time>2021-07-24T16:03:35.000Z</time>
      </trkpt>
      <trkpt lat="49.013142" lon="9.244719">
        <ele>279.470590</ele>
        <time>2021-07-24T16:03:36.000Z</time>
      </trkpt>
      <trkpt lat="49.013100" lon="9.244718">
        <ele>279.523192</ele>
        <time>2021-07-24T16:03:37.000Z</time>
      </trkpt>
      <trkpt lat="49.013061" lon="9.244717">
        <ele>279.572037</ele>
        <time>2021-07-24T16:03:38.000Z</time>
      </trkpt>
      <trkpt lat="49.013020" lon="9.244716">
        <ele>279.623387</ele>
        <time>2021-07-24T16:03:39.000Z</time>
      </trkpt>
      <trkpt lat="49.012980" lon="9.244715">
        <ele>279.673484</ele>
        <time>2021-07-24T16:03:40.000Z</time>
      </trkpt>
      <trkpt lat="49.012939" lon="9.244712">
        <ele>279.724886</ele>
        <time>2021-07-24T16:03:41.000Z</time>
      </trkpt>
      <trkpt lat="49.012899" lon="9.244709">
        <ele>279.775037</ele>
        <time>2021-07-24T16:03:42.000Z</time>
      </trkpt>
      <trkpt lat="49.012857" lon="9.244706">
        <ele>279.827690</ele>
        <time>2021-07-24T16:03:43.000Z</time>
      </trkpt>
      <trkpt lat="49.012815" lon="9.244705">
        <ele>279.880292</ele>
        <time>2021-07-24T16:03:44.000Z</time>
      </trkpt>
      <trkpt lat="49.012773" lon="9.244702">
        <ele>279.932945</ele>
        <time>2021-07-24T16:03:45.000Z</time>
      </trkpt>
      <trkpt lat="49.012733" lon="9.244699">
        <ele>279.983096</ele>
        <time>2021-07-24T16:03:46.000Z</time>
      </trkpt>
      <trkpt lat="49.012693" lon="9.244698">
        <ele>280.033193</ele>
        <time>2021-07-24T16:03:47.000Z</time>
      </trkpt>
      <trkpt lat="49.012652" lon="9.244698">
        <ele>280.084536</ele>
        <time>2021-07-24T16:03:48.000Z</time>
      </trkpt>
      <trkpt lat="49.012610" lon="9.244698">
        <ele>280.137131</ele>
        <time>2021-07-24T16:03:49.000Z</time>
      </trkpt>
      <trkpt lat="49.012569" lon="9.244699">
        <ele>280.188481</ele>
        <time>2021-07-24T16:03:50.000Z</time>
      </trkpt>
      <trkpt lat="49.012528" lon="9.244698">
        <ele>280.239830</ele>
        <time>2021-07-24T16:03:51.000Z</time>
      </trkpt>
      <trkpt lat="49.012486" lon="9.244694">
        <ele>280.292528</ele>
        <time>2021-07-24T16:03:52.000Z</time>
      </trkpt>
      <trkpt lat="49.012445" lon="9.244690">
        <ele>280.343976</ele>
        <time>2021-07-24T16:03:53.000Z</time>
      </trkpt>
      <trkpt lat="49.012403" lon="9.244684">
        <ele>280.396801</ele>
        <time>2021-07-24T16:03:54.000Z</time>
      </trkpt>
      <trkpt lat="49.012362" lon="9.244678">
        <ele>280.448380</ele>
        <time>2021-07-24T16:03:55.000Z</time>
      </trkpt>
      <trkpt lat="49.012322" lon="9.244671">
        <ele>280.498800</ele>
        <time>2021-07-24T16:03:56.000Z</time>
      </trkpt>
      <trkpt lat="49.012281" lon="9.244661">
        <ele>280.550796</ele>
        <time>2021-07-24T16:03:57.000Z</time>
      </trkpt>
      <trkpt lat="49.012241" lon="9.244650">
        <ele>280.601695</ele>
        <time>2021-07-24T16:03:58.000Z</time>
      </trkpt>
      <trkpt lat="49.012202" lon="9.244640">
        <ele>280.651219</ele>
        <time>2021-07-24T16:03:59.000Z</time>
      </trkpt>
      <trkpt lat="49.012163" lon="9.244628">
        <ele>280.701042</ele>
        <time>2021-07-24T16:04:00.000Z</time>
      </trkpt>
      <trkpt lat="49.012124" lon="9.244612">
        <ele>280.751618</ele>
        <time>2021-07-24T16:04:01.000Z</time>
      </trkpt>
      <trkpt lat="49.012088" lon="9.244589">
        <ele>280.800497</ele>
        <time>2021-07-24T16:04:02.000Z</time>
      </trkpt>
      <trkpt lat="49.012056" lon="9.244541">
        <ele>280.856713</ele>
        <time>2021-07-24T16:04:03.000Z</time>
      </trkpt>
      <trkpt lat="49.012018" lon="9.244515">
        <ele>280.908871</ele>
        <time>2021-07-24T16:04:04.000Z</time>
      </trkpt>
      <trkpt lat="49.011980" lon="9.244482">
        <ele>280.963635</ele>
        <time>2021-07-24T16:04:05.000Z</time>
      </trkpt>
      <trkpt lat="49.011943" lon="9.244442">
        <ele>281.020435</ele>
        <time>2021-07-24T16:04:06.000Z</time>
      </trkpt>
      <trkpt lat="49.011909" lon="9.244410">
        <ele>281.070472</ele>
        <time>2021-07-24T16:04:07.000Z</time>
      </trkpt>
      <trkpt lat="49.011871" lon="9.244382">
        <ele>281.123324</ele>
        <time>2021-07-24T16:04:08.000Z</time>
      </trkpt>
      <trkpt lat="49.011834" lon="9.244351">
        <ele>281.176193</ele>
        <time>2021-07-24T16:04:09.000Z</time>
      </trkpt>
      <trkpt lat="49.011795" lon="9.244324">
        <ele>281.229831</ele>
        <time>2021-07-24T16:04:10.000Z</time>
      </trkpt>
      <trkpt lat="49.011754" lon="9.244296">
        <ele>281.286089</ele>
        <time>2021-07-24T16:04:11.000Z</time>
      </trkpt>
      <trkpt lat="49.011715" lon="9.244267">
        <ele>281.340427</ele>
        <time>2021-07-24T16:04:12.000Z</time>
      </trkpt>
      <trkpt lat="49.011674" lon="9.244240">
        <ele>281.497142</ele>
        <time>2021-07-24T16:04:13.000Z</time>
      </trkpt>
      <trkpt lat="49.011635" lon="9.244211">
        <ele>281.653515</ele>
        <time>2021-07-24T16:04:14.000Z</time>
      </trkpt>
      <trkpt lat="49.011598" lon="9.244180">
        <ele>281.805663</ele>
        <time>2021-07-24T16:04:15.000Z</time>
      </trkpt>
      <trkpt lat="49.011561" lon="9.244147">
        <ele>281.960144</ele>
        <time>2021-07-24T16:04:16.000Z</time>
      </trkpt>
      <trkpt lat="49.011517" lon="9.244118">
        <ele>282.132893</ele>
        <time>2021-07-24T16:04:17.000Z</time>
      </trkpt>
      <trkpt lat="49.011482" lon="9.244086">
        <ele>282.279968</ele>
        <time>2021-07-24T16:04:18.000Z</time>
      </trkpt>
      <trkpt lat="49.011440" lon="9.244051">
        <ele>282.452462</ele>
        <time>2021-07-24T16:04:19.000Z</time>
      </trkpt>
      <trkpt lat="49.011404" lon="9.244023">
        <ele>282.598106</ele>
        <time>2021-07-24T16:04:20.000Z</time>
      </trkpt>
      <trkpt lat="49.011366" lon="9.243987">
        <ele>282.759335</ele>
        <time>2021-07-24T16:04:21.000Z</time>
      </trkpt>
      <trkpt lat="49.011325" lon="9.243959">
        <ele>282.921237</ele>
        <time>2021-07-24T16:04:22.000Z</time>
      </trkpt>
      <trkpt lat="49.011289" lon="9.243924">
        <ele>283.075108</ele>
        <time>2021-07-24T16:04:23.000Z</time>
      </trkpt>
      <trkpt lat="49.011256" lon="9.243889">
        <ele>283.219979</ele>
        <time>2021-07-24T16:04:24.000Z</time>
      </trkpt>
      <trkpt lat="49.011224" lon="9.243857">
        <ele>283.357894</ele>
        <time>2021-07-24T16:04:25.000Z</time>
      </trkpt>
      <trkpt lat="49.011191" lon="9.243820">
        <ele>283.505516</ele>
        <time>2021-07-24T16:04:26.000Z</time>
      </trkpt>
      <trkpt lat="49.011170" lon="9.243772">
        <ele>283.641901</ele>
        <time>2021-07-24T16:04:27.000Z</time>
      </trkpt>
      <trkpt lat="49.011157" lon="9.243719">
        <ele>283.775654</ele>
        <time>2021-07-24T16:04:28.000Z</time>
      </trkpt>
      <trkpt lat="49.011159" lon="9.243671">
        <ele>283.889344</ele>
        <time>2021-07-24T16:04:29.000Z</time>
      </trkpt>
      <trkpt lat="49.011165" lon="9.243633">
        <ele>283.981734</ele>
        <time>2021-07-24T16:04:30.000Z</time>
      </trkpt>
      <trkpt lat="49.011170" lon="9.243603">
        <ele>284.054900</ele>
        <time>2021-07-24T16:04:31.000Z</time>
      </trkpt>
      <trkpt lat="49.011172" lon="9.243565">
        <ele>284.145012</ele>
        <time>2021-07-24T16:04:32.000Z</time>
      </trkpt>
      <trkpt lat="49.011170" lon="9.243525">
        <ele>284.239837</ele>
        <time>2021-07-24T16:04:33.000Z</time>
      </trkpt>
      <trkpt lat="49.011166" lon="9.243491">
        <ele>284.321488</ele>
        <time>2021-07-24T16:04:34.000Z</time>
      </trkpt>
      <trkpt lat="49.011159" lon="9.243462">
        <ele>284.394532</ele>
        <time>2021-07-24T16:04:35.000Z</time>
      </trkpt>
      <trkpt lat="49.011151" lon="9.243433">
        <ele>284.468897</ele>
        <time>2021-07-24T16:04:36.000Z</time>
      </trkpt>
      <trkpt lat="49.011144" lon="9.243397">
        <ele>284.557654</ele>
        <time>2021-07-24T16:04:37.000Z</time>
      </trkpt>
      <trkpt lat="49.011140" lon="9.243359">
        <ele>284.648626</ele>
        <time>2021-07-24T16:04:38.000Z</time>
      </trkpt>
      <trkpt lat="49.011138" lon="9.243323">
        <ele>284.734027</ele>
        <time>2021-07-24T16:04:39.000Z</time>
      </trkpt>
      <trkpt lat="49.011136" lon="9.243285">
        <ele>284.824139</ele>
        <time>2021-07-24T16:04:40.000Z</time>
      </trkpt>
      <trkpt lat="49.011132" lon="9.243246">
        <ele>284.917446</ele>
        <time>2021-07-24T16:04:41.000Z</time>
      </trkpt>
      <trkpt lat="49.011127" lon="9.243209">
        <ele>285.006743</ele>
        <time>2021-07-24T16:04:42.000Z</time>
      </trkpt>
      <trkpt lat="49.011123" lon="9.243172">
        <ele>285.095383</ele>
        <time>2021-07-24T16:04:43.000Z</time>
      </trkpt>
      <trkpt lat="49.011119" lon="9.243132">
        <ele>285.191026</ele>
        <time>2021-07-24T16:04:44.000Z</time>
      </trkpt>
      <trkpt lat="49.011116" lon="9.243092">
        <ele>285.286193</ele>
        <time>2021-07-24T16:04:45.000Z</time>
      </trkpt>
      <trkpt lat="49.011113" lon="9.243053">
        <ele>285.379012</ele>
        <time>2021-07-24T16:04:46.000Z</time>
      </trkpt>
      <trkpt lat="49.011111" lon="9.243014">
        <ele>285.471481</ele>
        <time>2021-07-24T16:04:47.000Z</time>
      </trkpt>
      <trkpt lat="49.011109" lon="9.242975">
        <ele>285.563949</ele>
        <time>2021-07-24T16:04:48.000Z</time>
      </trkpt>
      <trkpt lat="49.011105" lon="9.242936">
        <ele>285.657257</ele>
        <time>2021-07-24T16:04:49.000Z</time>
      </trkpt>
      <trkpt lat="49.011100" lon="9.242898">
        <ele>285.748870</ele>
        <time>2021-07-24T16:04:50.000Z</time>
      </trkpt>
      <trkpt lat="49.011095" lon="9.242860">
        <ele>285.840483</ele>
        <time>2021-07-24T16:04:51.000Z</time>
      </trkpt>
      <trkpt lat="49.011091" lon="9.242823">
        <ele>285.929122</ele>
        <time>2021-07-24T16:04:52.000Z</time>
      </trkpt>
      <trkpt lat="49.011085" lon="9.242783">
        <ele>286.026114</ele>
        <time>2021-07-24T16:04:53.000Z</time>
      </trkpt>
      <trkpt lat="49.011079" lon="9.242744">
        <ele>286.120804</ele>
        <time>2021-07-24T16:04:54.000Z</time>
      </trkpt>
      <trkpt lat="49.011075" lon="9.242707">
        <ele>286.209443</ele>
        <time>2021-07-24T16:04:55.000Z</time>
      </trkpt>
      <trkpt lat="49.011070" lon="9.242668">
        <ele>286.303375</ele>
        <time>2021-07-24T16:04:56.000Z</time>
      </trkpt>
      <trkpt lat="49.011068" lon="9.242629">
        <ele>286.395844</ele>
        <time>2021-07-24T16:04:57.000Z</time>
      </trkpt>
      <trkpt lat="49.011065" lon="9.242591">
        <ele>286.486315</ele>
        <time>2021-07-24T16:04:58.000Z</time>
      </trkpt>
      <trkpt lat="49.011063" lon="9.242554">
        <ele>286.574072</ele>
        <time>2021-07-24T16:04:59.000Z</time>
      </trkpt>
      <trkpt lat="49.011060" lon="9.242518">
        <ele>286.659852</ele>
        <time>2021-07-24T16:05:00.000Z</time>
      </trkpt>
      <trkpt lat="49.011056" lon="9.242482">
        <ele>286.746160</ele>
        <time>2021-07-24T16:05:01.000Z</time>
      </trkpt>
      <trkpt lat="49.011051" lon="9.242447">
        <ele>286.830832</ele>
        <time>2021-07-24T16:05:02.000Z</time>
      </trkpt>
      <trkpt lat="49.011044" lon="9.242411">
        <ele>286.919588</ele>
        <time>2021-07-24T16:05:03.000Z</time>
      </trkpt>
      <trkpt lat="49.011036" lon="9.242374">
        <ele>287.011677</ele>
        <time>2021-07-24T16:05:04.000Z</time>
      </trkpt>
      <trkpt lat="49.011029" lon="9.242337">
        <ele>287.102703</ele>
        <time>2021-07-24T16:05:05.000Z</time>
      </trkpt>
      <trkpt lat="49.011023" lon="9.242299">
        <ele>287.195092</ele>
        <time>2021-07-24T16:05:06.000Z</time>
      </trkpt>
      <trkpt lat="49.011016" lon="9.242260">
        <ele>287.290669</ele>
        <time>2021-07-24T16:05:07.000Z</time>
      </trkpt>
      <trkpt lat="49.011009" lon="9.242222">
        <ele>287.383967</ele>
        <time>2021-07-24T16:05:08.000Z</time>
      </trkpt>
      <trkpt lat="49.011002" lon="9.242187">
        <ele>287.470460</ele>
        <time>2021-07-24T16:05:09.000Z</time>
      </trkpt>
      <trkpt lat="49.010994" lon="9.242149">
        <ele>287.564797</ele>
        <time>2021-07-24T16:05:10.000Z</time>
      </trkpt>
      <trkpt lat="49.010984" lon="9.242109">
        <ele>287.665984</ele>
        <time>2021-07-24T16:05:11.000Z</time>
      </trkpt>
      <trkpt lat="49.010971" lon="9.242069">
        <ele>287.771505</ele>
        <time>2021-07-24T16:05:12.000Z</time>
      </trkpt>
      <trkpt lat="49.010957" lon="9.242024">
        <ele>287.932670</ele>
        <time>2021-07-24T16:05:13.000Z</time>
      </trkpt>
      <trkpt lat="49.010945" lon="9.241974">
        <ele>288.143130</ele>
        <time>2021-07-24T16:05:14.000Z</time>
      </trkpt>
      <trkpt lat="49.010935" lon="9.241925">
        <ele>288.345980</ele>
        <time>2021-07-24T16:05:15.000Z</time>
      </trkpt>
      <trkpt lat="49.010924" lon="9.241877">
        <ele>288.546965</ele>
        <time>2021-07-24T16:05:16.000Z</time>
      </trkpt>
      <trkpt lat="49.010912" lon="9.241831">
        <ele>288.742652</ele>
        <time>2021-07-24T16:05:17.000Z</time>
      </trkpt>
      <trkpt lat="49.010900" lon="9.241783">
        <ele>288.945705</ele>
        <time>2021-07-24T16:05:18.000Z</time>
      </trkpt>
      <trkpt lat="49.010889" lon="9.241730">
        <ele>289.165446</ele>
        <time>2021-07-24T16:05:19.000Z</time>
      </trkpt>
      <trkpt lat="49.010878" lon="9.241679">
        <ele>289.377663</ele>
        <time>2021-07-24T16:05:20.000Z</time>
      </trkpt>
      <trkpt lat="49.010864" lon="9.241631">
        <ele>289.585315</ele>
        <time>2021-07-24T16:05:21.000Z</time>
      </trkpt>
      <trkpt lat="49.010850" lon="9.241585">
        <ele>289.785769</ele>
        <time>2021-07-24T16:05:22.000Z</time>
      </trkpt>
      <trkpt lat="49.010837" lon="9.241537">
        <ele>289.991046</ele>
        <time>2021-07-24T16:05:23.000Z</time>
      </trkpt>
      <trkpt lat="49.010826" lon="9.241488">
        <ele>290.195768</ele>
        <time>2021-07-24T16:05:24.000Z</time>
      </trkpt>
      <trkpt lat="49.010817" lon="9.241440">
        <ele>290.393107</ele>
        <time>2021-07-24T16:05:25.000Z</time>
      </trkpt>
      <trkpt lat="49.010806" lon="9.241391">
        <ele>290.597829</ele>
        <time>2021-07-24T16:05:26.000Z</time>
      </trkpt>
      <trkpt lat="49.010795" lon="9.241342">
        <ele>290.802551</ele>
        <time>2021-07-24T16:05:27.000Z</time>
      </trkpt>
      <trkpt lat="49.010783" lon="9.241294">
        <ele>291.005604</ele>
        <time>2021-07-24T16:05:28.000Z</time>
      </trkpt>
      <trkpt lat="49.010771" lon="9.241246">
        <ele>291.208658</ele>
        <time>2021-07-24T16:05:29.000Z</time>
      </trkpt>
      <trkpt lat="49.010758" lon="9.241198">
        <ele>291.413935</ele>
        <time>2021-07-24T16:05:30.000Z</time>
      </trkpt>
      <trkpt lat="49.010744" lon="9.241150">
        <ele>291.621588</ele>
        <time>2021-07-24T16:05:31.000Z</time>
      </trkpt>
      <trkpt lat="49.010731" lon="9.241101">
        <ele>291.830524</ele>
        <time>2021-07-24T16:05:32.000Z</time>
      </trkpt>
      <trkpt lat="49.010719" lon="9.241050">
        <ele>292.044701</ele>
        <time>2021-07-24T16:05:33.000Z</time>
      </trkpt>
      <trkpt lat="49.010707" lon="9.241000">
        <ele>292.255161</ele>
        <time>2021-07-24T16:05:34.000Z</time>
      </trkpt>
      <trkpt lat="49.010695" lon="9.240948">
        <ele>292.473063</ele>
        <time>2021-07-24T16:05:35.000Z</time>
      </trkpt>
      <trkpt lat="49.010683" lon="9.240899">
        <ele>292.679815</ele>
        <time>2021-07-24T16:05:36.000Z</time>
      </trkpt>
      <trkpt lat="49.010672" lon="9.240850">
        <ele>292.884538</ele>
        <time>2021-07-24T16:05:37.000Z</time>
      </trkpt>
      <trkpt lat="49.010662" lon="9.240800">
        <ele>293.091167</ele>
        <time>2021-07-24T16:05:38.000Z</time>
      </trkpt>
      <trkpt lat="49.010652" lon="9.240751">
        <ele>293.294018</ele>
        <time>2021-07-24T16:05:39.000Z</time>
      </trkpt>
      <trkpt lat="49.010641" lon="9.240701">
        <ele>293.502485</ele>
        <time>2021-07-24T16:05:40.000Z</time>
      </trkpt>
      <trkpt lat="49.010629" lon="9.240653">
        <ele>293.705539</ele>
        <time>2021-07-24T16:05:41.000Z</time>
      </trkpt>
      <trkpt lat="49.010616" lon="9.240609">
        <ele>293.896297</ele>
        <time>2021-07-24T16:05:42.000Z</time>
      </trkpt>
      <trkpt lat="49.010601" lon="9.240565">
        <ele>294.092315</ele>
        <time>2021-07-24T16:05:43.000Z</time>
      </trkpt>
      <trkpt lat="49.010586" lon="9.240523">
        <ele>294.281352</ele>
        <time>2021-07-24T16:05:44.000Z</time>
      </trkpt>
      <trkpt lat="49.010572" lon="9.240478">
        <ele>294.478228</ele>
        <time>2021-07-24T16:05:45.000Z</time>
      </trkpt>
      <trkpt lat="49.010560" lon="9.240436">
        <ele>294.659317</ele>
        <time>2021-07-24T16:05:46.000Z</time>
      </trkpt>
      <trkpt lat="49.010550" lon="9.240398">
        <ele>294.821167</ele>
        <time>2021-07-24T16:05:47.000Z</time>
      </trkpt>
      <trkpt lat="49.010538" lon="9.240362">
        <ele>294.980793</ele>
        <time>2021-07-24T16:05:48.000Z</time>
      </trkpt>
      <trkpt lat="49.010524" lon="9.240329">
        <ele>295.136147</ele>
        <time>2021-07-24T16:05:49.000Z</time>
      </trkpt>
      <trkpt lat="49.010511" lon="9.240299">
        <ele>295.278277</ele>
        <time>2021-07-24T16:05:50.000Z</time>
      </trkpt>
      <trkpt lat="49.010499" lon="9.240271">
        <ele>295.410490</ele>
        <time>2021-07-24T16:05:51.000Z</time>
      </trkpt>
      <trkpt lat="49.010489" lon="9.240245">
        <ele>295.529632</ele>
        <time>2021-07-24T16:05:52.000Z</time>
      </trkpt>
      <trkpt lat="49.010478" lon="9.240217">
        <ele>295.658647</ele>
        <time>2021-07-24T16:05:53.000Z</time>
      </trkpt>
      <trkpt lat="49.010464" lon="9.240187">
        <ele>295.804186</ele>
        <time>2021-07-24T16:05:54.000Z</time>
      </trkpt>
      <trkpt lat="49.010449" lon="9.240157">
        <ele>295.953299</ele>
        <time>2021-07-24T16:05:55.000Z</time>
      </trkpt>
      <trkpt lat="49.010435" lon="9.240132">
        <ele>296.083240</ele>
        <time>2021-07-24T16:05:56.000Z</time>
      </trkpt>
      <trkpt lat="49.010425" lon="9.240109">
        <ele>296.192317</ele>
        <time>2021-07-24T16:05:57.000Z</time>
      </trkpt>
      <trkpt lat="49.010412" lon="9.240082">
        <ele>296.324714</ele>
        <time>2021-07-24T16:05:58.000Z</time>
      </trkpt>
      <trkpt lat="49.010395" lon="9.240049">
        <ele>296.490583</ele>
        <time>2021-07-24T16:05:59.000Z</time>
      </trkpt>
      <trkpt lat="49.010378" lon="9.240017">
        <ele>296.653361</ele>
        <time>2021-07-24T16:06:00.000Z</time>
      </trkpt>
      <trkpt lat="49.010363" lon="9.239990">
        <ele>296.793229</ele>
        <time>2021-07-24T16:06:01.000Z</time>
      </trkpt>
      <trkpt lat="49.010351" lon="9.239960">
        <ele>296.932128</ele>
        <time>2021-07-24T16:06:02.000Z</time>
      </trkpt>
      <trkpt lat="49.010338" lon="9.239923">
        <ele>297.098048</ele>
        <time>2021-07-24T16:06:03.000Z</time>
      </trkpt>
      <trkpt lat="49.010325" lon="9.239892">
        <ele>297.243493</ele>
        <time>2021-07-24T16:06:04.000Z</time>
      </trkpt>
      <trkpt lat="49.010309" lon="9.239862">
        <ele>297.396335</ele>
        <time>2021-07-24T16:06:05.000Z</time>
      </trkpt>
      <trkpt lat="49.010294" lon="9.239831">
        <ele>297.548611</ele>
        <time>2021-07-24T16:06:06.000Z</time>
      </trkpt>
      <trkpt lat="49.010280" lon="9.239803">
        <ele>297.687784</ele>
        <time>2021-07-24T16:06:07.000Z</time>
      </trkpt>
      <trkpt lat="49.010268" lon="9.239773">
        <ele>297.826683</ele>
        <time>2021-07-24T16:06:08.000Z</time>
      </trkpt>
      <trkpt lat="49.010257" lon="9.239740">
        <ele>297.973008</ele>
        <time>2021-07-24T16:06:09.000Z</time>
      </trkpt>
      <trkpt lat="49.010240" lon="9.239675">
        <ele>298.249621</ele>
        <time>2021-07-24T16:06:10.000Z</time>
      </trkpt>
      <trkpt lat="49.010231" lon="9.239636">
        <ele>298.413049</ele>
        <time>2021-07-24T16:06:11.000Z</time>
      </trkpt>
      <trkpt lat="49.010223" lon="9.239599">
        <ele>298.567049</ele>
        <time>2021-07-24T16:06:12.000Z</time>
      </trkpt>
      <trkpt lat="49.010217" lon="9.239563">
        <ele>298.702330</ele>
        <time>2021-07-24T16:06:13.000Z</time>
      </trkpt>
      <trkpt lat="49.010212" lon="9.239523">
        <ele>298.825893</ele>
        <time>2021-07-24T16:06:14.000Z</time>
      </trkpt>
      <trkpt lat="49.010208" lon="9.239484">
        <ele>298.945675</ele>
        <time>2021-07-24T16:06:15.000Z</time>
      </trkpt>
      <trkpt lat="49.010205" lon="9.239443">
        <ele>299.070860</ele>
        <time>2021-07-24T16:06:16.000Z</time>
      </trkpt>
      <trkpt lat="49.010202" lon="9.239403">
        <ele>299.193030</ele>
        <time>2021-07-24T16:06:17.000Z</time>
      </trkpt>
      <trkpt lat="49.010197" lon="9.239355">
        <ele>299.340509</ele>
        <time>2021-07-24T16:06:18.000Z</time>
      </trkpt>
      <trkpt lat="49.010189" lon="9.239309">
        <ele>299.484918</ele>
        <time>2021-07-24T16:06:19.000Z</time>
      </trkpt>
      <trkpt lat="49.010182" lon="9.239274">
        <ele>299.595952</ele>
        <time>2021-07-24T16:06:20.000Z</time>
      </trkpt>
      <trkpt lat="49.010176" lon="9.239242">
        <ele>299.696944</ele>
        <time>2021-07-24T16:06:21.000Z</time>
      </trkpt>
      <trkpt lat="49.010173" lon="9.239213">
        <ele>299.786032</ele>
        <time>2021-07-24T16:06:22.000Z</time>
      </trkpt>
      <trkpt lat="49.010169" lon="9.239183">
        <ele>299.878927</ele>
        <time>2021-07-24T16:06:23.000Z</time>
      </trkpt>
      <trkpt lat="49.010163" lon="9.239150">
        <ele>299.982841</ele>
        <time>2021-07-24T16:06:24.000Z</time>
      </trkpt>
      <trkpt lat="49.010149" lon="9.239110">
        <ele>300.120419</ele>
        <time>2021-07-24T16:06:25.000Z</time>
      </trkpt>
      <trkpt lat="49.010132" lon="9.239079">
        <ele>300.243032</ele>
        <time>2021-07-24T16:06:26.000Z</time>
      </trkpt>
      <trkpt lat="49.010113" lon="9.239055">
        <ele>300.357181</ele>
        <time>2021-07-24T16:06:27.000Z</time>
      </trkpt>
      <trkpt lat="49.010095" lon="9.239033">
        <ele>300.463910</ele>
        <time>2021-07-24T16:06:28.000Z</time>
      </trkpt>
      <trkpt lat="49.010076" lon="9.239017">
        <ele>300.564326</ele>
        <time>2021-07-24T16:06:29.000Z</time>
      </trkpt>
      <trkpt lat="49.010057" lon="9.239002">
        <ele>300.663311</ele>
        <time>2021-07-24T16:06:30.000Z</time>
      </trkpt>
      <trkpt lat="49.010037" lon="9.238990">
        <ele>300.762743</ele>
        <time>2021-07-24T16:06:31.000Z</time>
      </trkpt>
      <trkpt lat="49.010019" lon="9.238980">
        <ele>300.851372</ele>
        <time>2021-07-24T16:06:32.000Z</time>
      </trkpt>
      <trkpt lat="49.010001" lon="9.238972">
        <ele>300.938111</ele>
        <time>2021-07-24T16:06:33.000Z</time>
      </trkpt>
      <trkpt lat="49.009986" lon="9.238966">
        <ele>301.009853</ele>
        <time>2021-07-24T16:06:34.000Z</time>
      </trkpt>
      <trkpt lat="49.009971" lon="9.238958">
        <ele>301.083371</ele>
        <time>2021-07-24T16:06:35.000Z</time>
      </trkpt>
      <trkpt lat="49.009957" lon="9.238948">
        <ele>301.154894</ele>
        <time>2021-07-24T16:06:36.000Z</time>
      </trkpt>
      <trkpt lat="49.009944" lon="9.238933">
        <ele>301.230318</ele>
        <time>2021-07-24T16:06:37.000Z</time>
      </trkpt>
      <trkpt lat="49.009932" lon="9.238915">
        <ele>301.308199</ele>
        <time>2021-07-24T16:06:38.000Z</time>
      </trkpt>
      <trkpt lat="49.009922" lon="9.238895">
        <ele>301.384510</ele>
        <time>2021-07-24T16:06:39.000Z</time>
      </trkpt>
      <trkpt lat="49.009915" lon="9.238876">
        <ele>301.450638</ele>
        <time>2021-07-24T16:06:40.000Z</time>
      </trkpt>
      <trkpt lat="49.009909" lon="9.238857">
        <ele>301.514627</ele>
        <time>2021-07-24T16:06:41.000Z</time>
      </trkpt>
      <trkpt lat="49.009905" lon="9.238833">
        <ele>301.589768</ele>
        <time>2021-07-24T16:06:42.000Z</time>
      </trkpt>
      <trkpt lat="49.009901" lon="9.238808">
        <ele>301.667855</ele>
        <time>2021-07-24T16:06:43.000Z</time>
      </trkpt>
      <trkpt lat="49.009898" lon="9.238783">
        <ele>301.744976</ele>
        <time>2021-07-24T16:06:44.000Z</time>
      </trkpt>
      <trkpt lat="49.009894" lon="9.238759">
        <ele>301.820118</ele>
        <time>2021-07-24T16:06:45.000Z</time>
      </trkpt>
      <trkpt lat="49.009892" lon="9.238735">
        <ele>301.893531</ele>
        <time>2021-07-24T16:06:46.000Z</time>
      </trkpt>
      <trkpt lat="49.009890" lon="9.238711">
        <ele>301.966944</ele>
        <time>2021-07-24T16:06:47.000Z</time>
      </trkpt>
      <trkpt lat="49.009888" lon="9.238689">
        <ele>302.034341</ele>
        <time>2021-07-24T16:06:48.000Z</time>
      </trkpt>
      <trkpt lat="49.009886" lon="9.238660">
        <ele>302.122826</ele>
        <time>2021-07-24T16:06:49.000Z</time>
      </trkpt>
      <trkpt lat="49.009884" lon="9.238625">
        <ele>302.229436</ele>
        <time>2021-07-24T16:06:50.000Z</time>
      </trkpt>
      <trkpt lat="49.009886" lon="9.238588">
        <ele>302.342092</ele>
        <time>2021-07-24T16:06:51.000Z</time>
      </trkpt>
      <trkpt lat="49.009888" lon="9.238548">
        <ele>302.463824</ele>
        <time>2021-07-24T16:06:52.000Z</time>
      </trkpt>
      <trkpt lat="49.009886" lon="9.238508">
        <ele>302.585555</ele>
        <time>2021-07-24T16:06:53.000Z</time>
      </trkpt>
      <trkpt lat="49.009882" lon="9.238474">
        <ele>302.690374</ele>
        <time>2021-07-24T16:06:54.000Z</time>
      </trkpt>
      <trkpt lat="49.009875" lon="9.238442">
        <ele>302.792736</ele>
        <time>2021-07-24T16:06:55.000Z</time>
      </trkpt>
      <trkpt lat="49.009870" lon="9.238408">
        <ele>302.898469</ele>
        <time>2021-07-24T16:06:56.000Z</time>
      </trkpt>
      <trkpt lat="49.009865" lon="9.238377">
        <ele>302.995341</ele>
        <time>2021-07-24T16:06:57.000Z</time>
      </trkpt>
      <trkpt lat="49.009859" lon="9.238347">
        <ele>303.090513</ele>
        <time>2021-07-24T16:06:58.000Z</time>
      </trkpt>
      <trkpt lat="49.009851" lon="9.238316">
        <ele>303.191601</ele>
        <time>2021-07-24T16:06:59.000Z</time>
      </trkpt>
      <trkpt lat="49.009844" lon="9.238290">
        <ele>303.276885</ele>
        <time>2021-07-24T16:07:00.000Z</time>
      </trkpt>
      <trkpt lat="49.009838" lon="9.238267">
        <ele>303.351995</ele>
        <time>2021-07-24T16:07:01.000Z</time>
      </trkpt>
      <trkpt lat="49.009832" lon="9.238248">
        <ele>303.415985</ele>
        <time>2021-07-24T16:07:02.000Z</time>
      </trkpt>
      <trkpt lat="49.009827" lon="9.238233">
        <ele>303.467042</ele>
        <time>2021-07-24T16:07:03.000Z</time>
      </trkpt>
      <trkpt lat="49.009825" lon="9.238221">
        <ele>303.504613</ele>
        <time>2021-07-24T16:07:04.000Z</time>
      </trkpt>
      <trkpt lat="49.009825" lon="9.238216">
        <ele>303.519786</ele>
        <time>2021-07-24T16:07:05.000Z</time>
      </trkpt>
      <trkpt lat="49.009827" lon="9.238218">
        <ele>303.530851</ele>
        <time>2021-07-24T16:07:06.000Z</time>
      </trkpt>
      <trkpt lat="49.009829" lon="9.238218">
        <ele>303.540104</ele>
        <time>2021-07-24T16:07:07.000Z</time>
      </trkpt>
      <trkpt lat="49.009828" lon="9.238217">
        <ele>303.545636</ele>
        <time>2021-07-24T16:07:08.000Z</time>
      </trkpt>
      <trkpt lat="49.009826" lon="9.238216">
        <ele>303.555374</ele>
        <time>2021-07-24T16:07:09.000Z</time>
      </trkpt>
      <trkpt lat="49.009825" lon="9.238216">
        <ele>303.560000</ele>
        <time>2021-07-24T16:07:10.000Z</time>
      </trkpt>
      <trkpt lat="49.009824" lon="9.238217">
        <ele>303.565532</ele>
        <time>2021-07-24T16:07:11.000Z</time>
      </trkpt>
      <trkpt lat="49.009823" lon="9.238218">
        <ele>303.571065</ele>
        <time>2021-07-24T16:07:12.000Z</time>
      </trkpt>
      <trkpt lat="49.009823" lon="9.238220">
        <ele>303.577134</ele>
        <time>2021-07-24T16:07:13.000Z</time>
      </trkpt>
      <trkpt lat="49.009823" lon="9.238220">
        <ele>303.577134</ele>
        <time>2021-07-24T16:07:14.000Z</time>
      </trkpt>
      <trkpt lat="49.009822" lon="9.238220">
        <ele>303.581760</ele>
        <time>2021-07-24T16:07:15.000Z</time>
      </trkpt>
      <trkpt lat="49.009822" lon="9.238219">
        <ele>303.584795</ele>
        <time>2021-07-24T16:07:16.000Z</time>
      </trkpt>
      <trkpt lat="49.009821" lon="9.238219">
        <ele>303.589421</ele>
        <time>2021-07-24T16:07:17.000Z</time>
      </trkpt>
      <trkpt lat="49.009821" lon="9.238219">
        <ele>303.589421</ele>
        <time>2021-07-24T16:07:18.000Z</time>
      </trkpt>
      <trkpt lat="49.009821" lon="9.238219">
        <ele>303.589421</ele>
        <time>2021-07-24T16:07:19.000Z</time>
      </trkpt>
      <trkpt lat="49.009821" lon="9.238219">
        <ele>303.589421</ele>
        <time>2021-07-24T16:07:20.000Z</time>
      </trkpt>
      <trkpt lat="49.009821" lon="9.238219">
        <ele>303.589421</ele>
        <time>2021-07-24T16:07:22.000Z</time>
      </trkpt>
      <trkpt lat="49.009821" lon="9.238219">
        <ele>303.589421</ele>
        <time>2021-07-24T16:07:24.000Z</time>
      </trkpt>
      <trkpt lat="49.009821" lon="9.238219">
        <ele>303.589421</ele>
        <time>2021-07-24T16:07:27.000Z</time>
      </trkpt>
      <trkpt lat="49.009821" lon="9.238219">
        <ele>303.589421</ele>
        <time>2021-07-24T16:07:29.000Z</time>
      </trkpt>
      <trkpt lat="49.009821" lon="9.238219">
        <ele>303.589421</ele>
        <time>2021-07-24T16:07:30.000Z</time>
      </trkpt>
      <trkpt lat="49.009821" lon="9.238219">
        <ele>303.589421</ele>
        <time>2021-07-24T16:07:34.000Z</time>
      </trkpt>
      <trkpt lat="49.009821" lon="9.238218">
        <ele>303.592456</ele>
        <time>2021-07-24T16:07:38.000Z</time>
      </trkpt>
      <trkpt lat="49.009820" lon="9.238214">
        <ele>303.605445</ele>
        <time>2021-07-24T16:07:39.000Z</time>
      </trkpt>
      <trkpt lat="49.009819" lon="9.238212">
        <ele>303.613076</ele>
        <time>2021-07-24T16:07:40.000Z</time>
      </trkpt>
      <trkpt lat="49.009821" lon="9.238211">
        <ele>303.622814</ele>
        <time>2021-07-24T16:07:41.000Z</time>
      </trkpt>
      <trkpt lat="49.009822" lon="9.238210">
        <ele>303.628346</ele>
        <time>2021-07-24T16:07:42.000Z</time>
      </trkpt>
      <trkpt lat="49.009823" lon="9.238209">
        <ele>303.633879</ele>
        <time>2021-07-24T16:07:43.000Z</time>
      </trkpt>
      <trkpt lat="49.009824" lon="9.238208">
        <ele>303.639412</ele>
        <time>2021-07-24T16:07:44.000Z</time>
      </trkpt>
      <trkpt lat="49.009825" lon="9.238208">
        <ele>303.644038</ele>
        <time>2021-07-24T16:07:45.000Z</time>
      </trkpt>
      <trkpt lat="49.009826" lon="9.238207">
        <ele>303.649571</ele>
        <time>2021-07-24T16:07:46.000Z</time>
      </trkpt>
      <trkpt lat="49.009827" lon="9.238207">
        <ele>303.654197</ele>
        <time>2021-07-24T16:07:47.000Z</time>
      </trkpt>
      <trkpt lat="49.009827" lon="9.238206">
        <ele>303.657231</ele>
        <time>2021-07-24T16:07:48.000Z</time>
      </trkpt>
      <trkpt lat="49.009827" lon="9.238206">
        <ele>303.657231</ele>
        <time>2021-07-24T16:07:49.000Z</time>
      </trkpt>
      <trkpt lat="49.009827" lon="9.238206">
        <ele>303.657231</ele>
        <time>2021-07-24T16:07:50.000Z</time>
      </trkpt>
      <trkpt lat="49.009827" lon="9.238206">
        <ele>303.657231</ele>
        <time>2021-07-24T16:07:51.000Z</time>
      </trkpt>
      <trkpt lat="49.009827" lon="9.238206">
        <ele>303.657231</ele>
        <time>2021-07-24T16:07:52.000Z</time>
      </trkpt>
      <trkpt lat="49.009827" lon="9.238206">
        <ele>303.657231</ele>
        <time>2021-07-24T16:07:53.000Z</time>
      </trkpt>
      <trkpt lat="49.009827" lon="9.238206">
        <ele>303.657231</ele>
        <time>2021-07-24T16:07:54.000Z</time>
      </trkpt>
      <trkpt lat="49.009827" lon="9.238206">
        <ele>303.657231</ele>
        <time>2021-07-24T16:07:55.000Z</time>
      </trkpt>
      <trkpt lat="49.009827" lon="9.238206">
        <ele>303.657231</ele>
        <time>2021-07-24T16:08:01.000Z</time>
      </trkpt>
      <trkpt lat="49.009828" lon="9.238206">
        <ele>303.661858</ele>
        <time>2021-07-24T16:08:02.000Z</time>
      </trkpt>
      <trkpt lat="49.009827" lon="9.238206">
        <ele>303.666484</ele>
        <time>2021-07-24T16:08:03.000Z</time>
      </trkpt>
      <trkpt lat="49.009827" lon="9.238206">
        <ele>303.666484</ele>
        <time>2021-07-24T16:08:04.000Z</time>
      </trkpt>
      <trkpt lat="49.009828" lon="9.238205">
        <ele>303.672017</ele>
        <time>2021-07-24T16:08:09.000Z</time>
      </trkpt>
      <trkpt lat="49.009828" lon="9.238204">
        <ele>303.675051</ele>
        <time>2021-07-24T16:08:10.000Z</time>
      </trkpt>
      <trkpt lat="49.009829" lon="9.238202">
        <ele>303.682682</ele>
        <time>2021-07-24T16:08:11.000Z</time>
      </trkpt>
      <trkpt lat="49.009830" lon="9.238197">
        <ele>303.698544</ele>
        <time>2021-07-24T16:08:12.000Z</time>
      </trkpt>
      <trkpt lat="49.009826" lon="9.238183">
        <ele>303.744882</ele>
        <time>2021-07-24T16:08:13.000Z</time>
      </trkpt>
      <trkpt lat="49.009816" lon="9.238151">
        <ele>303.852443</ele>
        <time>2021-07-24T16:08:14.000Z</time>
      </trkpt>
      <trkpt lat="49.009804" lon="9.238107">
        <ele>303.997042</ele>
        <time>2021-07-24T16:08:15.000Z</time>
      </trkpt>
      <trkpt lat="49.009794" lon="9.238063">
        <ele>304.138348</ele>
        <time>2021-07-24T16:08:16.000Z</time>
      </trkpt>
      <trkpt lat="49.009784" lon="9.238019">
        <ele>304.279653</ele>
        <time>2021-07-24T16:08:17.000Z</time>
      </trkpt>
      <trkpt lat="49.009773" lon="9.237979">
        <ele>304.411269</ele>
        <time>2021-07-24T16:08:18.000Z</time>
      </trkpt>
      <trkpt lat="49.009762" lon="9.237938">
        <ele>304.545688</ele>
        <time>2021-07-24T16:08:19.000Z</time>
      </trkpt>
      <trkpt lat="49.009751" lon="9.237895">
        <ele>304.685743</ele>
        <time>2021-07-24T16:08:20.000Z</time>
      </trkpt>
      <trkpt lat="49.009742" lon="9.237848">
        <ele>304.834318</ele>
        <time>2021-07-24T16:08:21.000Z</time>
      </trkpt>
      <trkpt lat="49.009736" lon="9.237806">
        <ele>304.964755</ele>
        <time>2021-07-24T16:08:22.000Z</time>
      </trkpt>
      <trkpt lat="49.009727" lon="9.237764">
        <ele>305.098832</ele>
        <time>2021-07-24T16:08:23.000Z</time>
      </trkpt>
      <trkpt lat="49.009717" lon="9.237716">
        <ele>305.251658</ele>
        <time>2021-07-24T16:08:24.000Z</time>
      </trkpt>
      <trkpt lat="49.009706" lon="9.237669">
        <ele>305.403086</ele>
        <time>2021-07-24T16:08:25.000Z</time>
      </trkpt>
      <trkpt lat="49.009694" lon="9.237619">
        <ele>305.564649</ele>
        <time>2021-07-24T16:08:26.000Z</time>
      </trkpt>
      <trkpt lat="49.009682" lon="9.237563">
        <ele>305.743419</ele>
        <time>2021-07-24T16:08:27.000Z</time>
      </trkpt>
      <trkpt lat="49.009669" lon="9.237507">
        <ele>305.923679</ele>
        <time>2021-07-24T16:08:28.000Z</time>
      </trkpt>
      <trkpt lat="49.009657" lon="9.237448">
        <ele>306.111124</ele>
        <time>2021-07-24T16:08:29.000Z</time>
      </trkpt>
      <trkpt lat="49.009645" lon="9.237391">
        <ele>306.292782</ele>
        <time>2021-07-24T16:08:30.000Z</time>
      </trkpt>
      <trkpt lat="49.009632" lon="9.237331">
        <ele>306.484527</ele>
        <time>2021-07-24T16:08:31.000Z</time>
      </trkpt>
      <trkpt lat="49.009616" lon="9.237268">
        <ele>306.689531</ele>
        <time>2021-07-24T16:08:32.000Z</time>
      </trkpt>
      <trkpt lat="49.009598" lon="9.237206">
        <ele>306.895275</ele>
        <time>2021-07-24T16:08:33.000Z</time>
      </trkpt>
      <trkpt lat="49.009577" lon="9.237150">
        <ele>306.896557</ele>
        <time>2021-07-24T16:08:34.000Z</time>
      </trkpt>
      <trkpt lat="49.009557" lon="9.237078">
        <ele>306.698034</ele>
        <time>2021-07-24T16:08:35.000Z</time>
      </trkpt>
      <trkpt lat="49.009533" lon="9.237011">
        <ele>306.504209</ele>
        <time>2021-07-24T16:08:36.000Z</time>
      </trkpt>
      <trkpt lat="49.009506" lon="9.236948">
        <ele>306.313137</ele>
        <time>2021-07-24T16:08:37.000Z</time>
      </trkpt>
      <trkpt lat="49.009483" lon="9.236879">
        <ele>306.116624</ele>
        <time>2021-07-24T16:08:38.000Z</time>
      </trkpt>
      <trkpt lat="49.009458" lon="9.236811">
        <ele>305.918703</ele>
        <time>2021-07-24T16:08:39.000Z</time>
      </trkpt>
      <trkpt lat="49.009431" lon="9.236742">
        <ele>305.714707</ele>
        <time>2021-07-24T16:08:40.000Z</time>
      </trkpt>
      <trkpt lat="49.009408" lon="9.236662">
        <ele>305.492934</ele>
        <time>2021-07-24T16:08:41.000Z</time>
      </trkpt>
      <trkpt lat="49.009383" lon="9.236596">
        <ele>305.299426</ele>
        <time>2021-07-24T16:08:42.000Z</time>
      </trkpt>
      <trkpt lat="49.009354" lon="9.236528">
        <ele>305.093492</ele>
        <time>2021-07-24T16:08:43.000Z</time>
      </trkpt>
      <trkpt lat="49.009333" lon="9.236471">
        <ele>304.927503</ele>
        <time>2021-07-24T16:08:44.000Z</time>
      </trkpt>
      <trkpt lat="49.009304" lon="9.236405">
        <ele>304.725806</ele>
        <time>2021-07-24T16:08:45.000Z</time>
      </trkpt>
      <trkpt lat="49.009286" lon="9.236343">
        <ele>304.553659</ele>
        <time>2021-07-24T16:08:46.000Z</time>
      </trkpt>
      <trkpt lat="49.009262" lon="9.236273">
        <ele>304.353115</ele>
        <time>2021-07-24T16:08:47.000Z</time>
      </trkpt>
      <trkpt lat="49.009236" lon="9.236206">
        <ele>304.155461</ele>
        <time>2021-07-24T16:08:48.000Z</time>
      </trkpt>
      <trkpt lat="49.009207" lon="9.236140">
        <ele>303.953764</ele>
        <time>2021-07-24T16:08:49.000Z</time>
      </trkpt>
      <trkpt lat="49.009179" lon="9.236076">
        <ele>303.758440</ele>
        <time>2021-07-24T16:08:50.000Z</time>
      </trkpt>
      <trkpt lat="49.009156" lon="9.236013">
        <ele>303.575376</ele>
        <time>2021-07-24T16:08:51.000Z</time>
      </trkpt>
      <trkpt lat="49.009130" lon="9.235965">
        <ele>303.417321</ele>
        <time>2021-07-24T16:08:52.000Z</time>
      </trkpt>
      <trkpt lat="49.009110" lon="9.235901">
        <ele>303.237326</ele>
        <time>2021-07-24T16:08:53.000Z</time>
      </trkpt>
      <trkpt lat="49.009090" lon="9.235846">
        <ele>303.077658</ele>
        <time>2021-07-24T16:08:54.000Z</time>
      </trkpt>
      <trkpt lat="49.009072" lon="9.235797">
        <ele>302.935065</ele>
        <time>2021-07-24T16:08:55.000Z</time>
      </trkpt>
      <trkpt lat="49.009051" lon="9.235742">
        <ele>302.773485</ele>
        <time>2021-07-24T16:08:56.000Z</time>
      </trkpt>
      <trkpt lat="49.009024" lon="9.235690">
        <ele>302.605098</ele>
        <time>2021-07-24T16:08:57.000Z</time>
      </trkpt>
      <trkpt lat="49.008991" lon="9.235637">
        <ele>302.419558</ele>
        <time>2021-07-24T16:08:58.000Z</time>
      </trkpt>
      <trkpt lat="49.008959" lon="9.235576">
        <ele>302.221240</ele>
        <time>2021-07-24T16:08:59.000Z</time>
      </trkpt>
      <trkpt lat="49.008921" lon="9.235522">
        <ele>302.020158</ele>
        <time>2021-07-24T16:09:00.000Z</time>
      </trkpt>
      <trkpt lat="49.008882" lon="9.235458">
        <ele>301.798360</ele>
        <time>2021-07-24T16:09:01.000Z</time>
      </trkpt>
      <trkpt lat="49.008850" lon="9.235406">
        <ele>301.617324</ele>
        <time>2021-07-24T16:09:02.000Z</time>
      </trkpt>
      <trkpt lat="49.008817" lon="9.235349">
        <ele>301.424291</ele>
        <time>2021-07-24T16:09:03.000Z</time>
      </trkpt>
      <trkpt lat="49.008784" lon="9.235287">
        <ele>301.221567</ele>
        <time>2021-07-24T16:09:04.000Z</time>
      </trkpt>
      <trkpt lat="49.008750" lon="9.235229">
        <ele>301.024065</ele>
        <time>2021-07-24T16:09:05.000Z</time>
      </trkpt>
      <trkpt lat="49.008719" lon="9.235173">
        <ele>300.838013</ele>
        <time>2021-07-24T16:09:06.000Z</time>
      </trkpt>
      <trkpt lat="49.008692" lon="9.235126">
        <ele>300.679384</ele>
        <time>2021-07-24T16:09:07.000Z</time>
      </trkpt>
      <trkpt lat="49.008661" lon="9.235069">
        <ele>300.491384</ele>
        <time>2021-07-24T16:09:08.000Z</time>
      </trkpt>
      <trkpt lat="49.008631" lon="9.235013">
        <ele>300.307805</ele>
        <time>2021-07-24T16:09:09.000Z</time>
      </trkpt>
      <trkpt lat="49.008598" lon="9.234957">
        <ele>300.116668</ele>
        <time>2021-07-24T16:09:10.000Z</time>
      </trkpt>
      <trkpt lat="49.008566" lon="9.234898">
        <ele>299.940585</ele>
        <time>2021-07-24T16:09:11.000Z</time>
      </trkpt>
      <trkpt lat="49.008529" lon="9.234842">
        <ele>299.775446</ele>
        <time>2021-07-24T16:09:12.000Z</time>
      </trkpt>
      <trkpt lat="49.008492" lon="9.234790">
        <ele>299.616052</ele>
        <time>2021-07-24T16:09:13.000Z</time>
      </trkpt>
      <trkpt lat="49.008453" lon="9.234738">
        <ele>299.451945</ele>
        <time>2021-07-24T16:09:14.000Z</time>
      </trkpt>
      <trkpt lat="49.008407" lon="9.234681">
        <ele>299.264188</ele>
        <time>2021-07-24T16:09:15.000Z</time>
      </trkpt>
      <trkpt lat="49.008368" lon="9.234617">
        <ele>299.082695</ele>
        <time>2021-07-24T16:09:16.000Z</time>
      </trkpt>
      <trkpt lat="49.008322" lon="9.234559">
        <ele>298.893620</ele>
        <time>2021-07-24T16:09:17.000Z</time>
      </trkpt>
      <trkpt lat="49.008280" lon="9.234501">
        <ele>298.714126</ele>
        <time>2021-07-24T16:09:18.000Z</time>
      </trkpt>
      <trkpt lat="49.008239" lon="9.234439">
        <ele>298.531213</ele>
        <time>2021-07-24T16:09:19.000Z</time>
      </trkpt>
      <trkpt lat="49.008198" lon="9.234370">
        <ele>298.337781</ele>
        <time>2021-07-24T16:09:20.000Z</time>
      </trkpt>
      <trkpt lat="49.008167" lon="9.234296">
        <ele>298.155356</ele>
        <time>2021-07-24T16:09:21.000Z</time>
      </trkpt>
      <trkpt lat="49.008135" lon="9.234218">
        <ele>297.964214</ele>
        <time>2021-07-24T16:09:22.000Z</time>
      </trkpt>
      <trkpt lat="49.008108" lon="9.234141">
        <ele>297.782812</ele>
        <time>2021-07-24T16:09:23.000Z</time>
      </trkpt>
      <trkpt lat="49.008085" lon="9.234055">
        <ele>297.589854</ele>
        <time>2021-07-24T16:09:24.000Z</time>
      </trkpt>
      <trkpt lat="49.008057" lon="9.233965">
        <ele>297.382899</ele>
        <time>2021-07-24T16:09:25.000Z</time>
      </trkpt>
      <trkpt lat="49.008035" lon="9.233869">
        <ele>297.171623</ele>
        <time>2021-07-24T16:09:26.000Z</time>
      </trkpt>
      <trkpt lat="49.008021" lon="9.233776">
        <ele>296.973378</ele>
        <time>2021-07-24T16:09:27.000Z</time>
      </trkpt>
      <trkpt lat="49.007999" lon="9.233687">
        <ele>296.775773</ele>
        <time>2021-07-24T16:09:28.000Z</time>
      </trkpt>
      <trkpt lat="49.007974" lon="9.233599">
        <ele>296.576529</ele>
        <time>2021-07-24T16:09:29.000Z</time>
      </trkpt>
      <trkpt lat="49.007950" lon="9.233509">
        <ele>296.374678</ele>
        <time>2021-07-24T16:09:30.000Z</time>
      </trkpt>
      <trkpt lat="49.007928" lon="9.233433">
        <ele>296.202085</ele>
        <time>2021-07-24T16:09:31.000Z</time>
      </trkpt>
      <trkpt lat="49.007906" lon="9.233352">
        <ele>296.019938</ele>
        <time>2021-07-24T16:09:32.000Z</time>
      </trkpt>
      <trkpt lat="49.007885" lon="9.233283">
        <ele>295.861901</ele>
        <time>2021-07-24T16:09:33.000Z</time>
      </trkpt>
      <trkpt lat="49.007866" lon="9.233213">
        <ele>295.704505</ele>
        <time>2021-07-24T16:09:34.000Z</time>
      </trkpt>
      <trkpt lat="49.007854" lon="9.233146">
        <ele>295.560206</ele>
        <time>2021-07-24T16:09:35.000Z</time>
      </trkpt>
      <trkpt lat="49.007839" lon="9.233083">
        <ele>295.420958</ele>
        <time>2021-07-24T16:09:36.000Z</time>
      </trkpt>
      <trkpt lat="49.007830" lon="9.233024">
        <ele>295.295105</ele>
        <time>2021-07-24T16:09:37.000Z</time>
      </trkpt>
      <trkpt lat="49.007836" lon="9.232971">
        <ele>295.183361</ele>
        <time>2021-07-24T16:09:38.000Z</time>
      </trkpt>
      <trkpt lat="49.007850" lon="9.232924">
        <ele>295.076114</ele>
        <time>2021-07-24T16:09:39.000Z</time>
      </trkpt>
      <trkpt lat="49.007879" lon="9.232901">
        <ele>294.972574</ele>
        <time>2021-07-24T16:09:40.000Z</time>
      </trkpt>
      <trkpt lat="49.007905" lon="9.232885">
        <ele>294.883765</ele>
        <time>2021-07-24T16:09:41.000Z</time>
      </trkpt>
      <trkpt lat="49.007931" lon="9.232883">
        <ele>294.801309</ele>
        <time>2021-07-24T16:09:42.000Z</time>
      </trkpt>
      <trkpt lat="49.007959" lon="9.232879">
        <ele>294.712234</ele>
        <time>2021-07-24T16:09:43.000Z</time>
      </trkpt>
      <trkpt lat="49.007985" lon="9.232881">
        <ele>294.629777</ele>
        <time>2021-07-24T16:09:44.000Z</time>
      </trkpt>
      <trkpt lat="49.008013" lon="9.232879">
        <ele>294.540993</ele>
        <time>2021-07-24T16:09:45.000Z</time>
      </trkpt>
      <trkpt lat="49.008043" lon="9.232878">
        <ele>294.445949</ele>
        <time>2021-07-24T16:09:46.000Z</time>
      </trkpt>
      <trkpt lat="49.008072" lon="9.232871">
        <ele>294.352951</ele>
        <time>2021-07-24T16:09:47.000Z</time>
      </trkpt>
      <trkpt lat="49.008099" lon="9.232864">
        <ele>294.356212</ele>
        <time>2021-07-24T16:09:48.000Z</time>
      </trkpt>
      <trkpt lat="49.008127" lon="9.232860">
        <ele>294.401249</ele>
        <time>2021-07-24T16:09:49.000Z</time>
      </trkpt>
      <trkpt lat="49.008155" lon="9.232860">
        <ele>294.446091</ele>
        <time>2021-07-24T16:09:50.000Z</time>
      </trkpt>
      <trkpt lat="49.008184" lon="9.232864">
        <ele>294.492723</ele>
        <time>2021-07-24T16:09:51.000Z</time>
      </trkpt>
      <trkpt lat="49.008214" lon="9.232867">
        <ele>294.540870</ele>
        <time>2021-07-24T16:09:52.000Z</time>
      </trkpt>
      <trkpt lat="49.008244" lon="9.232867">
        <ele>294.588915</ele>
        <time>2021-07-24T16:09:53.000Z</time>
      </trkpt>
      <trkpt lat="49.008273" lon="9.232866">
        <ele>294.635369</ele>
        <time>2021-07-24T16:09:54.000Z</time>
      </trkpt>
      <trkpt lat="49.008303" lon="9.232861">
        <ele>294.683700</ele>
        <time>2021-07-24T16:09:55.000Z</time>
      </trkpt>
      <trkpt lat="49.008333" lon="9.232857">
        <ele>294.731927</ele>
        <time>2021-07-24T16:09:56.000Z</time>
      </trkpt>
      <trkpt lat="49.008362" lon="9.232858">
        <ele>294.778382</ele>
        <time>2021-07-24T16:09:57.000Z</time>
      </trkpt>
      <trkpt lat="49.008392" lon="9.232861">
        <ele>294.826529</ele>
        <time>2021-07-24T16:09:58.000Z</time>
      </trkpt>
      <trkpt lat="49.008422" lon="9.232866">
        <ele>294.874860</ele>
        <time>2021-07-24T16:09:59.000Z</time>
      </trkpt>
      <trkpt lat="49.008449" lon="9.232870">
        <ele>294.918303</ele>
        <time>2021-07-24T16:10:00.000Z</time>
      </trkpt>
      <trkpt lat="49.008477" lon="9.232871">
        <ele>294.963156</ele>
        <time>2021-07-24T16:10:01.000Z</time>
      </trkpt>
      <trkpt lat="49.008506" lon="9.232869">
        <ele>295.009647</ele>
        <time>2021-07-24T16:10:02.000Z</time>
      </trkpt>
      <trkpt lat="49.008533" lon="9.232865">
        <ele>295.053090</ele>
        <time>2021-07-24T16:10:03.000Z</time>
      </trkpt>
      <trkpt lat="49.008558" lon="9.232863">
        <ele>295.093182</ele>
        <time>2021-07-24T16:10:04.000Z</time>
      </trkpt>
      <trkpt lat="49.008584" lon="9.232861">
        <ele>295.134873</ele>
        <time>2021-07-24T16:10:05.000Z</time>
      </trkpt>
      <trkpt lat="49.008610" lon="9.232859">
        <ele>295.176564</ele>
        <time>2021-07-24T16:10:06.000Z</time>
      </trkpt>
      <trkpt lat="49.008638" lon="9.232857">
        <ele>295.221455</ele>
        <time>2021-07-24T16:10:07.000Z</time>
      </trkpt>
      <trkpt lat="49.008667" lon="9.232856">
        <ele>295.267909</ele>
        <time>2021-07-24T16:10:08.000Z</time>
      </trkpt>
      <trkpt lat="49.008697" lon="9.232856">
        <ele>295.315953</ele>
        <time>2021-07-24T16:10:09.000Z</time>
      </trkpt>
      <trkpt lat="49.008726" lon="9.232857">
        <ele>295.362408</ele>
        <time>2021-07-24T16:10:10.000Z</time>
      </trkpt>
      <trkpt lat="49.008754" lon="9.232859">
        <ele>295.407298</ele>
        <time>2021-07-24T16:10:11.000Z</time>
      </trkpt>
      <trkpt lat="49.008782" lon="9.232857">
        <ele>295.452189</ele>
        <time>2021-07-24T16:10:12.000Z</time>
      </trkpt>
      <trkpt lat="49.008813" lon="9.232851">
        <ele>295.502233</ele>
        <time>2021-07-24T16:10:13.000Z</time>
      </trkpt>
      <trkpt lat="49.008840" lon="9.232837">
        <ele>295.547905</ele>
        <time>2021-07-24T16:10:14.000Z</time>
      </trkpt>
      <trkpt lat="49.008860" lon="9.232816">
        <ele>295.586796</ele>
        <time>2021-07-24T16:10:15.000Z</time>
      </trkpt>
      <trkpt lat="49.008873" lon="9.232786">
        <ele>295.624567</ele>
        <time>2021-07-24T16:10:16.000Z</time>
      </trkpt>
      <trkpt lat="49.008877" lon="9.232747">
        <ele>295.666033</ele>
        <time>2021-07-24T16:10:17.000Z</time>
      </trkpt>
      <trkpt lat="49.008872" lon="9.232706">
        <ele>295.709840</ele>
        <time>2021-07-24T16:10:18.000Z</time>
      </trkpt>
      <trkpt lat="49.008863" lon="9.232665">
        <ele>295.755257</ele>
        <time>2021-07-24T16:10:19.000Z</time>
      </trkpt>
      <trkpt lat="49.008853" lon="9.232620">
        <ele>295.805168</ele>
        <time>2021-07-24T16:10:20.000Z</time>
      </trkpt>
      <trkpt lat="49.008845" lon="9.232573">
        <ele>295.856175</ele>
        <time>2021-07-24T16:10:21.000Z</time>
      </trkpt>
      <trkpt lat="49.008838" lon="9.232526">
        <ele>295.906804</ele>
        <time>2021-07-24T16:10:22.000Z</time>
      </trkpt>
      <trkpt lat="49.008831" lon="9.232477">
        <ele>295.959484</ele>
        <time>2021-07-24T16:10:23.000Z</time>
      </trkpt>
      <trkpt lat="49.008823" lon="9.232426">
        <ele>296.014569</ele>
        <time>2021-07-24T16:10:24.000Z</time>
      </trkpt>
      <trkpt lat="49.008814" lon="9.232370">
        <ele>296.075135</ele>
        <time>2021-07-24T16:10:25.000Z</time>
      </trkpt>
      <trkpt lat="49.008805" lon="9.232313">
        <ele>296.136723</ele>
        <time>2021-07-24T16:10:26.000Z</time>
      </trkpt>
      <trkpt lat="49.008798" lon="9.232257">
        <ele>296.196608</ele>
        <time>2021-07-24T16:10:27.000Z</time>
      </trkpt>
      <trkpt lat="49.008792" lon="9.232203">
        <ele>296.254141</ele>
        <time>2021-07-24T16:10:28.000Z</time>
      </trkpt>
      <trkpt lat="49.008785" lon="9.232148">
        <ele>296.312995</ele>
        <time>2021-07-24T16:10:29.000Z</time>
      </trkpt>
      <trkpt lat="49.008778" lon="9.232095">
        <ele>296.369788</ele>
        <time>2021-07-24T16:10:30.000Z</time>
      </trkpt>
      <trkpt lat="49.008773" lon="9.232042">
        <ele>296.426036</ele>
        <time>2021-07-24T16:10:31.000Z</time>
      </trkpt>
      <trkpt lat="49.008771" lon="9.231989">
        <ele>296.481803</ele>
        <time>2021-07-24T16:10:32.000Z</time>
      </trkpt>
      <trkpt lat="49.008769" lon="9.231937">
        <ele>296.536521</ele>
        <time>2021-07-24T16:10:33.000Z</time>
      </trkpt>
      <trkpt lat="49.008765" lon="9.231885">
        <ele>296.591520</ele>
        <time>2021-07-24T16:10:34.000Z</time>
      </trkpt>
      <trkpt lat="49.008759" lon="9.231832">
        <ele>296.648019</ele>
        <time>2021-07-24T16:10:35.000Z</time>
      </trkpt>
      <trkpt lat="49.008753" lon="9.231776">
        <ele>296.707625</ele>
        <time>2021-07-24T16:10:36.000Z</time>
      </trkpt>
      <trkpt lat="49.008745" lon="9.231716">
        <ele>296.771942</ele>
        <time>2021-07-24T16:10:37.000Z</time>
      </trkpt>
      <trkpt lat="49.008737" lon="9.231653">
        <ele>296.839351</ele>
        <time>2021-07-24T16:10:38.000Z</time>
      </trkpt>
      <trkpt lat="49.008728" lon="9.231590">
        <ele>296.907082</ele>
        <time>2021-07-24T16:10:39.000Z</time>
      </trkpt>
      <trkpt lat="49.008722" lon="9.231523">
        <ele>296.978117</ele>
        <time>2021-07-24T16:10:40.000Z</time>
      </trkpt>
      <trkpt lat="49.008714" lon="9.231451">
        <ele>297.054829</ele>
        <time>2021-07-24T16:10:41.000Z</time>
      </trkpt>
      <trkpt lat="49.008703" lon="9.231385">
        <ele>297.126363</ele>
        <time>2021-07-24T16:10:42.000Z</time>
      </trkpt>
      <trkpt lat="49.008697" lon="9.231310">
        <ele>297.205733</ele>
        <time>2021-07-24T16:10:43.000Z</time>
      </trkpt>
      <trkpt lat="49.008692" lon="9.231236">
        <ele>297.263710</ele>
        <time>2021-07-24T16:10:44.000Z</time>
      </trkpt>
      <trkpt lat="49.008687" lon="9.231172">
        <ele>297.313777</ele>
        <time>2021-07-24T16:10:45.000Z</time>
      </trkpt>
      <trkpt lat="49.008673" lon="9.231102">
        <ele>297.370624</ele>
        <time>2021-07-24T16:10:46.000Z</time>
      </trkpt>
      <trkpt lat="49.008664" lon="9.231029">
        <ele>297.428323</ele>
        <time>2021-07-24T16:10:47.000Z</time>
      </trkpt>
      <trkpt lat="49.008655" lon="9.230957">
        <ele>297.485259</ele>
        <time>2021-07-24T16:10:48.000Z</time>
      </trkpt>
      <trkpt lat="49.008647" lon="9.230882">
        <ele>297.544285</ele>
        <time>2021-07-24T16:10:49.000Z</time>
      </trkpt>
      <trkpt lat="49.008640" lon="9.230809">
        <ele>297.601594</ele>
        <time>2021-07-24T16:10:50.000Z</time>
      </trkpt>
      <trkpt lat="49.008632" lon="9.230734">
        <ele>297.660619</ele>
        <time>2021-07-24T16:10:51.000Z</time>
      </trkpt>
      <trkpt lat="49.008621" lon="9.230657">
        <ele>297.721835</ele>
        <time>2021-07-24T16:10:52.000Z</time>
      </trkpt>
      <trkpt lat="49.008611" lon="9.230580">
        <ele>297.782810</ele>
        <time>2021-07-24T16:10:53.000Z</time>
      </trkpt>
      <trkpt lat="49.008606" lon="9.230500">
        <ele>297.845235</ele>
        <time>2021-07-24T16:10:54.000Z</time>
      </trkpt>
      <trkpt lat="49.008599" lon="9.230421">
        <ele>297.907160</ele>
        <time>2021-07-24T16:10:55.000Z</time>
      </trkpt>
      <trkpt lat="49.008589" lon="9.230348">
        <ele>297.965090</ele>
        <time>2021-07-24T16:10:56.000Z</time>
      </trkpt>
      <trkpt lat="49.008580" lon="9.230270">
        <ele>298.026610</ele>
        <time>2021-07-24T16:10:57.000Z</time>
      </trkpt>
      <trkpt lat="49.008575" lon="9.230197">
        <ele>298.083625</ele>
        <time>2021-07-24T16:10:58.000Z</time>
      </trkpt>
      <trkpt lat="49.008570" lon="9.230128">
        <ele>298.137551</ele>
        <time>2021-07-24T16:10:59.000Z</time>
      </trkpt>
      <trkpt lat="49.008564" lon="9.230052">
        <ele>298.197014</ele>
        <time>2021-07-24T16:11:00.000Z</time>
      </trkpt>
      <trkpt lat="49.008552" lon="9.229989">
        <ele>298.247974</ele>
        <time>2021-07-24T16:11:01.000Z</time>
      </trkpt>
      <trkpt lat="49.008543" lon="9.229927">
        <ele>298.297301</ele>
        <time>2021-07-24T16:11:02.000Z</time>
      </trkpt>
      <trkpt lat="49.008536" lon="9.229861">
        <ele>298.349235</ele>
        <time>2021-07-24T16:11:03.000Z</time>
      </trkpt>
      <trkpt lat="49.008531" lon="9.229793">
        <ele>298.402389</ele>
        <time>2021-07-24T16:11:04.000Z</time>
      </trkpt>
      <trkpt lat="49.008519" lon="9.229726">
        <ele>298.456340</ele>
        <time>2021-07-24T16:11:05.000Z</time>
      </trkpt>
      <trkpt lat="49.008509" lon="9.229660">
        <ele>298.508959</ele>
        <time>2021-07-24T16:11:06.000Z</time>
      </trkpt>
      <trkpt lat="49.008502" lon="9.229599">
        <ele>298.557063</ele>
        <time>2021-07-24T16:11:07.000Z</time>
      </trkpt>
      <trkpt lat="49.008495" lon="9.229539">
        <ele>298.604403</ele>
        <time>2021-07-24T16:11:08.000Z</time>
      </trkpt>
      <trkpt lat="49.008486" lon="9.229477">
        <ele>298.653730</ele>
        <time>2021-07-24T16:11:09.000Z</time>
      </trkpt>
      <trkpt lat="49.008479" lon="9.229420">
        <ele>298.698777</ele>
        <time>2021-07-24T16:11:10.000Z</time>
      </trkpt>
      <trkpt lat="49.008472" lon="9.229368">
        <ele>298.740013</ele>
        <time>2021-07-24T16:11:11.000Z</time>
      </trkpt>
      <trkpt lat="49.008471" lon="9.229318">
        <ele>298.778871</ele>
        <time>2021-07-24T16:11:12.000Z</time>
      </trkpt>
      <trkpt lat="49.008464" lon="9.229260">
        <ele>298.824682</ele>
        <time>2021-07-24T16:11:13.000Z</time>
      </trkpt>
      <trkpt lat="49.008454" lon="9.229207">
        <ele>298.867522</ele>
        <time>2021-07-24T16:11:14.000Z</time>
      </trkpt>
      <trkpt lat="49.008445" lon="9.229148">
        <ele>298.914576</ele>
        <time>2021-07-24T16:11:15.000Z</time>
      </trkpt>
      <trkpt lat="49.008440" lon="9.229087">
        <ele>298.962330</ele>
        <time>2021-07-24T16:11:16.000Z</time>
      </trkpt>
      <trkpt lat="49.008436" lon="9.229024">
        <ele>299.011497</ele>
        <time>2021-07-24T16:11:17.000Z</time>
      </trkpt>
      <trkpt lat="49.008432" lon="9.228964">
        <ele>299.058345</ele>
        <time>2021-07-24T16:11:18.000Z</time>
      </trkpt>
      <trkpt lat="49.008427" lon="9.228909">
        <ele>299.101478</ele>
        <time>2021-07-24T16:11:19.000Z</time>
      </trkpt>
      <trkpt lat="49.008421" lon="9.228858">
        <ele>299.141727</ele>
        <time>2021-07-24T16:11:20.000Z</time>
      </trkpt>
      <trkpt lat="49.008414" lon="9.228808">
        <ele>299.181442</ele>
        <time>2021-07-24T16:11:21.000Z</time>
      </trkpt>
      <trkpt lat="49.008410" lon="9.228759">
        <ele>299.219799</ele>
        <time>2021-07-24T16:11:22.000Z</time>
      </trkpt>
      <trkpt lat="49.008406" lon="9.228710">
        <ele>299.258156</ele>
        <time>2021-07-24T16:11:23.000Z</time>
      </trkpt>
      <trkpt lat="49.008401" lon="9.228658">
        <ele>299.298982</ele>
        <time>2021-07-24T16:11:24.000Z</time>
      </trkpt>
      <trkpt lat="49.008394" lon="9.228603">
        <ele>299.342239</ele>
        <time>2021-07-24T16:11:25.000Z</time>
      </trkpt>
      <trkpt lat="49.008385" lon="9.228545">
        <ele>299.386504</ele>
        <time>2021-07-24T16:11:26.000Z</time>
      </trkpt>
      <trkpt lat="49.008378" lon="9.228484">
        <ele>299.432496</ele>
        <time>2021-07-24T16:11:27.000Z</time>
      </trkpt>
      <trkpt lat="49.008371" lon="9.228420">
        <ele>299.480684</ele>
        <time>2021-07-24T16:11:28.000Z</time>
      </trkpt>
      <trkpt lat="49.008365" lon="9.228357">
        <ele>299.527964</ele>
        <time>2021-07-24T16:11:29.000Z</time>
      </trkpt>
      <trkpt lat="49.008358" lon="9.228291">
        <ele>299.577619</ele>
        <time>2021-07-24T16:11:30.000Z</time>
      </trkpt>
      <trkpt lat="49.008347" lon="9.228223">
        <ele>299.629635</ele>
        <time>2021-07-24T16:11:31.000Z</time>
      </trkpt>
      <trkpt lat="49.008345" lon="9.228157">
        <ele>299.678704</ele>
        <time>2021-07-24T16:11:32.000Z</time>
      </trkpt>
      <trkpt lat="49.008341" lon="9.228095">
        <ele>299.724973</ele>
        <time>2021-07-24T16:11:33.000Z</time>
      </trkpt>
      <trkpt lat="49.008341" lon="9.228039">
        <ele>299.766564</ele>
        <time>2021-07-24T16:11:34.000Z</time>
      </trkpt>
      <trkpt lat="49.008334" lon="9.227983">
        <ele>299.808903</ele>
        <time>2021-07-24T16:11:35.000Z</time>
      </trkpt>
      <trkpt lat="49.008328" lon="9.227930">
        <ele>299.848848</ele>
        <time>2021-07-24T16:11:36.000Z</time>
      </trkpt>
      <trkpt lat="49.008328" lon="9.227877">
        <ele>299.888210</ele>
        <time>2021-07-24T16:11:37.000Z</time>
      </trkpt>
      <trkpt lat="49.008317" lon="9.227821">
        <ele>299.931626</ele>
        <time>2021-07-24T16:11:38.000Z</time>
      </trkpt>
      <trkpt lat="49.008308" lon="9.227770">
        <ele>299.970850</ele>
        <time>2021-07-24T16:11:39.000Z</time>
      </trkpt>
      <trkpt lat="49.008299" lon="9.227705">
        <ele>300.020189</ele>
        <time>2021-07-24T16:11:40.000Z</time>
      </trkpt>
      <trkpt lat="49.008291" lon="9.227643">
        <ele>300.067118</ele>
        <time>2021-07-24T16:11:41.000Z</time>
      </trkpt>
      <trkpt lat="49.008288" lon="9.227575">
        <ele>300.117735</ele>
        <time>2021-07-24T16:11:42.000Z</time>
      </trkpt>
      <trkpt lat="49.008284" lon="9.227506">
        <ele>300.169180</ele>
        <time>2021-07-24T16:11:43.000Z</time>
      </trkpt>
      <trkpt lat="49.008275" lon="9.227433">
        <ele>300.224346</ele>
        <time>2021-07-24T16:11:44.000Z</time>
      </trkpt>
      <trkpt lat="49.008263" lon="9.227366">
        <ele>300.275928</ele>
        <time>2021-07-24T16:11:45.000Z</time>
      </trkpt>
      <trkpt lat="49.008255" lon="9.227289">
        <ele>300.333828</ele>
        <time>2021-07-24T16:11:46.000Z</time>
      </trkpt>
      <trkpt lat="49.008248" lon="9.227219">
        <ele>300.386417</ele>
        <time>2021-07-24T16:11:47.000Z</time>
      </trkpt>
      <trkpt lat="49.008239" lon="9.227161">
        <ele>300.430682</ele>
        <time>2021-07-24T16:11:48.000Z</time>
      </trkpt>
      <trkpt lat="49.008230" lon="9.227124">
        <ele>300.459991</ele>
        <time>2021-07-24T16:11:49.000Z</time>
      </trkpt>
      <trkpt lat="49.008229" lon="9.227097">
        <ele>300.480075</ele>
        <time>2021-07-24T16:11:50.000Z</time>
      </trkpt>
      <trkpt lat="49.008223" lon="9.227082">
        <ele>300.493124</ele>
        <time>2021-07-24T16:11:51.000Z</time>
      </trkpt>
      <trkpt lat="49.008224" lon="9.227078">
        <ele>300.496303</ele>
        <time>2021-07-24T16:11:52.000Z</time>
      </trkpt>
      <trkpt lat="49.008222" lon="9.227075">
        <ele>300.499480</ele>
        <time>2021-07-24T16:11:53.000Z</time>
      </trkpt>
      <trkpt lat="49.008219" lon="9.227081">
        <ele>300.505083</ele>
        <time>2021-07-24T16:11:54.000Z</time>
      </trkpt>
      <trkpt lat="49.008220" lon="9.227088">
        <ele>300.510403</ele>
        <time>2021-07-24T16:11:55.000Z</time>
      </trkpt>
      <trkpt lat="49.008210" lon="9.227101">
        <ele>300.525283</ele>
        <time>2021-07-24T16:11:56.000Z</time>
      </trkpt>
      <trkpt lat="49.008201" lon="9.227111">
        <ele>300.537893</ele>
        <time>2021-07-24T16:11:57.000Z</time>
      </trkpt>
      <trkpt lat="49.008191" lon="9.227122">
        <ele>300.551855</ele>
        <time>2021-07-24T16:11:58.000Z</time>
      </trkpt>
      <trkpt lat="49.008179" lon="9.227133">
        <ele>300.567709</ele>
        <time>2021-07-24T16:11:59.000Z</time>
      </trkpt>
      <trkpt lat="49.008165" lon="9.227143">
        <ele>300.585214</ele>
        <time>2021-07-24T16:12:00.000Z</time>
      </trkpt>
      <trkpt lat="49.008152" lon="9.227150">
        <ele>300.600824</ele>
        <time>2021-07-24T16:12:01.000Z</time>
      </trkpt>
      <trkpt lat="49.008146" lon="9.227151">
        <ele>300.607658</ele>
        <time>2021-07-24T16:12:02.000Z</time>
      </trkpt>
      <trkpt lat="49.008144" lon="9.227151">
        <ele>300.609922</ele>
        <time>2021-07-24T16:12:03.000Z</time>
      </trkpt>
      <trkpt lat="49.008143" lon="9.227150">
        <ele>300.611277</ele>
        <time>2021-07-24T16:12:04.000Z</time>
      </trkpt>
      <trkpt lat="49.008145" lon="9.227148">
        <ele>300.613985</ele>
        <time>2021-07-24T16:12:05.000Z</time>
      </trkpt>
      <trkpt lat="49.008147" lon="9.227147">
        <ele>300.616368</ele>
        <time>2021-07-24T16:12:06.000Z</time>
      </trkpt>
      <trkpt lat="49.008147" lon="9.227145">
        <ele>300.617853</ele>
        <time>2021-07-24T16:12:07.000Z</time>
      </trkpt>
      <trkpt lat="49.008148" lon="9.227144">
        <ele>300.619207</ele>
        <time>2021-07-24T16:12:08.000Z</time>
      </trkpt>
      <trkpt lat="49.008148" lon="9.227143">
        <ele>300.619950</ele>
        <time>2021-07-24T16:12:09.000Z</time>
      </trkpt>
      <trkpt lat="49.008149" lon="9.227143">
        <ele>300.621082</ele>
        <time>2021-07-24T16:12:10.000Z</time>
      </trkpt>
      <trkpt lat="49.008150" lon="9.227143">
        <ele>300.622215</ele>
        <time>2021-07-24T16:12:11.000Z</time>
      </trkpt>
      <trkpt lat="49.008150" lon="9.227143">
        <ele>300.622215</ele>
        <time>2021-07-24T16:12:12.000Z</time>
      </trkpt>
      <trkpt lat="49.008151" lon="9.227143">
        <ele>300.623347</ele>
        <time>2021-07-24T16:12:13.000Z</time>
      </trkpt>
      <trkpt lat="49.008151" lon="9.227143">
        <ele>300.623347</ele>
        <time>2021-07-24T16:12:14.000Z</time>
      </trkpt>
      <trkpt lat="49.008151" lon="9.227143">
        <ele>300.623347</ele>
        <time>2021-07-24T16:12:15.000Z</time>
      </trkpt>
      <trkpt lat="49.008151" lon="9.227142">
        <ele>300.624089</ele>
        <time>2021-07-24T16:12:16.000Z</time>
      </trkpt>
      <trkpt lat="49.008151" lon="9.227142">
        <ele>300.624089</ele>
        <time>2021-07-24T16:12:17.000Z</time>
      </trkpt>
      <trkpt lat="49.008151" lon="9.227142">
        <ele>300.624089</ele>
        <time>2021-07-24T16:12:18.000Z</time>
      </trkpt>
      <trkpt lat="49.008151" lon="9.227142">
        <ele>300.624089</ele>
        <time>2021-07-24T16:12:20.000Z</time>
      </trkpt>
      <trkpt lat="49.008151" lon="9.227142">
        <ele>300.624089</ele>
        <time>2021-07-24T16:12:35.000Z</time>
      </trkpt>
      <trkpt lat="49.008151" lon="9.227142">
        <ele>300.624089</ele>
        <time>2021-07-24T16:12:39.000Z</time>
      </trkpt>
      <trkpt lat="49.008151" lon="9.227142">
        <ele>300.624089</ele>
        <time>2021-07-24T16:12:41.000Z</time>
      </trkpt>
      <trkpt lat="49.008151" lon="9.227142">
        <ele>300.624089</ele>
        <time>2021-07-24T16:12:44.000Z</time>
      </trkpt>
      <trkpt lat="49.008151" lon="9.227142">
        <ele>300.624089</ele>
        <time>2021-07-24T16:13:00.000Z</time>
      </trkpt>
      <trkpt lat="49.008151" lon="9.227142">
        <ele>300.624089</ele>
        <time>2021-07-24T16:13:14.000Z</time>
      </trkpt>
      <trkpt lat="49.008151" lon="9.227142">
        <ele>300.624089</ele>
        <time>2021-07-24T16:13:15.000Z</time>
      </trkpt>
      <trkpt lat="49.008151" lon="9.227142">
        <ele>300.624089</ele>
        <time>2021-07-24T16:13:16.000Z</time>
      </trkpt>
      <trkpt lat="49.008152" lon="9.227142">
        <ele>300.625222</ele>
        <time>2021-07-24T16:13:18.000Z</time>
      </trkpt>
      <trkpt lat="49.008152" lon="9.227142">
        <ele>300.625222</ele>
        <time>2021-07-24T16:13:22.000Z</time>
      </trkpt>
      <trkpt lat="49.008152" lon="9.227142">
        <ele>300.625222</ele>
        <time>2021-07-24T16:13:24.000Z</time>
      </trkpt>
      <trkpt lat="49.008152" lon="9.227142">
        <ele>300.625222</ele>
        <time>2021-07-24T16:13:25.000Z</time>
      </trkpt>
      <trkpt lat="49.008152" lon="9.227142">
        <ele>300.625222</ele>
        <time>2021-07-24T16:13:30.000Z</time>
      </trkpt>
      <trkpt lat="49.008150" lon="9.227143">
        <ele>300.627605</ele>
        <time>2021-07-24T16:13:32.000Z</time>
      </trkpt>
      <trkpt lat="49.008149" lon="9.227145">
        <ele>300.629473</ele>
        <time>2021-07-24T16:13:33.000Z</time>
      </trkpt>
      <trkpt lat="49.008148" lon="9.227143">
        <ele>300.631340</ele>
        <time>2021-07-24T16:13:34.000Z</time>
      </trkpt>
      <trkpt lat="49.008149" lon="9.227142">
        <ele>300.632694</ele>
        <time>2021-07-24T16:13:35.000Z</time>
      </trkpt>
      <trkpt lat="49.008149" lon="9.227142">
        <ele>300.632694</ele>
        <time>2021-07-24T16:13:36.000Z</time>
      </trkpt>
      <trkpt lat="49.008151" lon="9.227139">
        <ele>300.635871</ele>
        <time>2021-07-24T16:13:37.000Z</time>
      </trkpt>
      <trkpt lat="49.008153" lon="9.227138">
        <ele>300.638254</ele>
        <time>2021-07-24T16:13:38.000Z</time>
      </trkpt>
      <trkpt lat="49.008154" lon="9.227139">
        <ele>300.639608</ele>
        <time>2021-07-24T16:13:39.000Z</time>
      </trkpt>
      <trkpt lat="49.008155" lon="9.227139">
        <ele>300.640741</ele>
        <time>2021-07-24T16:13:40.000Z</time>
      </trkpt>
      <trkpt lat="49.008156" lon="9.227137">
        <ele>300.642608</ele>
        <time>2021-07-24T16:13:41.000Z</time>
      </trkpt>
      <trkpt lat="49.008155" lon="9.227136">
        <ele>300.643962</ele>
        <time>2021-07-24T16:13:42.000Z</time>
      </trkpt>
      <trkpt lat="49.008155" lon="9.227135">
        <ele>300.644705</ele>
        <time>2021-07-24T16:13:43.000Z</time>
      </trkpt>
      <trkpt lat="49.008154" lon="9.227134">
        <ele>300.646059</ele>
        <time>2021-07-24T16:13:44.000Z</time>
      </trkpt>
      <trkpt lat="49.008154" lon="9.227134">
        <ele>300.646059</ele>
        <time>2021-07-24T16:13:45.000Z</time>
      </trkpt>
      <trkpt lat="49.008154" lon="9.227134">
        <ele>300.646059</ele>
        <time>2021-07-24T16:13:46.000Z</time>
      </trkpt>
      <trkpt lat="49.008154" lon="9.227133">
        <ele>300.646802</ele>
        <time>2021-07-24T16:13:47.000Z</time>
      </trkpt>
      <trkpt lat="49.008154" lon="9.227133">
        <ele>300.646802</ele>
        <time>2021-07-24T16:13:48.000Z</time>
      </trkpt>
      <trkpt lat="49.008155" lon="9.227133">
        <ele>300.647934</ele>
        <time>2021-07-24T16:13:49.000Z</time>
      </trkpt>
      <trkpt lat="49.008155" lon="9.227133">
        <ele>300.647934</ele>
        <time>2021-07-24T16:13:50.000Z</time>
      </trkpt>
      <trkpt lat="49.008155" lon="9.227133">
        <ele>300.647934</ele>
        <time>2021-07-24T16:13:53.000Z</time>
      </trkpt>
      <trkpt lat="49.008155" lon="9.227133">
        <ele>300.647934</ele>
        <time>2021-07-24T16:13:55.000Z</time>
      </trkpt>
      <trkpt lat="49.008155" lon="9.227133">
        <ele>300.647934</ele>
        <time>2021-07-24T16:13:58.000Z</time>
      </trkpt>
      <trkpt lat="49.008155" lon="9.227133">
        <ele>300.647934</ele>
        <time>2021-07-24T16:14:05.000Z</time>
      </trkpt>
      <trkpt lat="49.008155" lon="9.227133">
        <ele>300.647934</ele>
        <time>2021-07-24T16:14:10.000Z</time>
      </trkpt>
      <trkpt lat="49.008155" lon="9.227133">
        <ele>300.647934</ele>
        <time>2021-07-24T16:14:14.000Z</time>
      </trkpt>
      <trkpt lat="49.008155" lon="9.227133">
        <ele>300.647934</ele>
        <time>2021-07-24T16:14:20.000Z</time>
      </trkpt>
      <trkpt lat="49.008154" lon="9.227130">
        <ele>300.650433</ele>
        <time>2021-07-24T16:14:29.000Z</time>
      </trkpt>
      <trkpt lat="49.008154" lon="9.227123">
        <ele>300.655632</ele>
        <time>2021-07-24T16:14:30.000Z</time>
      </trkpt>
      <trkpt lat="49.008158" lon="9.227114">
        <ele>300.663706</ele>
        <time>2021-07-24T16:14:31.000Z</time>
      </trkpt>
      <trkpt lat="49.008165" lon="9.227105">
        <ele>300.674074</ele>
        <time>2021-07-24T16:14:32.000Z</time>
      </trkpt>
      <trkpt lat="49.008175" lon="9.227098">
        <ele>300.686533</ele>
        <time>2021-07-24T16:14:33.000Z</time>
      </trkpt>
      <trkpt lat="49.008185" lon="9.227094">
        <ele>300.698239</ele>
        <time>2021-07-24T16:14:34.000Z</time>
      </trkpt>
      <trkpt lat="49.008200" lon="9.227088">
        <ele>300.715797</ele>
        <time>2021-07-24T16:14:35.000Z</time>
      </trkpt>
      <trkpt lat="49.008212" lon="9.227081">
        <ele>300.730345</ele>
        <time>2021-07-24T16:14:36.000Z</time>
      </trkpt>
      <trkpt lat="49.008220" lon="9.227072">
        <ele>300.741602</ele>
        <time>2021-07-24T16:14:37.000Z</time>
      </trkpt>
      <trkpt lat="49.008227" lon="9.227058">
        <ele>300.754676</ele>
        <time>2021-07-24T16:14:38.000Z</time>
      </trkpt>
      <trkpt lat="49.008229" lon="9.227044">
        <ele>300.765317</ele>
        <time>2021-07-24T16:14:39.000Z</time>
      </trkpt>
      <trkpt lat="49.008230" lon="9.227037">
        <ele>300.770638</ele>
        <time>2021-07-24T16:14:40.000Z</time>
      </trkpt>
      <trkpt lat="49.008229" lon="9.227037">
        <ele>300.771770</ele>
        <time>2021-07-24T16:14:41.000Z</time>
      </trkpt>
      <trkpt lat="49.008226" lon="9.227043">
        <ele>300.777374</ele>
        <time>2021-07-24T16:14:42.000Z</time>
      </trkpt>
      <trkpt lat="49.008225" lon="9.227046">
        <ele>300.779873</ele>
        <time>2021-07-24T16:14:43.000Z</time>
      </trkpt>
      <trkpt lat="49.008223" lon="9.227049">
        <ele>300.783050</ele>
        <time>2021-07-24T16:14:44.000Z</time>
      </trkpt>
      <trkpt lat="49.008221" lon="9.227050">
        <ele>300.785433</ele>
        <time>2021-07-24T16:14:45.000Z</time>
      </trkpt>
      <trkpt lat="49.008219" lon="9.227052">
        <ele>300.788141</ele>
        <time>2021-07-24T16:14:46.000Z</time>
      </trkpt>
      <trkpt lat="49.008219" lon="9.227053">
        <ele>300.788884</ele>
        <time>2021-07-24T16:14:47.000Z</time>
      </trkpt>
      <trkpt lat="49.008217" lon="9.227055">
        <ele>300.791592</ele>
        <time>2021-07-24T16:14:48.000Z</time>
      </trkpt>
      <trkpt lat="49.008215" lon="9.227056">
        <ele>300.793975</ele>
        <time>2021-07-24T16:14:49.000Z</time>
      </trkpt>
      <trkpt lat="49.008213" lon="9.227057">
        <ele>300.796358</ele>
        <time>2021-07-24T16:14:50.000Z</time>
      </trkpt>
      <trkpt lat="49.008214" lon="9.227055">
        <ele>300.798226</ele>
        <time>2021-07-24T16:14:51.000Z</time>
      </trkpt>
      <trkpt lat="49.008214" lon="9.227038">
        <ele>300.810852</ele>
        <time>2021-07-24T16:14:52.000Z</time>
      </trkpt>
      <trkpt lat="49.008216" lon="9.227007">
        <ele>300.833986</ele>
        <time>2021-07-24T16:14:53.000Z</time>
      </trkpt>
      <trkpt lat="49.008219" lon="9.226984">
        <ele>300.851403</ele>
        <time>2021-07-24T16:14:54.000Z</time>
      </trkpt>
      <trkpt lat="49.008227" lon="9.226966">
        <ele>300.867551</ele>
        <time>2021-07-24T16:14:55.000Z</time>
      </trkpt>
      <trkpt lat="49.008239" lon="9.226945">
        <ele>300.888235</ele>
        <time>2021-07-24T16:14:56.000Z</time>
      </trkpt>
      <trkpt lat="49.008255" lon="9.226929">
        <ele>300.909901</ele>
        <time>2021-07-24T16:14:57.000Z</time>
      </trkpt>
      <trkpt lat="49.008274" lon="9.226921">
        <ele>300.932219</ele>
        <time>2021-07-24T16:14:58.000Z</time>
      </trkpt>
      <trkpt lat="49.008292" lon="9.226920">
        <ele>300.952612</ele>
        <time>2021-07-24T16:14:59.000Z</time>
      </trkpt>
      <trkpt lat="49.008315" lon="9.226921">
        <ele>300.978665</ele>
        <time>2021-07-24T16:15:00.000Z</time>
      </trkpt>
      <trkpt lat="49.008340" lon="9.226921">
        <ele>301.006970</ele>
        <time>2021-07-24T16:15:01.000Z</time>
      </trkpt>
      <trkpt lat="49.008364" lon="9.226919">
        <ele>301.034185</ele>
        <time>2021-07-24T16:15:02.000Z</time>
      </trkpt>
      <trkpt lat="49.008391" lon="9.226919">
        <ele>301.064755</ele>
        <time>2021-07-24T16:15:03.000Z</time>
      </trkpt>
      <trkpt lat="49.008419" lon="9.226922">
        <ele>301.096536</ele>
        <time>2021-07-24T16:15:04.000Z</time>
      </trkpt>
      <trkpt lat="49.008448" lon="9.226927">
        <ele>301.129580</ele>
        <time>2021-07-24T16:15:05.000Z</time>
      </trkpt>
      <trkpt lat="49.008476" lon="9.226930">
        <ele>301.161361</ele>
        <time>2021-07-24T16:15:06.000Z</time>
      </trkpt>
      <trkpt lat="49.008504" lon="9.226930">
        <ele>301.193064</ele>
        <time>2021-07-24T16:15:07.000Z</time>
      </trkpt>
      <trkpt lat="49.008533" lon="9.226927">
        <ele>301.225974</ele>
        <time>2021-07-24T16:15:08.000Z</time>
      </trkpt>
      <trkpt lat="49.008559" lon="9.226922">
        <ele>301.255646</ele>
        <time>2021-07-24T16:15:09.000Z</time>
      </trkpt>
      <trkpt lat="49.008588" lon="9.226919">
        <ele>301.288556</ele>
        <time>2021-07-24T16:15:10.000Z</time>
      </trkpt>
      <trkpt lat="49.008620" lon="9.226919">
        <ele>301.324788</ele>
        <time>2021-07-24T16:15:11.000Z</time>
      </trkpt>
      <trkpt lat="49.008653" lon="9.226919">
        <ele>301.362152</ele>
        <time>2021-07-24T16:15:12.000Z</time>
      </trkpt>
      <trkpt lat="49.008685" lon="9.226919">
        <ele>301.528224</ele>
        <time>2021-07-24T16:15:13.000Z</time>
      </trkpt>
      <trkpt lat="49.008716" lon="9.226916">
        <ele>301.743224</ele>
        <time>2021-07-24T16:15:14.000Z</time>
      </trkpt>
      <trkpt lat="49.008749" lon="9.226914">
        <ele>301.971817</ele>
        <time>2021-07-24T16:15:15.000Z</time>
      </trkpt>
      <trkpt lat="49.008780" lon="9.226914">
        <ele>302.186385</ele>
        <time>2021-07-24T16:15:16.000Z</time>
      </trkpt>
      <trkpt lat="49.008812" lon="9.226915">
        <ele>302.407922</ele>
        <time>2021-07-24T16:15:17.000Z</time>
      </trkpt>
      <trkpt lat="49.008843" lon="9.226915">
        <ele>302.622491</ele>
        <time>2021-07-24T16:15:18.000Z</time>
      </trkpt>
      <trkpt lat="49.008875" lon="9.226915">
        <ele>302.843981</ele>
        <time>2021-07-24T16:15:19.000Z</time>
      </trkpt>
      <trkpt lat="49.008908" lon="9.226913">
        <ele>303.072573</ele>
        <time>2021-07-24T16:15:20.000Z</time>
      </trkpt>
      <trkpt lat="49.008942" lon="9.226913">
        <ele>303.307906</ele>
        <time>2021-07-24T16:15:21.000Z</time>
      </trkpt>
      <trkpt lat="49.008973" lon="9.226910">
        <ele>303.522907</ele>
        <time>2021-07-24T16:15:22.000Z</time>
      </trkpt>
      <trkpt lat="49.009005" lon="9.226908">
        <ele>303.744583</ele>
        <time>2021-07-24T16:15:23.000Z</time>
      </trkpt>
      <trkpt lat="49.009037" lon="9.226906">
        <ele>303.966259</ele>
        <time>2021-07-24T16:15:24.000Z</time>
      </trkpt>
      <trkpt lat="49.009070" lon="9.226905">
        <ele>304.194716</ele>
        <time>2021-07-24T16:15:25.000Z</time>
      </trkpt>
      <trkpt lat="49.009101" lon="9.226905">
        <ele>304.409285</ele>
        <time>2021-07-24T16:15:26.000Z</time>
      </trkpt>
      <trkpt lat="49.009131" lon="9.226906">
        <ele>304.616981</ele>
        <time>2021-07-24T16:15:27.000Z</time>
      </trkpt>
      <trkpt lat="49.009160" lon="9.226907">
        <ele>304.817758</ele>
        <time>2021-07-24T16:15:28.000Z</time>
      </trkpt>
      <trkpt lat="49.009189" lon="9.226906">
        <ele>305.018535</ele>
        <time>2021-07-24T16:15:29.000Z</time>
      </trkpt>
      <trkpt lat="49.009219" lon="9.226905">
        <ele>305.226232</ele>
        <time>2021-07-24T16:15:30.000Z</time>
      </trkpt>
      <trkpt lat="49.009249" lon="9.226905">
        <ele>305.433879</ele>
        <time>2021-07-24T16:15:31.000Z</time>
      </trkpt>
      <trkpt lat="49.009281" lon="9.226905">
        <ele>305.655369</ele>
        <time>2021-07-24T16:15:32.000Z</time>
      </trkpt>
      <trkpt lat="49.009315" lon="9.226903">
        <ele>305.890878</ele>
        <time>2021-07-24T16:15:33.000Z</time>
      </trkpt>
      <trkpt lat="49.009346" lon="9.226900">
        <ele>306.105878</ele>
        <time>2021-07-24T16:15:34.000Z</time>
      </trkpt>
      <trkpt lat="49.009376" lon="9.226897">
        <ele>306.313971</ele>
        <time>2021-07-24T16:15:35.000Z</time>
      </trkpt>
      <trkpt lat="49.009408" lon="9.226896">
        <ele>306.535508</ele>
        <time>2021-07-24T16:15:36.000Z</time>
      </trkpt>
      <trkpt lat="49.009439" lon="9.226897">
        <ele>306.750125</ele>
        <time>2021-07-24T16:15:37.000Z</time>
      </trkpt>
      <trkpt lat="49.009471" lon="9.226897">
        <ele>306.971615</ele>
        <time>2021-07-24T16:15:38.000Z</time>
      </trkpt>
      <trkpt lat="49.009502" lon="9.226897">
        <ele>307.186184</ele>
        <time>2021-07-24T16:15:39.000Z</time>
      </trkpt>
      <trkpt lat="49.009534" lon="9.226896">
        <ele>307.407720</ele>
        <time>2021-07-24T16:15:40.000Z</time>
      </trkpt>
      <trkpt lat="49.009565" lon="9.226892">
        <ele>307.623056</ele>
        <time>2021-07-24T16:15:41.000Z</time>
      </trkpt>
      <trkpt lat="49.009596" lon="9.226889">
        <ele>307.838057</ele>
        <time>2021-07-24T16:15:42.000Z</time>
      </trkpt>
      <trkpt lat="49.009627" lon="9.226886">
        <ele>308.053057</ele>
        <time>2021-07-24T16:15:43.000Z</time>
      </trkpt>
      <trkpt lat="49.009658" lon="9.226884">
        <ele>308.267818</ele>
        <time>2021-07-24T16:15:44.000Z</time>
      </trkpt>
      <trkpt lat="49.009689" lon="9.226884">
        <ele>308.482386</ele>
        <time>2021-07-24T16:15:45.000Z</time>
      </trkpt>
      <trkpt lat="49.009720" lon="9.226883">
        <ele>308.697003</ele>
        <time>2021-07-24T16:15:46.000Z</time>
      </trkpt>
      <trkpt lat="49.009750" lon="9.226883">
        <ele>308.904650</ele>
        <time>2021-07-24T16:15:47.000Z</time>
      </trkpt>
      <trkpt lat="49.009780" lon="9.226881">
        <ele>309.112496</ele>
        <time>2021-07-24T16:15:48.000Z</time>
      </trkpt>
      <trkpt lat="49.009812" lon="9.226879">
        <ele>309.334172</ele>
        <time>2021-07-24T16:15:49.000Z</time>
      </trkpt>
      <trkpt lat="49.009841" lon="9.226878">
        <ele>309.534949</ele>
        <time>2021-07-24T16:15:50.000Z</time>
      </trkpt>
      <trkpt lat="49.009868" lon="9.226876">
        <ele>309.722052</ele>
        <time>2021-07-24T16:15:51.000Z</time>
      </trkpt>
      <trkpt lat="49.009893" lon="9.226874">
        <ele>309.895329</ele>
        <time>2021-07-24T16:15:52.000Z</time>
      </trkpt>
      <trkpt lat="49.009918" lon="9.226874">
        <ele>310.068368</ele>
        <time>2021-07-24T16:15:53.000Z</time>
      </trkpt>
      <trkpt lat="49.009942" lon="9.226871">
        <ele>310.235043</ele>
        <time>2021-07-24T16:15:54.000Z</time>
      </trkpt>
      <trkpt lat="49.009963" lon="9.226865">
        <ele>310.382927</ele>
        <time>2021-07-24T16:15:55.000Z</time>
      </trkpt>
      <trkpt lat="49.009980" lon="9.226853">
        <ele>310.512594</ele>
        <time>2021-07-24T16:15:56.000Z</time>
      </trkpt>
      <trkpt lat="49.009992" lon="9.226834">
        <ele>310.632342</ele>
        <time>2021-07-24T16:15:57.000Z</time>
      </trkpt>
      <trkpt lat="49.010000" lon="9.226807">
        <ele>310.766850</ele>
        <time>2021-07-24T16:15:58.000Z</time>
      </trkpt>
      <trkpt lat="49.010002" lon="9.226773">
        <ele>310.921831</ele>
        <time>2021-07-24T16:15:59.000Z</time>
      </trkpt>
      <trkpt lat="49.010002" lon="9.226736">
        <ele>311.089813</ele>
        <time>2021-07-24T16:16:00.000Z</time>
      </trkpt>
      <trkpt lat="49.010000" lon="9.226700">
        <ele>311.253839</ele>
        <time>2021-07-24T16:16:01.000Z</time>
      </trkpt>
      <trkpt lat="49.009999" lon="9.226663">
        <ele>311.421964</ele>
        <time>2021-07-24T16:16:02.000Z</time>
      </trkpt>
      <trkpt lat="49.010001" lon="9.226628">
        <ele>311.581467</ele>
        <time>2021-07-24T16:16:03.000Z</time>
      </trkpt>
      <trkpt lat="49.010006" lon="9.226595">
        <ele>311.735234</ele>
        <time>2021-07-24T16:16:04.000Z</time>
      </trkpt>
      <trkpt lat="49.010010" lon="9.226559">
        <ele>311.901004</ele>
        <time>2021-07-24T16:16:05.000Z</time>
      </trkpt>
      <trkpt lat="49.010011" lon="9.226521">
        <ele>312.073664</ele>
        <time>2021-07-24T16:16:06.000Z</time>
      </trkpt>
      <trkpt lat="49.010011" lon="9.226481">
        <ele>312.255266</ele>
        <time>2021-07-24T16:16:07.000Z</time>
      </trkpt>
      <trkpt lat="49.010013" lon="9.226441">
        <ele>312.437395</ele>
        <time>2021-07-24T16:16:08.000Z</time>
      </trkpt>
      <trkpt lat="49.010016" lon="9.226401">
        <ele>312.620180</ele>
        <time>2021-07-24T16:16:09.000Z</time>
      </trkpt>
      <trkpt lat="49.010019" lon="9.226359">
        <ele>312.811989</ele>
        <time>2021-07-24T16:16:10.000Z</time>
      </trkpt>
      <trkpt lat="49.010020" lon="9.226315">
        <ele>313.011871</ele>
        <time>2021-07-24T16:16:11.000Z</time>
      </trkpt>
      <trkpt lat="49.010022" lon="9.226271">
        <ele>313.212112</ele>
        <time>2021-07-24T16:16:12.000Z</time>
      </trkpt>
      <trkpt lat="49.010022" lon="9.226228">
        <ele>313.407334</ele>
        <time>2021-07-24T16:16:13.000Z</time>
      </trkpt>
      <trkpt lat="49.010022" lon="9.226183">
        <ele>313.611636</ele>
        <time>2021-07-24T16:16:14.000Z</time>
      </trkpt>
      <trkpt lat="49.010022" lon="9.226145">
        <ele>313.784157</ele>
        <time>2021-07-24T16:16:15.000Z</time>
      </trkpt>
      <trkpt lat="49.010025" lon="9.226105">
        <ele>313.925577</ele>
        <time>2021-07-24T16:16:16.000Z</time>
      </trkpt>
      <trkpt lat="49.010030" lon="9.226058">
        <ele>314.079875</ele>
        <time>2021-07-24T16:16:17.000Z</time>
      </trkpt>
      <trkpt lat="49.010036" lon="9.226013">
        <ele>314.228683</ele>
        <time>2021-07-24T16:16:18.000Z</time>
      </trkpt>
      <trkpt lat="49.010041" lon="9.225971">
        <ele>314.367011</ele>
        <time>2021-07-24T16:16:19.000Z</time>
      </trkpt>
      <trkpt lat="49.010044" lon="9.225932">
        <ele>314.494259</ele>
        <time>2021-07-24T16:16:20.000Z</time>
      </trkpt>
      <trkpt lat="49.010048" lon="9.225896">
        <ele>314.612582</ele>
        <time>2021-07-24T16:16:21.000Z</time>
      </trkpt>
      <trkpt lat="49.010051" lon="9.225865">
        <ele>314.714127</ele>
        <time>2021-07-24T16:16:22.000Z</time>
      </trkpt>
      <trkpt lat="49.010053" lon="9.225838">
        <ele>314.802179</ele>
        <time>2021-07-24T16:16:23.000Z</time>
      </trkpt>
      <trkpt lat="49.010054" lon="9.225822">
        <ele>314.854263</ele>
        <time>2021-07-24T16:16:24.000Z</time>
      </trkpt>
      <trkpt lat="49.010053" lon="9.225818">
        <ele>314.868135</ele>
        <time>2021-07-24T16:16:25.000Z</time>
      </trkpt>
      <trkpt lat="49.010052" lon="9.225819">
        <ele>314.874043</ele>
        <time>2021-07-24T16:16:26.000Z</time>
      </trkpt>
      <trkpt lat="49.010050" lon="9.225822">
        <ele>314.887905</ele>
        <time>2021-07-24T16:16:27.000Z</time>
      </trkpt>
      <trkpt lat="49.010049" lon="9.225823">
        <ele>314.893813</ele>
        <time>2021-07-24T16:16:28.000Z</time>
      </trkpt>
      <trkpt lat="49.010049" lon="9.225824">
        <ele>314.897054</ele>
        <time>2021-07-24T16:16:29.000Z</time>
      </trkpt>
      <trkpt lat="49.010049" lon="9.225825">
        <ele>314.900294</ele>
        <time>2021-07-24T16:16:30.000Z</time>
      </trkpt>
      <trkpt lat="49.010049" lon="9.225825">
        <ele>314.900294</ele>
        <time>2021-07-24T16:16:31.000Z</time>
      </trkpt>
      <trkpt lat="49.010047" lon="9.225820">
        <ele>314.919272</ele>
        <time>2021-07-24T16:16:32.000Z</time>
      </trkpt>
      <trkpt lat="49.010046" lon="9.225793">
        <ele>315.006907</ele>
        <time>2021-07-24T16:16:33.000Z</time>
      </trkpt>
      <trkpt lat="49.010049" lon="9.225763">
        <ele>315.105248</ele>
        <time>2021-07-24T16:16:34.000Z</time>
      </trkpt>
      <trkpt lat="49.010055" lon="9.225730">
        <ele>315.216219</ele>
        <time>2021-07-24T16:16:35.000Z</time>
      </trkpt>
      <trkpt lat="49.010061" lon="9.225688">
        <ele>315.355514</ele>
        <time>2021-07-24T16:16:36.000Z</time>
      </trkpt>
      <trkpt lat="49.010064" lon="9.225646">
        <ele>315.492422</ele>
        <time>2021-07-24T16:16:37.000Z</time>
      </trkpt>
      <trkpt lat="49.010063" lon="9.225600">
        <ele>315.641571</ele>
        <time>2021-07-24T16:16:38.000Z</time>
      </trkpt>
      <trkpt lat="49.010065" lon="9.225549">
        <ele>315.807135</ele>
        <time>2021-07-24T16:16:39.000Z</time>
      </trkpt>
      <trkpt lat="49.010067" lon="9.225494">
        <ele>315.985640</ele>
        <time>2021-07-24T16:16:40.000Z</time>
      </trkpt>
      <trkpt lat="49.010071" lon="9.225440">
        <ele>316.161744</ele>
        <time>2021-07-24T16:16:41.000Z</time>
      </trkpt>
      <trkpt lat="49.010074" lon="9.225383">
        <ele>316.347050</ele>
        <time>2021-07-24T16:16:42.000Z</time>
      </trkpt>
      <trkpt lat="49.010075" lon="9.225325">
        <ele>316.535068</ele>
        <time>2021-07-24T16:16:43.000Z</time>
      </trkpt>
      <trkpt lat="49.010075" lon="9.225268">
        <ele>316.719781</ele>
        <time>2021-07-24T16:16:44.000Z</time>
      </trkpt>
      <trkpt lat="49.010074" lon="9.225211">
        <ele>316.904560</ele>
        <time>2021-07-24T16:16:45.000Z</time>
      </trkpt>
      <trkpt lat="49.010074" lon="9.225152">
        <ele>317.095753</ele>
        <time>2021-07-24T16:16:46.000Z</time>
      </trkpt>
      <trkpt lat="49.010072" lon="9.225092">
        <ele>317.290439</ele>
        <time>2021-07-24T16:16:47.000Z</time>
      </trkpt>
      <trkpt lat="49.010070" lon="9.225036">
        <ele>317.472180</ele>
        <time>2021-07-24T16:16:48.000Z</time>
      </trkpt>
      <trkpt lat="49.010064" lon="9.224980">
        <ele>317.656057</ele>
        <time>2021-07-24T16:16:49.000Z</time>
      </trkpt>
      <trkpt lat="49.010058" lon="9.224925">
        <ele>317.836736</ele>
        <time>2021-07-24T16:16:50.000Z</time>
      </trkpt>
      <trkpt lat="49.010050" lon="9.224870">
        <ele>318.019298</ele>
        <time>2021-07-24T16:16:51.000Z</time>
      </trkpt>
      <trkpt lat="49.010043" lon="9.224813">
        <ele>318.207220</ele>
        <time>2021-07-24T16:16:52.000Z</time>
      </trkpt>
      <trkpt lat="49.010037" lon="9.224755">
        <ele>318.397497</ele>
        <time>2021-07-24T16:16:53.000Z</time>
      </trkpt>
      <trkpt lat="49.010031" lon="9.224696">
        <ele>318.590975</ele>
        <time>2021-07-24T16:16:54.000Z</time>
      </trkpt>
      <trkpt lat="49.010025" lon="9.224640">
        <ele>318.774852</ele>
        <time>2021-07-24T16:16:55.000Z</time>
      </trkpt>
      <trkpt lat="49.010018" lon="9.224584">
        <ele>318.959590</ele>
        <time>2021-07-24T16:16:56.000Z</time>
      </trkpt>
      <trkpt lat="49.010013" lon="9.224528">
        <ele>319.142736</ele>
        <time>2021-07-24T16:16:57.000Z</time>
      </trkpt>
      <trkpt lat="49.010009" lon="9.224470">
        <ele>319.331726</ele>
        <time>2021-07-24T16:16:58.000Z</time>
      </trkpt>
      <trkpt lat="49.010005" lon="9.224415">
        <ele>319.511050</ele>
        <time>2021-07-24T16:16:59.000Z</time>
      </trkpt>
      <trkpt lat="49.010001" lon="9.224361">
        <ele>319.687153</ele>
        <time>2021-07-24T16:17:00.000Z</time>
      </trkpt>
      <trkpt lat="49.009997" lon="9.224309">
        <ele>319.856818</ele>
        <time>2021-07-24T16:17:01.000Z</time>
      </trkpt>
      <trkpt lat="49.009993" lon="9.224257">
        <ele>320.026483</ele>
        <time>2021-07-24T16:17:02.000Z</time>
      </trkpt>
      <trkpt lat="49.009991" lon="9.224205">
        <ele>320.195282</ele>
        <time>2021-07-24T16:17:03.000Z</time>
      </trkpt>
      <trkpt lat="49.009987" lon="9.224150">
        <ele>320.374607</ele>
        <time>2021-07-24T16:17:04.000Z</time>
      </trkpt>
      <trkpt lat="49.009983" lon="9.224091">
        <ele>320.566819</ele>
        <time>2021-07-24T16:17:05.000Z</time>
      </trkpt>
      <trkpt lat="49.009979" lon="9.224034">
        <ele>320.752586</ele>
        <time>2021-07-24T16:17:06.000Z</time>
      </trkpt>
      <trkpt lat="49.009977" lon="9.223978">
        <ele>320.934328</ele>
        <time>2021-07-24T16:17:07.000Z</time>
      </trkpt>
      <trkpt lat="49.009975" lon="9.223923">
        <ele>321.112833</ele>
        <time>2021-07-24T16:17:08.000Z</time>
      </trkpt>
      <trkpt lat="49.009973" lon="9.223868">
        <ele>321.291339</ele>
        <time>2021-07-24T16:17:09.000Z</time>
      </trkpt>
      <trkpt lat="49.009970" lon="9.223811">
        <ele>321.476645</ele>
        <time>2021-07-24T16:17:10.000Z</time>
      </trkpt>
      <trkpt lat="49.009968" lon="9.223755">
        <ele>321.658387</ele>
        <time>2021-07-24T16:17:11.000Z</time>
      </trkpt>
      <trkpt lat="49.009967" lon="9.223699">
        <ele>321.839926</ele>
        <time>2021-07-24T16:17:12.000Z</time>
      </trkpt>
      <trkpt lat="49.009966" lon="9.223640">
        <ele>322.031184</ele>
        <time>2021-07-24T16:17:13.000Z</time>
      </trkpt>
      <trkpt lat="49.009965" lon="9.223584">
        <ele>322.212724</ele>
        <time>2021-07-24T16:17:14.000Z</time>
      </trkpt>
      <trkpt lat="49.009965" lon="9.223529">
        <ele>322.390956</ele>
        <time>2021-07-24T16:17:15.000Z</time>
      </trkpt>
      <trkpt lat="49.009964" lon="9.223473">
        <ele>322.572496</ele>
        <time>2021-07-24T16:17:16.000Z</time>
      </trkpt>
      <trkpt lat="49.009964" lon="9.223417">
        <ele>322.748057</ele>
        <time>2021-07-24T16:17:17.000Z</time>
      </trkpt>
      <trkpt lat="49.009967" lon="9.223361">
        <ele>322.906442</ele>
        <time>2021-07-24T16:17:18.000Z</time>
      </trkpt>
      <trkpt lat="49.009969" lon="9.223306">
        <ele>323.061721</ele>
        <time>2021-07-24T16:17:19.000Z</time>
      </trkpt>
      <trkpt lat="49.009971" lon="9.223249">
        <ele>323.222629</ele>
        <time>2021-07-24T16:17:20.000Z</time>
      </trkpt>
      <trkpt lat="49.009973" lon="9.223193">
        <ele>323.380723</ele>
        <time>2021-07-24T16:17:21.000Z</time>
      </trkpt>
      <trkpt lat="49.009974" lon="9.223139">
        <ele>323.533005</ele>
        <time>2021-07-24T16:17:22.000Z</time>
      </trkpt>
      <trkpt lat="49.009977" lon="9.223085">
        <ele>323.685772</ele>
        <time>2021-07-24T16:17:23.000Z</time>
      </trkpt>
      <trkpt lat="49.009979" lon="9.223034">
        <ele>323.829794</ele>
        <time>2021-07-24T16:17:24.000Z</time>
      </trkpt>
      <trkpt lat="49.009981" lon="9.222983">
        <ele>323.973815</ele>
        <time>2021-07-24T16:17:25.000Z</time>
      </trkpt>
      <trkpt lat="49.009985" lon="9.222928">
        <ele>324.129806</ele>
        <time>2021-07-24T16:17:26.000Z</time>
      </trkpt>
      <trkpt lat="49.009988" lon="9.222874">
        <ele>324.282573</ele>
        <time>2021-07-24T16:17:27.000Z</time>
      </trkpt>
      <trkpt lat="49.009991" lon="9.222821">
        <ele>324.432531</ele>
        <time>2021-07-24T16:17:28.000Z</time>
      </trkpt>
      <trkpt lat="49.009994" lon="9.222767">
        <ele>324.585298</ele>
        <time>2021-07-24T16:17:29.000Z</time>
      </trkpt>
      <trkpt lat="49.009999" lon="9.222714">
        <ele>324.736238</ele>
        <time>2021-07-24T16:17:30.000Z</time>
      </trkpt>
      <trkpt lat="49.010004" lon="9.222661">
        <ele>324.887178</ele>
        <time>2021-07-24T16:17:31.000Z</time>
      </trkpt>
      <trkpt lat="49.010009" lon="9.222609">
        <ele>325.035329</ele>
        <time>2021-07-24T16:17:32.000Z</time>
      </trkpt>
      <trkpt lat="49.010013" lon="9.222555">
        <ele>325.188518</ele>
        <time>2021-07-24T16:17:33.000Z</time>
      </trkpt>
      <trkpt lat="49.010017" lon="9.222500">
        <ele>325.344509</ele>
        <time>2021-07-24T16:17:34.000Z</time>
      </trkpt>
      <trkpt lat="49.010018" lon="9.222445">
        <ele>325.499609</ele>
        <time>2021-07-24T16:17:35.000Z</time>
      </trkpt>
      <trkpt lat="49.010020" lon="9.222389">
        <ele>325.657702</ele>
        <time>2021-07-24T16:17:36.000Z</time>
      </trkpt>
      <trkpt lat="49.010022" lon="9.222333">
        <ele>325.815795</ele>
        <time>2021-07-24T16:17:37.000Z</time>
      </trkpt>
      <trkpt lat="49.010024" lon="9.222276">
        <ele>325.976703</ele>
        <time>2021-07-24T16:17:38.000Z</time>
      </trkpt>
      <trkpt lat="49.010028" lon="9.222218">
        <ele>326.141102</ele>
        <time>2021-07-24T16:17:39.000Z</time>
      </trkpt>
      <trkpt lat="49.010031" lon="9.222161">
        <ele>326.302297</ele>
        <time>2021-07-24T16:17:40.000Z</time>
      </trkpt>
      <trkpt lat="49.010032" lon="9.222105">
        <ele>326.460215</ele>
        <time>2021-07-24T16:17:41.000Z</time>
      </trkpt>
      <trkpt lat="49.010034" lon="9.222049">
        <ele>326.618308</ele>
        <time>2021-07-24T16:17:42.000Z</time>
      </trkpt>
      <trkpt lat="49.010035" lon="9.221993">
        <ele>326.776226</ele>
        <time>2021-07-24T16:17:43.000Z</time>
      </trkpt>
      <trkpt lat="49.010038" lon="9.221936">
        <ele>326.937421</ele>
        <time>2021-07-24T16:17:44.000Z</time>
      </trkpt>
      <trkpt lat="49.010042" lon="9.221877">
        <ele>327.104623</ele>
        <time>2021-07-24T16:17:45.000Z</time>
      </trkpt>
      <trkpt lat="49.010046" lon="9.221819">
        <ele>327.269022</ele>
        <time>2021-07-24T16:17:46.000Z</time>
      </trkpt>
      <trkpt lat="49.010049" lon="9.221762">
        <ele>327.430216</ele>
        <time>2021-07-24T16:17:47.000Z</time>
      </trkpt>
      <trkpt lat="49.010052" lon="9.221703">
        <ele>327.597031</ele>
        <time>2021-07-24T16:17:48.000Z</time>
      </trkpt>
      <trkpt lat="49.010055" lon="9.221645">
        <ele>327.761036</ele>
        <time>2021-07-24T16:17:49.000Z</time>
      </trkpt>
      <trkpt lat="49.010059" lon="9.221587">
        <ele>327.925435</ele>
        <time>2021-07-24T16:17:50.000Z</time>
      </trkpt>
      <trkpt lat="49.010061" lon="9.221531">
        <ele>328.083528</ele>
        <time>2021-07-24T16:17:51.000Z</time>
      </trkpt>
      <trkpt lat="49.010065" lon="9.221474">
        <ele>328.245123</ele>
        <time>2021-07-24T16:17:52.000Z</time>
      </trkpt>
      <trkpt lat="49.010070" lon="9.221417">
        <ele>328.407232</ele>
        <time>2021-07-24T16:17:53.000Z</time>
      </trkpt>
      <trkpt lat="49.010074" lon="9.221361">
        <ele>328.566024</ele>
        <time>2021-07-24T16:17:54.000Z</time>
      </trkpt>
      <trkpt lat="49.010075" lon="9.221306">
        <ele>328.721124</ele>
        <time>2021-07-24T16:17:55.000Z</time>
      </trkpt>
      <trkpt lat="49.010076" lon="9.221252">
        <ele>328.873407</ele>
        <time>2021-07-24T16:17:56.000Z</time>
      </trkpt>
      <trkpt lat="49.010078" lon="9.221195">
        <ele>329.034315</ele>
        <time>2021-07-24T16:17:57.000Z</time>
      </trkpt>
      <trkpt lat="49.010081" lon="9.221140">
        <ele>329.189890</ele>
        <time>2021-07-24T16:17:58.000Z</time>
      </trkpt>
      <trkpt lat="49.010081" lon="9.221140">
        <ele>329.189890</ele>
        <time>2021-07-24T16:17:59.000Z</time>
      </trkpt>
      <trkpt lat="49.010087" lon="9.221034">
        <ele>329.489806</ele>
        <time>2021-07-24T16:18:00.000Z</time>
      </trkpt>
      <trkpt lat="49.010089" lon="9.220982">
        <ele>329.636641</ele>
        <time>2021-07-24T16:18:01.000Z</time>
      </trkpt>
      <trkpt lat="49.010090" lon="9.220928">
        <ele>329.788923</ele>
        <time>2021-07-24T16:18:02.000Z</time>
      </trkpt>
      <trkpt lat="49.010092" lon="9.220875">
        <ele>329.938573</ele>
        <time>2021-07-24T16:18:03.000Z</time>
      </trkpt>
      <trkpt lat="49.010100" lon="9.220825">
        <ele>330.083651</ele>
        <time>2021-07-24T16:18:04.000Z</time>
      </trkpt>
      <trkpt lat="49.010120" lon="9.220780">
        <ele>330.236880</ele>
        <time>2021-07-24T16:18:05.000Z</time>
      </trkpt>
      <trkpt lat="49.010148" lon="9.220742">
        <ele>330.397984</ele>
        <time>2021-07-24T16:18:06.000Z</time>
      </trkpt>
      <trkpt lat="49.010181" lon="9.220714">
        <ele>330.358242</ele>
        <time>2021-07-24T16:18:07.000Z</time>
      </trkpt>
      <trkpt lat="49.010217" lon="9.220700">
        <ele>330.253229</ele>
        <time>2021-07-24T16:18:08.000Z</time>
      </trkpt>
      <trkpt lat="49.010253" lon="9.220702">
        <ele>330.151407</ele>
        <time>2021-07-24T16:18:09.000Z</time>
      </trkpt>
      <trkpt lat="49.010288" lon="9.220711">
        <ele>330.051082</ele>
        <time>2021-07-24T16:18:10.000Z</time>
      </trkpt>
      <trkpt lat="49.010323" lon="9.220721">
        <ele>329.950431</ele>
        <time>2021-07-24T16:18:11.000Z</time>
      </trkpt>
      <trkpt lat="49.010360" lon="9.220728">
        <ele>329.845048</ele>
        <time>2021-07-24T16:18:12.000Z</time>
      </trkpt>
      <trkpt lat="49.010398" lon="9.220734">
        <ele>329.737066</ele>
        <time>2021-07-24T16:18:13.000Z</time>
      </trkpt>
      <trkpt lat="49.010439" lon="9.220740">
        <ele>329.620646</ele>
        <time>2021-07-24T16:18:14.000Z</time>
      </trkpt>
      <trkpt lat="49.010481" lon="9.220744">
        <ele>329.501700</ele>
        <time>2021-07-24T16:18:15.000Z</time>
      </trkpt>
      <trkpt lat="49.010527" lon="9.220754">
        <ele>329.370365</ele>
        <time>2021-07-24T16:18:16.000Z</time>
      </trkpt>
      <trkpt lat="49.010574" lon="9.220761">
        <ele>329.236887</ele>
        <time>2021-07-24T16:18:17.000Z</time>
      </trkpt>
      <trkpt lat="49.010624" lon="9.220761">
        <ele>329.095561</ele>
        <time>2021-07-24T16:18:18.000Z</time>
      </trkpt>
      <trkpt lat="49.010676" lon="9.220759">
        <ele>328.948535</ele>
        <time>2021-07-24T16:18:19.000Z</time>
      </trkpt>
      <trkpt lat="49.010729" lon="9.220760">
        <ele>328.798718</ele>
        <time>2021-07-24T16:18:20.000Z</time>
      </trkpt>
      <trkpt lat="49.010785" lon="9.220759">
        <ele>328.640422</ele>
        <time>2021-07-24T16:18:21.000Z</time>
      </trkpt>
      <trkpt lat="49.010841" lon="9.220756">
        <ele>328.482039</ele>
        <time>2021-07-24T16:18:22.000Z</time>
      </trkpt>
      <trkpt lat="49.010896" lon="9.220755">
        <ele>328.326570</ele>
        <time>2021-07-24T16:18:23.000Z</time>
      </trkpt>
      <trkpt lat="49.010957" lon="9.220756">
        <ele>328.154142</ele>
        <time>2021-07-24T16:18:24.000Z</time>
      </trkpt>
      <trkpt lat="49.011020" lon="9.220759">
        <ele>327.975985</ele>
        <time>2021-07-24T16:18:25.000Z</time>
      </trkpt>
      <trkpt lat="49.011083" lon="9.220756">
        <ele>327.797827</ele>
        <time>2021-07-24T16:18:26.000Z</time>
      </trkpt>
      <trkpt lat="49.011149" lon="9.220759">
        <ele>327.611194</ele>
        <time>2021-07-24T16:18:27.000Z</time>
      </trkpt>
      <trkpt lat="49.011216" lon="9.220760">
        <ele>327.421808</ele>
        <time>2021-07-24T16:18:28.000Z</time>
      </trkpt>
      <trkpt lat="49.011282" lon="9.220759">
        <ele>327.235249</ele>
        <time>2021-07-24T16:18:29.000Z</time>
      </trkpt>
      <trkpt lat="49.011350" lon="9.220761">
        <ele>327.043010</ele>
        <time>2021-07-24T16:18:30.000Z</time>
      </trkpt>
      <trkpt lat="49.011416" lon="9.220761">
        <ele>326.856460</ele>
        <time>2021-07-24T16:18:31.000Z</time>
      </trkpt>
      <trkpt lat="49.011487" lon="9.220766">
        <ele>326.655563</ele>
        <time>2021-07-24T16:18:32.000Z</time>
      </trkpt>
      <trkpt lat="49.011555" lon="9.220764">
        <ele>326.463324</ele>
        <time>2021-07-24T16:18:33.000Z</time>
      </trkpt>
      <trkpt lat="49.011629" lon="9.220767">
        <ele>326.254087</ele>
        <time>2021-07-24T16:18:34.000Z</time>
      </trkpt>
      <trkpt lat="49.011700" lon="9.220769">
        <ele>326.053370</ele>
        <time>2021-07-24T16:18:35.000Z</time>
      </trkpt>
      <trkpt lat="49.011773" lon="9.220769">
        <ele>325.847034</ele>
        <time>2021-07-24T16:18:36.000Z</time>
      </trkpt>
      <trkpt lat="49.011845" lon="9.220769">
        <ele>325.643525</ele>
        <time>2021-07-24T16:18:37.000Z</time>
      </trkpt>
      <trkpt lat="49.011920" lon="9.220770">
        <ele>325.431528</ele>
        <time>2021-07-24T16:18:38.000Z</time>
      </trkpt>
      <trkpt lat="49.011992" lon="9.220772">
        <ele>325.294281</ele>
        <time>2021-07-24T16:18:39.000Z</time>
      </trkpt>
      <trkpt lat="49.012061" lon="9.220774">
        <ele>325.201429</ele>
        <time>2021-07-24T16:18:40.000Z</time>
      </trkpt>
      <trkpt lat="49.012128" lon="9.220777">
        <ele>325.111245</ele>
        <time>2021-07-24T16:18:41.000Z</time>
      </trkpt>
      <trkpt lat="49.012201" lon="9.220780">
        <ele>325.012992</ele>
        <time>2021-07-24T16:18:42.000Z</time>
      </trkpt>
      <trkpt lat="49.012272" lon="9.220790">
        <ele>324.917058</ele>
        <time>2021-07-24T16:18:43.000Z</time>
      </trkpt>
      <trkpt lat="49.012338" lon="9.220787">
        <ele>324.828220</ele>
        <time>2021-07-24T16:18:44.000Z</time>
      </trkpt>
      <trkpt lat="49.012407" lon="9.220787">
        <ele>324.735384</ele>
        <time>2021-07-24T16:18:45.000Z</time>
      </trkpt>
      <trkpt lat="49.012476" lon="9.220785">
        <ele>324.642531</ele>
        <time>2021-07-24T16:18:46.000Z</time>
      </trkpt>
      <trkpt lat="49.012543" lon="9.220787">
        <ele>324.552369</ele>
        <time>2021-07-24T16:18:47.000Z</time>
      </trkpt>
      <trkpt lat="49.012610" lon="9.220798">
        <ele>324.461703</ele>
        <time>2021-07-24T16:18:48.000Z</time>
      </trkpt>
      <trkpt lat="49.012676" lon="9.220799">
        <ele>324.372900</ele>
        <time>2021-07-24T16:18:49.000Z</time>
      </trkpt>
      <trkpt lat="49.012743" lon="9.220801">
        <ele>324.282737</ele>
        <time>2021-07-24T16:18:50.000Z</time>
      </trkpt>
      <trkpt lat="49.012812" lon="9.220802">
        <ele>324.189898</ele>
        <time>2021-07-24T16:18:51.000Z</time>
      </trkpt>
      <trkpt lat="49.012878" lon="9.220803">
        <ele>324.101094</ele>
        <time>2021-07-24T16:18:52.000Z</time>
      </trkpt>
      <trkpt lat="49.012940" lon="9.220805">
        <ele>324.017657</ele>
        <time>2021-07-24T16:18:53.000Z</time>
      </trkpt>
      <trkpt lat="49.012999" lon="9.220805">
        <ele>323.938276</ele>
        <time>2021-07-24T16:18:54.000Z</time>
      </trkpt>
      <trkpt lat="49.013059" lon="9.220804">
        <ele>323.857545</ele>
        <time>2021-07-24T16:18:55.000Z</time>
      </trkpt>
      <trkpt lat="49.013118" lon="9.220806">
        <ele>323.778144</ele>
        <time>2021-07-24T16:18:56.000Z</time>
      </trkpt>
      <trkpt lat="49.013171" lon="9.220822">
        <ele>323.705451</ele>
        <time>2021-07-24T16:18:57.000Z</time>
      </trkpt>
      <trkpt lat="49.013227" lon="9.220846">
        <ele>323.627186</ele>
        <time>2021-07-24T16:18:58.000Z</time>
      </trkpt>
      <trkpt lat="49.013278" lon="9.220882">
        <ele>323.551571</ele>
        <time>2021-07-24T16:19:00.000Z</time>
      </trkpt>
      <trkpt lat="49.013319" lon="9.220933">
        <ele>323.480378</ele>
        <time>2021-07-24T16:19:01.000Z</time>
      </trkpt>
      <trkpt lat="49.013341" lon="9.220996">
        <ele>323.417394</ele>
        <time>2021-07-24T16:19:02.000Z</time>
      </trkpt>
      <trkpt lat="49.013391" lon="9.221049">
        <ele>323.335461</ele>
        <time>2021-07-24T16:19:03.000Z</time>
      </trkpt>
      <trkpt lat="49.013412" lon="9.221095">
        <ele>323.286003</ele>
        <time>2021-07-24T16:19:04.000Z</time>
      </trkpt>
      <trkpt lat="49.013418" lon="9.221146">
        <ele>323.240280</ele>
        <time>2021-07-24T16:19:05.000Z</time>
      </trkpt>
      <trkpt lat="49.013424" lon="9.221182">
        <ele>323.207502</ele>
        <time>2021-07-24T16:19:06.000Z</time>
      </trkpt>
      <trkpt lat="49.013451" lon="9.221213">
        <ele>323.162027</ele>
        <time>2021-07-24T16:19:07.000Z</time>
      </trkpt>
      <trkpt lat="49.013477" lon="9.221280">
        <ele>323.093329</ele>
        <time>2021-07-24T16:19:08.000Z</time>
      </trkpt>
      <trkpt lat="49.013512" lon="9.221337">
        <ele>323.024426</ele>
        <time>2021-07-24T16:19:09.000Z</time>
      </trkpt>
      <trkpt lat="49.013531" lon="9.221403">
        <ele>322.960821</ele>
        <time>2021-07-24T16:19:10.000Z</time>
      </trkpt>
      <trkpt lat="49.013567" lon="9.221409">
        <ele>322.911341</ele>
        <time>2021-07-24T16:19:11.000Z</time>
      </trkpt>
      <trkpt lat="49.013588" lon="9.221491">
        <ele>322.831042</ele>
        <time>2021-07-24T16:19:12.000Z</time>
      </trkpt>
      <trkpt lat="49.013612" lon="9.221563">
        <ele>322.757369</ele>
        <time>2021-07-24T16:19:13.000Z</time>
      </trkpt>
      <trkpt lat="49.013611" lon="9.221634">
        <ele>322.692589</ele>
        <time>2021-07-24T16:19:14.000Z</time>
      </trkpt>
      <trkpt lat="49.013629" lon="9.221705">
        <ele>322.623154</ele>
        <time>2021-07-24T16:19:15.000Z</time>
      </trkpt>
      <trkpt lat="49.013644" lon="9.221751">
        <ele>322.576294</ele>
        <time>2021-07-24T16:19:16.000Z</time>
      </trkpt>
      <trkpt lat="49.013682" lon="9.221828">
        <ele>322.488393</ele>
        <time>2021-07-24T16:19:17.000Z</time>
      </trkpt>
      <trkpt lat="49.013706" lon="9.221883">
        <ele>322.428134</ele>
        <time>2021-07-24T16:19:18.000Z</time>
      </trkpt>
      <trkpt lat="49.013733" lon="9.221930">
        <ele>322.371142</ele>
        <time>2021-07-24T16:19:19.000Z</time>
      </trkpt>
      <trkpt lat="49.013771" lon="9.221963">
        <ele>322.310320</ele>
        <time>2021-07-24T16:19:20.000Z</time>
      </trkpt>
      <trkpt lat="49.013814" lon="9.222017">
        <ele>322.232843</ele>
        <time>2021-07-24T16:19:21.000Z</time>
      </trkpt>
      <trkpt lat="49.013852" lon="9.222053">
        <ele>322.170622</ele>
        <time>2021-07-24T16:19:22.000Z</time>
      </trkpt>
      <trkpt lat="49.013922" lon="9.222083">
        <ele>322.069494</ele>
        <time>2021-07-24T16:19:23.000Z</time>
      </trkpt>
      <trkpt lat="49.013963" lon="9.222131">
        <ele>321.997601</ele>
        <time>2021-07-24T16:19:24.000Z</time>
      </trkpt>
      <trkpt lat="49.014011" lon="9.222176">
        <ele>321.919234</ele>
        <time>2021-07-24T16:19:25.000Z</time>
      </trkpt>
      <trkpt lat="49.014069" lon="9.222217">
        <ele>321.830320</ele>
        <time>2021-07-24T16:19:26.000Z</time>
      </trkpt>
      <trkpt lat="49.014129" lon="9.222262">
        <ele>321.737324</ele>
        <time>2021-07-24T16:19:27.000Z</time>
      </trkpt>
      <trkpt lat="49.014184" lon="9.222293">
        <ele>321.655772</ele>
        <time>2021-07-24T16:19:28.000Z</time>
      </trkpt>
      <trkpt lat="49.014227" lon="9.222322">
        <ele>321.590379</ele>
        <time>2021-07-24T16:19:29.000Z</time>
      </trkpt>
      <trkpt lat="49.014298" lon="9.222377">
        <ele>321.479620</ele>
        <time>2021-07-24T16:19:30.000Z</time>
      </trkpt>
      <trkpt lat="49.014353" lon="9.222440">
        <ele>321.383945</ele>
        <time>2021-07-24T16:19:31.000Z</time>
      </trkpt>
      <trkpt lat="49.014407" lon="9.222493">
        <ele>321.294628</ele>
        <time>2021-07-24T16:19:32.000Z</time>
      </trkpt>
      <trkpt lat="49.014470" lon="9.222527">
        <ele>321.201682</ele>
        <time>2021-07-24T16:19:33.000Z</time>
      </trkpt>
      <trkpt lat="49.014494" lon="9.222578">
        <ele>321.144425</ele>
        <time>2021-07-24T16:19:34.000Z</time>
      </trkpt>
      <trkpt lat="49.014552" lon="9.222633">
        <ele>321.049432</ele>
        <time>2021-07-24T16:19:35.000Z</time>
      </trkpt>
      <trkpt lat="49.014605" lon="9.222678">
        <ele>320.965062</ele>
        <time>2021-07-24T16:19:36.000Z</time>
      </trkpt>
      <trkpt lat="49.014664" lon="9.222717">
        <ele>320.875626</ele>
        <time>2021-07-24T16:19:37.000Z</time>
      </trkpt>
      <trkpt lat="49.014733" lon="9.222752">
        <ele>320.774491</ele>
        <time>2021-07-24T16:19:38.000Z</time>
      </trkpt>
      <trkpt lat="49.014806" lon="9.222776">
        <ele>320.670631</ele>
        <time>2021-07-24T16:19:39.000Z</time>
      </trkpt>
      <trkpt lat="49.014845" lon="9.222820">
        <ele>320.603156</ele>
        <time>2021-07-24T16:19:40.000Z</time>
      </trkpt>
      <trkpt lat="49.014903" lon="9.222860">
        <ele>320.514623</ele>
        <time>2021-07-24T16:19:41.000Z</time>
      </trkpt>
      <trkpt lat="49.014967" lon="9.222896">
        <ele>320.425844</ele>
        <time>2021-07-24T16:19:42.000Z</time>
      </trkpt>
      <trkpt lat="49.015023" lon="9.222935">
        <ele>320.379565</ele>
        <time>2021-07-24T16:19:43.000Z</time>
      </trkpt>
      <trkpt lat="49.015073" lon="9.222979">
        <ele>320.336169</ele>
        <time>2021-07-24T16:19:44.000Z</time>
      </trkpt>
      <trkpt lat="49.015125" lon="9.223020">
        <ele>320.292163</ele>
        <time>2021-07-24T16:19:45.000Z</time>
      </trkpt>
      <trkpt lat="49.015176" lon="9.223065">
        <ele>320.247869</ele>
        <time>2021-07-24T16:19:46.000Z</time>
      </trkpt>
      <trkpt lat="49.015220" lon="9.223117">
        <ele>320.206022</ele>
        <time>2021-07-24T16:19:47.000Z</time>
      </trkpt>
      <trkpt lat="49.015277" lon="9.223159">
        <ele>320.158433</ele>
        <time>2021-07-24T16:19:48.000Z</time>
      </trkpt>
      <trkpt lat="49.015322" lon="9.223203">
        <ele>320.118249</ele>
        <time>2021-07-24T16:19:49.000Z</time>
      </trkpt>
      <trkpt lat="49.015383" lon="9.223236">
        <ele>320.069594</ele>
        <time>2021-07-24T16:19:50.000Z</time>
      </trkpt>
      <trkpt lat="49.015432" lon="9.223275">
        <ele>320.028044</ele>
        <time>2021-07-24T16:19:51.000Z</time>
      </trkpt>
      <trkpt lat="49.015491" lon="9.223313">
        <ele>319.979898</ele>
        <time>2021-07-24T16:19:52.000Z</time>
      </trkpt>
      <trkpt lat="49.015548" lon="9.223343">
        <ele>319.934570</ele>
        <time>2021-07-24T16:19:53.000Z</time>
      </trkpt>
      <trkpt lat="49.015621" lon="9.223368">
        <ele>319.878328</ele>
        <time>2021-07-24T16:19:54.000Z</time>
      </trkpt>
      <trkpt lat="49.015672" lon="9.223407">
        <ele>319.835440</ele>
        <time>2021-07-24T16:19:55.000Z</time>
      </trkpt>
      <trkpt lat="49.015709" lon="9.223454">
        <ele>319.799239</ele>
        <time>2021-07-24T16:19:56.000Z</time>
      </trkpt>
      <trkpt lat="49.015764" lon="9.223480">
        <ele>319.755954</ele>
        <time>2021-07-24T16:19:57.000Z</time>
      </trkpt>
      <trkpt lat="49.015814" lon="9.223513">
        <ele>319.714999</ele>
        <time>2021-07-24T16:19:58.000Z</time>
      </trkpt>
      <trkpt lat="49.015868" lon="9.223543">
        <ele>319.671796</ele>
        <time>2021-07-24T16:19:59.000Z</time>
      </trkpt>
      <trkpt lat="49.015925" lon="9.223575">
        <ele>319.626136</ele>
        <time>2021-07-24T16:20:00.000Z</time>
      </trkpt>
      <trkpt lat="49.015976" lon="9.223596">
        <ele>319.586426</ele>
        <time>2021-07-24T16:20:01.000Z</time>
      </trkpt>
      <trkpt lat="49.016023" lon="9.223634">
        <ele>319.546436</ele>
        <time>2021-07-24T16:20:02.000Z</time>
      </trkpt>
      <trkpt lat="49.016073" lon="9.223668">
        <ele>319.505282</ele>
        <time>2021-07-24T16:20:03.000Z</time>
      </trkpt>
      <trkpt lat="49.016124" lon="9.223703">
        <ele>319.463241</ele>
        <time>2021-07-24T16:20:04.000Z</time>
      </trkpt>
      <trkpt lat="49.016162" lon="9.223750">
        <ele>319.426460</ele>
        <time>2021-07-24T16:20:05.000Z</time>
      </trkpt>
      <trkpt lat="49.016208" lon="9.223786">
        <ele>319.387592</ele>
        <time>2021-07-24T16:20:06.000Z</time>
      </trkpt>
      <trkpt lat="49.016260" lon="9.223815">
        <ele>319.345971</ele>
        <time>2021-07-24T16:20:07.000Z</time>
      </trkpt>
      <trkpt lat="49.016308" lon="9.223862">
        <ele>319.303090</ele>
        <time>2021-07-24T16:20:08.000Z</time>
      </trkpt>
      <trkpt lat="49.016353" lon="9.223901">
        <ele>319.264180</ele>
        <time>2021-07-24T16:20:09.000Z</time>
      </trkpt>
      <trkpt lat="49.016412" lon="9.223952">
        <ele>319.213199</ele>
        <time>2021-07-24T16:20:10.000Z</time>
      </trkpt>
      <trkpt lat="49.016466" lon="9.223994">
        <ele>319.167630</ele>
        <time>2021-07-24T16:20:11.000Z</time>
      </trkpt>
      <trkpt lat="49.016516" lon="9.224044">
        <ele>319.122683</ele>
        <time>2021-07-24T16:20:12.000Z</time>
      </trkpt>
      <trkpt lat="49.016566" lon="9.224083">
        <ele>319.079738</ele>
        <time>2021-07-24T16:20:13.000Z</time>
      </trkpt>
      <trkpt lat="49.016618" lon="9.224126">
        <ele>318.970056</ele>
        <time>2021-07-24T16:20:14.000Z</time>
      </trkpt>
      <trkpt lat="49.016669" lon="9.224177">
        <ele>318.856972</ele>
        <time>2021-07-24T16:20:15.000Z</time>
      </trkpt>
      <trkpt lat="49.016721" lon="9.224221">
        <ele>318.746706</ele>
        <time>2021-07-24T16:20:16.000Z</time>
      </trkpt>
      <trkpt lat="49.016775" lon="9.224267">
        <ele>318.632016</ele>
        <time>2021-07-24T16:20:17.000Z</time>
      </trkpt>
      <trkpt lat="49.016822" lon="9.224311">
        <ele>318.529757</ele>
        <time>2021-07-24T16:20:18.000Z</time>
      </trkpt>
      <trkpt lat="49.016874" lon="9.224360">
        <ele>318.416416</ele>
        <time>2021-07-24T16:20:19.000Z</time>
      </trkpt>
      <trkpt lat="49.016977" lon="9.224448">
        <ele>318.197502</ele>
        <time>2021-07-24T16:20:20.000Z</time>
      </trkpt>
      <trkpt lat="49.017028" lon="9.224493">
        <ele>318.088249</ele>
        <time>2021-07-24T16:20:21.000Z</time>
      </trkpt>
      <trkpt lat="49.017063" lon="9.224540">
        <ele>318.001775</ele>
        <time>2021-07-24T16:20:22.000Z</time>
      </trkpt>
      <trkpt lat="49.017120" lon="9.224595">
        <ele>317.876705</ele>
        <time>2021-07-24T16:20:23.000Z</time>
      </trkpt>
      <trkpt lat="49.017164" lon="9.224656">
        <ele>317.766443</ele>
        <time>2021-07-24T16:20:24.000Z</time>
      </trkpt>
      <trkpt lat="49.017219" lon="9.224702">
        <ele>317.650131</ele>
        <time>2021-07-24T16:20:25.000Z</time>
      </trkpt>
      <trkpt lat="49.017238" lon="9.224770">
        <ele>317.560251</ele>
        <time>2021-07-24T16:20:26.000Z</time>
      </trkpt>
      <trkpt lat="49.017288" lon="9.224828">
        <ele>317.443766</ele>
        <time>2021-07-24T16:20:27.000Z</time>
      </trkpt>
      <trkpt lat="49.017325" lon="9.224879">
        <ele>317.351286</ele>
        <time>2021-07-24T16:20:28.000Z</time>
      </trkpt>
      <trkpt lat="49.017381" lon="9.224945">
        <ele>317.220053</ele>
        <time>2021-07-24T16:20:29.000Z</time>
      </trkpt>
      <trkpt lat="49.017420" lon="9.225008">
        <ele>317.114707</ele>
        <time>2021-07-24T16:20:30.000Z</time>
      </trkpt>
      <trkpt lat="49.017465" lon="9.225060">
        <ele>317.010018</ele>
        <time>2021-07-24T16:20:31.000Z</time>
      </trkpt>
      <trkpt lat="49.017513" lon="9.225128">
        <ele>316.888535</ele>
        <time>2021-07-24T16:20:32.000Z</time>
      </trkpt>
      <trkpt lat="49.017544" lon="9.225210">
        <ele>316.773442</ele>
        <time>2021-07-24T16:20:33.000Z</time>
      </trkpt>
      <trkpt lat="49.017570" lon="9.225310">
        <ele>316.642635</ele>
        <time>2021-07-24T16:20:34.000Z</time>
      </trkpt>
      <trkpt lat="49.017579" lon="9.225403">
        <ele>316.528323</ele>
        <time>2021-07-24T16:20:35.000Z</time>
      </trkpt>
      <trkpt lat="49.017612" lon="9.225505">
        <ele>316.390020</ele>
        <time>2021-07-24T16:20:36.000Z</time>
      </trkpt>
      <trkpt lat="49.017642" lon="9.225597">
        <ele>316.265083</ele>
        <time>2021-07-24T16:20:37.000Z</time>
      </trkpt>
      <trkpt lat="49.017664" lon="9.225686">
        <ele>316.149427</ele>
        <time>2021-07-24T16:20:38.000Z</time>
      </trkpt>
      <trkpt lat="49.017706" lon="9.225794">
        <ele>315.996747</ele>
        <time>2021-07-24T16:20:39.000Z</time>
      </trkpt>
      <trkpt lat="49.017712" lon="9.225888">
        <ele>315.881903</ele>
        <time>2021-07-24T16:20:40.000Z</time>
      </trkpt>
      <trkpt lat="49.017736" lon="9.225994">
        <ele>315.745082</ele>
        <time>2021-07-24T16:20:41.000Z</time>
      </trkpt>
      <trkpt lat="49.017794" lon="9.226085">
        <ele>315.441943</ele>
        <time>2021-07-24T16:20:42.000Z</time>
      </trkpt>
      <trkpt lat="49.017803" lon="9.226207">
        <ele>315.148660</ele>
        <time>2021-07-24T16:20:43.000Z</time>
      </trkpt>
      <trkpt lat="49.017818" lon="9.226319">
        <ele>314.875581</ele>
        <time>2021-07-24T16:20:44.000Z</time>
      </trkpt>
      <trkpt lat="49.017838" lon="9.226427">
        <ele>314.607492</ele>
        <time>2021-07-24T16:20:45.000Z</time>
      </trkpt>
      <trkpt lat="49.017839" lon="9.226544">
        <ele>314.327968</ele>
        <time>2021-07-24T16:20:46.000Z</time>
      </trkpt>
      <trkpt lat="49.017844" lon="9.226669">
        <ele>314.028801</ele>
        <time>2021-07-24T16:20:47.000Z</time>
      </trkpt>
      <trkpt lat="49.017837" lon="9.226792">
        <ele>313.733863</ele>
        <time>2021-07-24T16:20:48.000Z</time>
      </trkpt>
      <trkpt lat="49.017856" lon="9.226908">
        <ele>313.448239</ele>
        <time>2021-07-24T16:20:49.000Z</time>
      </trkpt>
      <trkpt lat="49.017859" lon="9.227021">
        <ele>313.178073</ele>
        <time>2021-07-24T16:20:50.000Z</time>
      </trkpt>
      <trkpt lat="49.017851" lon="9.227132">
        <ele>312.911309</ele>
        <time>2021-07-24T16:20:51.000Z</time>
      </trkpt>
      <trkpt lat="49.017838" lon="9.227245">
        <ele>312.637242</ele>
        <time>2021-07-24T16:20:52.000Z</time>
      </trkpt>
      <trkpt lat="49.017858" lon="9.227342">
        <ele>312.394337</ele>
        <time>2021-07-24T16:20:53.000Z</time>
      </trkpt>
      <trkpt lat="49.017852" lon="9.227462">
        <ele>312.106838</ele>
        <time>2021-07-24T16:20:54.000Z</time>
      </trkpt>
      <trkpt lat="49.017835" lon="9.227586">
        <ele>311.804212</ele>
        <time>2021-07-24T16:20:55.000Z</time>
      </trkpt>
      <trkpt lat="49.017820" lon="9.227704">
        <ele>311.517076</ele>
        <time>2021-07-24T16:20:56.000Z</time>
      </trkpt>
      <trkpt lat="49.017822" lon="9.227810">
        <ele>311.263748</ele>
        <time>2021-07-24T16:20:57.000Z</time>
      </trkpt>
      <trkpt lat="49.017850" lon="9.227931">
        <ele>310.957226</ele>
        <time>2021-07-24T16:20:58.000Z</time>
      </trkpt>
      <trkpt lat="49.017852" lon="9.228043">
        <ele>310.689570</ele>
        <time>2021-07-24T16:20:59.000Z</time>
      </trkpt>
      <trkpt lat="49.017872" lon="9.228143">
        <ele>310.439820</ele>
        <time>2021-07-24T16:21:00.000Z</time>
      </trkpt>
      <trkpt lat="49.017883" lon="9.228255">
        <ele>310.169280</ele>
        <time>2021-07-24T16:21:01.000Z</time>
      </trkpt>
      <trkpt lat="49.017892" lon="9.228363">
        <ele>309.909205</ele>
        <time>2021-07-24T16:21:02.000Z</time>
      </trkpt>
      <trkpt lat="49.017912" lon="9.228464">
        <ele>309.657168</ele>
        <time>2021-07-24T16:21:03.000Z</time>
      </trkpt>
      <trkpt lat="49.017922" lon="9.228561">
        <ele>309.422600</ele>
        <time>2021-07-24T16:21:04.000Z</time>
      </trkpt>
      <trkpt lat="49.017936" lon="9.228676">
        <ele>309.160556</ele>
        <time>2021-07-24T16:21:05.000Z</time>
      </trkpt>
      <trkpt lat="49.017937" lon="9.228776">
        <ele>309.002821</ele>
        <time>2021-07-24T16:21:06.000Z</time>
      </trkpt>
      <trkpt lat="49.017929" lon="9.228879">
        <ele>308.839237</ele>
        <time>2021-07-24T16:21:07.000Z</time>
      </trkpt>
      <trkpt lat="49.017914" lon="9.228968">
        <ele>308.694308</ele>
        <time>2021-07-24T16:21:08.000Z</time>
      </trkpt>
      <trkpt lat="49.017901" lon="9.229060">
        <ele>308.545879</ele>
        <time>2021-07-24T16:21:09.000Z</time>
      </trkpt>
      <trkpt lat="49.017879" lon="9.229171">
        <ele>308.362993</ele>
        <time>2021-07-24T16:21:10.000Z</time>
      </trkpt>
      <trkpt lat="49.017867" lon="9.229272">
        <ele>308.201106</ele>
        <time>2021-07-24T16:21:11.000Z</time>
      </trkpt>
      <trkpt lat="49.017841" lon="9.229415">
        <ele>307.967063</ele>
        <time>2021-07-24T16:21:12.000Z</time>
      </trkpt>
      <trkpt lat="49.017834" lon="9.229495">
        <ele>307.839771</ele>
        <time>2021-07-24T16:21:13.000Z</time>
      </trkpt>
      <trkpt lat="49.017822" lon="9.229579">
        <ele>307.704182</ele>
        <time>2021-07-24T16:21:14.000Z</time>
      </trkpt>
      <trkpt lat="49.017850" lon="9.229675">
        <ele>307.538475</ele>
        <time>2021-07-24T16:21:15.000Z</time>
      </trkpt>
      <trkpt lat="49.017866" lon="9.229742">
        <ele>307.426017</ele>
        <time>2021-07-24T16:21:16.000Z</time>
      </trkpt>
      <trkpt lat="49.017902" lon="9.229797">
        <ele>307.303462</ele>
        <time>2021-07-24T16:21:17.000Z</time>
      </trkpt>
      <trkpt lat="49.017929" lon="9.229873">
        <ele>307.167140</ele>
        <time>2021-07-24T16:21:18.000Z</time>
      </trkpt>
      <trkpt lat="49.018001" lon="9.229931">
        <ele>306.971311</ele>
        <time>2021-07-24T16:21:19.000Z</time>
      </trkpt>
      <trkpt lat="49.018036" lon="9.229986">
        <ele>306.850442</ele>
        <time>2021-07-24T16:21:20.000Z</time>
      </trkpt>
      <trkpt lat="49.018105" lon="9.230047">
        <ele>306.658634</ele>
        <time>2021-07-24T16:21:21.000Z</time>
      </trkpt>
      <trkpt lat="49.018165" lon="9.230101">
        <ele>306.491082</ele>
        <time>2021-07-24T16:21:22.000Z</time>
      </trkpt>
      <trkpt lat="49.018204" lon="9.230149">
        <ele>306.370551</ele>
        <time>2021-07-24T16:21:23.000Z</time>
      </trkpt>
      <trkpt lat="49.018246" lon="9.230205">
        <ele>306.236378</ele>
        <time>2021-07-24T16:21:24.000Z</time>
      </trkpt>
      <trkpt lat="49.018272" lon="9.230272">
        <ele>306.113595</ele>
        <time>2021-07-24T16:21:25.000Z</time>
      </trkpt>
      <trkpt lat="49.018328" lon="9.230338">
        <ele>305.943383</ele>
        <time>2021-07-24T16:21:26.000Z</time>
      </trkpt>
      <trkpt lat="49.018399" lon="9.230369">
        <ele>305.765775</ele>
        <time>2021-07-24T16:21:27.000Z</time>
      </trkpt>
      <trkpt lat="49.018447" lon="9.230433">
        <ele>305.612434</ele>
        <time>2021-07-24T16:21:28.000Z</time>
      </trkpt>
      <trkpt lat="49.018502" lon="9.230528">
        <ele>305.412575</ele>
        <time>2021-07-24T16:21:29.000Z</time>
      </trkpt>
      <trkpt lat="49.018560" lon="9.230596">
        <ele>305.236629</ele>
        <time>2021-07-24T16:21:30.000Z</time>
      </trkpt>
      <trkpt lat="49.018616" lon="9.230638">
        <ele>305.086547</ele>
        <time>2021-07-24T16:21:31.000Z</time>
      </trkpt>
      <trkpt lat="49.018671" lon="9.230711">
        <ele>304.911190</ele>
        <time>2021-07-24T16:21:32.000Z</time>
      </trkpt>
      <trkpt lat="49.018718" lon="9.230805">
        <ele>304.729380</ele>
        <time>2021-07-24T16:21:33.000Z</time>
      </trkpt>
      <trkpt lat="49.018779" lon="9.230885">
        <ele>304.542087</ele>
        <time>2021-07-24T16:21:34.000Z</time>
      </trkpt>
      <trkpt lat="49.018811" lon="9.230960">
        <ele>304.405492</ele>
        <time>2021-07-24T16:21:35.000Z</time>
      </trkpt>
      <trkpt lat="49.018881" lon="9.231057">
        <ele>304.185310</ele>
        <time>2021-07-24T16:21:36.000Z</time>
      </trkpt>
      <trkpt lat="49.018937" lon="9.231128">
        <ele>304.015777</ele>
        <time>2021-07-24T16:21:37.000Z</time>
      </trkpt>
      <trkpt lat="49.019002" lon="9.231196">
        <ele>303.832281</ele>
        <time>2021-07-24T16:21:38.000Z</time>
      </trkpt>
      <trkpt lat="49.019058" lon="9.231251">
        <ele>303.677222</ele>
        <time>2021-07-24T16:21:39.000Z</time>
      </trkpt>
      <trkpt lat="49.019109" lon="9.231313">
        <ele>303.525391</ele>
        <time>2021-07-24T16:21:40.000Z</time>
      </trkpt>
      <trkpt lat="49.019158" lon="9.231400">
        <ele>303.350319</ele>
        <time>2021-07-24T16:21:41.000Z</time>
      </trkpt>
      <trkpt lat="49.019207" lon="9.231461">
        <ele>303.203070</ele>
        <time>2021-07-24T16:21:42.000Z</time>
      </trkpt>
      <trkpt lat="49.019264" lon="9.231541">
        <ele>303.022734</ele>
        <time>2021-07-24T16:21:43.000Z</time>
      </trkpt>
      <trkpt lat="49.019320" lon="9.231602">
        <ele>302.862531</ele>
        <time>2021-07-24T16:21:44.000Z</time>
      </trkpt>
      <trkpt lat="49.019383" lon="9.231666">
        <ele>302.686313</ele>
        <time>2021-07-24T16:21:45.000Z</time>
      </trkpt>
      <trkpt lat="49.019447" lon="9.231729">
        <ele>302.508985</ele>
        <time>2021-07-24T16:21:46.000Z</time>
      </trkpt>
      <trkpt lat="49.019501" lon="9.231792">
        <ele>302.350711</ele>
        <time>2021-07-24T16:21:47.000Z</time>
      </trkpt>
      <trkpt lat="49.019557" lon="9.231857">
        <ele>302.186883</ele>
        <time>2021-07-24T16:21:48.000Z</time>
      </trkpt>
      <trkpt lat="49.019619" lon="9.231910">
        <ele>302.021426</ele>
        <time>2021-07-24T16:21:49.000Z</time>
      </trkpt>
      <trkpt lat="49.019677" lon="9.231973">
        <ele>301.855660</ele>
        <time>2021-07-24T16:21:50.000Z</time>
      </trkpt>
      <trkpt lat="49.019724" lon="9.232063">
        <ele>301.680027</ele>
        <time>2021-07-24T16:21:51.000Z</time>
      </trkpt>
      <trkpt lat="49.019779" lon="9.232108">
        <ele>301.534731</ele>
        <time>2021-07-24T16:21:52.000Z</time>
      </trkpt>
      <trkpt lat="49.019841" lon="9.232148">
        <ele>301.378019</ele>
        <time>2021-07-24T16:21:53.000Z</time>
      </trkpt>
      <trkpt lat="49.019883" lon="9.232215">
        <ele>301.236527</ele>
        <time>2021-07-24T16:21:54.000Z</time>
      </trkpt>
      <trkpt lat="49.019946" lon="9.232276">
        <ele>301.062806</ele>
        <time>2021-07-24T16:21:55.000Z</time>
      </trkpt>
      <trkpt lat="49.020008" lon="9.232342">
        <ele>300.886792</ele>
        <time>2021-07-24T16:21:56.000Z</time>
      </trkpt>
      <trkpt lat="49.020061" lon="9.232378">
        <ele>300.751730</ele>
        <time>2021-07-24T16:21:57.000Z</time>
      </trkpt>
      <trkpt lat="49.020105" lon="9.232448">
        <ele>300.555532</ele>
        <time>2021-07-24T16:21:58.000Z</time>
      </trkpt>
      <trkpt lat="49.020166" lon="9.232498">
        <ele>300.294954</ele>
        <time>2021-07-24T16:21:59.000Z</time>
      </trkpt>
      <trkpt lat="49.020213" lon="9.232560">
        <ele>300.061121</ele>
        <time>2021-07-24T16:22:00.000Z</time>
      </trkpt>
      <trkpt lat="49.020274" lon="9.232612">
        <ele>299.798171</ele>
        <time>2021-07-24T16:22:01.000Z</time>
      </trkpt>
      <trkpt lat="49.020336" lon="9.232677">
        <ele>299.515072</ele>
        <time>2021-07-24T16:22:02.000Z</time>
      </trkpt>
      <trkpt lat="49.020396" lon="9.232730">
        <ele>299.254172</ele>
        <time>2021-07-24T16:22:03.000Z</time>
      </trkpt>
      <trkpt lat="49.020465" lon="9.232790">
        <ele>298.955305</ele>
        <time>2021-07-24T16:22:04.000Z</time>
      </trkpt>
      <trkpt lat="49.020522" lon="9.232854">
        <ele>298.688967</ele>
        <time>2021-07-24T16:22:05.000Z</time>
      </trkpt>
      <trkpt lat="49.020546" lon="9.232937">
        <ele>298.465141</ele>
        <time>2021-07-24T16:22:06.000Z</time>
      </trkpt>
      <trkpt lat="49.020578" lon="9.233000">
        <ele>298.268514</ele>
        <time>2021-07-24T16:22:07.000Z</time>
      </trkpt>
      <trkpt lat="49.020631" lon="9.233077">
        <ele>297.993076</ele>
        <time>2021-07-24T16:22:08.000Z</time>
      </trkpt>
      <trkpt lat="49.020677" lon="9.233159">
        <ele>297.726813</ele>
        <time>2021-07-24T16:22:09.000Z</time>
      </trkpt>
      <trkpt lat="49.020765" lon="9.233202">
        <ele>297.379118</ele>
        <time>2021-07-24T16:22:10.000Z</time>
      </trkpt>
      <trkpt lat="49.020851" lon="9.233277">
        <ele>297.006352</ele>
        <time>2021-07-24T16:22:11.000Z</time>
      </trkpt>
      <trkpt lat="49.020915" lon="9.233348">
        <ele>296.708560</ele>
        <time>2021-07-24T16:22:12.000Z</time>
      </trkpt>
      <trkpt lat="49.020977" lon="9.233424">
        <ele>296.409249</ele>
        <time>2021-07-24T16:22:13.000Z</time>
      </trkpt>
      <trkpt lat="49.021054" lon="9.233499">
        <ele>296.065467</ele>
        <time>2021-07-24T16:22:14.000Z</time>
      </trkpt>
      <trkpt lat="49.021118" lon="9.233572">
        <ele>295.764746</ele>
        <time>2021-07-24T16:22:15.000Z</time>
      </trkpt>
      <trkpt lat="49.021179" lon="9.233639">
        <ele>295.481886</ele>
        <time>2021-07-24T16:22:16.000Z</time>
      </trkpt>
      <trkpt lat="49.021227" lon="9.233722">
        <ele>295.208828</ele>
        <time>2021-07-24T16:22:17.000Z</time>
      </trkpt>
      <trkpt lat="49.021279" lon="9.233808">
        <ele>294.920192</ele>
        <time>2021-07-24T16:22:18.000Z</time>
      </trkpt>
      <trkpt lat="49.021322" lon="9.233924">
        <ele>294.591405</ele>
        <time>2021-07-24T16:22:19.000Z</time>
      </trkpt>
      <trkpt lat="49.021362" lon="9.234036">
        <ele>294.276726</ele>
        <time>2021-07-24T16:22:20.000Z</time>
      </trkpt>
      <trkpt lat="49.021383" lon="9.234141">
        <ele>294.005863</ele>
        <time>2021-07-24T16:22:21.000Z</time>
      </trkpt>
      <trkpt lat="49.021423" lon="9.234253">
        <ele>293.690914</ele>
        <time>2021-07-24T16:22:22.000Z</time>
      </trkpt>
      <trkpt lat="49.021454" lon="9.234359">
        <ele>293.404189</ele>
        <time>2021-07-24T16:22:23.000Z</time>
      </trkpt>
      <trkpt lat="49.021488" lon="9.234457">
        <ele>293.130294</ele>
        <time>2021-07-24T16:22:24.000Z</time>
      </trkpt>
      <trkpt lat="49.021532" lon="9.234557">
        <ele>292.832797</ele>
        <time>2021-07-24T16:22:25.000Z</time>
      </trkpt>
      <trkpt lat="49.021567" lon="9.234651">
        <ele>292.565756</ele>
        <time>2021-07-24T16:22:26.000Z</time>
      </trkpt>
      <trkpt lat="49.021589" lon="9.234755">
        <ele>292.295797</ele>
        <time>2021-07-24T16:22:27.000Z</time>
      </trkpt>
      <trkpt lat="49.021632" lon="9.234841">
        <ele>292.028631</ele>
        <time>2021-07-24T16:22:28.000Z</time>
      </trkpt>
      <trkpt lat="49.021684" lon="9.234924">
        <ele>291.745051</ele>
        <time>2021-07-24T16:22:29.000Z</time>
      </trkpt>
      <trkpt lat="49.021732" lon="9.235013">
        <ele>291.460378</ele>
        <time>2021-07-24T16:22:30.000Z</time>
      </trkpt>
      <trkpt lat="49.021770" lon="9.235107">
        <ele>291.187582</ele>
        <time>2021-07-24T16:22:31.000Z</time>
      </trkpt>
      <trkpt lat="49.021810" lon="9.235189">
        <ele>290.935109</ele>
        <time>2021-07-24T16:22:32.000Z</time>
      </trkpt>
      <trkpt lat="49.021854" lon="9.235290">
        <ele>290.635558</ele>
        <time>2021-07-24T16:22:33.000Z</time>
      </trkpt>
      <trkpt lat="49.021898" lon="9.235384">
        <ele>290.350251</ele>
        <time>2021-07-24T16:22:34.000Z</time>
      </trkpt>
      <trkpt lat="49.021933" lon="9.235463">
        <ele>290.114725</ele>
        <time>2021-07-24T16:22:35.000Z</time>
      </trkpt>
      <trkpt lat="49.021974" lon="9.235556">
        <ele>289.837886</ele>
        <time>2021-07-24T16:22:36.000Z</time>
      </trkpt>
      <trkpt lat="49.022013" lon="9.235634">
        <ele>289.595574</ele>
        <time>2021-07-24T16:22:37.000Z</time>
      </trkpt>
      <trkpt lat="49.022062" lon="9.235702">
        <ele>289.345987</ele>
        <time>2021-07-24T16:22:38.000Z</time>
      </trkpt>
      <trkpt lat="49.022141" lon="9.235768">
        <ele>289.006644</ele>
        <time>2021-07-24T16:22:39.000Z</time>
      </trkpt>
      <trkpt lat="49.022192" lon="9.235822">
        <ele>288.772746</ele>
        <time>2021-07-24T16:22:40.000Z</time>
      </trkpt>
      <trkpt lat="49.022251" lon="9.235876">
        <ele>288.513523</ele>
        <time>2021-07-24T16:22:41.000Z</time>
      </trkpt>
      <trkpt lat="49.022310" lon="9.235930">
        <ele>288.254300</ele>
        <time>2021-07-24T16:22:42.000Z</time>
      </trkpt>
      <trkpt lat="49.022352" lon="9.235976">
        <ele>288.059499</ele>
        <time>2021-07-24T16:22:43.000Z</time>
      </trkpt>
      <trkpt lat="49.022402" lon="9.235980">
        <ele>287.870881</ele>
        <time>2021-07-24T16:22:44.000Z</time>
      </trkpt>
      <trkpt lat="49.022454" lon="9.235971">
        <ele>287.673731</ele>
        <time>2021-07-24T16:22:45.000Z</time>
      </trkpt>
      <trkpt lat="49.022494" lon="9.235931">
        <ele>287.493534</ele>
        <time>2021-07-24T16:22:46.000Z</time>
      </trkpt>
      <trkpt lat="49.022555" lon="9.235908">
        <ele>287.256816</ele>
        <time>2021-07-24T16:22:47.000Z</time>
      </trkpt>
      <trkpt lat="49.022603" lon="9.235866">
        <ele>287.108444</ele>
        <time>2021-07-24T16:22:48.000Z</time>
      </trkpt>
      <trkpt lat="49.022645" lon="9.235812">
        <ele>287.039512</ele>
        <time>2021-07-24T16:22:49.000Z</time>
      </trkpt>
      <trkpt lat="49.022678" lon="9.235759">
        <ele>286.979375</ele>
        <time>2021-07-24T16:22:50.000Z</time>
      </trkpt>
      <trkpt lat="49.022721" lon="9.235713">
        <ele>286.913467</ele>
        <time>2021-07-24T16:22:51.000Z</time>
      </trkpt>
      <trkpt lat="49.022767" lon="9.235662">
        <ele>286.842105</ele>
        <time>2021-07-24T16:22:52.000Z</time>
      </trkpt>
      <trkpt lat="49.022812" lon="9.235614">
        <ele>286.773197</ele>
        <time>2021-07-24T16:22:53.000Z</time>
      </trkpt>
      <trkpt lat="49.022854" lon="9.235566">
        <ele>286.707339</ele>
        <time>2021-07-24T16:22:54.000Z</time>
      </trkpt>
      <trkpt lat="49.022895" lon="9.235514">
        <ele>286.640425</ele>
        <time>2021-07-24T16:22:55.000Z</time>
      </trkpt>
      <trkpt lat="49.022939" lon="9.235462">
        <ele>286.570576</ele>
        <time>2021-07-24T16:22:56.000Z</time>
      </trkpt>
      <trkpt lat="49.022978" lon="9.235414">
        <ele>286.507690</ele>
        <time>2021-07-24T16:22:57.000Z</time>
      </trkpt>
      <trkpt lat="49.023026" lon="9.235364">
        <ele>286.434750</ele>
        <time>2021-07-24T16:22:58.000Z</time>
      </trkpt>
      <trkpt lat="49.023073" lon="9.235311">
        <ele>286.361403</ele>
        <time>2021-07-24T16:22:59.000Z</time>
      </trkpt>
      <trkpt lat="49.023121" lon="9.235253">
        <ele>286.284558</ele>
        <time>2021-07-24T16:23:00.000Z</time>
      </trkpt>
      <trkpt lat="49.023178" lon="9.235199">
        <ele>286.200357</ele>
        <time>2021-07-24T16:23:01.000Z</time>
      </trkpt>
      <trkpt lat="49.023229" lon="9.235142">
        <ele>286.121017</ele>
        <time>2021-07-24T16:23:02.000Z</time>
      </trkpt>
      <trkpt lat="49.023282" lon="9.235080">
        <ele>286.037200</ele>
        <time>2021-07-24T16:23:03.000Z</time>
      </trkpt>
      <trkpt lat="49.023331" lon="9.235023">
        <ele>285.959870</ele>
        <time>2021-07-24T16:23:04.000Z</time>
      </trkpt>
      <trkpt lat="49.023386" lon="9.234966">
        <ele>285.876429</ele>
        <time>2021-07-24T16:23:05.000Z</time>
      </trkpt>
      <trkpt lat="49.023438" lon="9.234909">
        <ele>285.796073</ele>
        <time>2021-07-24T16:23:06.000Z</time>
      </trkpt>
      <trkpt lat="49.023490" lon="9.234853">
        <ele>285.716194</ele>
        <time>2021-07-24T16:23:07.000Z</time>
      </trkpt>
      <trkpt lat="49.023542" lon="9.234800">
        <ele>285.637714</ele>
        <time>2021-07-24T16:23:08.000Z</time>
      </trkpt>
      <trkpt lat="49.023594" lon="9.234749">
        <ele>285.560136</ele>
        <time>2021-07-24T16:23:09.000Z</time>
      </trkpt>
      <trkpt lat="49.023644" lon="9.234699">
        <ele>285.485111</ele>
        <time>2021-07-24T16:23:10.000Z</time>
      </trkpt>
      <trkpt lat="49.023700" lon="9.234641">
        <ele>285.400170</ele>
        <time>2021-07-24T16:23:11.000Z</time>
      </trkpt>
      <trkpt lat="49.023759" lon="9.234595">
        <ele>285.317023</ele>
        <time>2021-07-24T16:23:12.000Z</time>
      </trkpt>
      <trkpt lat="49.023824" lon="9.234550">
        <ele>285.227452</ele>
        <time>2021-07-24T16:23:13.000Z</time>
      </trkpt>
      <trkpt lat="49.023886" lon="9.234514">
        <ele>285.144207</ele>
        <time>2021-07-24T16:23:14.000Z</time>
      </trkpt>
      <trkpt lat="49.023950" lon="9.234486">
        <ele>285.060662</ele>
        <time>2021-07-24T16:23:15.000Z</time>
      </trkpt>
      <trkpt lat="49.024012" lon="9.234464">
        <ele>284.980787</ele>
        <time>2021-07-24T16:23:16.000Z</time>
      </trkpt>
      <trkpt lat="49.024075" lon="9.234442">
        <ele>284.899690</ele>
        <time>2021-07-24T16:23:17.000Z</time>
      </trkpt>
      <trkpt lat="49.024140" lon="9.234411">
        <ele>284.829220</ele>
        <time>2021-07-24T16:23:18.000Z</time>
      </trkpt>
      <trkpt lat="49.024208" lon="9.234374">
        <ele>284.758791</ele>
        <time>2021-07-24T16:23:19.000Z</time>
      </trkpt>
      <trkpt lat="49.024268" lon="9.234333">
        <ele>284.694655</ele>
        <time>2021-07-24T16:23:20.000Z</time>
      </trkpt>
      <trkpt lat="49.024327" lon="9.234281">
        <ele>284.628181</ele>
        <time>2021-07-24T16:23:21.000Z</time>
      </trkpt>
      <trkpt lat="49.024389" lon="9.234212">
        <ele>284.553308</ele>
        <time>2021-07-24T16:23:22.000Z</time>
      </trkpt>
      <trkpt lat="49.024432" lon="9.234141">
        <ele>284.491485</ele>
        <time>2021-07-24T16:23:23.000Z</time>
      </trkpt>
      <trkpt lat="49.024476" lon="9.234056">
        <ele>284.422214</ele>
        <time>2021-07-24T16:23:24.000Z</time>
      </trkpt>
      <trkpt lat="49.024517" lon="9.233973">
        <ele>284.355743</ele>
        <time>2021-07-24T16:23:25.000Z</time>
      </trkpt>
      <trkpt lat="49.024556" lon="9.233873">
        <ele>284.281319</ele>
        <time>2021-07-24T16:23:26.000Z</time>
      </trkpt>
      <trkpt lat="49.024590" lon="9.233790">
        <ele>284.218719</ele>
        <time>2021-07-24T16:23:27.000Z</time>
      </trkpt>
      <trkpt lat="49.024635" lon="9.233707">
        <ele>284.149830</ele>
        <time>2021-07-24T16:23:28.000Z</time>
      </trkpt>
      <trkpt lat="49.024670" lon="9.233635">
        <ele>284.092500</ele>
        <time>2021-07-24T16:23:29.000Z</time>
      </trkpt>
      <trkpt lat="49.024720" lon="9.233545">
        <ele>284.017047</ele>
        <time>2021-07-24T16:23:30.000Z</time>
      </trkpt>
      <trkpt lat="49.024759" lon="9.233465">
        <ele>283.953281</ele>
        <time>2021-07-24T16:23:31.000Z</time>
      </trkpt>
      <trkpt lat="49.024798" lon="9.233368">
        <ele>283.880500</ele>
        <time>2021-07-24T16:23:32.000Z</time>
      </trkpt>
      <trkpt lat="49.024825" lon="9.233281">
        <ele>283.818932</ele>
        <time>2021-07-24T16:23:33.000Z</time>
      </trkpt>
      <trkpt lat="49.024868" lon="9.233193">
        <ele>283.748732</ele>
        <time>2021-07-24T16:23:34.000Z</time>
      </trkpt>
      <trkpt lat="49.024909" lon="9.233099">
        <ele>283.676517</ele>
        <time>2021-07-24T16:23:35.000Z</time>
      </trkpt>
      <trkpt lat="49.024947" lon="9.232998">
        <ele>283.602033</ele>
        <time>2021-07-24T16:23:36.000Z</time>
      </trkpt>
      <trkpt lat="49.024992" lon="9.232913">
        <ele>283.532154</ele>
        <time>2021-07-24T16:23:37.000Z</time>
      </trkpt>
      <trkpt lat="49.025035" lon="9.232826">
        <ele>283.462466</ele>
        <time>2021-07-24T16:23:38.000Z</time>
      </trkpt>
      <trkpt lat="49.025074" lon="9.232735">
        <ele>283.392928</ele>
        <time>2021-07-24T16:23:39.000Z</time>
      </trkpt>
      <trkpt lat="49.025119" lon="9.232647">
        <ele>283.321545</ele>
        <time>2021-07-24T16:23:40.000Z</time>
      </trkpt>
      <trkpt lat="49.025168" lon="9.232573">
        <ele>283.254275</ele>
        <time>2021-07-24T16:23:41.000Z</time>
      </trkpt>
      <trkpt lat="49.025225" lon="9.232495">
        <ele>283.179569</ele>
        <time>2021-07-24T16:23:42.000Z</time>
      </trkpt>
      <trkpt lat="49.025286" lon="9.232429">
        <ele>283.096952</ele>
        <time>2021-07-24T16:23:43.000Z</time>
      </trkpt>
      <trkpt lat="49.025351" lon="9.232362">
        <ele>282.984191</ele>
        <time>2021-07-24T16:23:44.000Z</time>
      </trkpt>
      <trkpt lat="49.025405" lon="9.232302">
        <ele>282.888163</ele>
        <time>2021-07-24T16:23:45.000Z</time>
      </trkpt>
      <trkpt lat="49.025469" lon="9.232256">
        <ele>282.786473</ele>
        <time>2021-07-24T16:23:46.000Z</time>
      </trkpt>
      <trkpt lat="49.025535" lon="9.232202">
        <ele>282.678823</ele>
        <time>2021-07-24T16:23:47.000Z</time>
      </trkpt>
      <trkpt lat="49.025591" lon="9.232171">
        <ele>282.593197</ele>
        <time>2021-07-24T16:23:48.000Z</time>
      </trkpt>
      <trkpt lat="49.025658" lon="9.232129">
        <ele>282.489081</ele>
        <time>2021-07-24T16:23:49.000Z</time>
      </trkpt>
      <trkpt lat="49.025728" lon="9.232091">
        <ele>282.382288</ele>
        <time>2021-07-24T16:23:50.000Z</time>
      </trkpt>
      <trkpt lat="49.025787" lon="9.232068">
        <ele>282.294762</ele>
        <time>2021-07-24T16:23:51.000Z</time>
      </trkpt>
      <trkpt lat="49.025865" lon="9.232034">
        <ele>282.178165</ele>
        <time>2021-07-24T16:23:52.000Z</time>
      </trkpt>
      <trkpt lat="49.025928" lon="9.232008">
        <ele>282.084360</ele>
        <time>2021-07-24T16:23:53.000Z</time>
      </trkpt>
      <trkpt lat="49.026002" lon="9.231994">
        <ele>281.977186</ele>
        <time>2021-07-24T16:23:54.000Z</time>
      </trkpt>
      <trkpt lat="49.026069" lon="9.231969">
        <ele>281.878048</ele>
        <time>2021-07-24T16:23:55.000Z</time>
      </trkpt>
      <trkpt lat="49.026145" lon="9.231958">
        <ele>281.768324</ele>
        <time>2021-07-24T16:23:56.000Z</time>
      </trkpt>
      <trkpt lat="49.026219" lon="9.231938">
        <ele>281.660309</ele>
        <time>2021-07-24T16:23:57.000Z</time>
      </trkpt>
      <trkpt lat="49.026287" lon="9.231928">
        <ele>281.562121</ele>
        <time>2021-07-24T16:23:58.000Z</time>
      </trkpt>
      <trkpt lat="49.026363" lon="9.231913">
        <ele>281.451977</ele>
        <time>2021-07-24T16:23:59.000Z</time>
      </trkpt>
      <trkpt lat="49.026434" lon="9.231906">
        <ele>281.349717</ele>
        <time>2021-07-24T16:24:00.000Z</time>
      </trkpt>
      <trkpt lat="49.026512" lon="9.231896">
        <ele>281.237214</ele>
        <time>2021-07-24T16:24:01.000Z</time>
      </trkpt>
      <trkpt lat="49.026583" lon="9.231888">
        <ele>281.134889</ele>
        <time>2021-07-24T16:24:02.000Z</time>
      </trkpt>
      <trkpt lat="49.026658" lon="9.231876">
        <ele>281.026502</ele>
        <time>2021-07-24T16:24:03.000Z</time>
      </trkpt>
      <trkpt lat="49.026727" lon="9.231867">
        <ele>280.926968</ele>
        <time>2021-07-24T16:24:04.000Z</time>
      </trkpt>
      <trkpt lat="49.026803" lon="9.231855">
        <ele>280.817151</ele>
        <time>2021-07-24T16:24:05.000Z</time>
      </trkpt>
      <trkpt lat="49.026876" lon="9.231844">
        <ele>280.711719</ele>
        <time>2021-07-24T16:24:06.000Z</time>
      </trkpt>
      <trkpt lat="49.026950" lon="9.231831">
        <ele>280.604657</ele>
        <time>2021-07-24T16:24:07.000Z</time>
      </trkpt>
      <trkpt lat="49.027021" lon="9.231815">
        <ele>280.526314</ele>
        <time>2021-07-24T16:24:08.000Z</time>
      </trkpt>
      <trkpt lat="49.027099" lon="9.231802">
        <ele>280.482863</ele>
        <time>2021-07-24T16:24:09.000Z</time>
      </trkpt>
      <trkpt lat="49.027175" lon="9.231778">
        <ele>280.439884</ele>
        <time>2021-07-24T16:24:10.000Z</time>
      </trkpt>
      <trkpt lat="49.027251" lon="9.231760">
        <ele>280.397293</ele>
        <time>2021-07-24T16:24:11.000Z</time>
      </trkpt>
      <trkpt lat="49.027325" lon="9.231748">
        <ele>280.356083</ele>
        <time>2021-07-24T16:24:12.000Z</time>
      </trkpt>
      <trkpt lat="49.027391" lon="9.231718">
        <ele>280.317946</ele>
        <time>2021-07-24T16:24:13.000Z</time>
      </trkpt>
      <trkpt lat="49.027471" lon="9.231681">
        <ele>280.271652</ele>
        <time>2021-07-24T16:24:14.000Z</time>
      </trkpt>
      <trkpt lat="49.027539" lon="9.231654">
        <ele>280.232741</ele>
        <time>2021-07-24T16:24:15.000Z</time>
      </trkpt>
      <trkpt lat="49.027599" lon="9.231611">
        <ele>280.196029</ele>
        <time>2021-07-24T16:24:16.000Z</time>
      </trkpt>
      <trkpt lat="49.027688" lon="9.231557">
        <ele>280.142987</ele>
        <time>2021-07-24T16:24:17.000Z</time>
      </trkpt>
      <trkpt lat="49.027754" lon="9.231506">
        <ele>280.102014</ele>
        <time>2021-07-24T16:24:18.000Z</time>
      </trkpt>
      <trkpt lat="49.027817" lon="9.231462">
        <ele>280.063643</ele>
        <time>2021-07-24T16:24:19.000Z</time>
      </trkpt>
      <trkpt lat="49.027864" lon="9.231410">
        <ele>280.031488</ele>
        <time>2021-07-24T16:24:20.000Z</time>
      </trkpt>
      <trkpt lat="49.027928" lon="9.231339">
        <ele>279.987663</ele>
        <time>2021-07-24T16:24:21.000Z</time>
      </trkpt>
      <trkpt lat="49.027980" lon="9.231270">
        <ele>279.949493</ele>
        <time>2021-07-24T16:24:22.000Z</time>
      </trkpt>
      <trkpt lat="49.028045" lon="9.231206">
        <ele>279.906649</ele>
        <time>2021-07-24T16:24:23.000Z</time>
      </trkpt>
      <trkpt lat="49.028106" lon="9.231136">
        <ele>279.864375</ele>
        <time>2021-07-24T16:24:24.000Z</time>
      </trkpt>
      <trkpt lat="49.028158" lon="9.231058">
        <ele>279.823985</ele>
        <time>2021-07-24T16:24:25.000Z</time>
      </trkpt>
      <trkpt lat="49.028211" lon="9.230972">
        <ele>279.781131</ele>
        <time>2021-07-24T16:24:26.000Z</time>
      </trkpt>
      <trkpt lat="49.028262" lon="9.230911">
        <ele>279.745239</ele>
        <time>2021-07-24T16:24:27.000Z</time>
      </trkpt>
      <trkpt lat="49.028310" lon="9.230829">
        <ele>279.705326</ele>
        <time>2021-07-24T16:24:28.000Z</time>
      </trkpt>
      <trkpt lat="49.028364" lon="9.230746">
        <ele>279.662871</ele>
        <time>2021-07-24T16:24:29.000Z</time>
      </trkpt>
      <trkpt lat="49.028419" lon="9.230668">
        <ele>279.621281</ele>
        <time>2021-07-24T16:24:30.000Z</time>
      </trkpt>
      <trkpt lat="49.028472" lon="9.230603">
        <ele>279.583619</ele>
        <time>2021-07-24T16:24:31.000Z</time>
      </trkpt>
      <trkpt lat="49.028523" lon="9.230538">
        <ele>279.546813</ele>
        <time>2021-07-24T16:24:32.000Z</time>
      </trkpt>
      <trkpt lat="49.028563" lon="9.230469">
        <ele>279.546589</ele>
        <time>2021-07-24T16:24:33.000Z</time>
      </trkpt>
      <trkpt lat="49.028599" lon="9.230404">
        <ele>279.547306</ele>
        <time>2021-07-24T16:24:34.000Z</time>
      </trkpt>
      <trkpt lat="49.028634" lon="9.230334">
        <ele>279.548048</ele>
        <time>2021-07-24T16:24:35.000Z</time>
      </trkpt>
      <trkpt lat="49.028676" lon="9.230264">
        <ele>279.548847</ele>
        <time>2021-07-24T16:24:36.000Z</time>
      </trkpt>
      <trkpt lat="49.028716" lon="9.230202">
        <ele>279.549580</ele>
        <time>2021-07-24T16:24:37.000Z</time>
      </trkpt>
      <trkpt lat="49.028752" lon="9.230147">
        <ele>279.550235</ele>
        <time>2021-07-24T16:24:38.000Z</time>
      </trkpt>
      <trkpt lat="49.028791" lon="9.230079">
        <ele>279.550997</ele>
        <time>2021-07-24T16:24:39.000Z</time>
      </trkpt>
      <trkpt lat="49.028827" lon="9.230017">
        <ele>279.551694</ele>
        <time>2021-07-24T16:24:40.000Z</time>
      </trkpt>
      <trkpt lat="49.028865" lon="9.229963">
        <ele>279.552362</ele>
        <time>2021-07-24T16:24:41.000Z</time>
      </trkpt>
      <trkpt lat="49.028896" lon="9.229900">
        <ele>279.553026</ele>
        <time>2021-07-24T16:24:42.000Z</time>
      </trkpt>
      <trkpt lat="49.028934" lon="9.229850">
        <ele>279.553671</ele>
        <time>2021-07-24T16:24:43.000Z</time>
      </trkpt>
      <trkpt lat="49.028975" lon="9.229795">
        <ele>279.554373</ele>
        <time>2021-07-24T16:24:44.000Z</time>
      </trkpt>
      <trkpt lat="49.029010" lon="9.229741">
        <ele>279.555013</ele>
        <time>2021-07-24T16:24:45.000Z</time>
      </trkpt>
      <trkpt lat="49.029044" lon="9.229688">
        <ele>279.555637</ele>
        <time>2021-07-24T16:24:46.000Z</time>
      </trkpt>
      <trkpt lat="49.029081" lon="9.229629">
        <ele>279.556326</ele>
        <time>2021-07-24T16:24:47.000Z</time>
      </trkpt>
      <trkpt lat="49.029114" lon="9.229579">
        <ele>279.556923</ele>
        <time>2021-07-24T16:24:48.000Z</time>
      </trkpt>
      <trkpt lat="49.029149" lon="9.229528">
        <ele>279.557546</ele>
        <time>2021-07-24T16:24:49.000Z</time>
      </trkpt>
      <trkpt lat="49.029175" lon="9.229471">
        <ele>279.558131</ele>
        <time>2021-07-24T16:24:50.000Z</time>
      </trkpt>
      <trkpt lat="49.029211" lon="9.229419">
        <ele>279.558768</ele>
        <time>2021-07-24T16:24:51.000Z</time>
      </trkpt>
      <trkpt lat="49.029240" lon="9.229359">
        <ele>279.559396</ele>
        <time>2021-07-24T16:24:52.000Z</time>
      </trkpt>
      <trkpt lat="49.029277" lon="9.229303">
        <ele>279.560066</ele>
        <time>2021-07-24T16:24:53.000Z</time>
      </trkpt>
      <trkpt lat="49.029309" lon="9.229245">
        <ele>279.560705</ele>
        <time>2021-07-24T16:24:54.000Z</time>
      </trkpt>
      <trkpt lat="49.029341" lon="9.229187">
        <ele>279.561344</ele>
        <time>2021-07-24T16:24:55.000Z</time>
      </trkpt>
      <trkpt lat="49.029373" lon="9.229131">
        <ele>279.561970</ele>
        <time>2021-07-24T16:24:56.000Z</time>
      </trkpt>
      <trkpt lat="49.029412" lon="9.229076">
        <ele>279.562653</ele>
        <time>2021-07-24T16:24:57.000Z</time>
      </trkpt>
      <trkpt lat="49.029449" lon="9.229023">
        <ele>279.563305</ele>
        <time>2021-07-24T16:24:58.000Z</time>
      </trkpt>
      <trkpt lat="49.029481" lon="9.228969">
        <ele>279.563918</ele>
        <time>2021-07-24T16:24:59.000Z</time>
      </trkpt>
      <trkpt lat="49.029510" lon="9.228924">
        <ele>279.564450</ele>
        <time>2021-07-24T16:25:00.000Z</time>
      </trkpt>
      <trkpt lat="49.029543" lon="9.228878">
        <ele>279.565025</ele>
        <time>2021-07-24T16:25:01.000Z</time>
      </trkpt>
      <trkpt lat="49.029568" lon="9.228827">
        <ele>279.565561</ele>
        <time>2021-07-24T16:25:02.000Z</time>
      </trkpt>
      <trkpt lat="49.029600" lon="9.228790">
        <ele>279.566077</ele>
        <time>2021-07-24T16:25:03.000Z</time>
      </trkpt>
      <trkpt lat="49.029619" lon="9.228753">
        <ele>279.566474</ele>
        <time>2021-07-24T16:25:04.000Z</time>
      </trkpt>
      <trkpt lat="49.029637" lon="9.228721">
        <ele>279.566829</ele>
        <time>2021-07-24T16:25:05.000Z</time>
      </trkpt>
      <trkpt lat="49.029654" lon="9.228680">
        <ele>279.567238</ele>
        <time>2021-07-24T16:25:06.000Z</time>
      </trkpt>
      <trkpt lat="49.029671" lon="9.228657">
        <ele>279.567530</ele>
        <time>2021-07-24T16:25:07.000Z</time>
      </trkpt>
      <trkpt lat="49.029683" lon="9.228631">
        <ele>279.567798</ele>
        <time>2021-07-24T16:25:08.000Z</time>
      </trkpt>
      <trkpt lat="49.029701" lon="9.228596">
        <ele>279.568173</ele>
        <time>2021-07-24T16:25:09.000Z</time>
      </trkpt>
      <trkpt lat="49.029724" lon="9.228558">
        <ele>279.568608</ele>
        <time>2021-07-24T16:25:10.000Z</time>
      </trkpt>
      <trkpt lat="49.029754" lon="9.228518">
        <ele>279.553237</ele>
        <time>2021-07-24T16:25:11.000Z</time>
      </trkpt>
      <trkpt lat="49.029784" lon="9.228477">
        <ele>279.504633</ele>
        <time>2021-07-24T16:25:12.000Z</time>
      </trkpt>
      <trkpt lat="49.029814" lon="9.228433">
        <ele>279.454413</ele>
        <time>2021-07-24T16:25:13.000Z</time>
      </trkpt>
      <trkpt lat="49.029841" lon="9.228381">
        <ele>279.401937</ele>
        <time>2021-07-24T16:25:14.000Z</time>
      </trkpt>
      <trkpt lat="49.029873" lon="9.228321">
        <ele>279.340748</ele>
        <time>2021-07-24T16:25:15.000Z</time>
      </trkpt>
      <trkpt lat="49.029904" lon="9.228265">
        <ele>279.282767</ele>
        <time>2021-07-24T16:25:16.000Z</time>
      </trkpt>
      <trkpt lat="49.029933" lon="9.228211">
        <ele>279.227545</ele>
        <time>2021-07-24T16:25:17.000Z</time>
      </trkpt>
      <trkpt lat="49.029964" lon="9.228153">
        <ele>279.168345</ele>
        <time>2021-07-24T16:25:18.000Z</time>
      </trkpt>
      <trkpt lat="49.029996" lon="9.228096">
        <ele>279.108979</ele>
        <time>2021-07-24T16:25:19.000Z</time>
      </trkpt>
      <trkpt lat="49.030036" lon="9.228032">
        <ele>279.039029</ele>
        <time>2021-07-24T16:25:20.000Z</time>
      </trkpt>
      <trkpt lat="49.030076" lon="9.227960">
        <ele>278.964370</ele>
        <time>2021-07-24T16:25:21.000Z</time>
      </trkpt>
      <trkpt lat="49.030113" lon="9.227907">
        <ele>278.903123</ele>
        <time>2021-07-24T16:25:22.000Z</time>
      </trkpt>
      <trkpt lat="49.030159" lon="9.227837">
        <ele>278.824717</ele>
        <time>2021-07-24T16:25:23.000Z</time>
      </trkpt>
      <trkpt lat="49.030200" lon="9.227772">
        <ele>278.753361</ele>
        <time>2021-07-24T16:25:24.000Z</time>
      </trkpt>
      <trkpt lat="49.030243" lon="9.227709">
        <ele>278.681416</ele>
        <time>2021-07-24T16:25:25.000Z</time>
      </trkpt>
      <trkpt lat="49.030277" lon="9.227642">
        <ele>278.614390</ele>
        <time>2021-07-24T16:25:26.000Z</time>
      </trkpt>
      <trkpt lat="49.030317" lon="9.227577">
        <ele>278.543865</ele>
        <time>2021-07-24T16:25:27.000Z</time>
      </trkpt>
      <trkpt lat="49.030363" lon="9.227516">
        <ele>278.470315</ele>
        <time>2021-07-24T16:25:28.000Z</time>
      </trkpt>
      <trkpt lat="49.030392" lon="9.227442">
        <ele>278.402112</ele>
        <time>2021-07-24T16:25:29.000Z</time>
      </trkpt>
      <trkpt lat="49.030424" lon="9.227386">
        <ele>278.343345</ele>
        <time>2021-07-24T16:25:30.000Z</time>
      </trkpt>
      <trkpt lat="49.030460" lon="9.227324">
        <ele>278.277827</ele>
        <time>2021-07-24T16:25:31.000Z</time>
      </trkpt>
      <trkpt lat="49.030502" lon="9.227253">
        <ele>278.202175</ele>
        <time>2021-07-24T16:25:32.000Z</time>
      </trkpt>
      <trkpt lat="49.030546" lon="9.227187">
        <ele>278.127711</ele>
        <time>2021-07-24T16:25:33.000Z</time>
      </trkpt>
      <trkpt lat="49.030581" lon="9.227118">
        <ele>278.058695</ele>
        <time>2021-07-24T16:25:34.000Z</time>
      </trkpt>
      <trkpt lat="49.030621" lon="9.227047">
        <ele>277.984638</ele>
        <time>2021-07-24T16:25:35.000Z</time>
      </trkpt>
      <trkpt lat="49.030665" lon="9.226975">
        <ele>277.906772</ele>
        <time>2021-07-24T16:25:36.000Z</time>
      </trkpt>
      <trkpt lat="49.030711" lon="9.226900">
        <ele>277.825525</ele>
        <time>2021-07-24T16:25:37.000Z</time>
      </trkpt>
      <trkpt lat="49.030746" lon="9.226832">
        <ele>277.757133</ele>
        <time>2021-07-24T16:25:38.000Z</time>
      </trkpt>
      <trkpt lat="49.030784" lon="9.226764">
        <ele>277.686448</ele>
        <time>2021-07-24T16:25:39.000Z</time>
      </trkpt>
      <trkpt lat="49.030825" lon="9.226680">
        <ele>277.603603</ele>
        <time>2021-07-24T16:25:40.000Z</time>
      </trkpt>
      <trkpt lat="49.030865" lon="9.226608">
        <ele>277.528944</ele>
        <time>2021-07-24T16:25:41.000Z</time>
      </trkpt>
      <trkpt lat="49.030902" lon="9.226533">
        <ele>277.454691</ele>
        <time>2021-07-24T16:25:42.000Z</time>
      </trkpt>
      <trkpt lat="49.030939" lon="9.226453">
        <ele>277.370580</ele>
        <time>2021-07-24T16:25:43.000Z</time>
      </trkpt>
      <trkpt lat="49.030982" lon="9.226374">
        <ele>277.264147</ele>
        <time>2021-07-24T16:25:44.000Z</time>
      </trkpt>
      <trkpt lat="49.031015" lon="9.226292">
        <ele>277.164411</ele>
        <time>2021-07-24T16:25:45.000Z</time>
      </trkpt>
      <trkpt lat="49.031050" lon="9.226213">
        <ele>277.065576</ele>
        <time>2021-07-24T16:25:46.000Z</time>
      </trkpt>
      <trkpt lat="49.031084" lon="9.226122">
        <ele>276.957005</ele>
        <time>2021-07-24T16:25:47.000Z</time>
      </trkpt>
      <trkpt lat="49.031117" lon="9.226026">
        <ele>276.844644</ele>
        <time>2021-07-24T16:25:48.000Z</time>
      </trkpt>
      <trkpt lat="49.031158" lon="9.225936">
        <ele>276.731041</ele>
        <time>2021-07-24T16:25:49.000Z</time>
      </trkpt>
      <trkpt lat="49.031195" lon="9.225831">
        <ele>276.607475</ele>
        <time>2021-07-24T16:25:50.000Z</time>
      </trkpt>
      <trkpt lat="49.031234" lon="9.225731">
        <ele>276.486863</ele>
        <time>2021-07-24T16:25:51.000Z</time>
      </trkpt>
      <trkpt lat="49.031273" lon="9.225627">
        <ele>276.362669</ele>
        <time>2021-07-24T16:25:52.000Z</time>
      </trkpt>
      <trkpt lat="49.031320" lon="9.225530">
        <ele>276.237642</ele>
        <time>2021-07-24T16:25:53.000Z</time>
      </trkpt>
      <trkpt lat="49.031358" lon="9.225432">
        <ele>276.119620</ele>
        <time>2021-07-24T16:25:54.000Z</time>
      </trkpt>
      <trkpt lat="49.031404" lon="9.225331">
        <ele>275.992143</ele>
        <time>2021-07-24T16:25:55.000Z</time>
      </trkpt>
      <trkpt lat="49.031454" lon="9.225230">
        <ele>275.860955</ele>
        <time>2021-07-24T16:25:56.000Z</time>
      </trkpt>
      <trkpt lat="49.031500" lon="9.225134">
        <ele>275.737699</ele>
        <time>2021-07-24T16:25:57.000Z</time>
      </trkpt>
      <trkpt lat="49.031554" lon="9.225034">
        <ele>275.603408</ele>
        <time>2021-07-24T16:25:58.000Z</time>
      </trkpt>
      <trkpt lat="49.031605" lon="9.224946">
        <ele>275.481660</ele>
        <time>2021-07-24T16:25:59.000Z</time>
      </trkpt>
      <trkpt lat="49.031656" lon="9.224869">
        <ele>275.368204</ele>
        <time>2021-07-24T16:26:00.000Z</time>
      </trkpt>
      <trkpt lat="49.031714" lon="9.224788">
        <ele>275.243872</ele>
        <time>2021-07-24T16:26:01.000Z</time>
      </trkpt>
      <trkpt lat="49.031773" lon="9.224723">
        <ele>275.128802</ele>
        <time>2021-07-24T16:26:02.000Z</time>
      </trkpt>
      <trkpt lat="49.031842" lon="9.224658">
        <ele>275.000581</ele>
        <time>2021-07-24T16:26:03.000Z</time>
      </trkpt>
      <trkpt lat="49.031905" lon="9.224592">
        <ele>274.879745</ele>
        <time>2021-07-24T16:26:04.000Z</time>
      </trkpt>
      <trkpt lat="49.031982" lon="9.224519">
        <ele>274.736405</ele>
        <time>2021-07-24T16:26:05.000Z</time>
      </trkpt>
      <trkpt lat="49.032045" lon="9.224458">
        <ele>274.618425</ele>
        <time>2021-07-24T16:26:06.000Z</time>
      </trkpt>
      <trkpt lat="49.032115" lon="9.224385">
        <ele>274.487649</ele>
        <time>2021-07-24T16:26:07.000Z</time>
      </trkpt>
      <trkpt lat="49.032171" lon="9.224331">
        <ele>274.387782</ele>
        <time>2021-07-24T16:26:08.000Z</time>
      </trkpt>
      <trkpt lat="49.032234" lon="9.224250">
        <ele>274.263580</ele>
        <time>2021-07-24T16:26:09.000Z</time>
      </trkpt>
      <trkpt lat="49.032298" lon="9.224180">
        <ele>274.144869</ele>
        <time>2021-07-24T16:26:10.000Z</time>
      </trkpt>
      <trkpt lat="49.032363" lon="9.224111">
        <ele>274.025497</ele>
        <time>2021-07-24T16:26:11.000Z</time>
      </trkpt>
      <trkpt lat="49.032420" lon="9.224035">
        <ele>273.911377</ele>
        <time>2021-07-24T16:26:12.000Z</time>
      </trkpt>
      <trkpt lat="49.032481" lon="9.223972">
        <ele>273.800332</ele>
        <time>2021-07-24T16:26:13.000Z</time>
      </trkpt>
      <trkpt lat="49.032547" lon="9.223905">
        <ele>273.680826</ele>
        <time>2021-07-24T16:26:14.000Z</time>
      </trkpt>
      <trkpt lat="49.032613" lon="9.223843">
        <ele>273.563985</ele>
        <time>2021-07-24T16:26:15.000Z</time>
      </trkpt>
      <trkpt lat="49.032673" lon="9.223781">
        <ele>273.454743</ele>
        <time>2021-07-24T16:26:16.000Z</time>
      </trkpt>
      <trkpt lat="49.032729" lon="9.223708">
        <ele>273.343702</ele>
        <time>2021-07-24T16:26:17.000Z</time>
      </trkpt>
      <trkpt lat="49.032797" lon="9.223640">
        <ele>273.221136</ele>
        <time>2021-07-24T16:26:18.000Z</time>
      </trkpt>
      <trkpt lat="49.032861" lon="9.223568">
        <ele>273.101263</ele>
        <time>2021-07-24T16:26:19.000Z</time>
      </trkpt>
      <trkpt lat="49.032927" lon="9.223502">
        <ele>272.982302</ele>
        <time>2021-07-24T16:26:20.000Z</time>
      </trkpt>
      <trkpt lat="49.032992" lon="9.223437">
        <ele>272.865144</ele>
        <time>2021-07-24T16:26:21.000Z</time>
      </trkpt>
      <trkpt lat="49.033060" lon="9.223359">
        <ele>272.736893</ele>
        <time>2021-07-24T16:26:22.000Z</time>
      </trkpt>
      <trkpt lat="49.033126" lon="9.223288">
        <ele>272.615153</ele>
        <time>2021-07-24T16:26:23.000Z</time>
      </trkpt>
      <trkpt lat="49.033185" lon="9.223212">
        <ele>272.498747</ele>
        <time>2021-07-24T16:26:24.000Z</time>
      </trkpt>
      <trkpt lat="49.033239" lon="9.223145">
        <ele>272.393820</ele>
        <time>2021-07-24T16:26:25.000Z</time>
      </trkpt>
      <trkpt lat="49.033300" lon="9.223062">
        <ele>272.270602</ele>
        <time>2021-07-24T16:26:26.000Z</time>
      </trkpt>
      <trkpt lat="49.033356" lon="9.222991">
        <ele>272.160835</ele>
        <time>2021-07-24T16:26:27.000Z</time>
      </trkpt>
      <trkpt lat="49.033413" lon="9.222918">
        <ele>272.048645</ele>
        <time>2021-07-24T16:26:28.000Z</time>
      </trkpt>
      <trkpt lat="49.033473" lon="9.222850">
        <ele>271.935970</ele>
        <time>2021-07-24T16:26:29.000Z</time>
      </trkpt>
      <trkpt lat="49.033531" lon="9.222775">
        <ele>271.824352</ele>
        <time>2021-07-24T16:26:30.000Z</time>
      </trkpt>
      <trkpt lat="49.033586" lon="9.222707">
        <ele>271.731880</ele>
        <time>2021-07-24T16:26:31.000Z</time>
      </trkpt>
      <trkpt lat="49.033641" lon="9.222624">
        <ele>271.630825</ele>
        <time>2021-07-24T16:26:32.000Z</time>
      </trkpt>
      <trkpt lat="49.033703" lon="9.222540">
        <ele>271.522512</ele>
        <time>2021-07-24T16:26:33.000Z</time>
      </trkpt>
      <trkpt lat="49.033767" lon="9.222468">
        <ele>271.418643</ele>
        <time>2021-07-24T16:26:34.000Z</time>
      </trkpt>
      <trkpt lat="49.033824" lon="9.222392">
        <ele>271.319760</ele>
        <time>2021-07-24T16:26:35.000Z</time>
      </trkpt>
      <trkpt lat="49.033879" lon="9.222314">
        <ele>271.221669</ele>
        <time>2021-07-24T16:26:36.000Z</time>
      </trkpt>
      <trkpt lat="49.033932" lon="9.222242">
        <ele>271.128970</ele>
        <time>2021-07-24T16:26:37.000Z</time>
      </trkpt>
      <trkpt lat="49.033992" lon="9.222170">
        <ele>271.029257</ele>
        <time>2021-07-24T16:26:38.000Z</time>
      </trkpt>
      <trkpt lat="49.034051" lon="9.222104">
        <ele>270.933693</ele>
        <time>2021-07-24T16:26:39.000Z</time>
      </trkpt>
      <trkpt lat="49.034120" lon="9.222024">
        <ele>270.820490</ele>
        <time>2021-07-24T16:26:40.000Z</time>
      </trkpt>
      <trkpt lat="49.034172" lon="9.221959">
        <ele>270.732678</ele>
        <time>2021-07-24T16:26:41.000Z</time>
      </trkpt>
      <trkpt lat="49.034231" lon="9.221879">
        <ele>270.629570</ele>
        <time>2021-07-24T16:26:42.000Z</time>
      </trkpt>
      <trkpt lat="49.034291" lon="9.221804">
        <ele>270.528249</ele>
        <time>2021-07-24T16:26:43.000Z</time>
      </trkpt>
      <trkpt lat="49.034348" lon="9.221755">
        <ele>270.442791</ele>
        <time>2021-07-24T16:26:44.000Z</time>
      </trkpt>
      <trkpt lat="49.034408" lon="9.221676">
        <ele>270.339265</ele>
        <time>2021-07-24T16:26:45.000Z</time>
      </trkpt>
      <trkpt lat="49.034470" lon="9.221599">
        <ele>270.234837</ele>
        <time>2021-07-24T16:26:46.000Z</time>
      </trkpt>
      <trkpt lat="49.034528" lon="9.221512">
        <ele>270.128589</ele>
        <time>2021-07-24T16:26:47.000Z</time>
      </trkpt>
      <trkpt lat="49.034585" lon="9.221424">
        <ele>270.022660</ele>
        <time>2021-07-24T16:26:48.000Z</time>
      </trkpt>
      <trkpt lat="49.034638" lon="9.221341">
        <ele>269.923447</ele>
        <time>2021-07-24T16:26:49.000Z</time>
      </trkpt>
      <trkpt lat="49.034688" lon="9.221253">
        <ele>269.823732</ele>
        <time>2021-07-24T16:26:50.000Z</time>
      </trkpt>
      <trkpt lat="49.034736" lon="9.221159">
        <ele>269.721705</ele>
        <time>2021-07-24T16:26:51.000Z</time>
      </trkpt>
      <trkpt lat="49.034781" lon="9.221077">
        <ele>269.630136</ele>
        <time>2021-07-24T16:26:52.000Z</time>
      </trkpt>
      <trkpt lat="49.034824" lon="9.220989">
        <ele>269.536155</ele>
        <time>2021-07-24T16:26:53.000Z</time>
      </trkpt>
      <trkpt lat="49.034875" lon="9.220904">
        <ele>269.425308</ele>
        <time>2021-07-24T16:26:54.000Z</time>
      </trkpt>
      <trkpt lat="49.034924" lon="9.220824">
        <ele>269.311553</ele>
        <time>2021-07-24T16:26:55.000Z</time>
      </trkpt>
      <trkpt lat="49.034983" lon="9.220744">
        <ele>269.186441</ele>
        <time>2021-07-24T16:26:56.000Z</time>
      </trkpt>
      <trkpt lat="49.035030" lon="9.220650">
        <ele>269.063608</ele>
        <time>2021-07-24T16:26:57.000Z</time>
      </trkpt>
      <trkpt lat="49.035084" lon="9.220566">
        <ele>268.941371</ele>
        <time>2021-07-24T16:26:58.000Z</time>
      </trkpt>
      <trkpt lat="49.035140" lon="9.220466">
        <ele>268.804722</ele>
        <time>2021-07-24T16:26:59.000Z</time>
      </trkpt>
      <trkpt lat="49.035175" lon="9.220371">
        <ele>268.691496</ele>
        <time>2021-07-24T16:27:00.000Z</time>
      </trkpt>
      <trkpt lat="49.035229" lon="9.220291">
        <ele>268.572190</ele>
        <time>2021-07-24T16:27:01.000Z</time>
      </trkpt>
      <trkpt lat="49.035280" lon="9.220199">
        <ele>268.447007</ele>
        <time>2021-07-24T16:27:02.000Z</time>
      </trkpt>
      <trkpt lat="49.035328" lon="9.220093">
        <ele>268.313151</ele>
        <time>2021-07-24T16:27:03.000Z</time>
      </trkpt>
      <trkpt lat="49.035378" lon="9.220000">
        <ele>268.188184</ele>
        <time>2021-07-24T16:27:04.000Z</time>
      </trkpt>
      <trkpt lat="49.035430" lon="9.219896">
        <ele>268.052285</ele>
        <time>2021-07-24T16:27:05.000Z</time>
      </trkpt>
      <trkpt lat="49.035479" lon="9.219792">
        <ele>267.919215</ele>
        <time>2021-07-24T16:27:06.000Z</time>
      </trkpt>
      <trkpt lat="49.035531" lon="9.219686">
        <ele>267.781658</ele>
        <time>2021-07-24T16:27:07.000Z</time>
      </trkpt>
      <trkpt lat="49.035596" lon="9.219582">
        <ele>267.632363</ele>
        <time>2021-07-24T16:27:08.000Z</time>
      </trkpt>
      <trkpt lat="49.035642" lon="9.219472">
        <ele>267.496799</ele>
        <time>2021-07-24T16:27:09.000Z</time>
      </trkpt>
      <trkpt lat="49.035691" lon="9.219362">
        <ele>267.358619</ele>
        <time>2021-07-24T16:27:10.000Z</time>
      </trkpt>
      <trkpt lat="49.035746" lon="9.219252">
        <ele>267.214880</ele>
        <time>2021-07-24T16:27:11.000Z</time>
      </trkpt>
      <trkpt lat="49.035803" lon="9.219152">
        <ele>267.077198</ele>
        <time>2021-07-24T16:27:12.000Z</time>
      </trkpt>
      <trkpt lat="49.035859" lon="9.219044">
        <ele>266.934128</ele>
        <time>2021-07-24T16:27:13.000Z</time>
      </trkpt>
      <trkpt lat="49.035915" lon="9.218935">
        <ele>266.790242</ele>
        <time>2021-07-24T16:27:14.000Z</time>
      </trkpt>
      <trkpt lat="49.035975" lon="9.218827">
        <ele>266.643018</ele>
        <time>2021-07-24T16:27:15.000Z</time>
      </trkpt>
      <trkpt lat="49.036017" lon="9.218727">
        <ele>266.498615</ele>
        <time>2021-07-24T16:27:16.000Z</time>
      </trkpt>
      <trkpt lat="49.036057" lon="9.218634">
        <ele>266.363372</ele>
        <time>2021-07-24T16:27:17.000Z</time>
      </trkpt>
      <trkpt lat="49.036117" lon="9.218516">
        <ele>266.181799</ele>
        <time>2021-07-24T16:27:18.000Z</time>
      </trkpt>
      <trkpt lat="49.036160" lon="9.218399">
        <ele>266.018708</ele>
        <time>2021-07-24T16:27:19.000Z</time>
      </trkpt>
      <trkpt lat="49.036199" lon="9.218278">
        <ele>265.854765</ele>
        <time>2021-07-24T16:27:20.000Z</time>
      </trkpt>
      <trkpt lat="49.036223" lon="9.218155">
        <ele>265.698725</ele>
        <time>2021-07-24T16:27:21.000Z</time>
      </trkpt>
      <trkpt lat="49.036249" lon="9.218015">
        <ele>265.521801</ele>
        <time>2021-07-24T16:27:22.000Z</time>
      </trkpt>
      <trkpt lat="49.036261" lon="9.217881">
        <ele>265.357357</ele>
        <time>2021-07-24T16:27:23.000Z</time>
      </trkpt>
      <trkpt lat="49.036272" lon="9.217757">
        <ele>265.205212</ele>
        <time>2021-07-24T16:27:24.000Z</time>
      </trkpt>
      <trkpt lat="49.036251" lon="9.217643">
        <ele>265.061231</ele>
        <time>2021-07-24T16:27:25.000Z</time>
      </trkpt>
      <trkpt lat="49.036253" lon="9.217513">
        <ele>264.903121</ele>
        <time>2021-07-24T16:27:26.000Z</time>
      </trkpt>
      <trkpt lat="49.036255" lon="9.217384">
        <ele>264.746226</ele>
        <time>2021-07-24T16:27:27.000Z</time>
      </trkpt>
      <trkpt lat="49.036242" lon="9.217273">
        <ele>264.609125</ele>
        <time>2021-07-24T16:27:28.000Z</time>
      </trkpt>
      <trkpt lat="49.036250" lon="9.217151">
        <ele>264.460045</ele>
        <time>2021-07-24T16:27:29.000Z</time>
      </trkpt>
      <trkpt lat="49.036238" lon="9.217042">
        <ele>264.325656</ele>
        <time>2021-07-24T16:27:30.000Z</time>
      </trkpt>
      <trkpt lat="49.036230" lon="9.216927">
        <ele>264.185042</ele>
        <time>2021-07-24T16:27:31.000Z</time>
      </trkpt>
      <trkpt lat="49.036215" lon="9.216815">
        <ele>264.046049</ele>
        <time>2021-07-24T16:27:32.000Z</time>
      </trkpt>
      <trkpt lat="49.036208" lon="9.216704">
        <ele>263.910461</ele>
        <time>2021-07-24T16:27:33.000Z</time>
      </trkpt>
      <trkpt lat="49.036204" lon="9.216604">
        <ele>263.788645</ele>
        <time>2021-07-24T16:27:34.000Z</time>
      </trkpt>
      <trkpt lat="49.036198" lon="9.216490">
        <ele>263.649586</ele>
        <time>2021-07-24T16:27:35.000Z</time>
      </trkpt>
      <trkpt lat="49.036183" lon="9.216385">
        <ele>263.518920</ele>
        <time>2021-07-24T16:27:36.000Z</time>
      </trkpt>
      <trkpt lat="49.036176" lon="9.216278">
        <ele>263.388173</ele>
        <time>2021-07-24T16:27:37.000Z</time>
      </trkpt>
      <trkpt lat="49.036195" lon="9.216165">
        <ele>263.283096</ele>
        <time>2021-07-24T16:27:38.000Z</time>
      </trkpt>
      <trkpt lat="49.036187" lon="9.216058">
        <ele>263.230169</ele>
        <time>2021-07-24T16:27:39.000Z</time>
      </trkpt>
      <trkpt lat="49.036206" lon="9.215966">
        <ele>263.182765</ele>
        <time>2021-07-24T16:27:40.000Z</time>
      </trkpt>
      <trkpt lat="49.036231" lon="9.215857">
        <ele>263.126012</ele>
        <time>2021-07-24T16:27:41.000Z</time>
      </trkpt>
      <trkpt lat="49.036246" lon="9.215763">
        <ele>263.078467</ele>
        <time>2021-07-24T16:27:42.000Z</time>
      </trkpt>
      <trkpt lat="49.036290" lon="9.215654">
        <ele>263.015558</ele>
        <time>2021-07-24T16:27:43.000Z</time>
      </trkpt>
      <trkpt lat="49.036336" lon="9.215550">
        <ele>262.953901</ele>
        <time>2021-07-24T16:27:44.000Z</time>
      </trkpt>
      <trkpt lat="49.036366" lon="9.215443">
        <ele>262.896709</ele>
        <time>2021-07-24T16:27:45.000Z</time>
      </trkpt>
      <trkpt lat="49.036394" lon="9.215343">
        <ele>262.843268</ele>
        <time>2021-07-24T16:27:46.000Z</time>
      </trkpt>
      <trkpt lat="49.036420" lon="9.215249">
        <ele>262.793128</ele>
        <time>2021-07-24T16:27:47.000Z</time>
      </trkpt>
      <trkpt lat="49.036433" lon="9.215166">
        <ele>262.751190</ele>
        <time>2021-07-24T16:27:48.000Z</time>
      </trkpt>
      <trkpt lat="49.036469" lon="9.215076">
        <ele>262.699376</ele>
        <time>2021-07-24T16:27:49.000Z</time>
      </trkpt>
      <trkpt lat="49.036502" lon="9.214981">
        <ele>262.646539</ele>
        <time>2021-07-24T16:27:50.000Z</time>
      </trkpt>
      <trkpt lat="49.036541" lon="9.214890">
        <ele>262.593108</ele>
        <time>2021-07-24T16:27:51.000Z</time>
      </trkpt>
      <trkpt lat="49.036564" lon="9.214799">
        <ele>262.545178</ele>
        <time>2021-07-24T16:27:52.000Z</time>
      </trkpt>
      <trkpt lat="49.036599" lon="9.214723">
        <ele>262.499533</ele>
        <time>2021-07-24T16:27:53.000Z</time>
      </trkpt>
      <trkpt lat="49.036616" lon="9.214645">
        <ele>262.459137</ele>
        <time>2021-07-24T16:27:54.000Z</time>
      </trkpt>
      <trkpt lat="49.036627" lon="9.214563">
        <ele>262.418003</ele>
        <time>2021-07-24T16:27:55.000Z</time>
      </trkpt>
      <trkpt lat="49.036637" lon="9.214484">
        <ele>262.378461</ele>
        <time>2021-07-24T16:27:56.000Z</time>
      </trkpt>
      <trkpt lat="49.036655" lon="9.214406">
        <ele>262.337822</ele>
        <time>2021-07-24T16:27:57.000Z</time>
      </trkpt>
      <trkpt lat="49.036670" lon="9.214346">
        <ele>262.306264</ele>
        <time>2021-07-24T16:27:58.000Z</time>
      </trkpt>
      <trkpt lat="49.036693" lon="9.214301">
        <ele>262.278222</ele>
        <time>2021-07-24T16:27:59.000Z</time>
      </trkpt>
      <trkpt lat="49.036718" lon="9.214257">
        <ele>262.249606</ele>
        <time>2021-07-24T16:28:00.000Z</time>
      </trkpt>
      <trkpt lat="49.036740" lon="9.214241">
        <ele>262.231336</ele>
        <time>2021-07-24T16:28:01.000Z</time>
      </trkpt>
      <trkpt lat="49.036754" lon="9.214235">
        <ele>262.220434</ele>
        <time>2021-07-24T16:28:02.000Z</time>
      </trkpt>
      <trkpt lat="49.036760" lon="9.214230">
        <ele>262.215309</ele>
        <time>2021-07-24T16:28:03.000Z</time>
      </trkpt>
      <trkpt lat="49.036766" lon="9.214227">
        <ele>262.210576</ele>
        <time>2021-07-24T16:28:04.000Z</time>
      </trkpt>
      <trkpt lat="49.036762" lon="9.214234">
        <ele>262.206012</ele>
        <time>2021-07-24T16:28:05.000Z</time>
      </trkpt>
      <trkpt lat="49.036763" lon="9.214237">
        <ele>262.204358</ele>
        <time>2021-07-24T16:28:06.000Z</time>
      </trkpt>
      <trkpt lat="49.036762" lon="9.214245">
        <ele>262.200356</ele>
        <time>2021-07-24T16:28:07.000Z</time>
      </trkpt>
      <trkpt lat="49.036759" lon="9.214247">
        <ele>262.197901</ele>
        <time>2021-07-24T16:28:08.000Z</time>
      </trkpt>
      <trkpt lat="49.036755" lon="9.214251">
        <ele>262.194316</ele>
        <time>2021-07-24T16:28:09.000Z</time>
      </trkpt>
      <trkpt lat="49.036753" lon="9.214252">
        <ele>262.192738</ele>
        <time>2021-07-24T16:28:10.000Z</time>
      </trkpt>
      <trkpt lat="49.036753" lon="9.214251">
        <ele>262.192246</ele>
        <time>2021-07-24T16:28:11.000Z</time>
      </trkpt>
      <trkpt lat="49.036751" lon="9.214253">
        <ele>262.190454</ele>
        <time>2021-07-24T16:28:12.000Z</time>
      </trkpt>
      <trkpt lat="49.036753" lon="9.214253">
        <ele>262.188954</ele>
        <time>2021-07-24T16:28:13.000Z</time>
      </trkpt>
      <trkpt lat="49.036752" lon="9.214256">
        <ele>262.187300</ele>
        <time>2021-07-24T16:28:14.000Z</time>
      </trkpt>
      <trkpt lat="49.036752" lon="9.214256">
        <ele>262.187300</ele>
        <time>2021-07-24T16:28:15.000Z</time>
      </trkpt>
      <trkpt lat="49.036753" lon="9.214258">
        <ele>262.186064</ele>
        <time>2021-07-24T16:28:16.000Z</time>
      </trkpt>
      <trkpt lat="49.036756" lon="9.214260">
        <ele>262.183610</ele>
        <time>2021-07-24T16:28:17.000Z</time>
      </trkpt>
      <trkpt lat="49.036756" lon="9.214257">
        <ele>262.182136</ele>
        <time>2021-07-24T16:28:18.000Z</time>
      </trkpt>
      <trkpt lat="49.036756" lon="9.214258">
        <ele>262.181644</ele>
        <time>2021-07-24T16:28:19.000Z</time>
      </trkpt>
      <trkpt lat="49.036772" lon="9.214245">
        <ele>262.168054</ele>
        <time>2021-07-24T16:28:20.000Z</time>
      </trkpt>
      <trkpt lat="49.036788" lon="9.214259">
        <ele>262.154227</ele>
        <time>2021-07-24T16:28:21.000Z</time>
      </trkpt>
      <trkpt lat="49.036812" lon="9.214260">
        <ele>262.136228</ele>
        <time>2021-07-24T16:28:22.000Z</time>
      </trkpt>
      <trkpt lat="49.036841" lon="9.214251">
        <ele>262.114043</ele>
        <time>2021-07-24T16:28:23.000Z</time>
      </trkpt>
      <trkpt lat="49.036873" lon="9.214240">
        <ele>262.089453</ele>
        <time>2021-07-24T16:28:24.000Z</time>
      </trkpt>
      <trkpt lat="49.036906" lon="9.214226">
        <ele>262.063776</ele>
        <time>2021-07-24T16:28:25.000Z</time>
      </trkpt>
      <trkpt lat="49.036939" lon="9.214205">
        <ele>262.036971</ele>
        <time>2021-07-24T16:28:26.000Z</time>
      </trkpt>
      <trkpt lat="49.036972" lon="9.214182">
        <ele>262.009773</ele>
        <time>2021-07-24T16:28:27.000Z</time>
      </trkpt>
      <trkpt lat="49.037005" lon="9.214154">
        <ele>261.981465</ele>
        <time>2021-07-24T16:28:28.000Z</time>
      </trkpt>
      <trkpt lat="49.037038" lon="9.214127">
        <ele>261.976069</ele>
        <time>2021-07-24T16:28:29.000Z</time>
      </trkpt>
      <trkpt lat="49.037071" lon="9.214108">
        <ele>262.044845</ele>
        <time>2021-07-24T16:28:30.000Z</time>
      </trkpt>
      <trkpt lat="49.037102" lon="9.214094">
        <ele>262.107884</ele>
        <time>2021-07-24T16:28:31.000Z</time>
      </trkpt>
      <trkpt lat="49.037130" lon="9.214082">
        <ele>262.164594</ele>
        <time>2021-07-24T16:28:32.000Z</time>
      </trkpt>
      <trkpt lat="49.037153" lon="9.214071">
        <ele>262.211593</ele>
        <time>2021-07-24T16:28:33.000Z</time>
      </trkpt>
      <trkpt lat="49.037172" lon="9.214058">
        <ele>262.252196</ele>
        <time>2021-07-24T16:28:34.000Z</time>
      </trkpt>
      <trkpt lat="49.037185" lon="9.214049">
        <ele>262.280033</ele>
        <time>2021-07-24T16:28:35.000Z</time>
      </trkpt>
      <trkpt lat="49.037202" lon="9.214038">
        <ele>262.316039</ele>
        <time>2021-07-24T16:28:36.000Z</time>
      </trkpt>
      <trkpt lat="49.037220" lon="9.214025">
        <ele>262.354872</ele>
        <time>2021-07-24T16:28:37.000Z</time>
      </trkpt>
      <trkpt lat="49.037235" lon="9.214016">
        <ele>262.386301</ele>
        <time>2021-07-24T16:28:38.000Z</time>
      </trkpt>
      <trkpt lat="49.037249" lon="9.214009">
        <ele>262.415028</ele>
        <time>2021-07-24T16:28:39.000Z</time>
      </trkpt>
      <trkpt lat="49.037260" lon="9.214005">
        <ele>262.437077</ele>
        <time>2021-07-24T16:28:40.000Z</time>
      </trkpt>
      <trkpt lat="49.037269" lon="9.214005">
        <ele>262.454626</ele>
        <time>2021-07-24T16:28:41.000Z</time>
      </trkpt>
      <trkpt lat="49.037272" lon="9.214008">
        <ele>262.461620</ele>
        <time>2021-07-24T16:28:43.000Z</time>
      </trkpt>
      <trkpt lat="49.037273" lon="9.214017">
        <ele>262.473288</ele>
        <time>2021-07-24T16:28:44.000Z</time>
      </trkpt>
      <trkpt lat="49.037273" lon="9.214023">
        <ele>262.480958</ele>
        <time>2021-07-24T16:28:45.000Z</time>
      </trkpt>
      <trkpt lat="49.037272" lon="9.214026">
        <ele>262.485260</ele>
        <time>2021-07-24T16:28:46.000Z</time>
      </trkpt>
      <trkpt lat="49.037272" lon="9.214027">
        <ele>262.486538</ele>
        <time>2021-07-24T16:28:47.000Z</time>
      </trkpt>
      <trkpt lat="49.037270" lon="9.214026">
        <ele>262.490642</ele>
        <time>2021-07-24T16:28:48.000Z</time>
      </trkpt>
      <trkpt lat="49.037269" lon="9.214026">
        <ele>262.492592</ele>
        <time>2021-07-24T16:28:49.000Z</time>
      </trkpt>
      <trkpt lat="49.037267" lon="9.214026">
        <ele>262.496492</ele>
        <time>2021-07-24T16:28:50.000Z</time>
      </trkpt>
      <trkpt lat="49.037265" lon="9.214028">
        <ele>262.501155</ele>
        <time>2021-07-24T16:28:51.000Z</time>
      </trkpt>
      <trkpt lat="49.037264" lon="9.214030">
        <ele>262.504370</ele>
        <time>2021-07-24T16:28:52.000Z</time>
      </trkpt>
      <trkpt lat="49.037264" lon="9.214031">
        <ele>262.505648</ele>
        <time>2021-07-24T16:28:53.000Z</time>
      </trkpt>
      <trkpt lat="49.037264" lon="9.214032">
        <ele>262.506926</ele>
        <time>2021-07-24T16:28:54.000Z</time>
      </trkpt>
      <trkpt lat="49.037264" lon="9.214032">
        <ele>262.506926</ele>
        <time>2021-07-24T16:28:55.000Z</time>
      </trkpt>
      <trkpt lat="49.037264" lon="9.214032">
        <ele>262.506926</ele>
        <time>2021-07-24T16:28:57.000Z</time>
      </trkpt>
      <trkpt lat="49.037264" lon="9.214032">
        <ele>262.506926</ele>
        <time>2021-07-24T16:28:58.000Z</time>
      </trkpt>
      <trkpt lat="49.037264" lon="9.214032">
        <ele>262.506926</ele>
        <time>2021-07-24T16:29:00.000Z</time>
      </trkpt>
      <trkpt lat="49.037264" lon="9.214032">
        <ele>262.506926</ele>
        <time>2021-07-24T16:29:03.000Z</time>
      </trkpt>
      <trkpt lat="49.037264" lon="9.214032">
        <ele>262.506926</ele>
        <time>2021-07-24T16:29:06.000Z</time>
      </trkpt>
      <trkpt lat="49.037264" lon="9.214032">
        <ele>262.506926</ele>
        <time>2021-07-24T16:29:09.000Z</time>
      </trkpt>
      <trkpt lat="49.037264" lon="9.214032">
        <ele>262.506926</ele>
        <time>2021-07-24T16:29:18.000Z</time>
      </trkpt>
      <trkpt lat="49.037264" lon="9.214032">
        <ele>262.506926</ele>
        <time>2021-07-24T16:29:23.000Z</time>
      </trkpt>
      <trkpt lat="49.037264" lon="9.214032">
        <ele>262.506926</ele>
        <time>2021-07-24T16:29:27.000Z</time>
      </trkpt>
      <trkpt lat="49.037264" lon="9.214032">
        <ele>262.506926</ele>
        <time>2021-07-24T16:29:30.000Z</time>
      </trkpt>
      <trkpt lat="49.037264" lon="9.214032">
        <ele>262.506926</ele>
        <time>2021-07-24T16:29:32.000Z</time>
      </trkpt>
      <trkpt lat="49.037264" lon="9.214032">
        <ele>262.506926</ele>
        <time>2021-07-24T16:29:33.000Z</time>
      </trkpt>
      <trkpt lat="49.037264" lon="9.214032">
        <ele>262.506926</ele>
        <time>2021-07-24T16:29:36.000Z</time>
      </trkpt>
      <trkpt lat="49.037264" lon="9.214032">
        <ele>262.506926</ele>
        <time>2021-07-24T16:29:37.000Z</time>
      </trkpt>
      <trkpt lat="49.037264" lon="9.214032">
        <ele>262.506926</ele>
        <time>2021-07-24T16:29:42.000Z</time>
      </trkpt>
      <trkpt lat="49.037264" lon="9.214032">
        <ele>262.506926</ele>
        <time>2021-07-24T16:29:44.000Z</time>
      </trkpt>
      <trkpt lat="49.037264" lon="9.214031">
        <ele>262.508205</ele>
        <time>2021-07-24T16:29:45.000Z</time>
      </trkpt>
      <trkpt lat="49.037264" lon="9.214032">
        <ele>262.509483</ele>
        <time>2021-07-24T16:29:49.000Z</time>
      </trkpt>
      <trkpt lat="49.037264" lon="9.214032">
        <ele>262.509483</ele>
        <time>2021-07-24T16:29:52.000Z</time>
      </trkpt>
      <trkpt lat="49.037265" lon="9.214032">
        <ele>262.511433</ele>
        <time>2021-07-24T16:29:56.000Z</time>
      </trkpt>
      <trkpt lat="49.037266" lon="9.214031">
        <ele>262.513764</ele>
        <time>2021-07-24T16:29:57.000Z</time>
      </trkpt>
      <trkpt lat="49.037267" lon="9.214029">
        <ele>262.516980</ele>
        <time>2021-07-24T16:29:58.000Z</time>
      </trkpt>
      <trkpt lat="49.037268" lon="9.214029">
        <ele>262.518929</ele>
        <time>2021-07-24T16:29:59.000Z</time>
      </trkpt>
      <trkpt lat="49.037269" lon="9.214030">
        <ele>262.521261</ele>
        <time>2021-07-24T16:30:00.000Z</time>
      </trkpt>
      <trkpt lat="49.037269" lon="9.214030">
        <ele>262.521261</ele>
        <time>2021-07-24T16:30:01.000Z</time>
      </trkpt>
      <trkpt lat="49.037270" lon="9.214030">
        <ele>262.523211</ele>
        <time>2021-07-24T16:30:02.000Z</time>
      </trkpt>
      <trkpt lat="49.037270" lon="9.214029">
        <ele>262.524489</ele>
        <time>2021-07-24T16:30:03.000Z</time>
      </trkpt>
      <trkpt lat="49.037270" lon="9.214028">
        <ele>262.525767</ele>
        <time>2021-07-24T16:30:04.000Z</time>
      </trkpt>
      <trkpt lat="49.037272" lon="9.214028">
        <ele>262.529667</ele>
        <time>2021-07-24T16:30:05.000Z</time>
      </trkpt>
      <trkpt lat="49.037273" lon="9.214028">
        <ele>262.531617</ele>
        <time>2021-07-24T16:30:06.000Z</time>
      </trkpt>
      <trkpt lat="49.037275" lon="9.214028">
        <ele>262.535516</ele>
        <time>2021-07-24T16:30:07.000Z</time>
      </trkpt>
      <trkpt lat="49.037275" lon="9.214029">
        <ele>262.536795</ele>
        <time>2021-07-24T16:30:08.000Z</time>
      </trkpt>
      <trkpt lat="49.037277" lon="9.214030">
        <ele>262.540899</ele>
        <time>2021-07-24T16:30:09.000Z</time>
      </trkpt>
      <trkpt lat="49.037278" lon="9.214030">
        <ele>262.542848</ele>
        <time>2021-07-24T16:30:10.000Z</time>
      </trkpt>
      <trkpt lat="49.037280" lon="9.214030">
        <ele>262.546748</ele>
        <time>2021-07-24T16:30:11.000Z</time>
      </trkpt>
      <trkpt lat="49.037280" lon="9.214032">
        <ele>262.549305</ele>
        <time>2021-07-24T16:30:12.000Z</time>
      </trkpt>
      <trkpt lat="49.037280" lon="9.214034">
        <ele>262.551861</ele>
        <time>2021-07-24T16:30:13.000Z</time>
      </trkpt>
      <trkpt lat="49.037280" lon="9.214034">
        <ele>262.551861</ele>
        <time>2021-07-24T16:30:14.000Z</time>
      </trkpt>
      <trkpt lat="49.037280" lon="9.214034">
        <ele>262.551861</ele>
        <time>2021-07-24T16:30:15.000Z</time>
      </trkpt>
      <trkpt lat="49.037280" lon="9.214034">
        <ele>262.551861</ele>
        <time>2021-07-24T16:30:16.000Z</time>
      </trkpt>
      <trkpt lat="49.037281" lon="9.214034">
        <ele>262.553811</ele>
        <time>2021-07-24T16:30:17.000Z</time>
      </trkpt>
      <trkpt lat="49.037281" lon="9.214033">
        <ele>262.555089</ele>
        <time>2021-07-24T16:30:18.000Z</time>
      </trkpt>
      <trkpt lat="49.037281" lon="9.214032">
        <ele>262.556368</ele>
        <time>2021-07-24T16:30:19.000Z</time>
      </trkpt>
      <trkpt lat="49.037282" lon="9.214031">
        <ele>262.558699</ele>
        <time>2021-07-24T16:30:20.000Z</time>
      </trkpt>
      <trkpt lat="49.037292" lon="9.214034">
        <ele>262.578571</ele>
        <time>2021-07-24T16:30:21.000Z</time>
      </trkpt>
      <trkpt lat="49.037301" lon="9.214039">
        <ele>262.597247</ele>
        <time>2021-07-24T16:30:22.000Z</time>
      </trkpt>
      <trkpt lat="49.037311" lon="9.214045">
        <ele>262.618200</ele>
        <time>2021-07-24T16:30:23.000Z</time>
      </trkpt>
      <trkpt lat="49.037322" lon="9.214052">
        <ele>262.641440</ele>
        <time>2021-07-24T16:30:24.000Z</time>
      </trkpt>
      <trkpt lat="49.037333" lon="9.214057">
        <ele>262.663820</ele>
        <time>2021-07-24T16:30:25.000Z</time>
      </trkpt>
      <trkpt lat="49.037345" lon="9.214059">
        <ele>262.687358</ele>
        <time>2021-07-24T16:30:26.000Z</time>
      </trkpt>
      <trkpt lat="49.037358" lon="9.214059">
        <ele>262.712706</ele>
        <time>2021-07-24T16:30:27.000Z</time>
      </trkpt>
      <trkpt lat="49.037375" lon="9.214062">
        <ele>262.746074</ele>
        <time>2021-07-24T16:30:28.000Z</time>
      </trkpt>
      <trkpt lat="49.037392" lon="9.214067">
        <ele>262.779832</ele>
        <time>2021-07-24T16:30:29.000Z</time>
      </trkpt>
      <trkpt lat="49.037406" lon="9.214075">
        <ele>262.808983</ele>
        <time>2021-07-24T16:30:30.000Z</time>
      </trkpt>
      <trkpt lat="49.037418" lon="9.214080">
        <ele>262.833238</ele>
        <time>2021-07-24T16:30:31.000Z</time>
      </trkpt>
      <trkpt lat="49.037426" lon="9.214085">
        <ele>262.850095</ele>
        <time>2021-07-24T16:30:32.000Z</time>
      </trkpt>
      <trkpt lat="49.037430" lon="9.214088">
        <ele>262.858786</ele>
        <time>2021-07-24T16:30:33.000Z</time>
      </trkpt>
      <trkpt lat="49.037426" lon="9.214088">
        <ele>262.866586</ele>
        <time>2021-07-24T16:30:34.000Z</time>
      </trkpt>
      <trkpt lat="49.037424" lon="9.214087">
        <ele>262.870690</ele>
        <time>2021-07-24T16:30:35.000Z</time>
      </trkpt>
      <trkpt lat="49.037422" lon="9.214087">
        <ele>262.874589</ele>
        <time>2021-07-24T16:30:36.000Z</time>
      </trkpt>
      <trkpt lat="49.037421" lon="9.214087">
        <ele>262.876539</ele>
        <time>2021-07-24T16:30:37.000Z</time>
      </trkpt>
      <trkpt lat="49.037421" lon="9.214087">
        <ele>262.876539</ele>
        <time>2021-07-24T16:30:38.000Z</time>
      </trkpt>
      <trkpt lat="49.037421" lon="9.214086">
        <ele>262.877817</ele>
        <time>2021-07-24T16:30:39.000Z</time>
      </trkpt>
      <trkpt lat="49.037426" lon="9.214089">
        <ele>262.888294</ele>
        <time>2021-07-24T16:30:40.000Z</time>
      </trkpt>
      <trkpt lat="49.037442" lon="9.214097">
        <ele>262.921125</ele>
        <time>2021-07-24T16:30:41.000Z</time>
      </trkpt>
      <trkpt lat="49.037463" lon="9.214106">
        <ele>262.963657</ele>
        <time>2021-07-24T16:30:42.000Z</time>
      </trkpt>
      <trkpt lat="49.037482" lon="9.214116">
        <ele>263.002847</ele>
        <time>2021-07-24T16:30:43.000Z</time>
      </trkpt>
      <trkpt lat="49.037502" lon="9.214128">
        <ele>263.044752</ele>
        <time>2021-07-24T16:30:44.000Z</time>
      </trkpt>
      <trkpt lat="49.037524" lon="9.214141">
        <ele>263.090755</ele>
        <time>2021-07-24T16:30:45.000Z</time>
      </trkpt>
      <trkpt lat="49.037548" lon="9.214155">
        <ele>263.140857</ele>
        <time>2021-07-24T16:30:46.000Z</time>
      </trkpt>
      <trkpt lat="49.037572" lon="9.214170">
        <ele>263.191429</ele>
        <time>2021-07-24T16:30:47.000Z</time>
      </trkpt>
      <trkpt lat="49.037595" lon="9.214186">
        <ele>263.240719</ele>
        <time>2021-07-24T16:30:48.000Z</time>
      </trkpt>
      <trkpt lat="49.037622" lon="9.214202">
        <ele>263.297198</ele>
        <time>2021-07-24T16:30:49.000Z</time>
      </trkpt>
      <trkpt lat="49.037649" lon="9.214216">
        <ele>263.352802</ele>
        <time>2021-07-24T16:30:50.000Z</time>
      </trkpt>
      <trkpt lat="49.037675" lon="9.214230">
        <ele>263.406564</ele>
        <time>2021-07-24T16:30:51.000Z</time>
      </trkpt>
      <trkpt lat="49.037703" lon="9.214247">
        <ele>263.465325</ele>
        <time>2021-07-24T16:30:52.000Z</time>
      </trkpt>
      <trkpt lat="49.037733" lon="9.214267">
        <ele>263.529163</ele>
        <time>2021-07-24T16:30:53.000Z</time>
      </trkpt>
      <trkpt lat="49.037762" lon="9.214285">
        <ele>263.590211</ele>
        <time>2021-07-24T16:30:54.000Z</time>
      </trkpt>
      <trkpt lat="49.037793" lon="9.214302">
        <ele>263.654443</ele>
        <time>2021-07-24T16:30:55.000Z</time>
      </trkpt>
      <trkpt lat="49.037825" lon="9.214319">
        <ele>263.720514</ele>
        <time>2021-07-24T16:30:56.000Z</time>
      </trkpt>
      <trkpt lat="49.037857" lon="9.214336">
        <ele>263.786585</ele>
        <time>2021-07-24T16:30:57.000Z</time>
      </trkpt>
      <trkpt lat="49.037891" lon="9.214353">
        <ele>263.856350</ele>
        <time>2021-07-24T16:30:58.000Z</time>
      </trkpt>
      <trkpt lat="49.037926" lon="9.214369">
        <ele>263.927594</ele>
        <time>2021-07-24T16:30:59.000Z</time>
      </trkpt>
      <trkpt lat="49.037964" lon="9.214387">
        <ele>264.005178</ele>
        <time>2021-07-24T16:31:00.000Z</time>
      </trkpt>
      <trkpt lat="49.038004" lon="9.214404">
        <ele>264.086143</ele>
        <time>2021-07-24T16:31:01.000Z</time>
      </trkpt>
      <trkpt lat="49.038044" lon="9.214421">
        <ele>264.167107</ele>
        <time>2021-07-24T16:31:02.000Z</time>
      </trkpt>
      <trkpt lat="49.038084" lon="9.214438">
        <ele>264.248072</ele>
        <time>2021-07-24T16:31:03.000Z</time>
      </trkpt>
      <trkpt lat="49.038125" lon="9.214454">
        <ele>264.330590</ele>
        <time>2021-07-24T16:31:04.000Z</time>
      </trkpt>
      <trkpt lat="49.038171" lon="9.214468">
        <ele>264.422051</ele>
        <time>2021-07-24T16:31:05.000Z</time>
      </trkpt>
      <trkpt lat="49.038213" lon="9.214486">
        <ele>264.507115</ele>
        <time>2021-07-24T16:31:06.000Z</time>
      </trkpt>
      <trkpt lat="49.038254" lon="9.214502">
        <ele>264.589633</ele>
        <time>2021-07-24T16:31:07.000Z</time>
      </trkpt>
      <trkpt lat="49.038294" lon="9.214518">
        <ele>264.670264</ele>
        <time>2021-07-24T16:31:08.000Z</time>
      </trkpt>
      <trkpt lat="49.038337" lon="9.214540">
        <ele>264.758698</ele>
        <time>2021-07-24T16:31:09.000Z</time>
      </trkpt>
      <trkpt lat="49.038381" lon="9.214557">
        <ele>264.847201</ele>
        <time>2021-07-24T16:31:10.000Z</time>
      </trkpt>
      <trkpt lat="49.038421" lon="9.214578">
        <ele>264.929684</ele>
        <time>2021-07-24T16:31:11.000Z</time>
      </trkpt>
      <trkpt lat="49.038461" lon="9.214596">
        <ele>265.011001</ele>
        <time>2021-07-24T16:31:12.000Z</time>
      </trkpt>
      <trkpt lat="49.038503" lon="9.214613">
        <ele>265.095729</ele>
        <time>2021-07-24T16:31:13.000Z</time>
      </trkpt>
      <trkpt lat="49.038544" lon="9.214629">
        <ele>265.178247</ele>
        <time>2021-07-24T16:31:14.000Z</time>
      </trkpt>
      <trkpt lat="49.038584" lon="9.214645">
        <ele>265.258878</ele>
        <time>2021-07-24T16:31:15.000Z</time>
      </trkpt>
      <trkpt lat="49.038626" lon="9.214663">
        <ele>265.343942</ele>
        <time>2021-07-24T16:31:16.000Z</time>
      </trkpt>
      <trkpt lat="49.038668" lon="9.214666">
        <ele>265.425926</ele>
        <time>2021-07-24T16:31:17.000Z</time>
      </trkpt>
      <trkpt lat="49.038708" lon="9.214686">
        <ele>265.575802</ele>
        <time>2021-07-24T16:31:18.000Z</time>
      </trkpt>
      <trkpt lat="49.038748" lon="9.214694">
        <ele>265.783816</ele>
        <time>2021-07-24T16:31:19.000Z</time>
      </trkpt>
      <trkpt lat="49.038789" lon="9.214711">
        <ele>266.002890</ele>
        <time>2021-07-24T16:31:20.000Z</time>
      </trkpt>
      <trkpt lat="49.038828" lon="9.214722">
        <ele>266.207390</ele>
        <time>2021-07-24T16:31:21.000Z</time>
      </trkpt>
      <trkpt lat="49.038867" lon="9.214732">
        <ele>266.411303</ele>
        <time>2021-07-24T16:31:22.000Z</time>
      </trkpt>
      <trkpt lat="49.038903" lon="9.214742">
        <ele>266.599979</ele>
        <time>2021-07-24T16:31:23.000Z</time>
      </trkpt>
      <trkpt lat="49.038934" lon="9.214751">
        <ele>266.762690</ele>
        <time>2021-07-24T16:31:24.000Z</time>
      </trkpt>
      <trkpt lat="49.038951" lon="9.214756">
        <ele>266.851960</ele>
        <time>2021-07-24T16:31:25.000Z</time>
      </trkpt>
      <trkpt lat="49.038958" lon="9.214756">
        <ele>266.888053</ele>
        <time>2021-07-24T16:31:26.000Z</time>
      </trkpt>
      <trkpt lat="49.038962" lon="9.214756">
        <ele>266.908678</ele>
        <time>2021-07-24T16:31:27.000Z</time>
      </trkpt>
      <trkpt lat="49.038967" lon="9.214756">
        <ele>266.934459</ele>
        <time>2021-07-24T16:31:28.000Z</time>
      </trkpt>
      <trkpt lat="49.038982" lon="9.214760">
        <ele>267.012975</ele>
        <time>2021-07-24T16:31:29.000Z</time>
      </trkpt>
      <trkpt lat="49.038995" lon="9.214766">
        <ele>267.083006</ele>
        <time>2021-07-24T16:31:30.000Z</time>
      </trkpt>
      <trkpt lat="49.039011" lon="9.214774">
        <ele>267.169824</ele>
        <time>2021-07-24T16:31:31.000Z</time>
      </trkpt>
      <trkpt lat="49.039032" lon="9.214785">
        <ele>267.284310</ele>
        <time>2021-07-24T16:31:32.000Z</time>
      </trkpt>
      <trkpt lat="49.039052" lon="9.214792">
        <ele>267.390114</ele>
        <time>2021-07-24T16:31:33.000Z</time>
      </trkpt>
      <trkpt lat="49.039077" lon="9.214798">
        <ele>267.520604</ele>
        <time>2021-07-24T16:31:34.000Z</time>
      </trkpt>
      <trkpt lat="49.039106" lon="9.214808">
        <ele>267.673907</ele>
        <time>2021-07-24T16:31:35.000Z</time>
      </trkpt>
      <trkpt lat="49.039136" lon="9.214821">
        <ele>267.834713</ele>
        <time>2021-07-24T16:31:36.000Z</time>
      </trkpt>
      <trkpt lat="49.039166" lon="9.214837">
        <ele>267.998581</ele>
        <time>2021-07-24T16:31:37.000Z</time>
      </trkpt>
      <trkpt lat="49.039197" lon="9.214855">
        <ele>268.169611</ele>
        <time>2021-07-24T16:31:38.000Z</time>
      </trkpt>
      <trkpt lat="49.039225" lon="9.214871">
        <ele>268.323781</ele>
        <time>2021-07-24T16:31:39.000Z</time>
      </trkpt>
      <trkpt lat="49.039250" lon="9.214887">
        <ele>268.463572</ele>
        <time>2021-07-24T16:31:40.000Z</time>
      </trkpt>
      <trkpt lat="49.039267" lon="9.214900">
        <ele>268.561624</ele>
        <time>2021-07-24T16:31:41.000Z</time>
      </trkpt>
      <trkpt lat="49.039283" lon="9.214910">
        <ele>268.650779</ele>
        <time>2021-07-24T16:31:42.000Z</time>
      </trkpt>
      <trkpt lat="49.039305" lon="9.214926">
        <ele>268.776448</ele>
        <time>2021-07-24T16:31:43.000Z</time>
      </trkpt>
      <trkpt lat="49.039327" lon="9.214941">
        <ele>268.900700</ele>
        <time>2021-07-24T16:31:44.000Z</time>
      </trkpt>
      <trkpt lat="49.039338" lon="9.214949">
        <ele>268.963534</ele>
        <time>2021-07-24T16:31:45.000Z</time>
      </trkpt>
      <trkpt lat="49.039344" lon="9.214954">
        <ele>268.998786</ele>
        <time>2021-07-24T16:31:46.000Z</time>
      </trkpt>
      <trkpt lat="49.039356" lon="9.214965">
        <ele>269.070973</ele>
        <time>2021-07-24T16:31:47.000Z</time>
      </trkpt>
      <trkpt lat="49.039373" lon="9.214983">
        <ele>269.177674</ele>
        <time>2021-07-24T16:31:48.000Z</time>
      </trkpt>
      <trkpt lat="49.039389" lon="9.215004">
        <ele>269.286507</ele>
        <time>2021-07-24T16:31:49.000Z</time>
      </trkpt>
      <trkpt lat="49.039404" lon="9.215028">
        <ele>269.398591</ele>
        <time>2021-07-24T16:31:50.000Z</time>
      </trkpt>
      <trkpt lat="49.039417" lon="9.215053">
        <ele>269.506451</ele>
        <time>2021-07-24T16:31:51.000Z</time>
      </trkpt>
      <trkpt lat="49.039427" lon="9.215077">
        <ele>269.602573</ele>
        <time>2021-07-24T16:31:52.000Z</time>
      </trkpt>
      <trkpt lat="49.039434" lon="9.215094">
        <ele>269.670430</ele>
        <time>2021-07-24T16:31:53.000Z</time>
      </trkpt>
      <trkpt lat="49.039439" lon="9.215104">
        <ele>269.712940</ele>
        <time>2021-07-24T16:31:54.000Z</time>
      </trkpt>
      <trkpt lat="49.039440" lon="9.215108">
        <ele>269.727410</ele>
        <time>2021-07-24T16:31:55.000Z</time>
      </trkpt>
      <trkpt lat="49.039440" lon="9.215107">
        <ele>269.730791</ele>
        <time>2021-07-24T16:31:56.000Z</time>
      </trkpt>
      <trkpt lat="49.039437" lon="9.215101">
        <ele>269.756297</ele>
        <time>2021-07-24T16:31:57.000Z</time>
      </trkpt>
      <trkpt lat="49.039450" lon="9.215108">
        <ele>269.827381</ele>
        <time>2021-07-24T16:31:58.000Z</time>
      </trkpt>
      <trkpt lat="49.039466" lon="9.215120">
        <ele>269.919312</ele>
        <time>2021-07-24T16:31:59.000Z</time>
      </trkpt>
      <trkpt lat="49.039481" lon="9.215133">
        <ele>270.008266</ele>
        <time>2021-07-24T16:32:00.000Z</time>
      </trkpt>
      <trkpt lat="49.039502" lon="9.215157">
        <ele>270.143563</ele>
        <time>2021-07-24T16:32:01.000Z</time>
      </trkpt>
      <trkpt lat="49.039525" lon="9.215184">
        <ele>270.293206</ele>
        <time>2021-07-24T16:32:02.000Z</time>
      </trkpt>
      <trkpt lat="49.039548" lon="9.215212">
        <ele>270.444934</ele>
        <time>2021-07-24T16:32:03.000Z</time>
      </trkpt>
      <trkpt lat="49.039571" lon="9.215240">
        <ele>270.596662</ele>
        <time>2021-07-24T16:32:04.000Z</time>
      </trkpt>
      <trkpt lat="49.039592" lon="9.215270">
        <ele>270.745010</ele>
        <time>2021-07-24T16:32:05.000Z</time>
      </trkpt>
      <trkpt lat="49.039616" lon="9.215303">
        <ele>270.911610</ele>
        <time>2021-07-24T16:32:06.000Z</time>
      </trkpt>
      <trkpt lat="49.039638" lon="9.215336">
        <ele>271.070700</ele>
        <time>2021-07-24T16:32:07.000Z</time>
      </trkpt>
      <trkpt lat="49.039658" lon="9.215367">
        <ele>271.217716</ele>
        <time>2021-07-24T16:32:08.000Z</time>
      </trkpt>
      <trkpt lat="49.039679" lon="9.215398">
        <ele>271.368395</ele>
        <time>2021-07-24T16:32:09.000Z</time>
      </trkpt>
      <trkpt lat="49.039700" lon="9.215429">
        <ele>271.519073</ele>
        <time>2021-07-24T16:32:10.000Z</time>
      </trkpt>
      <trkpt lat="49.039722" lon="9.215461">
        <ele>271.675811</ele>
        <time>2021-07-24T16:32:11.000Z</time>
      </trkpt>
      <trkpt lat="49.039745" lon="9.215494">
        <ele>271.838617</ele>
        <time>2021-07-24T16:32:12.000Z</time>
      </trkpt>
      <trkpt lat="49.039769" lon="9.215527">
        <ele>272.005217</ele>
        <time>2021-07-24T16:32:13.000Z</time>
      </trkpt>
      <trkpt lat="49.039793" lon="9.215558">
        <ele>272.167368</ele>
        <time>2021-07-24T16:32:14.000Z</time>
      </trkpt>
      <trkpt lat="49.039816" lon="9.215589">
        <ele>272.325620</ele>
        <time>2021-07-24T16:32:15.000Z</time>
      </trkpt>
      <trkpt lat="49.039838" lon="9.215619">
        <ele>272.477772</ele>
        <time>2021-07-24T16:32:16.000Z</time>
      </trkpt>
      <trkpt lat="49.039860" lon="9.215651">
        <ele>272.634510</ele>
        <time>2021-07-24T16:32:17.000Z</time>
      </trkpt>
      <trkpt lat="49.039882" lon="9.215683">
        <ele>272.791248</ele>
        <time>2021-07-24T16:32:18.000Z</time>
      </trkpt>
      <trkpt lat="49.039905" lon="9.215715">
        <ele>272.951757</ele>
        <time>2021-07-24T16:32:19.000Z</time>
      </trkpt>
      <trkpt lat="49.039927" lon="9.215748">
        <ele>273.110846</ele>
        <time>2021-07-24T16:32:20.000Z</time>
      </trkpt>
      <trkpt lat="49.039952" lon="9.215780">
        <ele>273.279118</ele>
        <time>2021-07-24T16:32:21.000Z</time>
      </trkpt>
      <trkpt lat="49.039978" lon="9.215814">
        <ele>273.455695</ele>
        <time>2021-07-24T16:32:22.000Z</time>
      </trkpt>
      <trkpt lat="49.040003" lon="9.215847">
        <ele>273.626160</ele>
        <time>2021-07-24T16:32:23.000Z</time>
      </trkpt>
      <trkpt lat="49.040027" lon="9.215880">
        <ele>273.792759</ele>
        <time>2021-07-24T16:32:24.000Z</time>
      </trkpt>
      <trkpt lat="49.040051" lon="9.215915">
        <ele>273.963958</ele>
        <time>2021-07-24T16:32:25.000Z</time>
      </trkpt>
      <trkpt lat="49.040076" lon="9.215950">
        <ele>274.138920</ele>
        <time>2021-07-24T16:32:26.000Z</time>
      </trkpt>
      <trkpt lat="49.040101" lon="9.215982">
        <ele>274.307192</ele>
        <time>2021-07-24T16:32:27.000Z</time>
      </trkpt>
      <trkpt lat="49.040125" lon="9.216014">
        <ele>274.471547</ele>
        <time>2021-07-24T16:32:28.000Z</time>
      </trkpt>
      <trkpt lat="49.040152" lon="9.216046">
        <ele>274.647844</ele>
        <time>2021-07-24T16:32:29.000Z</time>
      </trkpt>
      <trkpt lat="49.040175" lon="9.216080">
        <ele>274.761175</ele>
        <time>2021-07-24T16:32:30.000Z</time>
      </trkpt>
      <trkpt lat="49.040197" lon="9.216110">
        <ele>274.803917</ele>
        <time>2021-07-24T16:32:31.000Z</time>
      </trkpt>
      <trkpt lat="49.040220" lon="9.216140">
        <ele>274.847750</ele>
        <time>2021-07-24T16:32:32.000Z</time>
      </trkpt>
      <trkpt lat="49.040245" lon="9.216168">
        <ele>274.892673</ele>
        <time>2021-07-24T16:32:33.000Z</time>
      </trkpt>
      <trkpt lat="49.040271" lon="9.216197">
        <ele>274.939327</ele>
        <time>2021-07-24T16:32:34.000Z</time>
      </trkpt>
      <trkpt lat="49.040297" lon="9.216231">
        <ele>274.988930</ele>
        <time>2021-07-24T16:32:35.000Z</time>
      </trkpt>
      <trkpt lat="49.040320" lon="9.216266">
        <ele>275.035987</ele>
        <time>2021-07-24T16:32:36.000Z</time>
      </trkpt>
      <trkpt lat="49.040342" lon="9.216303">
        <ele>275.083418</ele>
        <time>2021-07-24T16:32:37.000Z</time>
      </trkpt>
      <trkpt lat="49.040366" lon="9.216339">
        <ele>275.132172</ele>
        <time>2021-07-24T16:32:38.000Z</time>
      </trkpt>
      <trkpt lat="49.040389" lon="9.216372">
        <ele>275.177907</ele>
        <time>2021-07-24T16:32:39.000Z</time>
      </trkpt>
      <trkpt lat="49.040412" lon="9.216401">
        <ele>275.221129</ele>
        <time>2021-07-24T16:32:40.000Z</time>
      </trkpt>
      <trkpt lat="49.040434" lon="9.216431">
        <ele>275.263871</ele>
        <time>2021-07-24T16:32:41.000Z</time>
      </trkpt>
      <trkpt lat="49.040454" lon="9.216457">
        <ele>275.301933</ele>
        <time>2021-07-24T16:32:42.000Z</time>
      </trkpt>
      <trkpt lat="49.040477" lon="9.216484">
        <ele>275.343970</ele>
        <time>2021-07-24T16:32:43.000Z</time>
      </trkpt>
      <trkpt lat="49.040504" lon="9.216510">
        <ele>275.390219</ele>
        <time>2021-07-24T16:32:44.000Z</time>
      </trkpt>
      <trkpt lat="49.040531" lon="9.216537">
        <ele>275.436981</ele>
        <time>2021-07-24T16:32:45.000Z</time>
      </trkpt>
      <trkpt lat="49.040556" lon="9.216565">
        <ele>275.481905</ele>
        <time>2021-07-24T16:32:46.000Z</time>
      </trkpt>
      <trkpt lat="49.040586" lon="9.216594">
        <ele>275.533349</ele>
        <time>2021-07-24T16:32:47.000Z</time>
      </trkpt>
      <trkpt lat="49.040620" lon="9.216621">
        <ele>275.588870</ele>
        <time>2021-07-24T16:32:48.000Z</time>
      </trkpt>
      <trkpt lat="49.040650" lon="9.216641">
        <ele>275.636293</ele>
        <time>2021-07-24T16:32:49.000Z</time>
      </trkpt>
      <trkpt lat="49.040683" lon="9.216656">
        <ele>275.686169</ele>
        <time>2021-07-24T16:32:50.000Z</time>
      </trkpt>
      <trkpt lat="49.040715" lon="9.216670">
        <ele>275.734389</ele>
        <time>2021-07-24T16:32:51.000Z</time>
      </trkpt>
      <trkpt lat="49.040745" lon="9.216680">
        <ele>275.778868</ele>
        <time>2021-07-24T16:32:52.000Z</time>
      </trkpt>
      <trkpt lat="49.040775" lon="9.216689">
        <ele>275.823155</ele>
        <time>2021-07-24T16:32:53.000Z</time>
      </trkpt>
      <trkpt lat="49.040803" lon="9.216697">
        <ele>275.864417</ele>
        <time>2021-07-24T16:32:54.000Z</time>
      </trkpt>
      <trkpt lat="49.040831" lon="9.216702">
        <ele>275.905252</ele>
        <time>2021-07-24T16:32:55.000Z</time>
      </trkpt>
      <trkpt lat="49.040855" lon="9.216705">
        <ele>275.940132</ele>
        <time>2021-07-24T16:32:56.000Z</time>
      </trkpt>
      <trkpt lat="49.040878" lon="9.216702">
        <ele>275.973568</ele>
        <time>2021-07-24T16:32:57.000Z</time>
      </trkpt>
      <trkpt lat="49.040902" lon="9.216697">
        <ele>276.008654</ele>
        <time>2021-07-24T16:32:58.000Z</time>
      </trkpt>
      <trkpt lat="49.040902" lon="9.216697">
        <ele>276.008654</ele>
        <time>2021-07-24T16:32:59.000Z</time>
      </trkpt>
      <trkpt lat="49.040939" lon="9.216676">
        <ele>276.065837</ele>
        <time>2021-07-24T16:33:00.000Z</time>
      </trkpt>
      <trkpt lat="49.040959" lon="9.216655">
        <ele>276.101005</ele>
        <time>2021-07-24T16:33:01.000Z</time>
      </trkpt>
      <trkpt lat="49.040980" lon="9.216626">
        <ele>276.142035</ele>
        <time>2021-07-24T16:33:02.000Z</time>
      </trkpt>
      <trkpt lat="49.041007" lon="9.216600">
        <ele>276.188284</ele>
        <time>2021-07-24T16:33:03.000Z</time>
      </trkpt>
      <trkpt lat="49.041045" lon="9.216584">
        <ele>276.245384</ele>
        <time>2021-07-24T16:33:04.000Z</time>
      </trkpt>
      <trkpt lat="49.041086" lon="9.216587">
        <ele>276.304840</ele>
        <time>2021-07-24T16:33:05.000Z</time>
      </trkpt>
      <trkpt lat="49.041131" lon="9.216625">
        <ele>276.379341</ele>
        <time>2021-07-24T16:33:06.000Z</time>
      </trkpt>
      <trkpt lat="49.041182" lon="9.216644">
        <ele>276.455384</ele>
        <time>2021-07-24T16:33:07.000Z</time>
      </trkpt>
      <trkpt lat="49.041242" lon="9.216664">
        <ele>276.544343</ele>
        <time>2021-07-24T16:33:08.000Z</time>
      </trkpt>
      <trkpt lat="49.041307" lon="9.216692">
        <ele>276.642176</ele>
        <time>2021-07-24T16:33:09.000Z</time>
      </trkpt>
      <trkpt lat="49.041374" lon="9.216720">
        <ele>276.742799</ele>
        <time>2021-07-24T16:33:10.000Z</time>
      </trkpt>
      <trkpt lat="49.041452" lon="9.216741">
        <ele>276.857526</ele>
        <time>2021-07-24T16:33:11.000Z</time>
      </trkpt>
      <trkpt lat="49.041528" lon="9.216774">
        <ele>276.971982</ele>
        <time>2021-07-24T16:33:12.000Z</time>
      </trkpt>
      <trkpt lat="49.041606" lon="9.216803">
        <ele>277.088270</ele>
        <time>2021-07-24T16:33:13.000Z</time>
      </trkpt>
      <trkpt lat="49.041691" lon="9.216822">
        <ele>277.212705</ele>
        <time>2021-07-24T16:33:14.000Z</time>
      </trkpt>
      <trkpt lat="49.041777" lon="9.216857">
        <ele>277.341631</ele>
        <time>2021-07-24T16:33:15.000Z</time>
      </trkpt>
      <trkpt lat="49.041865" lon="9.216890">
        <ele>276.871526</ele>
        <time>2021-07-24T16:33:16.000Z</time>
      </trkpt>
      <trkpt lat="49.041955" lon="9.216926">
        <ele>276.366467</ele>
        <time>2021-07-24T16:33:17.000Z</time>
      </trkpt>
      <trkpt lat="49.042050" lon="9.216960">
        <ele>275.836781</ele>
        <time>2021-07-24T16:33:18.000Z</time>
      </trkpt>
      <trkpt lat="49.042150" lon="9.216990">
        <ele>275.283558</ele>
        <time>2021-07-24T16:33:19.000Z</time>
      </trkpt>
      <trkpt lat="49.042252" lon="9.217025">
        <ele>274.716042</ele>
        <time>2021-07-24T16:33:20.000Z</time>
      </trkpt>
      <trkpt lat="49.042351" lon="9.217061">
        <ele>274.163588</ele>
        <time>2021-07-24T16:33:21.000Z</time>
      </trkpt>
      <trkpt lat="49.042451" lon="9.217100">
        <ele>273.603305</ele>
        <time>2021-07-24T16:33:22.000Z</time>
      </trkpt>
      <trkpt lat="49.042551" lon="9.217133">
        <ele>273.047923</ele>
        <time>2021-07-24T16:33:23.000Z</time>
      </trkpt>
      <trkpt lat="49.042651" lon="9.217165">
        <ele>272.493284</ele>
        <time>2021-07-24T16:33:24.000Z</time>
      </trkpt>
      <trkpt lat="49.042752" lon="9.217195">
        <ele>271.934734</ele>
        <time>2021-07-24T16:33:25.000Z</time>
      </trkpt>
      <trkpt lat="49.042854" lon="9.217225">
        <ele>271.370855</ele>
        <time>2021-07-24T16:33:26.000Z</time>
      </trkpt>
      <trkpt lat="49.042948" lon="9.217258">
        <ele>270.847262</ele>
        <time>2021-07-24T16:33:27.000Z</time>
      </trkpt>
      <trkpt lat="49.043045" lon="9.217295">
        <ele>270.304511</ele>
        <time>2021-07-24T16:33:28.000Z</time>
      </trkpt>
      <trkpt lat="49.043137" lon="9.217325">
        <ele>269.793830</ele>
        <time>2021-07-24T16:33:29.000Z</time>
      </trkpt>
      <trkpt lat="49.043213" lon="9.217353">
        <ele>269.369423</ele>
        <time>2021-07-24T16:33:30.000Z</time>
      </trkpt>
      <trkpt lat="49.043285" lon="9.217383">
        <ele>268.964273</ele>
        <time>2021-07-24T16:33:31.000Z</time>
      </trkpt>
      <trkpt lat="49.043349" lon="9.217362">
        <ele>268.608919</ele>
        <time>2021-07-24T16:33:32.000Z</time>
      </trkpt>
      <trkpt lat="49.043397" lon="9.217305">
        <ele>268.278732</ele>
        <time>2021-07-24T16:33:33.000Z</time>
      </trkpt>
      <trkpt lat="49.043442" lon="9.217225">
        <ele>267.903637</ele>
        <time>2021-07-24T16:33:34.000Z</time>
      </trkpt>
      <trkpt lat="49.043464" lon="9.217132">
        <ele>267.571854</ele>
        <time>2021-07-24T16:33:35.000Z</time>
      </trkpt>
      <trkpt lat="49.043486" lon="9.217035">
        <ele>267.443396</ele>
        <time>2021-07-24T16:33:36.000Z</time>
      </trkpt>
      <trkpt lat="49.043512" lon="9.216937">
        <ele>267.311083</ele>
        <time>2021-07-24T16:33:37.000Z</time>
      </trkpt>
      <trkpt lat="49.043536" lon="9.216839">
        <ele>267.180154</ele>
        <time>2021-07-24T16:33:38.000Z</time>
      </trkpt>
      <trkpt lat="49.043564" lon="9.216731">
        <ele>267.034802</ele>
        <time>2021-07-24T16:33:39.000Z</time>
      </trkpt>
      <trkpt lat="49.043593" lon="9.216627">
        <ele>266.893358</ele>
        <time>2021-07-24T16:33:40.000Z</time>
      </trkpt>
      <trkpt lat="49.043617" lon="9.216531">
        <ele>266.764771</ele>
        <time>2021-07-24T16:33:41.000Z</time>
      </trkpt>
      <trkpt lat="49.043646" lon="9.216436">
        <ele>266.633617</ele>
        <time>2021-07-24T16:33:42.000Z</time>
      </trkpt>
      <trkpt lat="49.043672" lon="9.216337">
        <ele>266.500143</ele>
        <time>2021-07-24T16:33:43.000Z</time>
      </trkpt>
      <trkpt lat="49.043700" lon="9.216233">
        <ele>266.359435</ele>
        <time>2021-07-24T16:33:44.000Z</time>
      </trkpt>
      <trkpt lat="49.043724" lon="9.216132">
        <ele>266.224983</ele>
        <time>2021-07-24T16:33:45.000Z</time>
      </trkpt>
      <trkpt lat="49.043748" lon="9.216030">
        <ele>266.089355</ele>
        <time>2021-07-24T16:33:46.000Z</time>
      </trkpt>
      <trkpt lat="49.043773" lon="9.215926">
        <ele>265.950722</ele>
        <time>2021-07-24T16:33:47.000Z</time>
      </trkpt>
      <trkpt lat="49.043798" lon="9.215822">
        <ele>265.812089</ele>
        <time>2021-07-24T16:33:48.000Z</time>
      </trkpt>
      <trkpt lat="49.043825" lon="9.215721">
        <ele>265.675579</ele>
        <time>2021-07-24T16:33:49.000Z</time>
      </trkpt>
      <trkpt lat="49.043850" lon="9.215618">
        <ele>265.538121</ele>
        <time>2021-07-24T16:33:50.000Z</time>
      </trkpt>
      <trkpt lat="49.043873" lon="9.215518">
        <ele>265.405489</ele>
        <time>2021-07-24T16:33:51.000Z</time>
      </trkpt>
      <trkpt lat="49.043896" lon="9.215418">
        <ele>265.272858</ele>
        <time>2021-07-24T16:33:52.000Z</time>
      </trkpt>
      <trkpt lat="49.043924" lon="9.215324">
        <ele>265.143640</ele>
        <time>2021-07-24T16:33:53.000Z</time>
      </trkpt>
      <trkpt lat="49.043945" lon="9.215230">
        <ele>265.019354</ele>
        <time>2021-07-24T16:33:54.000Z</time>
      </trkpt>
      <trkpt lat="49.043970" lon="9.215141">
        <ele>264.898174</ele>
        <time>2021-07-24T16:33:55.000Z</time>
      </trkpt>
      <trkpt lat="49.043993" lon="9.215047">
        <ele>264.772604</ele>
        <time>2021-07-24T16:33:56.000Z</time>
      </trkpt>
      <trkpt lat="49.044014" lon="9.214957">
        <ele>264.653045</ele>
        <time>2021-07-24T16:33:57.000Z</time>
      </trkpt>
      <trkpt lat="49.044035" lon="9.214867">
        <ele>264.533487</ele>
        <time>2021-07-24T16:33:58.000Z</time>
      </trkpt>
      <trkpt lat="49.044056" lon="9.214772">
        <ele>264.408016</ele>
        <time>2021-07-24T16:33:59.000Z</time>
      </trkpt>
      <trkpt lat="49.044083" lon="9.214688">
        <ele>264.290931</ele>
        <time>2021-07-24T16:34:00.000Z</time>
      </trkpt>
      <trkpt lat="49.044107" lon="9.214594">
        <ele>264.164681</ele>
        <time>2021-07-24T16:34:01.000Z</time>
      </trkpt>
      <trkpt lat="49.044125" lon="9.214505">
        <ele>264.095294</ele>
        <time>2021-07-24T16:34:02.000Z</time>
      </trkpt>
      <trkpt lat="49.044147" lon="9.214412">
        <ele>264.029662</ele>
        <time>2021-07-24T16:34:03.000Z</time>
      </trkpt>
      <trkpt lat="49.044174" lon="9.214318">
        <ele>263.961536</ele>
        <time>2021-07-24T16:34:04.000Z</time>
      </trkpt>
      <trkpt lat="49.044198" lon="9.214233">
        <ele>263.900100</ele>
        <time>2021-07-24T16:34:05.000Z</time>
      </trkpt>
      <trkpt lat="49.044229" lon="9.214133">
        <ele>263.826669</ele>
        <time>2021-07-24T16:34:06.000Z</time>
      </trkpt>
      <trkpt lat="49.044253" lon="9.214040">
        <ele>263.760322</ele>
        <time>2021-07-24T16:34:07.000Z</time>
      </trkpt>
      <trkpt lat="49.044275" lon="9.213945">
        <ele>263.693440</ele>
        <time>2021-07-24T16:34:08.000Z</time>
      </trkpt>
      <trkpt lat="49.044296" lon="9.213853">
        <ele>263.628772</ele>
        <time>2021-07-24T16:34:09.000Z</time>
      </trkpt>
      <trkpt lat="49.044321" lon="9.213774">
        <ele>263.570539</ele>
        <time>2021-07-24T16:34:10.000Z</time>
      </trkpt>
      <trkpt lat="49.044344" lon="9.213683">
        <ele>263.505797</ele>
        <time>2021-07-24T16:34:11.000Z</time>
      </trkpt>
      <trkpt lat="49.044369" lon="9.213595">
        <ele>263.442131</ele>
        <time>2021-07-24T16:34:12.000Z</time>
      </trkpt>
      <trkpt lat="49.044394" lon="9.213511">
        <ele>263.380893</ele>
        <time>2021-07-24T16:34:13.000Z</time>
      </trkpt>
      <trkpt lat="49.044421" lon="9.213427">
        <ele>263.318789</ele>
        <time>2021-07-24T16:34:14.000Z</time>
      </trkpt>
      <trkpt lat="49.044452" lon="9.213346">
        <ele>263.256526</ele>
        <time>2021-07-24T16:34:15.000Z</time>
      </trkpt>
      <trkpt lat="49.044485" lon="9.213262">
        <ele>263.191518</ele>
        <time>2021-07-24T16:34:16.000Z</time>
      </trkpt>
      <trkpt lat="49.044521" lon="9.213169">
        <ele>263.119822</ele>
        <time>2021-07-24T16:34:17.000Z</time>
      </trkpt>
      <trkpt lat="49.044557" lon="9.213084">
        <ele>263.052645</ele>
        <time>2021-07-24T16:34:18.000Z</time>
      </trkpt>
      <trkpt lat="49.044591" lon="9.212996">
        <ele>262.984837</ele>
        <time>2021-07-24T16:34:19.000Z</time>
      </trkpt>
      <trkpt lat="49.044628" lon="9.212915">
        <ele>262.919300</ele>
        <time>2021-07-24T16:34:20.000Z</time>
      </trkpt>
      <trkpt lat="49.044662" lon="9.212827">
        <ele>262.851492</ele>
        <time>2021-07-24T16:34:21.000Z</time>
      </trkpt>
      <trkpt lat="49.044698" lon="9.212749">
        <ele>262.788167</ele>
        <time>2021-07-24T16:34:22.000Z</time>
      </trkpt>
      <trkpt lat="49.044735" lon="9.212668">
        <ele>262.722631</ele>
        <time>2021-07-24T16:34:23.000Z</time>
      </trkpt>
      <trkpt lat="49.044776" lon="9.212594">
        <ele>262.658311</ele>
        <time>2021-07-24T16:34:24.000Z</time>
      </trkpt>
      <trkpt lat="49.044814" lon="9.212511">
        <ele>262.591106</ele>
        <time>2021-07-24T16:34:25.000Z</time>
      </trkpt>
      <trkpt lat="49.044857" lon="9.212434">
        <ele>262.523958</ele>
        <time>2021-07-24T16:34:26.000Z</time>
      </trkpt>
      <trkpt lat="49.044902" lon="9.212356">
        <ele>262.454983</ele>
        <time>2021-07-24T16:34:27.000Z</time>
      </trkpt>
      <trkpt lat="49.044950" lon="9.212277">
        <ele>262.383477</ele>
        <time>2021-07-24T16:34:28.000Z</time>
      </trkpt>
      <trkpt lat="49.045001" lon="9.212198">
        <ele>262.295403</ele>
        <time>2021-07-24T16:34:29.000Z</time>
      </trkpt>
      <trkpt lat="49.045054" lon="9.212128">
        <ele>262.164662</ele>
        <time>2021-07-24T16:34:30.000Z</time>
      </trkpt>
      <trkpt lat="49.045105" lon="9.212050">
        <ele>262.029981</ele>
        <time>2021-07-24T16:34:31.000Z</time>
      </trkpt>
      <trkpt lat="49.045152" lon="9.211971">
        <ele>261.899558</ele>
        <time>2021-07-24T16:34:32.000Z</time>
      </trkpt>
      <trkpt lat="49.045203" lon="9.211884">
        <ele>261.756876</ele>
        <time>2021-07-24T16:34:33.000Z</time>
      </trkpt>
      <trkpt lat="49.045247" lon="9.211794">
        <ele>261.619622</ele>
        <time>2021-07-24T16:34:34.000Z</time>
      </trkpt>
      <trkpt lat="49.045296" lon="9.211702">
        <ele>261.474708</ele>
        <time>2021-07-24T16:34:35.000Z</time>
      </trkpt>
      <trkpt lat="49.045346" lon="9.211615">
        <ele>261.333262</ele>
        <time>2021-07-24T16:34:36.000Z</time>
      </trkpt>
      <trkpt lat="49.045393" lon="9.211514">
        <ele>261.181843</ele>
        <time>2021-07-24T16:34:37.000Z</time>
      </trkpt>
      <trkpt lat="49.045440" lon="9.211434">
        <ele>261.050512</ele>
        <time>2021-07-24T16:34:38.000Z</time>
      </trkpt>
      <trkpt lat="49.045487" lon="9.211338">
        <ele>260.904034</ele>
        <time>2021-07-24T16:34:39.000Z</time>
      </trkpt>
      <trkpt lat="49.045529" lon="9.211248">
        <ele>260.768978</ele>
        <time>2021-07-24T16:34:40.000Z</time>
      </trkpt>
      <trkpt lat="49.045579" lon="9.211166">
        <ele>260.632069</ele>
        <time>2021-07-24T16:34:41.000Z</time>
      </trkpt>
      <trkpt lat="49.045625" lon="9.211078">
        <ele>260.494473</ele>
        <time>2021-07-24T16:34:42.000Z</time>
      </trkpt>
      <trkpt lat="49.045672" lon="9.210993">
        <ele>260.358531</ele>
        <time>2021-07-24T16:34:43.000Z</time>
      </trkpt>
      <trkpt lat="49.045719" lon="9.210918">
        <ele>260.231687</ele>
        <time>2021-07-24T16:34:44.000Z</time>
      </trkpt>
      <trkpt lat="49.045763" lon="9.210838">
        <ele>260.104023</ele>
        <time>2021-07-24T16:34:45.000Z</time>
      </trkpt>
      <trkpt lat="49.045814" lon="9.210756">
        <ele>259.965838</ele>
        <time>2021-07-24T16:34:46.000Z</time>
      </trkpt>
      <trkpt lat="49.045856" lon="9.210672">
        <ele>259.836687</ele>
        <time>2021-07-24T16:34:47.000Z</time>
      </trkpt>
      <trkpt lat="49.045904" lon="9.210589">
        <ele>259.701377</ele>
        <time>2021-07-24T16:34:48.000Z</time>
      </trkpt>
      <trkpt lat="49.045949" lon="9.210510">
        <ele>259.573432</ele>
        <time>2021-07-24T16:34:49.000Z</time>
      </trkpt>
      <trkpt lat="49.045982" lon="9.210453">
        <ele>259.480464</ele>
        <time>2021-07-24T16:34:50.000Z</time>
      </trkpt>
      <trkpt lat="49.046021" lon="9.210378">
        <ele>259.363433</ele>
        <time>2021-07-24T16:34:51.000Z</time>
      </trkpt>
      <trkpt lat="49.046060" lon="9.210309">
        <ele>259.252055</ele>
        <time>2021-07-24T16:34:52.000Z</time>
      </trkpt>
      <trkpt lat="49.046101" lon="9.210242">
        <ele>259.140005</ele>
        <time>2021-07-24T16:34:53.000Z</time>
      </trkpt>
      <trkpt lat="49.046148" lon="9.210169">
        <ele>259.014917</ele>
        <time>2021-07-24T16:34:54.000Z</time>
      </trkpt>
      <trkpt lat="49.046193" lon="9.210101">
        <ele>258.893811</ele>
        <time>2021-07-24T16:34:55.000Z</time>
      </trkpt>
      <trkpt lat="49.046240" lon="9.210034">
        <ele>258.769123</ele>
        <time>2021-07-24T16:34:56.000Z</time>
      </trkpt>
      <trkpt lat="49.046292" lon="9.209972">
        <ele>258.641194</ele>
        <time>2021-07-24T16:34:57.000Z</time>
      </trkpt>
      <trkpt lat="49.046346" lon="9.209902">
        <ele>258.503837</ele>
        <time>2021-07-24T16:34:58.000Z</time>
      </trkpt>
      <trkpt lat="49.046402" lon="9.209847">
        <ele>258.374737</ele>
        <time>2021-07-24T16:34:59.000Z</time>
      </trkpt>
      <trkpt lat="49.046457" lon="9.209783">
        <ele>258.240652</ele>
        <time>2021-07-24T16:35:00.000Z</time>
      </trkpt>
      <trkpt lat="49.046515" lon="9.209725">
        <ele>258.106224</ele>
        <time>2021-07-24T16:35:01.000Z</time>
      </trkpt>
      <trkpt lat="49.046572" lon="9.209665">
        <ele>257.971987</ele>
        <time>2021-07-24T16:35:02.000Z</time>
      </trkpt>
      <trkpt lat="49.046632" lon="9.209609">
        <ele>257.835644</ele>
        <time>2021-07-24T16:35:03.000Z</time>
      </trkpt>
      <trkpt lat="49.046694" lon="9.209542">
        <ele>257.688367</ele>
        <time>2021-07-24T16:35:04.000Z</time>
      </trkpt>
      <trkpt lat="49.046755" lon="9.209478">
        <ele>257.544861</ele>
        <time>2021-07-24T16:35:05.000Z</time>
      </trkpt>
      <trkpt lat="49.046816" lon="9.209409">
        <ele>257.397663</ele>
        <time>2021-07-24T16:35:06.000Z</time>
      </trkpt>
      <trkpt lat="49.046875" lon="9.209351">
        <ele>257.261610</ele>
        <time>2021-07-24T16:35:07.000Z</time>
      </trkpt>
      <trkpt lat="49.046942" lon="9.209294">
        <ele>257.112908</ele>
        <time>2021-07-24T16:35:08.000Z</time>
      </trkpt>
      <trkpt lat="49.047000" lon="9.209223">
        <ele>256.968763</ele>
        <time>2021-07-24T16:35:09.000Z</time>
      </trkpt>
      <trkpt lat="49.047064" lon="9.209160">
        <ele>256.821122</ele>
        <time>2021-07-24T16:35:10.000Z</time>
      </trkpt>
      <trkpt lat="49.047126" lon="9.209092">
        <ele>256.673108</ele>
        <time>2021-07-24T16:35:11.000Z</time>
      </trkpt>
      <trkpt lat="49.047186" lon="9.209036">
        <ele>256.536765</ele>
        <time>2021-07-24T16:35:12.000Z</time>
      </trkpt>
      <trkpt lat="49.047246" lon="9.208971">
        <ele>256.394121</ele>
        <time>2021-07-24T16:35:13.000Z</time>
      </trkpt>
      <trkpt lat="49.047305" lon="9.208904">
        <ele>256.251550</ele>
        <time>2021-07-24T16:35:14.000Z</time>
      </trkpt>
      <trkpt lat="49.047371" lon="9.208848">
        <ele>256.105160</ele>
        <time>2021-07-24T16:35:15.000Z</time>
      </trkpt>
      <trkpt lat="49.047430" lon="9.208779">
        <ele>255.961058</ele>
        <time>2021-07-24T16:35:16.000Z</time>
      </trkpt>
      <trkpt lat="49.047491" lon="9.208725">
        <ele>255.824351</ele>
        <time>2021-07-24T16:35:17.000Z</time>
      </trkpt>
      <trkpt lat="49.047549" lon="9.208659">
        <ele>255.684095</ele>
        <time>2021-07-24T16:35:18.000Z</time>
      </trkpt>
      <trkpt lat="49.047609" lon="9.208593">
        <ele>255.540712</ele>
        <time>2021-07-24T16:35:19.000Z</time>
      </trkpt>
      <trkpt lat="49.047675" lon="9.208525">
        <ele>255.398562</ele>
        <time>2021-07-24T16:35:20.000Z</time>
      </trkpt>
      <trkpt lat="49.047741" lon="9.208464">
        <ele>255.267332</ele>
        <time>2021-07-24T16:35:21.000Z</time>
      </trkpt>
      <trkpt lat="49.047806" lon="9.208397">
        <ele>255.133929</ele>
        <time>2021-07-24T16:35:22.000Z</time>
      </trkpt>
      <trkpt lat="49.047870" lon="9.208341">
        <ele>255.008460</ele>
        <time>2021-07-24T16:35:23.000Z</time>
      </trkpt>
      <trkpt lat="49.047931" lon="9.208273">
        <ele>254.879982</ele>
        <time>2021-07-24T16:35:24.000Z</time>
      </trkpt>
      <trkpt lat="49.047994" lon="9.208206">
        <ele>254.749383</ele>
        <time>2021-07-24T16:35:25.000Z</time>
      </trkpt>
      <trkpt lat="49.048060" lon="9.208141">
        <ele>254.615790</ele>
        <time>2021-07-24T16:35:26.000Z</time>
      </trkpt>
      <trkpt lat="49.048126" lon="9.208078">
        <ele>254.483392</ele>
        <time>2021-07-24T16:35:27.000Z</time>
      </trkpt>
      <trkpt lat="49.048189" lon="9.208011">
        <ele>254.352793</ele>
        <time>2021-07-24T16:35:28.000Z</time>
      </trkpt>
      <trkpt lat="49.048250" lon="9.207934">
        <ele>254.218153</ele>
        <time>2021-07-24T16:35:29.000Z</time>
      </trkpt>
      <trkpt lat="49.048314" lon="9.207877">
        <ele>254.092127</ele>
        <time>2021-07-24T16:35:30.000Z</time>
      </trkpt>
      <trkpt lat="49.048378" lon="9.207816">
        <ele>253.963795</ele>
        <time>2021-07-24T16:35:31.000Z</time>
      </trkpt>
      <trkpt lat="49.048442" lon="9.207750">
        <ele>253.832425</ele>
        <time>2021-07-24T16:35:32.000Z</time>
      </trkpt>
      <trkpt lat="49.048499" lon="9.207686">
        <ele>253.712070</ele>
        <time>2021-07-24T16:35:33.000Z</time>
      </trkpt>
      <trkpt lat="49.048560" lon="9.207619">
        <ele>253.584247</ele>
        <time>2021-07-24T16:35:34.000Z</time>
      </trkpt>
      <trkpt lat="49.048622" lon="9.207547">
        <ele>253.451741</ele>
        <time>2021-07-24T16:35:35.000Z</time>
      </trkpt>
      <trkpt lat="49.048682" lon="9.207473">
        <ele>253.320535</ele>
        <time>2021-07-24T16:35:36.000Z</time>
      </trkpt>
      <trkpt lat="49.048742" lon="9.207399">
        <ele>253.189330</ele>
        <time>2021-07-24T16:35:37.000Z</time>
      </trkpt>
      <trkpt lat="49.048796" lon="9.207325">
        <ele>253.065893</ele>
        <time>2021-07-24T16:35:38.000Z</time>
      </trkpt>
      <trkpt lat="49.048853" lon="9.207247">
        <ele>252.935681</ele>
        <time>2021-07-24T16:35:39.000Z</time>
      </trkpt>
      <trkpt lat="49.048912" lon="9.207170">
        <ele>252.803645</ele>
        <time>2021-07-24T16:35:40.000Z</time>
      </trkpt>
      <trkpt lat="49.048972" lon="9.207104">
        <ele>252.677854</ele>
        <time>2021-07-24T16:35:41.000Z</time>
      </trkpt>
      <trkpt lat="49.049030" lon="9.207028">
        <ele>252.547835</ele>
        <time>2021-07-24T16:35:42.000Z</time>
      </trkpt>
      <trkpt lat="49.049084" lon="9.206959">
        <ele>252.428050</ele>
        <time>2021-07-24T16:35:43.000Z</time>
      </trkpt>
      <trkpt lat="49.049140" lon="9.206884">
        <ele>252.402702</ele>
        <time>2021-07-24T16:35:44.000Z</time>
      </trkpt>
      <trkpt lat="49.049192" lon="9.206815">
        <ele>252.379915</ele>
        <time>2021-07-24T16:35:45.000Z</time>
      </trkpt>
      <trkpt lat="49.049259" lon="9.206763">
        <ele>252.355058</ele>
        <time>2021-07-24T16:35:46.000Z</time>
      </trkpt>
      <trkpt lat="49.049329" lon="9.206730">
        <ele>252.330831</ele>
        <time>2021-07-24T16:35:47.000Z</time>
      </trkpt>
      <trkpt lat="49.049396" lon="9.206702">
        <ele>252.307860</ele>
        <time>2021-07-24T16:35:48.000Z</time>
      </trkpt>
      <trkpt lat="49.049460" lon="9.206647">
        <ele>252.283571</ele>
        <time>2021-07-24T16:35:49.000Z</time>
      </trkpt>
      <trkpt lat="49.049522" lon="9.206599">
        <ele>252.260581</ele>
        <time>2021-07-24T16:35:50.000Z</time>
      </trkpt>
      <trkpt lat="49.049583" lon="9.206548">
        <ele>252.237581</ele>
        <time>2021-07-24T16:35:51.000Z</time>
      </trkpt>
      <trkpt lat="49.049639" lon="9.206500">
        <ele>252.216341</ele>
        <time>2021-07-24T16:35:52.000Z</time>
      </trkpt>
      <trkpt lat="49.049691" lon="9.206478">
        <ele>252.198497</ele>
        <time>2021-07-24T16:35:53.000Z</time>
      </trkpt>
      <trkpt lat="49.049763" lon="9.206441">
        <ele>252.173375</ele>
        <time>2021-07-24T16:35:54.000Z</time>
      </trkpt>
      <trkpt lat="49.049832" lon="9.206400">
        <ele>252.148889</ele>
        <time>2021-07-24T16:35:55.000Z</time>
      </trkpt>
      <trkpt lat="49.049902" lon="9.206349">
        <ele>252.123239</ele>
        <time>2021-07-24T16:35:56.000Z</time>
      </trkpt>
      <trkpt lat="49.049945" lon="9.206316">
        <ele>252.107323</ele>
        <time>2021-07-24T16:35:57.000Z</time>
      </trkpt>
      <trkpt lat="49.050019" lon="9.206280">
        <ele>252.081639</ele>
        <time>2021-07-24T16:35:58.000Z</time>
      </trkpt>
      <trkpt lat="49.050088" lon="9.206245">
        <ele>252.057595</ele>
        <time>2021-07-24T16:35:59.000Z</time>
      </trkpt>
      <trkpt lat="49.050154" lon="9.206201">
        <ele>252.033778</ele>
        <time>2021-07-24T16:36:00.000Z</time>
      </trkpt>
      <trkpt lat="49.050222" lon="9.206173">
        <ele>252.010488</ele>
        <time>2021-07-24T16:36:01.000Z</time>
      </trkpt>
      <trkpt lat="49.050283" lon="9.206126">
        <ele>251.987891</ele>
        <time>2021-07-24T16:36:02.000Z</time>
      </trkpt>
      <trkpt lat="49.050347" lon="9.206079">
        <ele>251.964405</ele>
        <time>2021-07-24T16:36:03.000Z</time>
      </trkpt>
      <trkpt lat="49.050403" lon="9.206039">
        <ele>251.943958</ele>
        <time>2021-07-24T16:36:04.000Z</time>
      </trkpt>
      <trkpt lat="49.050475" lon="9.205966">
        <ele>251.915373</ele>
        <time>2021-07-24T16:36:05.000Z</time>
      </trkpt>
      <trkpt lat="49.050546" lon="9.205914">
        <ele>251.889331</ele>
        <time>2021-07-24T16:36:06.000Z</time>
      </trkpt>
      <trkpt lat="49.050602" lon="9.205864">
        <ele>251.867876</ele>
        <time>2021-07-24T16:36:07.000Z</time>
      </trkpt>
      <trkpt lat="49.050661" lon="9.205831">
        <ele>251.847096</ele>
        <time>2021-07-24T16:36:08.000Z</time>
      </trkpt>
      <trkpt lat="49.050721" lon="9.205802">
        <ele>251.813854</ele>
        <time>2021-07-24T16:36:09.000Z</time>
      </trkpt>
      <trkpt lat="49.050756" lon="9.205749">
        <ele>251.764463</ele>
        <time>2021-07-24T16:36:10.000Z</time>
      </trkpt>
      <trkpt lat="49.050797" lon="9.205720">
        <ele>251.719199</ele>
        <time>2021-07-24T16:36:11.000Z</time>
      </trkpt>
      <trkpt lat="49.050837" lon="9.205685">
        <ele>251.673014</ele>
        <time>2021-07-24T16:36:12.000Z</time>
      </trkpt>
      <trkpt lat="49.050878" lon="9.205651">
        <ele>251.626274</ele>
        <time>2021-07-24T16:36:13.000Z</time>
      </trkpt>
      <trkpt lat="49.050920" lon="9.205614">
        <ele>251.577698</ele>
        <time>2021-07-24T16:36:14.000Z</time>
      </trkpt>
      <trkpt lat="49.050954" lon="9.205584">
        <ele>251.538359</ele>
        <time>2021-07-24T16:36:15.000Z</time>
      </trkpt>
      <trkpt lat="49.050986" lon="9.205565">
        <ele>251.503966</ele>
        <time>2021-07-24T16:36:16.000Z</time>
      </trkpt>
      <trkpt lat="49.051026" lon="9.205543">
        <ele>251.461378</ele>
        <time>2021-07-24T16:36:17.000Z</time>
      </trkpt>
      <trkpt lat="49.051062" lon="9.205528">
        <ele>251.423999</ele>
        <time>2021-07-24T16:36:18.000Z</time>
      </trkpt>
      <trkpt lat="49.051093" lon="9.205500">
        <ele>251.387916</ele>
        <time>2021-07-24T16:36:19.000Z</time>
      </trkpt>
      <trkpt lat="49.051124" lon="9.205476">
        <ele>251.353098</ele>
        <time>2021-07-24T16:36:20.000Z</time>
      </trkpt>
      <trkpt lat="49.051147" lon="9.205459">
        <ele>251.327500</ele>
        <time>2021-07-24T16:36:21.000Z</time>
      </trkpt>
      <trkpt lat="49.051165" lon="9.205447">
        <ele>251.307825</ele>
        <time>2021-07-24T16:36:22.000Z</time>
      </trkpt>
      <trkpt lat="49.051183" lon="9.205427">
        <ele>251.285522</ele>
        <time>2021-07-24T16:36:23.000Z</time>
      </trkpt>
      <trkpt lat="49.051195" lon="9.205423">
        <ele>251.273220</ele>
        <time>2021-07-24T16:36:24.000Z</time>
      </trkpt>
      <trkpt lat="49.051202" lon="9.205414">
        <ele>251.264051</ele>
        <time>2021-07-24T16:36:25.000Z</time>
      </trkpt>
      <trkpt lat="49.051210" lon="9.205401">
        <ele>251.252345</ele>
        <time>2021-07-24T16:36:26.000Z</time>
      </trkpt>
      <trkpt lat="49.051223" lon="9.205384">
        <ele>251.235196</ele>
        <time>2021-07-24T16:36:27.000Z</time>
      </trkpt>
      <trkpt lat="49.051236" lon="9.205367">
        <ele>251.218047</ele>
        <time>2021-07-24T16:36:28.000Z</time>
      </trkpt>
      <trkpt lat="49.051247" lon="9.205355">
        <ele>251.204503</ele>
        <time>2021-07-24T16:36:29.000Z</time>
      </trkpt>
      <trkpt lat="49.051258" lon="9.205344">
        <ele>251.191330</ele>
        <time>2021-07-24T16:36:30.000Z</time>
      </trkpt>
      <trkpt lat="49.051267" lon="9.205339">
        <ele>251.181736</ele>
        <time>2021-07-24T16:36:31.000Z</time>
      </trkpt>
      <trkpt lat="49.051272" lon="9.205337">
        <ele>251.176559</ele>
        <time>2021-07-24T16:36:32.000Z</time>
      </trkpt>
      <trkpt lat="49.051278" lon="9.205334">
        <ele>251.170235</ele>
        <time>2021-07-24T16:36:33.000Z</time>
      </trkpt>
      <trkpt lat="49.051288" lon="9.205327">
        <ele>251.159215</ele>
        <time>2021-07-24T16:36:34.000Z</time>
      </trkpt>
      <trkpt lat="49.051297" lon="9.205321">
        <ele>251.149378</ele>
        <time>2021-07-24T16:36:35.000Z</time>
      </trkpt>
      <trkpt lat="49.051302" lon="9.205317">
        <ele>251.143723</ele>
        <time>2021-07-24T16:36:36.000Z</time>
      </trkpt>
      <trkpt lat="49.051306" lon="9.205315">
        <ele>251.139507</ele>
        <time>2021-07-24T16:36:37.000Z</time>
      </trkpt>
      <trkpt lat="49.051309" lon="9.205313">
        <ele>251.136228</ele>
        <time>2021-07-24T16:36:38.000Z</time>
      </trkpt>
      <trkpt lat="49.051315" lon="9.205310">
        <ele>251.129904</ele>
        <time>2021-07-24T16:36:39.000Z</time>
      </trkpt>
      <trkpt lat="49.051326" lon="9.205304">
        <ele>251.118203</ele>
        <time>2021-07-24T16:36:40.000Z</time>
      </trkpt>
      <trkpt lat="49.051344" lon="9.205295">
        <ele>251.099231</ele>
        <time>2021-07-24T16:36:41.000Z</time>
      </trkpt>
      <trkpt lat="49.051355" lon="9.205291">
        <ele>251.087904</ele>
        <time>2021-07-24T16:36:42.000Z</time>
      </trkpt>
      <trkpt lat="49.051363" lon="9.205285">
        <ele>251.078976</ele>
        <time>2021-07-24T16:36:43.000Z</time>
      </trkpt>
      <trkpt lat="49.051371" lon="9.205278">
        <ele>251.069739</ele>
        <time>2021-07-24T16:36:44.000Z</time>
      </trkpt>
      <trkpt lat="49.051387" lon="9.205270">
        <ele>251.052874</ele>
        <time>2021-07-24T16:36:45.000Z</time>
      </trkpt>
      <trkpt lat="49.051401" lon="9.205263">
        <ele>251.038118</ele>
        <time>2021-07-24T16:36:46.000Z</time>
      </trkpt>
      <trkpt lat="49.051412" lon="9.205259">
        <ele>251.026791</ele>
        <time>2021-07-24T16:36:47.000Z</time>
      </trkpt>
      <trkpt lat="49.051423" lon="9.205257">
        <ele>251.015696</ele>
        <time>2021-07-24T16:36:48.000Z</time>
      </trkpt>
      <trkpt lat="49.051431" lon="9.205255">
        <ele>251.007576</ele>
        <time>2021-07-24T16:36:49.000Z</time>
      </trkpt>
      <trkpt lat="49.051432" lon="9.205254">
        <ele>251.006378</ele>
        <time>2021-07-24T16:36:50.000Z</time>
      </trkpt>
      <trkpt lat="49.051432" lon="9.205254">
        <ele>251.006378</ele>
        <time>2021-07-24T16:36:51.000Z</time>
      </trkpt>
      <trkpt lat="49.051430" lon="9.205253">
        <ele>251.004270</ele>
        <time>2021-07-24T16:36:52.000Z</time>
      </trkpt>
      <trkpt lat="49.051429" lon="9.205252">
        <ele>251.003073</ele>
        <time>2021-07-24T16:36:53.000Z</time>
      </trkpt>
      <trkpt lat="49.051438" lon="9.205243">
        <ele>250.992295</ele>
        <time>2021-07-24T16:36:54.000Z</time>
      </trkpt>
      <trkpt lat="49.051449" lon="9.205232">
        <ele>250.979122</ele>
        <time>2021-07-24T16:36:55.000Z</time>
      </trkpt>
      <trkpt lat="49.051456" lon="9.205226">
        <ele>250.971080</ele>
        <time>2021-07-24T16:36:56.000Z</time>
      </trkpt>
      <trkpt lat="49.051461" lon="9.205223">
        <ele>250.965698</ele>
        <time>2021-07-24T16:36:57.000Z</time>
      </trkpt>
      <trkpt lat="49.051469" lon="9.205214">
        <ele>250.955743</ele>
        <time>2021-07-24T16:36:58.000Z</time>
      </trkpt>
      <trkpt lat="49.051473" lon="9.205205">
        <ele>250.948605</ele>
        <time>2021-07-24T16:36:59.000Z</time>
      </trkpt>
      <trkpt lat="49.051473" lon="9.205204">
        <ele>250.947948</ele>
        <time>2021-07-24T16:37:00.000Z</time>
      </trkpt>
      <trkpt lat="49.051468" lon="9.205207">
        <ele>250.942567</ele>
        <time>2021-07-24T16:37:01.000Z</time>
      </trkpt>
      <trkpt lat="49.051464" lon="9.205208">
        <ele>250.938507</ele>
        <time>2021-07-24T16:37:02.000Z</time>
      </trkpt>
      <trkpt lat="49.051463" lon="9.205209">
        <ele>250.937309</ele>
        <time>2021-07-24T16:37:03.000Z</time>
      </trkpt>
      <trkpt lat="49.051462" lon="9.205209">
        <ele>250.936308</ele>
        <time>2021-07-24T16:37:04.000Z</time>
      </trkpt>
      <trkpt lat="49.051462" lon="9.205209">
        <ele>250.936308</ele>
        <time>2021-07-24T16:37:05.000Z</time>
      </trkpt>
      <trkpt lat="49.051461" lon="9.205210">
        <ele>250.935110</ele>
        <time>2021-07-24T16:37:06.000Z</time>
      </trkpt>
      <trkpt lat="49.051463" lon="9.205210">
        <ele>250.933107</ele>
        <time>2021-07-24T16:37:07.000Z</time>
      </trkpt>
      <trkpt lat="49.051473" lon="9.205205">
        <ele>250.922567</ele>
        <time>2021-07-24T16:37:08.000Z</time>
      </trkpt>
      <trkpt lat="49.051489" lon="9.205193">
        <ele>250.904709</ele>
        <time>2021-07-24T16:37:09.000Z</time>
      </trkpt>
      <trkpt lat="49.051508" lon="9.205180">
        <ele>250.883853</ele>
        <time>2021-07-24T16:37:10.000Z</time>
      </trkpt>
      <trkpt lat="49.051527" lon="9.205169">
        <ele>250.863498</ele>
        <time>2021-07-24T16:37:11.000Z</time>
      </trkpt>
      <trkpt lat="49.051551" lon="9.205157">
        <ele>250.838202</ele>
        <time>2021-07-24T16:37:12.000Z</time>
      </trkpt>
      <trkpt lat="49.051576" lon="9.205145">
        <ele>250.811952</ele>
        <time>2021-07-24T16:37:13.000Z</time>
      </trkpt>
      <trkpt lat="49.051596" lon="9.205134">
        <ele>250.790658</ele>
        <time>2021-07-24T16:37:14.000Z</time>
      </trkpt>
      <trkpt lat="49.051618" lon="9.205119">
        <ele>250.766522</ele>
        <time>2021-07-24T16:37:15.000Z</time>
      </trkpt>
      <trkpt lat="49.051643" lon="9.205101">
        <ele>250.738834</ele>
        <time>2021-07-24T16:37:16.000Z</time>
      </trkpt>
      <trkpt lat="49.051668" lon="9.205082">
        <ele>250.710859</ele>
        <time>2021-07-24T16:37:17.000Z</time>
      </trkpt>
      <trkpt lat="49.051694" lon="9.205064">
        <ele>250.682262</ele>
        <time>2021-07-24T16:37:18.000Z</time>
      </trkpt>
      <trkpt lat="49.051722" lon="9.205047">
        <ele>250.652078</ele>
        <time>2021-07-24T16:37:19.000Z</time>
      </trkpt>
      <trkpt lat="49.051750" lon="9.205028">
        <ele>250.621384</ele>
        <time>2021-07-24T16:37:20.000Z</time>
      </trkpt>
      <trkpt lat="49.051788" lon="9.205002">
        <ele>250.579671</ele>
        <time>2021-07-24T16:37:21.000Z</time>
      </trkpt>
      <trkpt lat="49.051830" lon="9.204974">
        <ele>250.533763</ele>
        <time>2021-07-24T16:37:22.000Z</time>
      </trkpt>
      <trkpt lat="49.051870" lon="9.204949">
        <ele>250.490468</ele>
        <time>2021-07-24T16:37:23.000Z</time>
      </trkpt>
      <trkpt lat="49.051914" lon="9.204924">
        <ele>250.443441</ele>
        <time>2021-07-24T16:37:24.000Z</time>
      </trkpt>
      <trkpt lat="49.051971" lon="9.204881">
        <ele>250.379752</ele>
        <time>2021-07-24T16:37:25.000Z</time>
      </trkpt>
      <trkpt lat="49.052013" lon="9.204854">
        <ele>250.334103</ele>
        <time>2021-07-24T16:37:26.000Z</time>
      </trkpt>
      <trkpt lat="49.052060" lon="9.204822">
        <ele>250.282553</ele>
        <time>2021-07-24T16:37:27.000Z</time>
      </trkpt>
      <trkpt lat="49.052100" lon="9.204794">
        <ele>250.238473</ele>
        <time>2021-07-24T16:37:28.000Z</time>
      </trkpt>
      <trkpt lat="49.052142" lon="9.204760">
        <ele>250.190851</ele>
        <time>2021-07-24T16:37:29.000Z</time>
      </trkpt>
      <trkpt lat="49.052183" lon="9.204722">
        <ele>250.142803</ele>
        <time>2021-07-24T16:37:30.000Z</time>
      </trkpt>
      <trkpt lat="49.052226" lon="9.204682">
        <ele>250.092361</ele>
        <time>2021-07-24T16:37:31.000Z</time>
      </trkpt>
      <trkpt lat="49.052266" lon="9.204647">
        <ele>250.046176</ele>
        <time>2021-07-24T16:37:32.000Z</time>
      </trkpt>
      <trkpt lat="49.052312" lon="9.204606">
        <ele>249.949423</ele>
        <time>2021-07-24T16:37:33.000Z</time>
      </trkpt>
      <trkpt lat="49.052359" lon="9.204571">
        <ele>249.837289</ele>
        <time>2021-07-24T16:37:34.000Z</time>
      </trkpt>
      <trkpt lat="49.052396" lon="9.204532">
        <ele>249.740868</ele>
        <time>2021-07-24T16:37:35.000Z</time>
      </trkpt>
      <trkpt lat="49.052439" lon="9.204497">
        <ele>249.636374</ele>
        <time>2021-07-24T16:37:36.000Z</time>
      </trkpt>
      <trkpt lat="49.052486" lon="9.204455">
        <ele>249.519590</ele>
        <time>2021-07-24T16:37:37.000Z</time>
      </trkpt>
      <trkpt lat="49.052536" lon="9.204399">
        <ele>249.386604</ele>
        <time>2021-07-24T16:37:38.000Z</time>
      </trkpt>
      <trkpt lat="49.052577" lon="9.204377">
        <ele>249.293418</ele>
        <time>2021-07-24T16:37:39.000Z</time>
      </trkpt>
      <trkpt lat="49.052617" lon="9.204338">
        <ele>249.191640</ele>
        <time>2021-07-24T16:37:40.000Z</time>
      </trkpt>
      <trkpt lat="49.052648" lon="9.204308">
        <ele>249.112931</ele>
        <time>2021-07-24T16:37:41.000Z</time>
      </trkpt>
      <trkpt lat="49.052683" lon="9.204278">
        <ele>249.026857</ele>
        <time>2021-07-24T16:37:42.000Z</time>
      </trkpt>
      <trkpt lat="49.052692" lon="9.204258">
        <ele>248.992766</ele>
        <time>2021-07-24T16:37:43.000Z</time>
      </trkpt>
      <trkpt lat="49.052722" lon="9.204222">
        <ele>248.910934</ele>
        <time>2021-07-24T16:37:44.000Z</time>
      </trkpt>
      <trkpt lat="49.052733" lon="9.204182">
        <ele>248.849979</ele>
        <time>2021-07-24T16:37:45.000Z</time>
      </trkpt>
      <trkpt lat="49.052745" lon="9.204135">
        <ele>248.779101</ele>
        <time>2021-07-24T16:37:46.000Z</time>
      </trkpt>
      <trkpt lat="49.052743" lon="9.204067">
        <ele>248.683453</ele>
        <time>2021-07-24T16:37:47.000Z</time>
      </trkpt>
      <trkpt lat="49.052738" lon="9.204011">
        <ele>248.604036</ele>
        <time>2021-07-24T16:37:48.000Z</time>
      </trkpt>
      <trkpt lat="49.052738" lon="9.204011">
        <ele>248.604036</ele>
        <time>2021-07-24T16:37:49.000Z</time>
      </trkpt>
      <trkpt lat="49.052726" lon="9.203967">
        <ele>248.537068</ele>
        <time>2021-07-24T16:37:50.000Z</time>
      </trkpt>
      <trkpt lat="49.052723" lon="9.203903">
        <ele>248.446907</ele>
        <time>2021-07-24T16:37:51.000Z</time>
      </trkpt>
      <trkpt lat="49.052723" lon="9.203832">
        <ele>248.347139</ele>
        <time>2021-07-24T16:37:52.000Z</time>
      </trkpt>
      <trkpt lat="49.052723" lon="9.203749">
        <ele>248.230509</ele>
        <time>2021-07-24T16:37:53.000Z</time>
      </trkpt>
      <trkpt lat="49.052725" lon="9.203661">
        <ele>248.106779</ele>
        <time>2021-07-24T16:37:54.000Z</time>
      </trkpt>
      <trkpt lat="49.052735" lon="9.203557">
        <ele>247.959076</ele>
        <time>2021-07-24T16:37:55.000Z</time>
      </trkpt>
      <trkpt lat="49.052734" lon="9.203462">
        <ele>247.825567</ele>
        <time>2021-07-24T16:37:56.000Z</time>
      </trkpt>
      <trkpt lat="49.052747" lon="9.203350">
        <ele>247.665738</ele>
        <time>2021-07-24T16:37:57.000Z</time>
      </trkpt>
      <trkpt lat="49.052740" lon="9.203240">
        <ele>247.510441</ele>
        <time>2021-07-24T16:37:58.000Z</time>
      </trkpt>
      <trkpt lat="49.052728" lon="9.203131">
        <ele>247.355131</ele>
        <time>2021-07-24T16:37:59.000Z</time>
      </trkpt>
      <trkpt lat="49.052713" lon="9.203030">
        <ele>247.209609</ele>
        <time>2021-07-24T16:38:00.000Z</time>
      </trkpt>
      <trkpt lat="49.052688" lon="9.202936">
        <ele>247.067060</ele>
        <time>2021-07-24T16:38:01.000Z</time>
      </trkpt>
      <trkpt lat="49.052669" lon="9.202843">
        <ele>246.930176</ele>
        <time>2021-07-24T16:38:02.000Z</time>
      </trkpt>
      <trkpt lat="49.052648" lon="9.202754">
        <ele>246.797256</ele>
        <time>2021-07-24T16:38:03.000Z</time>
      </trkpt>
      <trkpt lat="49.052619" lon="9.202668">
        <ele>246.661352</ele>
        <time>2021-07-24T16:38:04.000Z</time>
      </trkpt>
      <trkpt lat="49.052596" lon="9.202589">
        <ele>246.539882</ele>
        <time>2021-07-24T16:38:05.000Z</time>
      </trkpt>
      <trkpt lat="49.052575" lon="9.202505">
        <ele>246.413550</ele>
        <time>2021-07-24T16:38:06.000Z</time>
      </trkpt>
      <trkpt lat="49.052551" lon="9.202430">
        <ele>246.296269</ele>
        <time>2021-07-24T16:38:07.000Z</time>
      </trkpt>
      <trkpt lat="49.052527" lon="9.202351">
        <ele>246.174829</ele>
        <time>2021-07-24T16:38:08.000Z</time>
      </trkpt>
      <trkpt lat="49.052501" lon="9.202268">
        <ele>246.313093</ele>
        <time>2021-07-24T16:38:09.000Z</time>
      </trkpt>
      <trkpt lat="49.052475" lon="9.202191">
        <ele>246.443280</ele>
        <time>2021-07-24T16:38:10.000Z</time>
      </trkpt>
      <trkpt lat="49.052452" lon="9.202108">
        <ele>246.578719</ele>
        <time>2021-07-24T16:38:11.000Z</time>
      </trkpt>
      <trkpt lat="49.052428" lon="9.202031">
        <ele>246.706870</ele>
        <time>2021-07-24T16:38:12.000Z</time>
      </trkpt>
      <trkpt lat="49.052404" lon="9.201955">
        <ele>246.833665</ele>
        <time>2021-07-24T16:38:13.000Z</time>
      </trkpt>
      <trkpt lat="49.052381" lon="9.201886">
        <ele>246.950013</ele>
        <time>2021-07-24T16:38:14.000Z</time>
      </trkpt>
      <trkpt lat="49.052356" lon="9.201811">
        <ele>247.076479</ele>
        <time>2021-07-24T16:38:15.000Z</time>
      </trkpt>
      <trkpt lat="49.052329" lon="9.201738">
        <ele>247.202463</ele>
        <time>2021-07-24T16:38:16.000Z</time>
      </trkpt>
      <trkpt lat="49.052308" lon="9.201672">
        <ele>247.312732</ele>
        <time>2021-07-24T16:38:17.000Z</time>
      </trkpt>
      <trkpt lat="49.052289" lon="9.201599">
        <ele>247.430785</ele>
        <time>2021-07-24T16:38:18.000Z</time>
      </trkpt>
      <trkpt lat="49.052269" lon="9.201524">
        <ele>247.552482</ele>
        <time>2021-07-24T16:38:19.000Z</time>
      </trkpt>
      <trkpt lat="49.052248" lon="9.201452">
        <ele>247.670930</ele>
        <time>2021-07-24T16:38:20.000Z</time>
      </trkpt>
      <trkpt lat="49.052230" lon="9.201381">
        <ele>247.785347</ele>
        <time>2021-07-24T16:38:21.000Z</time>
      </trkpt>
      <trkpt lat="49.052209" lon="9.201310">
        <ele>247.902423</ele>
        <time>2021-07-24T16:38:22.000Z</time>
      </trkpt>
      <trkpt lat="49.052186" lon="9.201244">
        <ele>248.014771</ele>
        <time>2021-07-24T16:38:23.000Z</time>
      </trkpt>
      <trkpt lat="49.052167" lon="9.201175">
        <ele>248.127259</ele>
        <time>2021-07-24T16:38:24.000Z</time>
      </trkpt>
      <trkpt lat="49.052146" lon="9.201108">
        <ele>248.238882</ele>
        <time>2021-07-24T16:38:25.000Z</time>
      </trkpt>
      <trkpt lat="49.052125" lon="9.201038">
        <ele>248.354590</ele>
        <time>2021-07-24T16:38:26.000Z</time>
      </trkpt>
      <trkpt lat="49.052105" lon="9.200970">
        <ele>248.466613</ele>
        <time>2021-07-24T16:38:27.000Z</time>
      </trkpt>
      <trkpt lat="49.052084" lon="9.200908">
        <ele>248.571507</ele>
        <time>2021-07-24T16:38:28.000Z</time>
      </trkpt>
      <trkpt lat="49.052067" lon="9.200840">
        <ele>248.680894</ele>
        <time>2021-07-24T16:38:29.000Z</time>
      </trkpt>
      <trkpt lat="49.052047" lon="9.200775">
        <ele>248.788819</ele>
        <time>2021-07-24T16:38:30.000Z</time>
      </trkpt>
      <trkpt lat="49.052024" lon="9.200708">
        <ele>248.902497</ele>
        <time>2021-07-24T16:38:31.000Z</time>
      </trkpt>
      <trkpt lat="49.052003" lon="9.200645">
        <ele>249.008729</ele>
        <time>2021-07-24T16:38:32.000Z</time>
      </trkpt>
      <trkpt lat="49.051979" lon="9.200575">
        <ele>249.127465</ele>
        <time>2021-07-24T16:38:33.000Z</time>
      </trkpt>
      <trkpt lat="49.051961" lon="9.200511">
        <ele>249.232139</ele>
        <time>2021-07-24T16:38:34.000Z</time>
      </trkpt>
      <trkpt lat="49.051938" lon="9.200446">
        <ele>249.343163</ele>
        <time>2021-07-24T16:38:35.000Z</time>
      </trkpt>
      <trkpt lat="49.051914" lon="9.200370">
        <ele>249.469959</ele>
        <time>2021-07-24T16:38:36.000Z</time>
      </trkpt>
      <trkpt lat="49.051893" lon="9.200307">
        <ele>249.576191</ele>
        <time>2021-07-24T16:38:37.000Z</time>
      </trkpt>
      <trkpt lat="49.051873" lon="9.200235">
        <ele>249.693726</ele>
        <time>2021-07-24T16:38:38.000Z</time>
      </trkpt>
      <trkpt lat="49.051851" lon="9.200167">
        <ele>249.807704</ele>
        <time>2021-07-24T16:38:39.000Z</time>
      </trkpt>
      <trkpt lat="49.051834" lon="9.200099">
        <ele>249.917091</ele>
        <time>2021-07-24T16:38:40.000Z</time>
      </trkpt>
      <trkpt lat="49.051813" lon="9.200042">
        <ele>250.015370</ele>
        <time>2021-07-24T16:38:41.000Z</time>
      </trkpt>
      <trkpt lat="49.051793" lon="9.199983">
        <ele>250.115206</ele>
        <time>2021-07-24T16:38:42.000Z</time>
      </trkpt>
      <trkpt lat="49.051780" lon="9.199913">
        <ele>250.224558</ele>
        <time>2021-07-24T16:38:43.000Z</time>
      </trkpt>
      <trkpt lat="49.051782" lon="9.199848">
        <ele>250.273641</ele>
        <time>2021-07-24T16:38:44.000Z</time>
      </trkpt>
      <trkpt lat="49.051805" lon="9.199797">
        <ele>250.170699</ele>
        <time>2021-07-24T16:38:45.000Z</time>
      </trkpt>
      <trkpt lat="49.051833" lon="9.199751">
        <ele>250.066307</ele>
        <time>2021-07-24T16:38:46.000Z</time>
      </trkpt>
      <trkpt lat="49.051869" lon="9.199720">
        <ele>249.961426</ele>
        <time>2021-07-24T16:38:47.000Z</time>
      </trkpt>
      <trkpt lat="49.051906" lon="9.199677">
        <ele>249.843421</ele>
        <time>2021-07-24T16:38:48.000Z</time>
      </trkpt>
      <trkpt lat="49.051948" lon="9.199635">
        <ele>249.716012</ele>
        <time>2021-07-24T16:38:49.000Z</time>
      </trkpt>
      <trkpt lat="49.051988" lon="9.199595">
        <ele>249.594671</ele>
        <time>2021-07-24T16:38:50.000Z</time>
      </trkpt>
      <trkpt lat="49.052035" lon="9.199552">
        <ele>249.455629</ele>
        <time>2021-07-24T16:38:51.000Z</time>
      </trkpt>
      <trkpt lat="49.052084" lon="9.199507">
        <ele>249.310525</ele>
        <time>2021-07-24T16:38:52.000Z</time>
      </trkpt>
      <trkpt lat="49.052132" lon="9.199459">
        <ele>249.164915</ele>
        <time>2021-07-24T16:38:53.000Z</time>
      </trkpt>
      <trkpt lat="49.052181" lon="9.199413">
        <ele>249.018947</ele>
        <time>2021-07-24T16:38:54.000Z</time>
      </trkpt>
      <trkpt lat="49.052237" lon="9.199365">
        <ele>248.855980</ele>
        <time>2021-07-24T16:38:55.000Z</time>
      </trkpt>
      <trkpt lat="49.052286" lon="9.199314">
        <ele>248.705489</ele>
        <time>2021-07-24T16:38:56.000Z</time>
      </trkpt>
      <trkpt lat="49.052340" lon="9.199260">
        <ele>248.541678</ele>
        <time>2021-07-24T16:38:57.000Z</time>
      </trkpt>
      <trkpt lat="49.052400" lon="9.199205">
        <ele>248.364087</ele>
        <time>2021-07-24T16:38:58.000Z</time>
      </trkpt>
      <trkpt lat="49.052461" lon="9.199150">
        <ele>248.184317</ele>
        <time>2021-07-24T16:38:59.000Z</time>
      </trkpt>
      <trkpt lat="49.052522" lon="9.199098">
        <ele>248.007032</ele>
        <time>2021-07-24T16:39:00.000Z</time>
      </trkpt>
      <trkpt lat="49.052582" lon="9.199039">
        <ele>247.825927</ele>
        <time>2021-07-24T16:39:01.000Z</time>
      </trkpt>
      <trkpt lat="49.052646" lon="9.198978">
        <ele>247.634470</ele>
        <time>2021-07-24T16:39:02.000Z</time>
      </trkpt>
      <trkpt lat="49.052712" lon="9.198919">
        <ele>247.440393</ele>
        <time>2021-07-24T16:39:03.000Z</time>
      </trkpt>
      <trkpt lat="49.052776" lon="9.198860">
        <ele>247.250677</ele>
        <time>2021-07-24T16:39:04.000Z</time>
      </trkpt>
      <trkpt lat="49.052839" lon="9.198803">
        <ele>247.064846</ele>
        <time>2021-07-24T16:39:05.000Z</time>
      </trkpt>
      <trkpt lat="49.052900" lon="9.198740">
        <ele>246.877958</ele>
        <time>2021-07-24T16:39:06.000Z</time>
      </trkpt>
      <trkpt lat="49.052962" lon="9.198680">
        <ele>246.691682</ele>
        <time>2021-07-24T16:39:07.000Z</time>
      </trkpt>
      <trkpt lat="49.053024" lon="9.198622">
        <ele>246.507165</ele>
        <time>2021-07-24T16:39:08.000Z</time>
      </trkpt>
      <trkpt lat="49.053084" lon="9.198566">
        <ele>246.328713</ele>
        <time>2021-07-24T16:39:09.000Z</time>
      </trkpt>
      <trkpt lat="49.053144" lon="9.198513">
        <ele>246.152813</ele>
        <time>2021-07-24T16:39:10.000Z</time>
      </trkpt>
      <trkpt lat="49.053204" lon="9.198453">
        <ele>245.970802</ele>
        <time>2021-07-24T16:39:11.000Z</time>
      </trkpt>
      <trkpt lat="49.053267" lon="9.198395">
        <ele>245.784118</ele>
        <time>2021-07-24T16:39:12.000Z</time>
      </trkpt>
      <trkpt lat="49.053328" lon="9.198343">
        <ele>245.588936</ele>
        <time>2021-07-24T16:39:13.000Z</time>
      </trkpt>
      <trkpt lat="49.053388" lon="9.198287">
        <ele>245.385701</ele>
        <time>2021-07-24T16:39:14.000Z</time>
      </trkpt>
      <trkpt lat="49.053451" lon="9.198228">
        <ele>245.172106</ele>
        <time>2021-07-24T16:39:15.000Z</time>
      </trkpt>
      <trkpt lat="49.053511" lon="9.198173">
        <ele>244.969853</ele>
        <time>2021-07-24T16:39:16.000Z</time>
      </trkpt>
      <trkpt lat="49.053574" lon="9.198114">
        <ele>244.756258</ele>
        <time>2021-07-24T16:39:17.000Z</time>
      </trkpt>
      <trkpt lat="49.053633" lon="9.198055">
        <ele>244.552425</ele>
        <time>2021-07-24T16:39:18.000Z</time>
      </trkpt>
      <trkpt lat="49.053692" lon="9.197997">
        <ele>244.349623</ele>
        <time>2021-07-24T16:39:19.000Z</time>
      </trkpt>
      <trkpt lat="49.053755" lon="9.197947">
        <ele>244.144429</ele>
        <time>2021-07-24T16:39:20.000Z</time>
      </trkpt>
      <trkpt lat="49.053813" lon="9.197891">
        <ele>243.946102</ele>
        <time>2021-07-24T16:39:21.000Z</time>
      </trkpt>
      <trkpt lat="49.053871" lon="9.197833">
        <ele>243.745723</ele>
        <time>2021-07-24T16:39:22.000Z</time>
      </trkpt>
      <trkpt lat="49.053929" lon="9.197773">
        <ele>243.543245</ele>
        <time>2021-07-24T16:39:23.000Z</time>
      </trkpt>
      <trkpt lat="49.053987" lon="9.197714">
        <ele>243.341822</ele>
        <time>2021-07-24T16:39:24.000Z</time>
      </trkpt>
      <trkpt lat="49.054047" lon="9.197657">
        <ele>243.137593</ele>
        <time>2021-07-24T16:39:25.000Z</time>
      </trkpt>
      <trkpt lat="49.054103" lon="9.197604">
        <ele>242.947180</ele>
        <time>2021-07-24T16:39:26.000Z</time>
      </trkpt>
      <trkpt lat="49.054162" lon="9.197546">
        <ele>242.744379</ele>
        <time>2021-07-24T16:39:27.000Z</time>
      </trkpt>
      <trkpt lat="49.054217" lon="9.197491">
        <ele>242.554365</ele>
        <time>2021-07-24T16:39:28.000Z</time>
      </trkpt>
      <trkpt lat="49.054275" lon="9.197435">
        <ele>242.356038</ele>
        <time>2021-07-24T16:39:29.000Z</time>
      </trkpt>
      <trkpt lat="49.054329" lon="9.197379">
        <ele>242.167377</ele>
        <time>2021-07-24T16:39:30.000Z</time>
      </trkpt>
      <trkpt lat="49.054388" lon="9.197317">
        <ele>241.960377</ele>
        <time>2021-07-24T16:39:31.000Z</time>
      </trkpt>
      <trkpt lat="49.054450" lon="9.197264">
        <ele>241.755026</ele>
        <time>2021-07-24T16:39:32.000Z</time>
      </trkpt>
      <trkpt lat="49.054505" lon="9.197206">
        <ele>241.561841</ele>
        <time>2021-07-24T16:39:33.000Z</time>
      </trkpt>
      <trkpt lat="49.054558" lon="9.197159">
        <ele>241.384710</ele>
        <time>2021-07-24T16:39:34.000Z</time>
      </trkpt>
      <trkpt lat="49.054616" lon="9.197100">
        <ele>241.183289</ele>
        <time>2021-07-24T16:39:35.000Z</time>
      </trkpt>
      <trkpt lat="49.054679" lon="9.197048">
        <ele>240.976321</ele>
        <time>2021-07-24T16:39:36.000Z</time>
      </trkpt>
      <trkpt lat="49.054744" lon="9.196989">
        <ele>240.757781</ele>
        <time>2021-07-24T16:39:37.000Z</time>
      </trkpt>
      <trkpt lat="49.054810" lon="9.196947">
        <ele>240.551150</ele>
        <time>2021-07-24T16:39:38.000Z</time>
      </trkpt>
      <trkpt lat="49.054884" lon="9.196919">
        <ele>240.316296</ele>
        <time>2021-07-24T16:39:39.000Z</time>
      </trkpt>
      <trkpt lat="49.054965" lon="9.196916">
        <ele>240.065759</ele>
        <time>2021-07-24T16:39:40.000Z</time>
      </trkpt>
      <trkpt lat="49.055044" lon="9.196924">
        <ele>239.820944</ele>
        <time>2021-07-24T16:39:41.000Z</time>
      </trkpt>
      <trkpt lat="49.055126" lon="9.196931">
        <ele>239.566992</ele>
        <time>2021-07-24T16:39:42.000Z</time>
      </trkpt>
      <trkpt lat="49.055209" lon="9.196933">
        <ele>239.310313</ele>
        <time>2021-07-24T16:39:43.000Z</time>
      </trkpt>
      <trkpt lat="49.055297" lon="9.196950">
        <ele>239.036034</ele>
        <time>2021-07-24T16:39:44.000Z</time>
      </trkpt>
      <trkpt lat="49.055386" lon="9.196956">
        <ele>238.760566</ele>
        <time>2021-07-24T16:39:45.000Z</time>
      </trkpt>
      <trkpt lat="49.055480" lon="9.196973">
        <ele>238.467871</ele>
        <time>2021-07-24T16:39:46.000Z</time>
      </trkpt>
      <trkpt lat="49.055575" lon="9.196992">
        <ele>238.171606</ele>
        <time>2021-07-24T16:39:47.000Z</time>
      </trkpt>
      <trkpt lat="49.055679" lon="9.196992">
        <ele>237.850024</ele>
        <time>2021-07-24T16:39:48.000Z</time>
      </trkpt>
      <trkpt lat="49.055780" lon="9.196980">
        <ele>237.536774</ele>
        <time>2021-07-24T16:39:49.000Z</time>
      </trkpt>
      <trkpt lat="49.055883" lon="9.196964">
        <ele>237.216638</ele>
        <time>2021-07-24T16:39:50.000Z</time>
      </trkpt>
      <trkpt lat="49.055989" lon="9.196940">
        <ele>236.885284</ele>
        <time>2021-07-24T16:39:51.000Z</time>
      </trkpt>
      <trkpt lat="49.056084" lon="9.196919">
        <ele>236.588465</ele>
        <time>2021-07-24T16:39:52.000Z</time>
      </trkpt>
      <trkpt lat="49.056182" lon="9.196891">
        <ele>236.280171</ele>
        <time>2021-07-24T16:39:53.000Z</time>
      </trkpt>
      <trkpt lat="49.056280" lon="9.196859">
        <ele>235.970282</ele>
        <time>2021-07-24T16:39:54.000Z</time>
      </trkpt>
      <trkpt lat="49.056365" lon="9.196834">
        <ele>235.702613</ele>
        <time>2021-07-24T16:39:55.000Z</time>
      </trkpt>
      <trkpt lat="49.056449" lon="9.196788">
        <ele>235.426655</ele>
        <time>2021-07-24T16:39:56.000Z</time>
      </trkpt>
      <trkpt lat="49.056536" lon="9.196761">
        <ele>235.152133</ele>
        <time>2021-07-24T16:39:57.000Z</time>
      </trkpt>
      <trkpt lat="49.056614" lon="9.196726">
        <ele>235.113361</ele>
        <time>2021-07-24T16:39:58.000Z</time>
      </trkpt>
      <trkpt lat="49.056689" lon="9.196694">
        <ele>235.545998</ele>
        <time>2021-07-24T16:39:59.000Z</time>
      </trkpt>
      <trkpt lat="49.056767" lon="9.196672">
        <ele>235.986661</ele>
        <time>2021-07-24T16:40:00.000Z</time>
      </trkpt>
      <trkpt lat="49.056843" lon="9.196641">
        <ele>236.423696</ele>
        <time>2021-07-24T16:40:01.000Z</time>
      </trkpt>
      <trkpt lat="49.056912" lon="9.196619">
        <ele>236.815299</ele>
        <time>2021-07-24T16:40:02.000Z</time>
      </trkpt>
      <trkpt lat="49.056976" lon="9.196593">
        <ele>237.183229</ele>
        <time>2021-07-24T16:40:03.000Z</time>
      </trkpt>
      <trkpt lat="49.057033" lon="9.196571">
        <ele>237.509860</ele>
        <time>2021-07-24T16:40:04.000Z</time>
      </trkpt>
      <trkpt lat="49.057088" lon="9.196552">
        <ele>237.823140</ele>
        <time>2021-07-24T16:40:05.000Z</time>
      </trkpt>
      <trkpt lat="49.057144" lon="9.196543">
        <ele>238.135965</ele>
        <time>2021-07-24T16:40:06.000Z</time>
      </trkpt>
      <trkpt lat="49.057191" lon="9.196532">
        <ele>238.400123</ele>
        <time>2021-07-24T16:40:07.000Z</time>
      </trkpt>
      <trkpt lat="49.057236" lon="9.196532">
        <ele>238.650117</ele>
        <time>2021-07-24T16:40:08.000Z</time>
      </trkpt>
      <trkpt lat="49.057279" lon="9.196536">
        <ele>238.889444</ele>
        <time>2021-07-24T16:40:09.000Z</time>
      </trkpt>
      <trkpt lat="49.057314" lon="9.196559">
        <ele>239.101146</ele>
        <time>2021-07-24T16:40:10.000Z</time>
      </trkpt>
      <trkpt lat="49.057348" lon="9.196586">
        <ele>239.314076</ele>
        <time>2021-07-24T16:40:11.000Z</time>
      </trkpt>
      <trkpt lat="49.057383" lon="9.196601">
        <ele>239.516038</ele>
        <time>2021-07-24T16:40:12.000Z</time>
      </trkpt>
      <trkpt lat="49.057413" lon="9.196622">
        <ele>239.699399</ele>
        <time>2021-07-24T16:40:13.000Z</time>
      </trkpt>
      <trkpt lat="49.057445" lon="9.196621">
        <ele>239.877210</ele>
        <time>2021-07-24T16:40:14.000Z</time>
      </trkpt>
      <trkpt lat="49.057469" lon="9.196615">
        <ele>240.012317</ele>
        <time>2021-07-24T16:40:15.000Z</time>
      </trkpt>
      <trkpt lat="49.057481" lon="9.196579">
        <ele>240.159355</ele>
        <time>2021-07-24T16:40:16.000Z</time>
      </trkpt>
      <trkpt lat="49.057494" lon="9.196550">
        <ele>240.287268</ele>
        <time>2021-07-24T16:40:17.000Z</time>
      </trkpt>
      <trkpt lat="49.057497" lon="9.196517">
        <ele>240.408555</ele>
        <time>2021-07-24T16:40:18.000Z</time>
      </trkpt>
      <trkpt lat="49.057496" lon="9.196487">
        <ele>240.517910</ele>
        <time>2021-07-24T16:40:19.000Z</time>
      </trkpt>
      <trkpt lat="49.057495" lon="9.196462">
        <ele>240.609091</ele>
        <time>2021-07-24T16:40:20.000Z</time>
      </trkpt>
      <trkpt lat="49.057492" lon="9.196438">
        <ele>240.698038</ele>
        <time>2021-07-24T16:40:21.000Z</time>
      </trkpt>
      <trkpt lat="49.057490" lon="9.196416">
        <ele>240.778896</ele>
        <time>2021-07-24T16:40:22.000Z</time>
      </trkpt>
      <trkpt lat="49.057491" lon="9.196406">
        <ele>240.815722</ele>
        <time>2021-07-24T16:40:23.000Z</time>
      </trkpt>
      <trkpt lat="49.057493" lon="9.196406">
        <ele>240.826833</ele>
        <time>2021-07-24T16:40:24.000Z</time>
      </trkpt>
      <trkpt lat="49.057494" lon="9.196404">
        <ele>240.835991</ele>
        <time>2021-07-24T16:40:25.000Z</time>
      </trkpt>
      <trkpt lat="49.057495" lon="9.196403">
        <ele>240.842633</ele>
        <time>2021-07-24T16:40:26.000Z</time>
      </trkpt>
      <trkpt lat="49.057494" lon="9.196403">
        <ele>240.848189</ele>
        <time>2021-07-24T16:40:27.000Z</time>
      </trkpt>
      <trkpt lat="49.057496" lon="9.196403">
        <ele>240.859300</ele>
        <time>2021-07-24T16:40:28.000Z</time>
      </trkpt>
      <trkpt lat="49.057496" lon="9.196406">
        <ele>240.870221</ele>
        <time>2021-07-24T16:40:29.000Z</time>
      </trkpt>
      <trkpt lat="49.057496" lon="9.196408">
        <ele>240.877502</ele>
        <time>2021-07-24T16:40:30.000Z</time>
      </trkpt>
      <trkpt lat="49.057497" lon="9.196408">
        <ele>240.883057</ele>
        <time>2021-07-24T16:40:31.000Z</time>
      </trkpt>
      <trkpt lat="49.057498" lon="9.196412">
        <ele>240.898643</ele>
        <time>2021-07-24T16:40:32.000Z</time>
      </trkpt>
      <trkpt lat="49.057497" lon="9.196416">
        <ele>240.914229</ele>
        <time>2021-07-24T16:40:33.000Z</time>
      </trkpt>
      <trkpt lat="49.057498" lon="9.196415">
        <ele>240.920871</ele>
        <time>2021-07-24T16:40:34.000Z</time>
      </trkpt>
      <trkpt lat="49.057497" lon="9.196414">
        <ele>240.927513</ele>
        <time>2021-07-24T16:40:35.000Z</time>
      </trkpt>
      <trkpt lat="49.057492" lon="9.196399">
        <ele>240.988779</ele>
        <time>2021-07-24T16:40:36.000Z</time>
      </trkpt>
      <trkpt lat="49.057487" lon="9.196376">
        <ele>241.076997</ele>
        <time>2021-07-24T16:40:37.000Z</time>
      </trkpt>
      <trkpt lat="49.057484" lon="9.196346">
        <ele>241.187475</ele>
        <time>2021-07-24T16:40:38.000Z</time>
      </trkpt>
      <trkpt lat="49.057483" lon="9.196310">
        <ele>241.318650</ele>
        <time>2021-07-24T16:40:39.000Z</time>
      </trkpt>
      <trkpt lat="49.057486" lon="9.196276">
        <ele>241.443544</ele>
        <time>2021-07-24T16:40:40.000Z</time>
      </trkpt>
      <trkpt lat="49.057489" lon="9.196235">
        <ele>241.593731</ele>
        <time>2021-07-24T16:40:41.000Z</time>
      </trkpt>
      <trkpt lat="49.057496" lon="9.196187">
        <ele>241.772749</ele>
        <time>2021-07-24T16:40:42.000Z</time>
      </trkpt>
      <trkpt lat="49.057505" lon="9.196135">
        <ele>241.968545</ele>
        <time>2021-07-24T16:40:43.000Z</time>
      </trkpt>
      <trkpt lat="49.057518" lon="9.196076">
        <ele>242.195150</ele>
        <time>2021-07-24T16:40:44.000Z</time>
      </trkpt>
      <trkpt lat="49.057532" lon="9.196022">
        <ele>242.406562</ele>
        <time>2021-07-24T16:40:45.000Z</time>
      </trkpt>
      <trkpt lat="49.057545" lon="9.195971">
        <ele>242.605778</ele>
        <time>2021-07-24T16:40:46.000Z</time>
      </trkpt>
      <trkpt lat="49.057558" lon="9.195918">
        <ele>242.811797</ele>
        <time>2021-07-24T16:40:47.000Z</time>
      </trkpt>
      <trkpt lat="49.057570" lon="9.195866">
        <ele>243.012497</ele>
        <time>2021-07-24T16:40:48.000Z</time>
      </trkpt>
      <trkpt lat="49.057583" lon="9.195814">
        <ele>243.215110</ele>
        <time>2021-07-24T16:40:49.000Z</time>
      </trkpt>
      <trkpt lat="49.057597" lon="9.195762">
        <ele>243.419769</ele>
        <time>2021-07-24T16:40:50.000Z</time>
      </trkpt>
      <trkpt lat="49.057607" lon="9.195712">
        <ele>243.610081</ele>
        <time>2021-07-24T16:40:51.000Z</time>
      </trkpt>
      <trkpt lat="49.057615" lon="9.195662">
        <ele>243.797452</ele>
        <time>2021-07-24T16:40:52.000Z</time>
      </trkpt>
      <trkpt lat="49.057621" lon="9.195608">
        <ele>243.996843</ele>
        <time>2021-07-24T16:40:53.000Z</time>
      </trkpt>
      <trkpt lat="49.057626" lon="9.195553">
        <ele>244.198987</ele>
        <time>2021-07-24T16:40:54.000Z</time>
      </trkpt>
      <trkpt lat="49.057631" lon="9.195499">
        <ele>244.397525</ele>
        <time>2021-07-24T16:40:55.000Z</time>
      </trkpt>
      <trkpt lat="49.057634" lon="9.195440">
        <ele>244.612958</ele>
        <time>2021-07-24T16:40:56.000Z</time>
      </trkpt>
      <trkpt lat="49.057635" lon="9.195380">
        <ele>244.831457</ele>
        <time>2021-07-24T16:40:57.000Z</time>
      </trkpt>
      <trkpt lat="49.057636" lon="9.195318">
        <ele>244.990813</ele>
        <time>2021-07-24T16:40:58.000Z</time>
      </trkpt>
      <trkpt lat="49.057638" lon="9.195258">
        <ele>245.044889</ele>
        <time>2021-07-24T16:40:59.000Z</time>
      </trkpt>
      <trkpt lat="49.057641" lon="9.195198">
        <ele>245.099052</ele>
        <time>2021-07-24T16:41:00.000Z</time>
      </trkpt>
      <trkpt lat="49.057644" lon="9.195135">
        <ele>245.155908</ele>
        <time>2021-07-24T16:41:01.000Z</time>
      </trkpt>
      <trkpt lat="49.057646" lon="9.195071">
        <ele>245.213581</ele>
        <time>2021-07-24T16:41:02.000Z</time>
      </trkpt>
      <trkpt lat="49.057648" lon="9.195007">
        <ele>245.271253</ele>
        <time>2021-07-24T16:41:03.000Z</time>
      </trkpt>
      <trkpt lat="49.057650" lon="9.194942">
        <ele>245.329824</ele>
        <time>2021-07-24T16:41:04.000Z</time>
      </trkpt>
      <trkpt lat="49.057653" lon="9.194878">
        <ele>245.387578</ele>
        <time>2021-07-24T16:41:05.000Z</time>
      </trkpt>
      <trkpt lat="49.057656" lon="9.194813">
        <ele>245.446230</ele>
        <time>2021-07-24T16:41:06.000Z</time>
      </trkpt>
      <trkpt lat="49.057657" lon="9.194747">
        <ele>245.505653</ele>
        <time>2021-07-24T16:41:07.000Z</time>
      </trkpt>
      <trkpt lat="49.057659" lon="9.194683">
        <ele>245.563325</ele>
        <time>2021-07-24T16:41:08.000Z</time>
      </trkpt>
      <trkpt lat="49.057662" lon="9.194617">
        <ele>245.622875</ele>
        <time>2021-07-24T16:41:09.000Z</time>
      </trkpt>
      <trkpt lat="49.057665" lon="9.194551">
        <ele>245.682425</ele>
        <time>2021-07-24T16:41:10.000Z</time>
      </trkpt>
      <trkpt lat="49.057669" lon="9.194487">
        <ele>245.740293</ele>
        <time>2021-07-24T16:41:11.000Z</time>
      </trkpt>
      <trkpt lat="49.057672" lon="9.194421">
        <ele>245.799843</ele>
        <time>2021-07-24T16:41:12.000Z</time>
      </trkpt>
      <trkpt lat="49.057673" lon="9.194355">
        <ele>245.859266</ele>
        <time>2021-07-24T16:41:13.000Z</time>
      </trkpt>
      <trkpt lat="49.057677" lon="9.194288">
        <ele>245.919822</ele>
        <time>2021-07-24T16:41:14.000Z</time>
      </trkpt>
      <trkpt lat="49.057677" lon="9.194220">
        <ele>245.981030</ele>
        <time>2021-07-24T16:41:15.000Z</time>
      </trkpt>
      <trkpt lat="49.057680" lon="9.194154">
        <ele>246.040579</ele>
        <time>2021-07-24T16:41:16.000Z</time>
      </trkpt>
      <trkpt lat="49.057680" lon="9.194089">
        <ele>246.099086</ele>
        <time>2021-07-24T16:41:17.000Z</time>
      </trkpt>
      <trkpt lat="49.057682" lon="9.194016">
        <ele>246.164851</ele>
        <time>2021-07-24T16:41:18.000Z</time>
      </trkpt>
      <trkpt lat="49.057683" lon="9.193948">
        <ele>246.226074</ele>
        <time>2021-07-24T16:41:19.000Z</time>
      </trkpt>
      <trkpt lat="49.057690" lon="9.193879">
        <ele>246.288921</ele>
        <time>2021-07-24T16:41:20.000Z</time>
      </trkpt>
      <trkpt lat="49.057692" lon="9.193805">
        <ele>246.355585</ele>
        <time>2021-07-24T16:41:21.000Z</time>
      </trkpt>
      <trkpt lat="49.057696" lon="9.193735">
        <ele>246.418832</ele>
        <time>2021-07-24T16:41:22.000Z</time>
      </trkpt>
      <trkpt lat="49.057696" lon="9.193660">
        <ele>246.486340</ele>
        <time>2021-07-24T16:41:23.000Z</time>
      </trkpt>
      <trkpt lat="49.057703" lon="9.193589">
        <ele>246.550967</ele>
        <time>2021-07-24T16:41:24.000Z</time>
      </trkpt>
      <trkpt lat="49.057703" lon="9.193511">
        <ele>246.621175</ele>
        <time>2021-07-24T16:41:25.000Z</time>
      </trkpt>
      <trkpt lat="49.057708" lon="9.193440">
        <ele>246.685450</ele>
        <time>2021-07-24T16:41:26.000Z</time>
      </trkpt>
      <trkpt lat="49.057711" lon="9.193362">
        <ele>246.755779</ele>
        <time>2021-07-24T16:41:27.000Z</time>
      </trkpt>
      <trkpt lat="49.057715" lon="9.193287">
        <ele>246.823510</ele>
        <time>2021-07-24T16:41:28.000Z</time>
      </trkpt>
      <trkpt lat="49.057719" lon="9.193209">
        <ele>246.893933</ele>
        <time>2021-07-24T16:41:29.000Z</time>
      </trkpt>
      <trkpt lat="49.057722" lon="9.193131">
        <ele>246.964262</ele>
        <time>2021-07-24T16:41:30.000Z</time>
      </trkpt>
      <trkpt lat="49.057726" lon="9.193050">
        <ele>247.037377</ele>
        <time>2021-07-24T16:41:31.000Z</time>
      </trkpt>
      <trkpt lat="49.057731" lon="9.192975">
        <ele>247.105234</ele>
        <time>2021-07-24T16:41:32.000Z</time>
      </trkpt>
      <trkpt lat="49.057731" lon="9.192898">
        <ele>247.174542</ele>
        <time>2021-07-24T16:41:33.000Z</time>
      </trkpt>
      <trkpt lat="49.057733" lon="9.192825">
        <ele>247.240307</ele>
        <time>2021-07-24T16:41:34.000Z</time>
      </trkpt>
      <trkpt lat="49.057737" lon="9.192746">
        <ele>247.311627</ele>
        <time>2021-07-24T16:41:35.000Z</time>
      </trkpt>
      <trkpt lat="49.057740" lon="9.192666">
        <ele>247.383753</ele>
        <time>2021-07-24T16:41:36.000Z</time>
      </trkpt>
      <trkpt lat="49.057746" lon="9.192586">
        <ele>247.443101</ele>
        <time>2021-07-24T16:41:37.000Z</time>
      </trkpt>
      <trkpt lat="49.057746" lon="9.192506">
        <ele>247.458341</ele>
        <time>2021-07-24T16:41:38.000Z</time>
      </trkpt>
      <trkpt lat="49.057748" lon="9.192426">
        <ele>247.473591</ele>
        <time>2021-07-24T16:41:39.000Z</time>
      </trkpt>
      <trkpt lat="49.057749" lon="9.192347">
        <ele>247.488643</ele>
        <time>2021-07-24T16:41:40.000Z</time>
      </trkpt>
      <trkpt lat="49.057752" lon="9.192269">
        <ele>247.503527</ele>
        <time>2021-07-24T16:41:41.000Z</time>
      </trkpt>
      <trkpt lat="49.057756" lon="9.192185">
        <ele>247.519570</ele>
        <time>2021-07-24T16:41:42.000Z</time>
      </trkpt>
      <trkpt lat="49.057757" lon="9.192107">
        <ele>247.534432</ele>
        <time>2021-07-24T16:41:43.000Z</time>
      </trkpt>
      <trkpt lat="49.057763" lon="9.192026">
        <ele>247.549960</ele>
        <time>2021-07-24T16:41:44.000Z</time>
      </trkpt>
      <trkpt lat="49.057767" lon="9.191945">
        <ele>247.565433</ele>
        <time>2021-07-24T16:41:45.000Z</time>
      </trkpt>
      <trkpt lat="49.057768" lon="9.191868">
        <ele>247.580104</ele>
        <time>2021-07-24T16:41:46.000Z</time>
      </trkpt>
      <trkpt lat="49.057775" lon="9.191796">
        <ele>247.593970</ele>
        <time>2021-07-24T16:41:47.000Z</time>
      </trkpt>
      <trkpt lat="49.057780" lon="9.191716">
        <ele>247.609278</ele>
        <time>2021-07-24T16:41:48.000Z</time>
      </trkpt>
      <trkpt lat="49.057781" lon="9.191639">
        <ele>247.623949</ele>
        <time>2021-07-24T16:41:49.000Z</time>
      </trkpt>
      <trkpt lat="49.057787" lon="9.191558">
        <ele>247.639477</ele>
        <time>2021-07-24T16:41:50.000Z</time>
      </trkpt>
      <trkpt lat="49.057788" lon="9.191477">
        <ele>247.654910</ele>
        <time>2021-07-24T16:41:51.000Z</time>
      </trkpt>
      <trkpt lat="49.057791" lon="9.191404">
        <ele>247.668843</ele>
        <time>2021-07-24T16:41:52.000Z</time>
      </trkpt>
      <trkpt lat="49.057794" lon="9.191328">
        <ele>247.683347</ele>
        <time>2021-07-24T16:41:53.000Z</time>
      </trkpt>
      <trkpt lat="49.057795" lon="9.191266">
        <ele>247.695161</ele>
        <time>2021-07-24T16:41:54.000Z</time>
      </trkpt>
      <trkpt lat="49.057801" lon="9.191219">
        <ele>247.704282</ele>
        <time>2021-07-24T16:41:55.000Z</time>
      </trkpt>
      <trkpt lat="49.057806" lon="9.191174">
        <ele>247.712977</ele>
        <time>2021-07-24T16:41:56.000Z</time>
      </trkpt>
      <trkpt lat="49.057809" lon="9.191140">
        <ele>247.719512</ele>
        <time>2021-07-24T16:41:57.000Z</time>
      </trkpt>
      <trkpt lat="49.057815" lon="9.191121">
        <ele>247.723530</ele>
        <time>2021-07-24T16:41:58.000Z</time>
      </trkpt>
      <trkpt lat="49.057815" lon="9.191102">
        <ele>247.727149</ele>
        <time>2021-07-24T16:41:59.000Z</time>
      </trkpt>
      <trkpt lat="49.057815" lon="9.191087">
        <ele>247.730007</ele>
        <time>2021-07-24T16:42:00.000Z</time>
      </trkpt>
      <trkpt lat="49.057815" lon="9.191072">
        <ele>247.732864</ele>
        <time>2021-07-24T16:42:01.000Z</time>
      </trkpt>
      <trkpt lat="49.057816" lon="9.191056">
        <ele>247.735926</ele>
        <time>2021-07-24T16:42:02.000Z</time>
      </trkpt>
      <trkpt lat="49.057813" lon="9.191045">
        <ele>247.738195</ele>
        <time>2021-07-24T16:42:03.000Z</time>
      </trkpt>
      <trkpt lat="49.057811" lon="9.191036">
        <ele>247.740006</ele>
        <time>2021-07-24T16:42:04.000Z</time>
      </trkpt>
      <trkpt lat="49.057810" lon="9.191030">
        <ele>247.741185</ele>
        <time>2021-07-24T16:42:05.000Z</time>
      </trkpt>
      <trkpt lat="49.057811" lon="9.191033">
        <ele>247.741826</ele>
        <time>2021-07-24T16:42:06.000Z</time>
      </trkpt>
      <trkpt lat="49.057811" lon="9.191036">
        <ele>247.742398</ele>
        <time>2021-07-24T16:42:07.000Z</time>
      </trkpt>
      <trkpt lat="49.057812" lon="9.191037">
        <ele>247.742745</ele>
        <time>2021-07-24T16:42:08.000Z</time>
      </trkpt>
      <trkpt lat="49.057812" lon="9.191036">
        <ele>247.742936</ele>
        <time>2021-07-24T16:42:09.000Z</time>
      </trkpt>
      <trkpt lat="49.057808" lon="9.191021">
        <ele>247.746021</ele>
        <time>2021-07-24T16:42:10.000Z</time>
      </trkpt>
      <trkpt lat="49.057804" lon="9.190992">
        <ele>247.751666</ele>
        <time>2021-07-24T16:42:11.000Z</time>
      </trkpt>
      <trkpt lat="49.057801" lon="9.190968">
        <ele>247.756320</ele>
        <time>2021-07-24T16:42:12.000Z</time>
      </trkpt>
      <trkpt lat="49.057800" lon="9.190940">
        <ele>247.761662</ele>
        <time>2021-07-24T16:42:13.000Z</time>
      </trkpt>
      <trkpt lat="49.057802" lon="9.190902">
        <ele>247.768924</ele>
        <time>2021-07-24T16:42:14.000Z</time>
      </trkpt>
      <trkpt lat="49.057805" lon="9.190857">
        <ele>247.777540</ele>
        <time>2021-07-24T16:42:15.000Z</time>
      </trkpt>
      <trkpt lat="49.057808" lon="9.190807">
        <ele>247.787105</ele>
        <time>2021-07-24T16:42:16.000Z</time>
      </trkpt>
      <trkpt lat="49.057810" lon="9.190753">
        <ele>247.797408</ele>
        <time>2021-07-24T16:42:17.000Z</time>
      </trkpt>
      <trkpt lat="49.057813" lon="9.190699">
        <ele>247.807731</ele>
        <time>2021-07-24T16:42:18.000Z</time>
      </trkpt>
      <trkpt lat="49.057817" lon="9.190642">
        <ele>247.818651</ele>
        <time>2021-07-24T16:42:19.000Z</time>
      </trkpt>
      <trkpt lat="49.057822" lon="9.190582">
        <ele>247.830173</ele>
        <time>2021-07-24T16:42:20.000Z</time>
      </trkpt>
      <trkpt lat="49.057825" lon="9.190520">
        <ele>247.842016</ele>
        <time>2021-07-24T16:42:21.000Z</time>
      </trkpt>
      <trkpt lat="49.057829" lon="9.190454">
        <ele>247.854642</ele>
        <time>2021-07-24T16:42:22.000Z</time>
      </trkpt>
      <trkpt lat="49.057833" lon="9.190387">
        <ele>247.867458</ele>
        <time>2021-07-24T16:42:23.000Z</time>
      </trkpt>
      <trkpt lat="49.057840" lon="9.190319">
        <ele>247.880570</ele>
        <time>2021-07-24T16:42:24.000Z</time>
      </trkpt>
      <trkpt lat="49.057849" lon="9.190250">
        <ele>247.893972</ele>
        <time>2021-07-24T16:42:25.000Z</time>
      </trkpt>
      <trkpt lat="49.057861" lon="9.190176">
        <ele>247.908493</ele>
        <time>2021-07-24T16:42:26.000Z</time>
      </trkpt>
      <trkpt lat="49.057871" lon="9.190103">
        <ele>247.922700</ele>
        <time>2021-07-24T16:42:27.000Z</time>
      </trkpt>
      <trkpt lat="49.057884" lon="9.190030">
        <ele>247.937110</ele>
        <time>2021-07-24T16:42:28.000Z</time>
      </trkpt>
      <trkpt lat="49.057902" lon="9.189951">
        <ele>247.953043</ele>
        <time>2021-07-24T16:42:29.000Z</time>
      </trkpt>
      <trkpt lat="49.057924" lon="9.189879">
        <ele>247.943734</ele>
        <time>2021-07-24T16:42:30.000Z</time>
      </trkpt>
      <trkpt lat="49.057947" lon="9.189813">
        <ele>247.897350</ele>
        <time>2021-07-24T16:42:31.000Z</time>
      </trkpt>
      <trkpt lat="49.057974" lon="9.189753">
        <ele>247.852186</ele>
        <time>2021-07-24T16:42:32.000Z</time>
      </trkpt>
      <trkpt lat="49.058000" lon="9.189696">
        <ele>247.809092</ele>
        <time>2021-07-24T16:42:33.000Z</time>
      </trkpt>
      <trkpt lat="49.058026" lon="9.189639">
        <ele>247.765998</ele>
        <time>2021-07-24T16:42:34.000Z</time>
      </trkpt>
      <trkpt lat="49.058057" lon="9.189581">
        <ele>247.719556</ele>
        <time>2021-07-24T16:42:35.000Z</time>
      </trkpt>
      <trkpt lat="49.058084" lon="9.189516">
        <ele>247.671802</ele>
        <time>2021-07-24T16:42:36.000Z</time>
      </trkpt>
      <trkpt lat="49.058113" lon="9.189458">
        <ele>247.626533</ele>
        <time>2021-07-24T16:42:37.000Z</time>
      </trkpt>
      <trkpt lat="49.058149" lon="9.189399">
        <ele>247.576510</ele>
        <time>2021-07-24T16:42:38.000Z</time>
      </trkpt>
      <trkpt lat="49.058183" lon="9.189340">
        <ele>247.527758</ele>
        <time>2021-07-24T16:42:39.000Z</time>
      </trkpt>
      <trkpt lat="49.058212" lon="9.189283">
        <ele>247.482980</ele>
        <time>2021-07-24T16:42:40.000Z</time>
      </trkpt>
      <trkpt lat="49.058250" lon="9.189223">
        <ele>247.431204</ele>
        <time>2021-07-24T16:42:41.000Z</time>
      </trkpt>
      <trkpt lat="49.058284" lon="9.189165">
        <ele>247.382916</ele>
        <time>2021-07-24T16:42:42.000Z</time>
      </trkpt>
      <trkpt lat="49.058313" lon="9.189105">
        <ele>247.336654</ele>
        <time>2021-07-24T16:42:43.000Z</time>
      </trkpt>
      <trkpt lat="49.058345" lon="9.189048">
        <ele>247.290080</ele>
        <time>2021-07-24T16:42:44.000Z</time>
      </trkpt>
      <trkpt lat="49.058377" lon="9.188995">
        <ele>247.245362</ele>
        <time>2021-07-24T16:42:45.000Z</time>
      </trkpt>
      <trkpt lat="49.058419" lon="9.188939">
        <ele>247.192550</ele>
        <time>2021-07-24T16:42:46.000Z</time>
      </trkpt>
      <trkpt lat="49.058455" lon="9.188877">
        <ele>247.141149</ele>
        <time>2021-07-24T16:42:47.000Z</time>
      </trkpt>
      <trkpt lat="49.058491" lon="9.188823">
        <ele>247.093350</ele>
        <time>2021-07-24T16:42:48.000Z</time>
      </trkpt>
      <trkpt lat="49.058525" lon="9.188763">
        <ele>247.044130</ele>
        <time>2021-07-24T16:42:49.000Z</time>
      </trkpt>
      <trkpt lat="49.058563" lon="9.188709">
        <ele>246.994963</ele>
        <time>2021-07-24T16:42:50.000Z</time>
      </trkpt>
      <trkpt lat="49.058603" lon="9.188656">
        <ele>246.944801</ele>
        <time>2021-07-24T16:42:51.000Z</time>
      </trkpt>
      <trkpt lat="49.058640" lon="9.188600">
        <ele>246.895457</ele>
        <time>2021-07-24T16:42:52.000Z</time>
      </trkpt>
      <trkpt lat="49.058678" lon="9.188546">
        <ele>246.846289</ele>
        <time>2021-07-24T16:42:53.000Z</time>
      </trkpt>
      <trkpt lat="49.058716" lon="9.188495">
        <ele>246.798370</ele>
        <time>2021-07-24T16:42:54.000Z</time>
      </trkpt>
      <trkpt lat="49.058754" lon="9.188433">
        <ele>246.745695</ele>
        <time>2021-07-24T16:42:55.000Z</time>
      </trkpt>
      <trkpt lat="49.058791" lon="9.188373">
        <ele>246.694572</ele>
        <time>2021-07-24T16:42:56.000Z</time>
      </trkpt>
      <trkpt lat="49.058830" lon="9.188320">
        <ele>246.645122</ele>
        <time>2021-07-24T16:42:57.000Z</time>
      </trkpt>
      <trkpt lat="49.058876" lon="9.188265">
        <ele>246.589787</ele>
        <time>2021-07-24T16:42:58.000Z</time>
      </trkpt>
      <trkpt lat="49.058950" lon="9.188156">
        <ele>246.492399</ele>
        <time>2021-07-24T16:42:59.000Z</time>
      </trkpt>
      <trkpt lat="49.058991" lon="9.188102">
        <ele>246.441116</ele>
        <time>2021-07-24T16:43:00.000Z</time>
      </trkpt>
      <trkpt lat="49.059040" lon="9.188069">
        <ele>246.390400</ele>
        <time>2021-07-24T16:43:01.000Z</time>
      </trkpt>
      <trkpt lat="49.059091" lon="9.188063">
        <ele>246.341964</ele>
        <time>2021-07-24T16:43:02.000Z</time>
      </trkpt>
      <trkpt lat="49.059144" lon="9.188072">
        <ele>246.291468</ele>
        <time>2021-07-24T16:43:03.000Z</time>
      </trkpt>
      <trkpt lat="49.059193" lon="9.188075">
        <ele>246.340920</ele>
        <time>2021-07-24T16:43:04.000Z</time>
      </trkpt>
      <trkpt lat="49.059246" lon="9.188076">
        <ele>246.628516</ele>
        <time>2021-07-24T16:43:05.000Z</time>
      </trkpt>
      <trkpt lat="49.059293" lon="9.188075">
        <ele>246.883560</ele>
        <time>2021-07-24T16:43:06.000Z</time>
      </trkpt>
      <trkpt lat="49.059348" lon="9.188079">
        <ele>247.182326</ele>
        <time>2021-07-24T16:43:07.000Z</time>
      </trkpt>
      <trkpt lat="49.059401" lon="9.188079">
        <ele>247.469900</ele>
        <time>2021-07-24T16:43:08.000Z</time>
      </trkpt>
      <trkpt lat="49.059456" lon="9.188088">
        <ele>247.770038</ele>
        <time>2021-07-24T16:43:09.000Z</time>
      </trkpt>
      <trkpt lat="49.059508" lon="9.188092">
        <ele>248.052545</ele>
        <time>2021-07-24T16:43:10.000Z</time>
      </trkpt>
      <trkpt lat="49.059566" lon="9.188097">
        <ele>248.367751</ele>
        <time>2021-07-24T16:43:11.000Z</time>
      </trkpt>
      <trkpt lat="49.059621" lon="9.188102">
        <ele>248.666706</ele>
        <time>2021-07-24T16:43:12.000Z</time>
      </trkpt>
      <trkpt lat="49.059677" lon="9.188106">
        <ele>248.970892</ele>
        <time>2021-07-24T16:43:13.000Z</time>
      </trkpt>
      <trkpt lat="49.059737" lon="9.188110">
        <ele>249.296758</ele>
        <time>2021-07-24T16:43:14.000Z</time>
      </trkpt>
      <trkpt lat="49.059791" lon="9.188109">
        <ele>249.589781</ele>
        <time>2021-07-24T16:43:15.000Z</time>
      </trkpt>
      <trkpt lat="49.059842" lon="9.188112">
        <ele>249.866709</ele>
        <time>2021-07-24T16:43:16.000Z</time>
      </trkpt>
      <trkpt lat="49.059896" lon="9.188118">
        <ele>250.160485</ele>
        <time>2021-07-24T16:43:17.000Z</time>
      </trkpt>
      <trkpt lat="49.059949" lon="9.188117">
        <ele>250.448082</ele>
        <time>2021-07-24T16:43:18.000Z</time>
      </trkpt>
      <trkpt lat="49.060001" lon="9.188120">
        <ele>250.730432</ele>
        <time>2021-07-24T16:43:19.000Z</time>
      </trkpt>
      <trkpt lat="49.060044" lon="9.188126">
        <ele>250.964721</ele>
        <time>2021-07-24T16:43:20.000Z</time>
      </trkpt>
      <trkpt lat="49.060094" lon="9.188130">
        <ele>251.236390</ele>
        <time>2021-07-24T16:43:21.000Z</time>
      </trkpt>
      <trkpt lat="49.060140" lon="9.188130">
        <ele>251.485983</ele>
        <time>2021-07-24T16:43:22.000Z</time>
      </trkpt>
      <trkpt lat="49.060190" lon="9.188135">
        <ele>251.757862</ele>
        <time>2021-07-24T16:43:23.000Z</time>
      </trkpt>
      <trkpt lat="49.060239" lon="9.188138">
        <ele>252.023947</ele>
        <time>2021-07-24T16:43:24.000Z</time>
      </trkpt>
      <trkpt lat="49.060288" lon="9.188136">
        <ele>252.289913</ele>
        <time>2021-07-24T16:43:25.000Z</time>
      </trkpt>
      <trkpt lat="49.060337" lon="9.188141">
        <ele>252.556378</ele>
        <time>2021-07-24T16:43:26.000Z</time>
      </trkpt>
      <trkpt lat="49.060386" lon="9.188145">
        <ele>252.822629</ele>
        <time>2021-07-24T16:43:27.000Z</time>
      </trkpt>
      <trkpt lat="49.060435" lon="9.188143">
        <ele>253.088595</ele>
        <time>2021-07-24T16:43:28.000Z</time>
      </trkpt>
      <trkpt lat="49.060485" lon="9.188147">
        <ele>253.360264</ele>
        <time>2021-07-24T16:43:29.000Z</time>
      </trkpt>
      <trkpt lat="49.060531" lon="9.188156">
        <ele>253.611900</ele>
        <time>2021-07-24T16:43:30.000Z</time>
      </trkpt>
      <trkpt lat="49.060579" lon="9.188165">
        <ele>253.874304</ele>
        <time>2021-07-24T16:43:31.000Z</time>
      </trkpt>
      <trkpt lat="49.060624" lon="9.188167">
        <ele>254.118574</ele>
        <time>2021-07-24T16:43:32.000Z</time>
      </trkpt>
      <trkpt lat="49.060667" lon="9.188171">
        <ele>254.352323</ele>
        <time>2021-07-24T16:43:33.000Z</time>
      </trkpt>
      <trkpt lat="49.060708" lon="9.188170">
        <ele>254.574815</ele>
        <time>2021-07-24T16:43:34.000Z</time>
      </trkpt>
      <trkpt lat="49.060750" lon="9.188171">
        <ele>254.802732</ele>
        <time>2021-07-24T16:43:35.000Z</time>
      </trkpt>
      <trkpt lat="49.060791" lon="9.188175">
        <ele>255.025649</ele>
        <time>2021-07-24T16:43:36.000Z</time>
      </trkpt>
      <trkpt lat="49.060832" lon="9.188176">
        <ele>255.248141</ele>
        <time>2021-07-24T16:43:37.000Z</time>
      </trkpt>
      <trkpt lat="49.060870" lon="9.188178">
        <ele>255.454449</ele>
        <time>2021-07-24T16:43:38.000Z</time>
      </trkpt>
      <trkpt lat="49.060911" lon="9.188181">
        <ele>255.677168</ele>
        <time>2021-07-24T16:43:39.000Z</time>
      </trkpt>
      <trkpt lat="49.060950" lon="9.188184">
        <ele>255.889049</ele>
        <time>2021-07-24T16:43:40.000Z</time>
      </trkpt>
      <trkpt lat="49.060986" lon="9.188187">
        <ele>256.023773</ele>
        <time>2021-07-24T16:43:41.000Z</time>
      </trkpt>
      <trkpt lat="49.061019" lon="9.188192">
        <ele>256.037845</ele>
        <time>2021-07-24T16:43:42.000Z</time>
      </trkpt>
      <trkpt lat="49.061049" lon="9.188197">
        <ele>256.050651</ele>
        <time>2021-07-24T16:43:43.000Z</time>
      </trkpt>
      <trkpt lat="49.061084" lon="9.188201">
        <ele>256.065544</ele>
        <time>2021-07-24T16:43:44.000Z</time>
      </trkpt>
      <trkpt lat="49.061119" lon="9.188203">
        <ele>256.080406</ele>
        <time>2021-07-24T16:43:45.000Z</time>
      </trkpt>
      <trkpt lat="49.061152" lon="9.188204">
        <ele>256.094412</ele>
        <time>2021-07-24T16:43:46.000Z</time>
      </trkpt>
      <trkpt lat="49.061186" lon="9.188206">
        <ele>256.108849</ele>
        <time>2021-07-24T16:43:47.000Z</time>
      </trkpt>
      <trkpt lat="49.061220" lon="9.188208">
        <ele>256.123287</ele>
        <time>2021-07-24T16:43:48.000Z</time>
      </trkpt>
      <trkpt lat="49.061251" lon="9.188211">
        <ele>256.136468</ele>
        <time>2021-07-24T16:43:49.000Z</time>
      </trkpt>
      <trkpt lat="49.061281" lon="9.188215">
        <ele>256.149246</ele>
        <time>2021-07-24T16:43:50.000Z</time>
      </trkpt>
      <trkpt lat="49.061309" lon="9.188219">
        <ele>256.161180</ele>
        <time>2021-07-24T16:43:51.000Z</time>
      </trkpt>
      <trkpt lat="49.061337" lon="9.188220">
        <ele>256.173064</ele>
        <time>2021-07-24T16:43:52.000Z</time>
      </trkpt>
      <trkpt lat="49.061365" lon="9.188221">
        <ele>256.184949</ele>
        <time>2021-07-24T16:43:53.000Z</time>
      </trkpt>
      <trkpt lat="49.061393" lon="9.188224">
        <ele>256.196859</ele>
        <time>2021-07-24T16:43:54.000Z</time>
      </trkpt>
      <trkpt lat="49.061417" lon="9.188228">
        <ele>256.207104</ele>
        <time>2021-07-24T16:43:55.000Z</time>
      </trkpt>
      <trkpt lat="49.061436" lon="9.188232">
        <ele>256.215242</ele>
        <time>2021-07-24T16:43:56.000Z</time>
      </trkpt>
      <trkpt lat="49.061457" lon="9.188236">
        <ele>256.224222</ele>
        <time>2021-07-24T16:43:57.000Z</time>
      </trkpt>
      <trkpt lat="49.061479" lon="9.188239">
        <ele>256.233595</ele>
        <time>2021-07-24T16:43:58.000Z</time>
      </trkpt>
      <trkpt lat="49.061502" lon="9.188242">
        <ele>256.243390</ele>
        <time>2021-07-24T16:43:59.000Z</time>
      </trkpt>
      <trkpt lat="49.061525" lon="9.188244">
        <ele>256.253165</ele>
        <time>2021-07-24T16:44:00.000Z</time>
      </trkpt>
      <trkpt lat="49.061547" lon="9.188249">
        <ele>256.262604</ele>
        <time>2021-07-24T16:44:01.000Z</time>
      </trkpt>
      <trkpt lat="49.061571" lon="9.188255">
        <ele>256.272923</ele>
        <time>2021-07-24T16:44:02.000Z</time>
      </trkpt>
      <trkpt lat="49.061598" lon="9.188257">
        <ele>256.284394</ele>
        <time>2021-07-24T16:44:03.000Z</time>
      </trkpt>
      <trkpt lat="49.061626" lon="9.188254">
        <ele>256.296304</ele>
        <time>2021-07-24T16:44:04.000Z</time>
      </trkpt>
      <trkpt lat="49.061657" lon="9.188249">
        <ele>256.309532</ele>
        <time>2021-07-24T16:44:05.000Z</time>
      </trkpt>
      <trkpt lat="49.061689" lon="9.188250">
        <ele>256.323113</ele>
        <time>2021-07-24T16:44:06.000Z</time>
      </trkpt>
      <trkpt lat="49.061722" lon="9.188259">
        <ele>256.337338</ele>
        <time>2021-07-24T16:44:07.000Z</time>
      </trkpt>
      <trkpt lat="49.061757" lon="9.188266">
        <ele>256.352316</ele>
        <time>2021-07-24T16:44:08.000Z</time>
      </trkpt>
      <trkpt lat="49.061795" lon="9.188269">
        <ele>256.368462</ele>
        <time>2021-07-24T16:44:09.000Z</time>
      </trkpt>
      <trkpt lat="49.061833" lon="9.188266">
        <ele>256.384608</ele>
        <time>2021-07-24T16:44:10.000Z</time>
      </trkpt>
      <trkpt lat="49.061871" lon="9.188264">
        <ele>256.400743</ele>
        <time>2021-07-24T16:44:11.000Z</time>
      </trkpt>
      <trkpt lat="49.061909" lon="9.188267">
        <ele>256.416889</ele>
        <time>2021-07-24T16:44:12.000Z</time>
      </trkpt>
      <trkpt lat="49.061950" lon="9.188273">
        <ele>256.434366</ele>
        <time>2021-07-24T16:44:13.000Z</time>
      </trkpt>
      <trkpt lat="49.061995" lon="9.188279">
        <ele>256.453534</ele>
        <time>2021-07-24T16:44:14.000Z</time>
      </trkpt>
      <trkpt lat="49.062042" lon="9.188275">
        <ele>256.473508</ele>
        <time>2021-07-24T16:44:15.000Z</time>
      </trkpt>
      <trkpt lat="49.062094" lon="9.188273">
        <ele>256.495580</ele>
        <time>2021-07-24T16:44:16.000Z</time>
      </trkpt>
      <trkpt lat="49.062147" lon="9.188288">
        <ele>256.518453</ele>
        <time>2021-07-24T16:44:17.000Z</time>
      </trkpt>
      <trkpt lat="49.062196" lon="9.188293">
        <ele>256.539292</ele>
        <time>2021-07-24T16:44:18.000Z</time>
      </trkpt>
      <trkpt lat="49.062248" lon="9.188286">
        <ele>256.561443</ele>
        <time>2021-07-24T16:44:19.000Z</time>
      </trkpt>
      <trkpt lat="49.062297" lon="9.188291">
        <ele>256.582281</ele>
        <time>2021-07-24T16:44:20.000Z</time>
      </trkpt>
      <trkpt lat="49.062350" lon="9.188291">
        <ele>256.604771</ele>
        <time>2021-07-24T16:44:21.000Z</time>
      </trkpt>
      <trkpt lat="49.062399" lon="9.188294">
        <ele>256.625580</ele>
        <time>2021-07-24T16:44:22.000Z</time>
      </trkpt>
      <trkpt lat="49.062449" lon="9.188296">
        <ele>256.646803</ele>
        <time>2021-07-24T16:44:23.000Z</time>
      </trkpt>
      <trkpt lat="49.062500" lon="9.188301">
        <ele>256.668489</ele>
        <time>2021-07-24T16:44:24.000Z</time>
      </trkpt>
      <trkpt lat="49.062549" lon="9.188309">
        <ele>256.689400</ele>
        <time>2021-07-24T16:44:25.000Z</time>
      </trkpt>
      <trkpt lat="49.062607" lon="9.188311">
        <ele>256.714017</ele>
        <time>2021-07-24T16:44:26.000Z</time>
      </trkpt>
      <trkpt lat="49.062658" lon="9.188319">
        <ele>256.735772</ele>
        <time>2021-07-24T16:44:27.000Z</time>
      </trkpt>
      <trkpt lat="49.062712" lon="9.188318">
        <ele>256.758687</ele>
        <time>2021-07-24T16:44:28.000Z</time>
      </trkpt>
      <trkpt lat="49.062764" lon="9.188326">
        <ele>256.780864</ele>
        <time>2021-07-24T16:44:29.000Z</time>
      </trkpt>
      <trkpt lat="49.062819" lon="9.188336">
        <ele>256.691394</ele>
        <time>2021-07-24T16:44:30.000Z</time>
      </trkpt>
      <trkpt lat="49.062868" lon="9.188335">
        <ele>256.607976</ele>
        <time>2021-07-24T16:44:31.000Z</time>
      </trkpt>
      <trkpt lat="49.062917" lon="9.188338">
        <ele>256.524499</ele>
        <time>2021-07-24T16:44:32.000Z</time>
      </trkpt>
      <trkpt lat="49.062960" lon="9.188316">
        <ele>256.447299</ele>
        <time>2021-07-24T16:44:33.000Z</time>
      </trkpt>
      <trkpt lat="49.062980" lon="9.188257">
        <ele>256.373208</ele>
        <time>2021-07-24T16:44:34.000Z</time>
      </trkpt>
      <trkpt lat="49.062980" lon="9.188194">
        <ele>256.302940</ele>
        <time>2021-07-24T16:44:35.000Z</time>
      </trkpt>
      <trkpt lat="49.062972" lon="9.188119">
        <ele>256.218187</ele>
        <time>2021-07-24T16:44:36.000Z</time>
      </trkpt>
      <trkpt lat="49.062966" lon="9.188038">
        <ele>256.127267</ele>
        <time>2021-07-24T16:44:37.000Z</time>
      </trkpt>
      <trkpt lat="49.062965" lon="9.187953">
        <ele>256.032446</ele>
        <time>2021-07-24T16:44:38.000Z</time>
      </trkpt>
      <trkpt lat="49.062962" lon="9.187862">
        <ele>255.930820</ele>
        <time>2021-07-24T16:44:39.000Z</time>
      </trkpt>
      <trkpt lat="49.062953" lon="9.187771">
        <ele>255.828172</ele>
        <time>2021-07-24T16:44:40.000Z</time>
      </trkpt>
      <trkpt lat="49.062948" lon="9.187676">
        <ele>255.721872</ele>
        <time>2021-07-24T16:44:41.000Z</time>
      </trkpt>
      <trkpt lat="49.062945" lon="9.187589">
        <ele>255.624701</ele>
        <time>2021-07-24T16:44:42.000Z</time>
      </trkpt>
      <trkpt lat="49.062943" lon="9.187493">
        <ele>255.517572</ele>
        <time>2021-07-24T16:44:43.000Z</time>
      </trkpt>
      <trkpt lat="49.062937" lon="9.187405">
        <ele>255.418890</ele>
        <time>2021-07-24T16:44:44.000Z</time>
      </trkpt>
      <trkpt lat="49.062930" lon="9.187318">
        <ele>255.321125</ele>
        <time>2021-07-24T16:44:45.000Z</time>
      </trkpt>
      <trkpt lat="49.062930" lon="9.187229">
        <ele>255.221858</ele>
        <time>2021-07-24T16:44:46.000Z</time>
      </trkpt>
      <trkpt lat="49.062924" lon="9.187141">
        <ele>255.123176</ele>
        <time>2021-07-24T16:44:47.000Z</time>
      </trkpt>
      <trkpt lat="49.062920" lon="9.187053">
        <ele>255.024788</ele>
        <time>2021-07-24T16:44:48.000Z</time>
      </trkpt>
      <trkpt lat="49.062915" lon="9.186964">
        <ele>254.925157</ele>
        <time>2021-07-24T16:44:49.000Z</time>
      </trkpt>
      <trkpt lat="49.062910" lon="9.186875">
        <ele>254.825525</ele>
        <time>2021-07-24T16:44:50.000Z</time>
      </trkpt>
      <trkpt lat="49.062908" lon="9.186793">
        <ele>254.734002</ele>
        <time>2021-07-24T16:44:51.000Z</time>
      </trkpt>
      <trkpt lat="49.062907" lon="9.186700">
        <ele>254.630259</ele>
        <time>2021-07-24T16:44:52.000Z</time>
      </trkpt>
      <trkpt lat="49.062900" lon="9.186612">
        <ele>254.531387</ele>
        <time>2021-07-24T16:44:53.000Z</time>
      </trkpt>
      <trkpt lat="49.062894" lon="9.186520">
        <ele>254.428267</ele>
        <time>2021-07-24T16:44:54.000Z</time>
      </trkpt>
      <trkpt lat="49.062885" lon="9.186426">
        <ele>254.322309</ele>
        <time>2021-07-24T16:44:55.000Z</time>
      </trkpt>
      <trkpt lat="49.062880" lon="9.186330">
        <ele>254.214896</ele>
        <time>2021-07-24T16:44:56.000Z</time>
      </trkpt>
      <trkpt lat="49.062877" lon="9.186238">
        <ele>254.112156</ele>
        <time>2021-07-24T16:44:57.000Z</time>
      </trkpt>
      <trkpt lat="49.062875" lon="9.186153">
        <ele>254.017289</ele>
        <time>2021-07-24T16:44:58.000Z</time>
      </trkpt>
      <trkpt lat="49.062869" lon="9.186064">
        <ele>253.917498</ele>
        <time>2021-07-24T16:44:59.000Z</time>
      </trkpt>
      <trkpt lat="49.062863" lon="9.185989">
        <ele>253.833224</ele>
        <time>2021-07-24T16:45:00.000Z</time>
      </trkpt>
      <trkpt lat="49.062861" lon="9.185920">
        <ele>253.756189</ele>
        <time>2021-07-24T16:45:01.000Z</time>
      </trkpt>
      <trkpt lat="49.062874" lon="9.185852">
        <ele>253.708832</ele>
        <time>2021-07-24T16:45:02.000Z</time>
      </trkpt>
      <trkpt lat="49.062907" lon="9.185807">
        <ele>253.689065</ele>
        <time>2021-07-24T16:45:03.000Z</time>
      </trkpt>
      <trkpt lat="49.062952" lon="9.185783">
        <ele>253.667772</ele>
        <time>2021-07-24T16:45:04.000Z</time>
      </trkpt>
      <trkpt lat="49.062992" lon="9.185772">
        <ele>253.649616</ele>
        <time>2021-07-24T16:45:05.000Z</time>
      </trkpt>
      <trkpt lat="49.063039" lon="9.185743">
        <ele>253.626971</ele>
        <time>2021-07-24T16:45:06.000Z</time>
      </trkpt>
      <trkpt lat="49.063087" lon="9.185726">
        <ele>253.604961</ele>
        <time>2021-07-24T16:45:07.000Z</time>
      </trkpt>
      <trkpt lat="49.063133" lon="9.185700">
        <ele>253.583049</ele>
        <time>2021-07-24T16:45:08.000Z</time>
      </trkpt>
      <trkpt lat="49.063182" lon="9.185677">
        <ele>253.560150</ele>
        <time>2021-07-24T16:45:09.000Z</time>
      </trkpt>
      <trkpt lat="49.063229" lon="9.185660">
        <ele>253.538574</ele>
        <time>2021-07-24T16:45:10.000Z</time>
      </trkpt>
      <trkpt lat="49.063279" lon="9.185635">
        <ele>253.515071</ele>
        <time>2021-07-24T16:45:11.000Z</time>
      </trkpt>
      <trkpt lat="49.063325" lon="9.185615">
        <ele>253.493706</ele>
        <time>2021-07-24T16:45:12.000Z</time>
      </trkpt>
      <trkpt lat="49.063375" lon="9.185594">
        <ele>253.470542</ele>
        <time>2021-07-24T16:45:13.000Z</time>
      </trkpt>
      <trkpt lat="49.063428" lon="9.185566">
        <ele>253.445489</ele>
        <time>2021-07-24T16:45:14.000Z</time>
      </trkpt>
      <trkpt lat="49.063482" lon="9.185538">
        <ele>253.420014</ele>
        <time>2021-07-24T16:45:15.000Z</time>
      </trkpt>
      <trkpt lat="49.063534" lon="9.185516">
        <ele>253.395910</ele>
        <time>2021-07-24T16:45:16.000Z</time>
      </trkpt>
      <trkpt lat="49.063583" lon="9.185495">
        <ele>253.373176</ele>
        <time>2021-07-24T16:45:17.000Z</time>
      </trkpt>
      <trkpt lat="49.063632" lon="9.185469">
        <ele>253.350003</ele>
        <time>2021-07-24T16:45:18.000Z</time>
      </trkpt>
      <trkpt lat="49.063683" lon="9.185445">
        <ele>253.326164</ele>
        <time>2021-07-24T16:45:19.000Z</time>
      </trkpt>
      <trkpt lat="49.063733" lon="9.185425">
        <ele>253.303075</ele>
        <time>2021-07-24T16:45:20.000Z</time>
      </trkpt>
      <trkpt lat="49.063783" lon="9.185400">
        <ele>253.279572</ele>
        <time>2021-07-24T16:45:21.000Z</time>
      </trkpt>
      <trkpt lat="49.063836" lon="9.185373">
        <ele>253.254614</ele>
        <time>2021-07-24T16:45:22.000Z</time>
      </trkpt>
      <trkpt lat="49.063891" lon="9.185354">
        <ele>253.229425</ele>
        <time>2021-07-24T16:45:23.000Z</time>
      </trkpt>
      <trkpt lat="49.063941" lon="9.185330">
        <ele>253.206012</ele>
        <time>2021-07-24T16:45:24.000Z</time>
      </trkpt>
      <trkpt lat="49.063994" lon="9.185311">
        <ele>253.181693</ele>
        <time>2021-07-24T16:45:25.000Z</time>
      </trkpt>
      <trkpt lat="49.064046" lon="9.185287">
        <ele>253.157426</ele>
        <time>2021-07-24T16:45:26.000Z</time>
      </trkpt>
      <trkpt lat="49.064099" lon="9.185265">
        <ele>253.132892</ele>
        <time>2021-07-24T16:45:27.000Z</time>
      </trkpt>
      <trkpt lat="49.064154" lon="9.185239">
        <ele>253.107173</ele>
        <time>2021-07-24T16:45:28.000Z</time>
      </trkpt>
      <trkpt lat="49.064206" lon="9.185217">
        <ele>253.083069</ele>
        <time>2021-07-24T16:45:29.000Z</time>
      </trkpt>
      <trkpt lat="49.064260" lon="9.185193">
        <ele>253.057946</ele>
        <time>2021-07-24T16:45:30.000Z</time>
      </trkpt>
      <trkpt lat="49.064313" lon="9.185172">
        <ele>253.033487</ele>
        <time>2021-07-24T16:45:31.000Z</time>
      </trkpt>
      <trkpt lat="49.064364" lon="9.185155">
        <ele>253.010169</ele>
        <time>2021-07-24T16:45:32.000Z</time>
      </trkpt>
      <trkpt lat="49.064412" lon="9.185125">
        <ele>252.987000</ele>
        <time>2021-07-24T16:45:33.000Z</time>
      </trkpt>
      <trkpt lat="49.064463" lon="9.185103">
        <ele>252.963326</ele>
        <time>2021-07-24T16:45:34.000Z</time>
      </trkpt>
      <trkpt lat="49.064511" lon="9.185079">
        <ele>252.940764</ele>
        <time>2021-07-24T16:45:35.000Z</time>
      </trkpt>
      <trkpt lat="49.064563" lon="9.185055">
        <ele>252.916571</ele>
        <time>2021-07-24T16:45:36.000Z</time>
      </trkpt>
      <trkpt lat="49.064615" lon="9.185037">
        <ele>252.903417</ele>
        <time>2021-07-24T16:45:37.000Z</time>
      </trkpt>
      <trkpt lat="49.064669" lon="9.185020">
        <ele>252.889814</ele>
        <time>2021-07-24T16:45:38.000Z</time>
      </trkpt>
      <trkpt lat="49.064722" lon="9.184996">
        <ele>252.876176</ele>
        <time>2021-07-24T16:45:39.000Z</time>
      </trkpt>
      <trkpt lat="49.064770" lon="9.184970">
        <ele>252.863611</ele>
        <time>2021-07-24T16:45:40.000Z</time>
      </trkpt>
      <trkpt lat="49.064820" lon="9.184944">
        <ele>252.850580</ele>
        <time>2021-07-24T16:45:41.000Z</time>
      </trkpt>
      <trkpt lat="49.064874" lon="9.184926">
        <ele>252.836944</ele>
        <time>2021-07-24T16:45:42.000Z</time>
      </trkpt>
      <trkpt lat="49.064924" lon="9.184903">
        <ele>252.824061</ele>
        <time>2021-07-24T16:45:43.000Z</time>
      </trkpt>
      <trkpt lat="49.064975" lon="9.184879">
        <ele>252.810895</ele>
        <time>2021-07-24T16:45:44.000Z</time>
      </trkpt>
      <trkpt lat="49.065023" lon="9.184855">
        <ele>252.798434</ele>
        <time>2021-07-24T16:45:45.000Z</time>
      </trkpt>
      <trkpt lat="49.065076" lon="9.184833">
        <ele>252.784884</ele>
        <time>2021-07-24T16:45:46.000Z</time>
      </trkpt>
      <trkpt lat="49.065127" lon="9.184814">
        <ele>252.771933</ele>
        <time>2021-07-24T16:45:47.000Z</time>
      </trkpt>
      <trkpt lat="49.065177" lon="9.184791">
        <ele>252.759050</ele>
        <time>2021-07-24T16:45:48.000Z</time>
      </trkpt>
      <trkpt lat="49.065232" lon="9.184776">
        <ele>252.745266</ele>
        <time>2021-07-24T16:45:49.000Z</time>
      </trkpt>
      <trkpt lat="49.065286" lon="9.184767">
        <ele>252.731866</ele>
        <time>2021-07-24T16:45:50.000Z</time>
      </trkpt>
      <trkpt lat="49.065342" lon="9.184755">
        <ele>252.717915</ele>
        <time>2021-07-24T16:45:51.000Z</time>
      </trkpt>
      <trkpt lat="49.065397" lon="9.184738">
        <ele>252.704071</ele>
        <time>2021-07-24T16:45:52.000Z</time>
      </trkpt>
      <trkpt lat="49.065453" lon="9.184725">
        <ele>252.690097</ele>
        <time>2021-07-24T16:45:53.000Z</time>
      </trkpt>
      <trkpt lat="49.065508" lon="9.184707">
        <ele>252.676220</ele>
        <time>2021-07-24T16:45:54.000Z</time>
      </trkpt>
      <trkpt lat="49.065570" lon="9.184691">
        <ele>252.660708</ele>
        <time>2021-07-24T16:45:55.000Z</time>
      </trkpt>
      <trkpt lat="49.065630" lon="9.184676">
        <ele>252.645709</ele>
        <time>2021-07-24T16:45:56.000Z</time>
      </trkpt>
      <trkpt lat="49.065685" lon="9.184658">
        <ele>252.631832</ele>
        <time>2021-07-24T16:45:57.000Z</time>
      </trkpt>
      <trkpt lat="49.065745" lon="9.184642">
        <ele>252.616805</ele>
        <time>2021-07-24T16:45:58.000Z</time>
      </trkpt>
      <trkpt lat="49.065800" lon="9.184629">
        <ele>252.603075</ele>
        <time>2021-07-24T16:45:59.000Z</time>
      </trkpt>
      <trkpt lat="49.065863" lon="9.184612">
        <ele>252.587292</ele>
        <time>2021-07-24T16:46:00.000Z</time>
      </trkpt>
      <trkpt lat="49.065924" lon="9.184600">
        <ele>252.572119</ele>
        <time>2021-07-24T16:46:01.000Z</time>
      </trkpt>
      <trkpt lat="49.065985" lon="9.184581">
        <ele>252.556760</ele>
        <time>2021-07-24T16:46:02.000Z</time>
      </trkpt>
      <trkpt lat="49.066039" lon="9.184567">
        <ele>252.543248</ele>
        <time>2021-07-24T16:46:03.000Z</time>
      </trkpt>
      <trkpt lat="49.066096" lon="9.184553">
        <ele>252.529005</ele>
        <time>2021-07-24T16:46:04.000Z</time>
      </trkpt>
      <trkpt lat="49.066150" lon="9.184540">
        <ele>252.515519</ele>
        <time>2021-07-24T16:46:05.000Z</time>
      </trkpt>
      <trkpt lat="49.066208" lon="9.184521">
        <ele>252.500884</ele>
        <time>2021-07-24T16:46:06.000Z</time>
      </trkpt>
      <trkpt lat="49.066263" lon="9.184508">
        <ele>252.487154</ele>
        <time>2021-07-24T16:46:07.000Z</time>
      </trkpt>
      <trkpt lat="49.066321" lon="9.184496">
        <ele>252.470309</ele>
        <time>2021-07-24T16:46:08.000Z</time>
      </trkpt>
      <trkpt lat="49.066378" lon="9.184482">
        <ele>252.302678</ele>
        <time>2021-07-24T16:46:09.000Z</time>
      </trkpt>
      <trkpt lat="49.066435" lon="9.184470">
        <ele>252.135608</ele>
        <time>2021-07-24T16:46:10.000Z</time>
      </trkpt>
      <trkpt lat="49.066493" lon="9.184455">
        <ele>251.964802</ele>
        <time>2021-07-24T16:46:11.000Z</time>
      </trkpt>
      <trkpt lat="49.066553" lon="9.184435">
        <ele>251.786483</ele>
        <time>2021-07-24T16:46:12.000Z</time>
      </trkpt>
      <trkpt lat="49.066611" lon="9.184417">
        <ele>251.614631</ele>
        <time>2021-07-24T16:46:13.000Z</time>
      </trkpt>
      <trkpt lat="49.066675" lon="9.184399">
        <ele>251.425675</ele>
        <time>2021-07-24T16:46:14.000Z</time>
      </trkpt>
      <trkpt lat="49.066738" lon="9.184387">
        <ele>251.241333</ele>
        <time>2021-07-24T16:46:15.000Z</time>
      </trkpt>
      <trkpt lat="49.066804" lon="9.184368">
        <ele>251.046320</ele>
        <time>2021-07-24T16:46:16.000Z</time>
      </trkpt>
      <trkpt lat="49.066870" lon="9.184352">
        <ele>250.852283</ele>
        <time>2021-07-24T16:46:17.000Z</time>
      </trkpt>
      <trkpt lat="49.066940" lon="9.184335">
        <ele>250.646478</ele>
        <time>2021-07-24T16:46:18.000Z</time>
      </trkpt>
      <trkpt lat="49.067011" lon="9.184315">
        <ele>250.436845</ele>
        <time>2021-07-24T16:46:19.000Z</time>
      </trkpt>
      <trkpt lat="49.067081" lon="9.184299">
        <ele>250.231330</ele>
        <time>2021-07-24T16:46:20.000Z</time>
      </trkpt>
      <trkpt lat="49.067150" lon="9.184276">
        <ele>250.026263</ele>
        <time>2021-07-24T16:46:21.000Z</time>
      </trkpt>
      <trkpt lat="49.067211" lon="9.184212">
        <ele>249.811337</ele>
        <time>2021-07-24T16:46:22.000Z</time>
      </trkpt>
      <trkpt lat="49.067277" lon="9.184163">
        <ele>249.598235</ele>
        <time>2021-07-24T16:46:23.000Z</time>
      </trkpt>
      <trkpt lat="49.067341" lon="9.184106">
        <ele>249.383085</ele>
        <time>2021-07-24T16:46:24.000Z</time>
      </trkpt>
      <trkpt lat="49.067394" lon="9.184041">
        <ele>249.185674</ele>
        <time>2021-07-24T16:46:25.000Z</time>
      </trkpt>
      <trkpt lat="49.067445" lon="9.183978">
        <ele>248.995172</ele>
        <time>2021-07-24T16:46:26.000Z</time>
      </trkpt>
      <trkpt lat="49.067492" lon="9.183918">
        <ele>248.817265</ele>
        <time>2021-07-24T16:46:27.000Z</time>
      </trkpt>
      <trkpt lat="49.067541" lon="9.183871">
        <ele>248.649230</ele>
        <time>2021-07-24T16:46:28.000Z</time>
      </trkpt>
      <trkpt lat="49.067594" lon="9.183863">
        <ele>248.494591</ele>
        <time>2021-07-24T16:46:29.000Z</time>
      </trkpt>
      <trkpt lat="49.067627" lon="9.183894">
        <ele>248.382081</ele>
        <time>2021-07-24T16:46:30.000Z</time>
      </trkpt>
      <trkpt lat="49.067655" lon="9.183924">
        <ele>248.282751</ele>
        <time>2021-07-24T16:46:31.000Z</time>
      </trkpt>
      <trkpt lat="49.067681" lon="9.183962">
        <ele>248.178230</ele>
        <time>2021-07-24T16:46:32.000Z</time>
      </trkpt>
      <trkpt lat="49.067697" lon="9.184021">
        <ele>248.056759</ele>
        <time>2021-07-24T16:46:33.000Z</time>
      </trkpt>
      <trkpt lat="49.067717" lon="9.184085">
        <ele>247.921871</ele>
        <time>2021-07-24T16:46:34.000Z</time>
      </trkpt>
      <trkpt lat="49.067754" lon="9.184125">
        <ele>247.790222</ele>
        <time>2021-07-24T16:46:35.000Z</time>
      </trkpt>
      <trkpt lat="49.067799" lon="9.184111">
        <ele>247.656875</ele>
        <time>2021-07-24T16:46:36.000Z</time>
      </trkpt>
      <trkpt lat="49.067826" lon="9.184071">
        <ele>247.547624</ele>
        <time>2021-07-24T16:46:37.000Z</time>
      </trkpt>
      <trkpt lat="49.067862" lon="9.184018">
        <ele>247.402396</ele>
        <time>2021-07-24T16:46:38.000Z</time>
      </trkpt>
      <trkpt lat="49.067903" lon="9.183969">
        <ele>247.251199</ele>
        <time>2021-07-24T16:46:39.000Z</time>
      </trkpt>
      <trkpt lat="49.067952" lon="9.183931">
        <ele>247.184300</ele>
        <time>2021-07-24T16:46:40.000Z</time>
      </trkpt>
      <trkpt lat="49.068005" lon="9.183906">
        <ele>247.117196</ele>
        <time>2021-07-24T16:46:41.000Z</time>
      </trkpt>
      <trkpt lat="49.068054" lon="9.183874">
        <ele>247.052726</ele>
        <time>2021-07-24T16:46:42.000Z</time>
      </trkpt>
      <trkpt lat="49.068103" lon="9.183847">
        <ele>246.989708</ele>
        <time>2021-07-24T16:46:43.000Z</time>
      </trkpt>
      <trkpt lat="49.068158" lon="9.183811">
        <ele>246.917318</ele>
        <time>2021-07-24T16:46:44.000Z</time>
      </trkpt>
      <trkpt lat="49.068213" lon="9.183780">
        <ele>246.846395</ele>
        <time>2021-07-24T16:46:45.000Z</time>
      </trkpt>
      <trkpt lat="49.068269" lon="9.183752">
        <ele>246.775112</ele>
        <time>2021-07-24T16:46:46.000Z</time>
      </trkpt>
      <trkpt lat="49.068324" lon="9.183721">
        <ele>246.704190</ele>
        <time>2021-07-24T16:46:47.000Z</time>
      </trkpt>
      <trkpt lat="49.068376" lon="9.183692">
        <ele>246.637221</ele>
        <time>2021-07-24T16:46:48.000Z</time>
      </trkpt>
      <trkpt lat="49.068436" lon="9.183670">
        <ele>246.562576</ele>
        <time>2021-07-24T16:46:49.000Z</time>
      </trkpt>
      <trkpt lat="49.068493" lon="9.183651">
        <ele>246.492001</ele>
        <time>2021-07-24T16:46:50.000Z</time>
      </trkpt>
      <trkpt lat="49.068554" lon="9.183627">
        <ele>246.415800</ele>
        <time>2021-07-24T16:46:51.000Z</time>
      </trkpt>
      <trkpt lat="49.068612" lon="9.183603">
        <ele>246.343107</ele>
        <time>2021-07-24T16:46:52.000Z</time>
      </trkpt>
      <trkpt lat="49.068671" lon="9.183580">
        <ele>246.269446</ele>
        <time>2021-07-24T16:46:53.000Z</time>
      </trkpt>
      <trkpt lat="49.068734" lon="9.183562">
        <ele>246.191914</ele>
        <time>2021-07-24T16:46:54.000Z</time>
      </trkpt>
      <trkpt lat="49.068794" lon="9.183538">
        <ele>246.116884</ele>
        <time>2021-07-24T16:46:55.000Z</time>
      </trkpt>
      <trkpt lat="49.068854" lon="9.183519">
        <ele>246.042759</ele>
        <time>2021-07-24T16:46:56.000Z</time>
      </trkpt>
      <trkpt lat="49.068917" lon="9.183499">
        <ele>245.964920</ele>
        <time>2021-07-24T16:46:57.000Z</time>
      </trkpt>
      <trkpt lat="49.068980" lon="9.183478">
        <ele>245.886915</ele>
        <time>2021-07-24T16:46:58.000Z</time>
      </trkpt>
      <trkpt lat="49.069039" lon="9.183464">
        <ele>245.814688</ele>
        <time>2021-07-24T16:46:59.000Z</time>
      </trkpt>
      <trkpt lat="49.069099" lon="9.183443">
        <ele>245.740225</ele>
        <time>2021-07-24T16:47:00.000Z</time>
      </trkpt>
      <trkpt lat="49.069161" lon="9.183426">
        <ele>245.664026</ele>
        <time>2021-07-24T16:47:01.000Z</time>
      </trkpt>
      <trkpt lat="49.069221" lon="9.183410">
        <ele>245.590347</ele>
        <time>2021-07-24T16:47:02.000Z</time>
      </trkpt>
      <trkpt lat="49.069282" lon="9.183391">
        <ele>245.515037</ele>
        <time>2021-07-24T16:47:03.000Z</time>
      </trkpt>
      <trkpt lat="49.069343" lon="9.183375">
        <ele>245.440167</ele>
        <time>2021-07-24T16:47:04.000Z</time>
      </trkpt>
      <trkpt lat="49.069404" lon="9.183361">
        <ele>245.365548</ele>
        <time>2021-07-24T16:47:05.000Z</time>
      </trkpt>
      <trkpt lat="49.069466" lon="9.183343">
        <ele>245.289205</ele>
        <time>2021-07-24T16:47:06.000Z</time>
      </trkpt>
      <trkpt lat="49.069528" lon="9.183325">
        <ele>245.212861</ele>
        <time>2021-07-24T16:47:07.000Z</time>
      </trkpt>
      <trkpt lat="49.069588" lon="9.183301">
        <ele>245.137831</ele>
        <time>2021-07-24T16:47:08.000Z</time>
      </trkpt>
      <trkpt lat="49.069647" lon="9.183279">
        <ele>245.090355</ele>
        <time>2021-07-24T16:47:09.000Z</time>
      </trkpt>
      <trkpt lat="49.069705" lon="9.183258">
        <ele>245.198734</ele>
        <time>2021-07-24T16:47:10.000Z</time>
      </trkpt>
      <trkpt lat="49.069765" lon="9.183233">
        <ele>245.311814</ele>
        <time>2021-07-24T16:47:11.000Z</time>
      </trkpt>
      <trkpt lat="49.069825" lon="9.183215">
        <ele>245.422990</ele>
        <time>2021-07-24T16:47:12.000Z</time>
      </trkpt>
      <trkpt lat="49.069883" lon="9.183185">
        <ele>245.534332</ele>
        <time>2021-07-24T16:47:13.000Z</time>
      </trkpt>
      <trkpt lat="49.069941" lon="9.183153">
        <ele>245.646462</ele>
        <time>2021-07-24T16:47:14.000Z</time>
      </trkpt>
      <trkpt lat="49.070003" lon="9.183126">
        <ele>245.763685</ele>
        <time>2021-07-24T16:47:15.000Z</time>
      </trkpt>
      <trkpt lat="49.070066" lon="9.183088">
        <ele>245.886846</ele>
        <time>2021-07-24T16:47:16.000Z</time>
      </trkpt>
      <trkpt lat="49.070121" lon="9.183058">
        <ele>245.993037</ele>
        <time>2021-07-24T16:47:17.000Z</time>
      </trkpt>
      <trkpt lat="49.070180" lon="9.183020">
        <ele>246.109466</ele>
        <time>2021-07-24T16:47:18.000Z</time>
      </trkpt>
      <trkpt lat="49.070237" lon="9.182982">
        <ele>246.222554</ele>
        <time>2021-07-24T16:47:19.000Z</time>
      </trkpt>
      <trkpt lat="49.070290" lon="9.182937">
        <ele>246.332820</ele>
        <time>2021-07-24T16:47:20.000Z</time>
      </trkpt>
      <trkpt lat="49.070351" lon="9.182891">
        <ele>246.456523</ele>
        <time>2021-07-24T16:47:21.000Z</time>
      </trkpt>
      <trkpt lat="49.070405" lon="9.182845">
        <ele>246.568957</ele>
        <time>2021-07-24T16:47:22.000Z</time>
      </trkpt>
      <trkpt lat="49.070461" lon="9.182794">
        <ele>246.687518</ele>
        <time>2021-07-24T16:47:23.000Z</time>
      </trkpt>
      <trkpt lat="49.070516" lon="9.182746">
        <ele>246.802707</ele>
        <time>2021-07-24T16:47:24.000Z</time>
      </trkpt>
      <trkpt lat="49.070565" lon="9.182702">
        <ele>246.906068</ele>
        <time>2021-07-24T16:47:25.000Z</time>
      </trkpt>
      <trkpt lat="49.070620" lon="9.182683">
        <ele>247.008595</ele>
        <time>2021-07-24T16:47:26.000Z</time>
      </trkpt>
      <trkpt lat="49.070676" lon="9.182691">
        <ele>247.110856</ele>
        <time>2021-07-24T16:47:27.000Z</time>
      </trkpt>
      <trkpt lat="49.070723" lon="9.182729">
        <ele>247.207556</ele>
        <time>2021-07-24T16:47:28.000Z</time>
      </trkpt>
      <trkpt lat="49.070767" lon="9.182771">
        <ele>247.301908</ele>
        <time>2021-07-24T16:47:29.000Z</time>
      </trkpt>
      <trkpt lat="49.070813" lon="9.182810">
        <ele>247.397578</ele>
        <time>2021-07-24T16:47:30.000Z</time>
      </trkpt>
      <trkpt lat="49.070857" lon="9.182861">
        <ele>247.498027</ele>
        <time>2021-07-24T16:47:31.000Z</time>
      </trkpt>
      <trkpt lat="49.070882" lon="9.182928">
        <ele>247.589868</ele>
        <time>2021-07-24T16:47:32.000Z</time>
      </trkpt>
      <trkpt lat="49.070910" lon="9.182992">
        <ele>247.681535</ele>
        <time>2021-07-24T16:47:33.000Z</time>
      </trkpt>
      <trkpt lat="49.070949" lon="9.183041">
        <ele>247.773373</ele>
        <time>2021-07-24T16:47:34.000Z</time>
      </trkpt>
      <trkpt lat="49.070984" lon="9.183083">
        <ele>247.854318</ele>
        <time>2021-07-24T16:47:35.000Z</time>
      </trkpt>
      <trkpt lat="49.071027" lon="9.183113">
        <ele>247.940277</ele>
        <time>2021-07-24T16:47:36.000Z</time>
      </trkpt>
      <trkpt lat="49.071056" lon="9.183141">
        <ele>248.002666</ele>
        <time>2021-07-24T16:47:37.000Z</time>
      </trkpt>
      <trkpt lat="49.071073" lon="9.183155">
        <ele>248.037786</ele>
        <time>2021-07-24T16:47:38.000Z</time>
      </trkpt>
      <trkpt lat="49.071094" lon="9.183169">
        <ele>248.079449</ele>
        <time>2021-07-24T16:47:39.000Z</time>
      </trkpt>
      <trkpt lat="49.071125" lon="9.183169">
        <ele>248.135812</ele>
        <time>2021-07-24T16:47:40.000Z</time>
      </trkpt>
      <trkpt lat="49.071144" lon="9.183165">
        <ele>248.170684</ele>
        <time>2021-07-24T16:47:41.000Z</time>
      </trkpt>
      <trkpt lat="49.071166" lon="9.183178">
        <ele>248.213575</ele>
        <time>2021-07-24T16:47:42.000Z</time>
      </trkpt>
      <trkpt lat="49.071178" lon="9.183217">
        <ele>248.264897</ele>
        <time>2021-07-24T16:47:43.000Z</time>
      </trkpt>
      <trkpt lat="49.071168" lon="9.183242">
        <ele>248.299786</ele>
        <time>2021-07-24T16:47:44.000Z</time>
      </trkpt>
      <trkpt lat="49.071161" lon="9.183252">
        <ele>248.317218</ele>
        <time>2021-07-24T16:47:45.000Z</time>
      </trkpt>
      <trkpt lat="49.071137" lon="9.183286">
        <ele>248.304010</ele>
        <time>2021-07-24T16:47:46.000Z</time>
      </trkpt>
      <trkpt lat="49.071122" lon="9.183319">
        <ele>248.242453</ele>
        <time>2021-07-24T16:47:47.000Z</time>
      </trkpt>
      <trkpt lat="49.071103" lon="9.183354">
        <ele>248.172789</ele>
        <time>2021-07-24T16:47:48.000Z</time>
      </trkpt>
      <trkpt lat="49.071082" lon="9.183394">
        <ele>248.094229</ele>
        <time>2021-07-24T16:47:49.000Z</time>
      </trkpt>
      <trkpt lat="49.071063" lon="9.183441">
        <ele>248.009587</ele>
        <time>2021-07-24T16:47:50.000Z</time>
      </trkpt>
      <trkpt lat="49.071049" lon="9.183490">
        <ele>247.927659</ele>
        <time>2021-07-24T16:47:51.000Z</time>
      </trkpt>
      <trkpt lat="49.071037" lon="9.183540">
        <ele>247.846049</ele>
        <time>2021-07-24T16:47:52.000Z</time>
      </trkpt>
      <trkpt lat="49.071028" lon="9.183593">
        <ele>247.762137</ele>
        <time>2021-07-24T16:47:53.000Z</time>
      </trkpt>
      <trkpt lat="49.071029" lon="9.183650">
        <ele>247.674747</ele>
        <time>2021-07-24T16:47:54.000Z</time>
      </trkpt>
      <trkpt lat="49.071044" lon="9.183705">
        <ele>247.583442</ele>
        <time>2021-07-24T16:47:55.000Z</time>
      </trkpt>
      <trkpt lat="49.071074" lon="9.183746">
        <ele>247.489240</ele>
        <time>2021-07-24T16:47:56.000Z</time>
      </trkpt>
      <trkpt lat="49.071113" lon="9.183774">
        <ele>247.388415</ele>
        <time>2021-07-24T16:47:57.000Z</time>
      </trkpt>
      <trkpt lat="49.071155" lon="9.183792">
        <ele>247.286361</ele>
        <time>2021-07-24T16:47:58.000Z</time>
      </trkpt>
      <trkpt lat="49.071252" lon="9.183823">
        <ele>247.054518</ele>
        <time>2021-07-24T16:48:00.000Z</time>
      </trkpt>
      <trkpt lat="49.071293" lon="9.183844">
        <ele>246.953347</ele>
        <time>2021-07-24T16:48:01.000Z</time>
      </trkpt>
      <trkpt lat="49.071332" lon="9.183866">
        <ele>246.856079</ele>
        <time>2021-07-24T16:48:02.000Z</time>
      </trkpt>
      <trkpt lat="49.071375" lon="9.183904">
        <ele>246.739843</ele>
        <time>2021-07-24T16:48:03.000Z</time>
      </trkpt>
      <trkpt lat="49.071411" lon="9.183936">
        <ele>246.642385</ele>
        <time>2021-07-24T16:48:04.000Z</time>
      </trkpt>
      <trkpt lat="49.071454" lon="9.183968">
        <ele>246.530473</ele>
        <time>2021-07-24T16:48:05.000Z</time>
      </trkpt>
      <trkpt lat="49.071492" lon="9.184017">
        <ele>246.414102</ele>
        <time>2021-07-24T16:48:06.000Z</time>
      </trkpt>
      <trkpt lat="49.071522" lon="9.184076">
        <ele>246.299639</ele>
        <time>2021-07-24T16:48:07.000Z</time>
      </trkpt>
      <trkpt lat="49.071542" lon="9.184141">
        <ele>246.189580</ele>
        <time>2021-07-24T16:48:08.000Z</time>
      </trkpt>
      <trkpt lat="49.071565" lon="9.184209">
        <ele>246.072294</ele>
        <time>2021-07-24T16:48:09.000Z</time>
      </trkpt>
      <trkpt lat="49.071590" lon="9.184282">
        <ele>245.946051</ele>
        <time>2021-07-24T16:48:10.000Z</time>
      </trkpt>
      <trkpt lat="49.071617" lon="9.184365">
        <ele>245.804028</ele>
        <time>2021-07-24T16:48:11.000Z</time>
      </trkpt>
      <trkpt lat="49.071640" lon="9.184448">
        <ele>245.665912</ele>
        <time>2021-07-24T16:48:12.000Z</time>
      </trkpt>
      <trkpt lat="49.071667" lon="9.184532">
        <ele>245.522515</ele>
        <time>2021-07-24T16:48:13.000Z</time>
      </trkpt>
      <trkpt lat="49.071699" lon="9.184626">
        <ele>245.360163</ele>
        <time>2021-07-24T16:48:14.000Z</time>
      </trkpt>
      <trkpt lat="49.071729" lon="9.184730">
        <ele>245.186008</ele>
        <time>2021-07-24T16:48:15.000Z</time>
      </trkpt>
      <trkpt lat="49.071767" lon="9.184848">
        <ele>244.984495</ele>
        <time>2021-07-24T16:48:16.000Z</time>
      </trkpt>
      <trkpt lat="49.071807" lon="9.184975">
        <ele>244.768532</ele>
        <time>2021-07-24T16:48:17.000Z</time>
      </trkpt>
      <trkpt lat="49.071847" lon="9.185116">
        <ele>244.533049</ele>
        <time>2021-07-24T16:48:18.000Z</time>
      </trkpt>
      <trkpt lat="49.071892" lon="9.185257">
        <ele>244.292677</ele>
        <time>2021-07-24T16:48:19.000Z</time>
      </trkpt>
      <trkpt lat="49.071939" lon="9.185406">
        <ele>243.862011</ele>
        <time>2021-07-24T16:48:20.000Z</time>
      </trkpt>
      <trkpt lat="49.071987" lon="9.185553">
        <ele>243.154865</ele>
        <time>2021-07-24T16:48:21.000Z</time>
      </trkpt>
      <trkpt lat="49.072039" lon="9.185705">
        <ele>242.416595</ele>
        <time>2021-07-24T16:48:22.000Z</time>
      </trkpt>
      <trkpt lat="49.072088" lon="9.185861">
        <ele>241.671751</ele>
        <time>2021-07-24T16:48:23.000Z</time>
      </trkpt>
      <trkpt lat="49.072137" lon="9.186018">
        <ele>240.923024</ele>
        <time>2021-07-24T16:48:24.000Z</time>
      </trkpt>
      <trkpt lat="49.072186" lon="9.186177">
        <ele>240.166515</ele>
        <time>2021-07-24T16:48:25.000Z</time>
      </trkpt>
      <trkpt lat="49.072236" lon="9.186331">
        <ele>239.426534</ele>
        <time>2021-07-24T16:48:26.000Z</time>
      </trkpt>
      <trkpt lat="49.072288" lon="9.186486">
        <ele>238.676794</ele>
        <time>2021-07-24T16:48:27.000Z</time>
      </trkpt>
      <trkpt lat="49.072334" lon="9.186640">
        <ele>237.948107</ele>
        <time>2021-07-24T16:48:28.000Z</time>
      </trkpt>
      <trkpt lat="49.072378" lon="9.186794">
        <ele>237.224774</ele>
        <time>2021-07-24T16:48:29.000Z</time>
      </trkpt>
      <trkpt lat="49.072425" lon="9.186944">
        <ele>236.508910</ele>
        <time>2021-07-24T16:48:30.000Z</time>
      </trkpt>
      <trkpt lat="49.072473" lon="9.187098">
        <ele>235.774674</ele>
        <time>2021-07-24T16:48:31.000Z</time>
      </trkpt>
      <trkpt lat="49.072519" lon="9.187249">
        <ele>235.057720</ele>
        <time>2021-07-24T16:48:32.000Z</time>
      </trkpt>
      <trkpt lat="49.072567" lon="9.187397">
        <ele>234.346725</ele>
        <time>2021-07-24T16:48:33.000Z</time>
      </trkpt>
      <trkpt lat="49.072614" lon="9.187544">
        <ele>233.642493</ele>
        <time>2021-07-24T16:48:34.000Z</time>
      </trkpt>
      <trkpt lat="49.072661" lon="9.187691">
        <ele>232.938261</ele>
        <time>2021-07-24T16:48:35.000Z</time>
      </trkpt>
      <trkpt lat="49.072708" lon="9.187833">
        <ele>232.293179</ele>
        <time>2021-07-24T16:48:36.000Z</time>
      </trkpt>
      <trkpt lat="49.072752" lon="9.187978">
        <ele>232.038561</ele>
        <time>2021-07-24T16:48:37.000Z</time>
      </trkpt>
      <trkpt lat="49.072796" lon="9.188119">
        <ele>231.789712</ele>
        <time>2021-07-24T16:48:38.000Z</time>
      </trkpt>
      <trkpt lat="49.072839" lon="9.188249">
        <ele>231.557670</ele>
        <time>2021-07-24T16:48:39.000Z</time>
      </trkpt>
      <trkpt lat="49.072879" lon="9.188374">
        <ele>231.336010</ele>
        <time>2021-07-24T16:48:40.000Z</time>
      </trkpt>
      <trkpt lat="49.072913" lon="9.188492">
        <ele>231.130612</ele>
        <time>2021-07-24T16:48:41.000Z</time>
      </trkpt>
      <trkpt lat="49.072943" lon="9.188593">
        <ele>230.953915</ele>
        <time>2021-07-24T16:48:42.000Z</time>
      </trkpt>
      <trkpt lat="49.072963" lon="9.188682">
        <ele>230.803996</ele>
        <time>2021-07-24T16:48:43.000Z</time>
      </trkpt>
      <trkpt lat="49.072998" lon="9.188748">
        <ele>230.668698</ele>
        <time>2021-07-24T16:48:44.000Z</time>
      </trkpt>
      <trkpt lat="49.073044" lon="9.188776">
        <ele>230.548248</ele>
        <time>2021-07-24T16:48:45.000Z</time>
      </trkpt>
      <trkpt lat="49.073089" lon="9.188776">
        <ele>230.438798</ele>
        <time>2021-07-24T16:48:46.000Z</time>
      </trkpt>
      <trkpt lat="49.073137" lon="9.188754">
        <ele>230.316902</ele>
        <time>2021-07-24T16:48:47.000Z</time>
      </trkpt>
      <trkpt lat="49.073186" lon="9.188730">
        <ele>230.191739</ele>
        <time>2021-07-24T16:48:48.000Z</time>
      </trkpt>
      <trkpt lat="49.073237" lon="9.188709">
        <ele>230.063262</ele>
        <time>2021-07-24T16:48:49.000Z</time>
      </trkpt>
      <trkpt lat="49.073292" lon="9.188682">
        <ele>229.922742</ele>
        <time>2021-07-24T16:48:50.000Z</time>
      </trkpt>
      <trkpt lat="49.073347" lon="9.188649">
        <ele>229.779007</ele>
        <time>2021-07-24T16:48:51.000Z</time>
      </trkpt>
      <trkpt lat="49.073404" lon="9.188623">
        <ele>229.634313</ele>
        <time>2021-07-24T16:48:52.000Z</time>
      </trkpt>
      <trkpt lat="49.073464" lon="9.188593">
        <ele>229.480750</ele>
        <time>2021-07-24T16:48:53.000Z</time>
      </trkpt>
      <trkpt lat="49.073527" lon="9.188567">
        <ele>229.322019</ele>
        <time>2021-07-24T16:48:54.000Z</time>
      </trkpt>
      <trkpt lat="49.073587" lon="9.188538">
        <ele>229.168945</ele>
        <time>2021-07-24T16:48:55.000Z</time>
      </trkpt>
      <trkpt lat="49.073650" lon="9.188507">
        <ele>229.007951</ele>
        <time>2021-07-24T16:48:56.000Z</time>
      </trkpt>
      <trkpt lat="49.073710" lon="9.188474">
        <ele>228.852834</ele>
        <time>2021-07-24T16:48:57.000Z</time>
      </trkpt>
      <trkpt lat="49.073773" lon="9.188443">
        <ele>228.691840</ele>
        <time>2021-07-24T16:48:58.000Z</time>
      </trkpt>
      <trkpt lat="49.073833" lon="9.188411">
        <ele>228.537256</ele>
        <time>2021-07-24T16:48:59.000Z</time>
      </trkpt>
      <trkpt lat="49.073890" lon="9.188384">
        <ele>228.392098</ele>
        <time>2021-07-24T16:49:00.000Z</time>
      </trkpt>
      <trkpt lat="49.073945" lon="9.188355">
        <ele>228.250570</ele>
        <time>2021-07-24T16:49:01.000Z</time>
      </trkpt>
      <trkpt lat="49.074000" lon="9.188333">
        <ele>228.112281</ele>
        <time>2021-07-24T16:49:02.000Z</time>
      </trkpt>
      <trkpt lat="49.074059" lon="9.188342">
        <ele>227.968065</ele>
        <time>2021-07-24T16:49:03.000Z</time>
      </trkpt>
      <trkpt lat="49.074106" lon="9.188383">
        <ele>228.127774</ele>
        <time>2021-07-24T16:49:04.000Z</time>
      </trkpt>
      <trkpt lat="49.074131" lon="9.188451">
        <ele>228.346682</ele>
        <time>2021-07-24T16:49:05.000Z</time>
      </trkpt>
      <trkpt lat="49.074140" lon="9.188528">
        <ele>228.566260</ele>
        <time>2021-07-24T16:49:06.000Z</time>
      </trkpt>
      <trkpt lat="49.074154" lon="9.188602">
        <ele>228.782492</ele>
        <time>2021-07-24T16:49:07.000Z</time>
      </trkpt>
      <trkpt lat="49.074167" lon="9.188680">
        <ele>229.008440</ele>
        <time>2021-07-24T16:49:08.000Z</time>
      </trkpt>
      <trkpt lat="49.074195" lon="9.188748">
        <ele>229.233918</ele>
        <time>2021-07-24T16:49:09.000Z</time>
      </trkpt>
      <trkpt lat="49.074235" lon="9.188809">
        <ele>229.476219</ele>
        <time>2021-07-24T16:49:10.000Z</time>
      </trkpt>
      <trkpt lat="49.074293" lon="9.188839">
        <ele>229.738657</ele>
        <time>2021-07-24T16:49:11.000Z</time>
      </trkpt>
      <trkpt lat="49.074346" lon="9.188865">
        <ele>229.977226</ele>
        <time>2021-07-24T16:49:12.000Z</time>
      </trkpt>
      <trkpt lat="49.074398" lon="9.188893">
        <ele>230.213528</ele>
        <time>2021-07-24T16:49:13.000Z</time>
      </trkpt>
      <trkpt lat="49.074452" lon="9.188915">
        <ele>230.453042</ele>
        <time>2021-07-24T16:49:14.000Z</time>
      </trkpt>
      <trkpt lat="49.074501" lon="9.188941">
        <ele>230.675354</ele>
        <time>2021-07-24T16:49:15.000Z</time>
      </trkpt>
      <trkpt lat="49.074550" lon="9.188969">
        <ele>230.899572</ele>
        <time>2021-07-24T16:49:16.000Z</time>
      </trkpt>
      <trkpt lat="49.074598" lon="9.188985">
        <ele>231.110121</ele>
        <time>2021-07-24T16:49:17.000Z</time>
      </trkpt>
      <trkpt lat="49.074650" lon="9.188986">
        <ele>231.332983</ele>
        <time>2021-07-24T16:49:18.000Z</time>
      </trkpt>
      <trkpt lat="49.074699" lon="9.188997">
        <ele>231.545229</ele>
        <time>2021-07-24T16:49:19.000Z</time>
      </trkpt>
      <trkpt lat="49.074746" lon="9.189002">
        <ele>231.747134</ele>
        <time>2021-07-24T16:49:20.000Z</time>
      </trkpt>
      <trkpt lat="49.074789" lon="9.189006">
        <ele>231.931751</ele>
        <time>2021-07-24T16:49:21.000Z</time>
      </trkpt>
      <trkpt lat="49.074830" lon="9.189020">
        <ele>232.111797</ele>
        <time>2021-07-24T16:49:22.000Z</time>
      </trkpt>
      <trkpt lat="49.074875" lon="9.189035">
        <ele>232.309187</ele>
        <time>2021-07-24T16:49:23.000Z</time>
      </trkpt>
      <trkpt lat="49.074916" lon="9.189047">
        <ele>232.488091</ele>
        <time>2021-07-24T16:49:24.000Z</time>
      </trkpt>
      <trkpt lat="49.074963" lon="9.189063">
        <ele>232.694455</ele>
        <time>2021-07-24T16:49:25.000Z</time>
      </trkpt>
      <trkpt lat="49.075008" lon="9.189090">
        <ele>232.901662</ele>
        <time>2021-07-24T16:49:26.000Z</time>
      </trkpt>
      <trkpt lat="49.075048" lon="9.189109">
        <ele>233.081187</ele>
        <time>2021-07-24T16:49:27.000Z</time>
      </trkpt>
      <trkpt lat="49.075089" lon="9.189123">
        <ele>233.261233</ele>
        <time>2021-07-24T16:49:28.000Z</time>
      </trkpt>
      <trkpt lat="49.075134" lon="9.189137">
        <ele>233.458043</ele>
        <time>2021-07-24T16:49:29.000Z</time>
      </trkpt>
      <trkpt lat="49.075181" lon="9.189155">
        <ele>233.665702</ele>
        <time>2021-07-24T16:49:30.000Z</time>
      </trkpt>
      <trkpt lat="49.075230" lon="9.189174">
        <ele>233.882358</ele>
        <time>2021-07-24T16:49:31.000Z</time>
      </trkpt>
      <trkpt lat="49.075278" lon="9.189194">
        <ele>234.095585</ele>
        <time>2021-07-24T16:49:32.000Z</time>
      </trkpt>
      <trkpt lat="49.075326" lon="9.189219">
        <ele>234.312930</ele>
        <time>2021-07-24T16:49:33.000Z</time>
      </trkpt>
      <trkpt lat="49.075372" lon="9.189240">
        <ele>234.518687</ele>
        <time>2021-07-24T16:49:34.000Z</time>
      </trkpt>
      <trkpt lat="49.075418" lon="9.189261">
        <ele>234.724445</ele>
        <time>2021-07-24T16:49:35.000Z</time>
      </trkpt>
      <trkpt lat="49.075467" lon="9.189285">
        <ele>234.944976</ele>
        <time>2021-07-24T16:49:36.000Z</time>
      </trkpt>
      <trkpt lat="49.075508" lon="9.189301">
        <ele>235.126331</ele>
        <time>2021-07-24T16:49:37.000Z</time>
      </trkpt>
      <trkpt lat="49.075552" lon="9.189321">
        <ele>235.323072</ele>
        <time>2021-07-24T16:49:38.000Z</time>
      </trkpt>
      <trkpt lat="49.075598" lon="9.189343">
        <ele>235.529652</ele>
        <time>2021-07-24T16:49:39.000Z</time>
      </trkpt>
      <trkpt lat="49.075642" lon="9.189356">
        <ele>235.674098</ele>
        <time>2021-07-24T16:49:40.000Z</time>
      </trkpt>
      <trkpt lat="49.075690" lon="9.189369">
        <ele>235.744463</ele>
        <time>2021-07-24T16:49:41.000Z</time>
      </trkpt>
      <trkpt lat="49.075735" lon="9.189382">
        <ele>235.810569</ele>
        <time>2021-07-24T16:49:42.000Z</time>
      </trkpt>
      <trkpt lat="49.075783" lon="9.189403">
        <ele>235.882640</ele>
        <time>2021-07-24T16:49:43.000Z</time>
      </trkpt>
      <trkpt lat="49.075830" lon="9.189418">
        <ele>235.951947</ele>
        <time>2021-07-24T16:49:44.000Z</time>
      </trkpt>
      <trkpt lat="49.075879" lon="9.189428">
        <ele>236.023302</ele>
        <time>2021-07-24T16:49:45.000Z</time>
      </trkpt>
      <trkpt lat="49.075920" lon="9.189445">
        <ele>236.084625</ele>
        <time>2021-07-24T16:49:46.000Z</time>
      </trkpt>
      <trkpt lat="49.075961" lon="9.189455">
        <ele>236.144555</ele>
        <time>2021-07-24T16:49:47.000Z</time>
      </trkpt>
      <trkpt lat="49.076005" lon="9.189468">
        <ele>236.209242</ele>
        <time>2021-07-24T16:49:48.000Z</time>
      </trkpt>
      <trkpt lat="49.076051" lon="9.189479">
        <ele>236.276448</ele>
        <time>2021-07-24T16:49:49.000Z</time>
      </trkpt>
      <trkpt lat="49.076093" lon="9.189483">
        <ele>236.337188</ele>
        <time>2021-07-24T16:49:50.000Z</time>
      </trkpt>
      <trkpt lat="49.076137" lon="9.189492">
        <ele>236.401265</ele>
        <time>2021-07-24T16:49:51.000Z</time>
      </trkpt>
      <trkpt lat="49.076179" lon="9.189498">
        <ele>236.462153</ele>
        <time>2021-07-24T16:49:52.000Z</time>
      </trkpt>
      <trkpt lat="49.076226" lon="9.189510">
        <ele>236.530934</ele>
        <time>2021-07-24T16:49:53.000Z</time>
      </trkpt>
      <trkpt lat="49.076273" lon="9.189522">
        <ele>236.599716</ele>
        <time>2021-07-24T16:49:54.000Z</time>
      </trkpt>
      <trkpt lat="49.076314" lon="9.189535">
        <ele>236.660158</ele>
        <time>2021-07-24T16:49:55.000Z</time>
      </trkpt>
      <trkpt lat="49.076359" lon="9.189541">
        <ele>236.725358</ele>
        <time>2021-07-24T16:49:56.000Z</time>
      </trkpt>
      <trkpt lat="49.076407" lon="9.189553">
        <ele>236.795563</ele>
        <time>2021-07-24T16:49:57.000Z</time>
      </trkpt>
      <trkpt lat="49.076456" lon="9.189566">
        <ele>236.867350</ele>
        <time>2021-07-24T16:49:58.000Z</time>
      </trkpt>
      <trkpt lat="49.076503" lon="9.189583">
        <ele>236.937067</ele>
        <time>2021-07-24T16:49:59.000Z</time>
      </trkpt>
      <trkpt lat="49.076549" lon="9.189607">
        <ele>237.007234</ele>
        <time>2021-07-24T16:50:00.000Z</time>
      </trkpt>
      <trkpt lat="49.076596" lon="9.189630">
        <ele>237.078474</ele>
        <time>2021-07-24T16:50:01.000Z</time>
      </trkpt>
      <trkpt lat="49.076642" lon="9.189651">
        <ele>237.147775</ele>
        <time>2021-07-24T16:50:02.000Z</time>
      </trkpt>
      <trkpt lat="49.076691" lon="9.189679">
        <ele>237.223293</ele>
        <time>2021-07-24T16:50:03.000Z</time>
      </trkpt>
      <trkpt lat="49.076735" lon="9.189705">
        <ele>237.291394</ele>
        <time>2021-07-24T16:50:04.000Z</time>
      </trkpt>
      <trkpt lat="49.076784" lon="9.189725">
        <ele>237.364605</ele>
        <time>2021-07-24T16:50:05.000Z</time>
      </trkpt>
      <trkpt lat="49.076832" lon="9.189749">
        <ele>237.437509</ele>
        <time>2021-07-24T16:50:06.000Z</time>
      </trkpt>
      <trkpt lat="49.076878" lon="9.189783">
        <ele>237.511278</ele>
        <time>2021-07-24T16:50:07.000Z</time>
      </trkpt>
      <trkpt lat="49.076924" lon="9.189814">
        <ele>237.583855</ele>
        <time>2021-07-24T16:50:08.000Z</time>
      </trkpt>
      <trkpt lat="49.076970" lon="9.189846">
        <ele>237.656820</ele>
        <time>2021-07-24T16:50:09.000Z</time>
      </trkpt>
      <trkpt lat="49.077017" lon="9.189876">
        <ele>237.730351</ele>
        <time>2021-07-24T16:50:10.000Z</time>
      </trkpt>
      <trkpt lat="49.077060" lon="9.189914">
        <ele>237.802065</ele>
        <time>2021-07-24T16:50:11.000Z</time>
      </trkpt>
      <trkpt lat="49.077108" lon="9.189950">
        <ele>237.879258</ele>
        <time>2021-07-24T16:50:12.000Z</time>
      </trkpt>
      <trkpt lat="49.077150" lon="9.189992">
        <ele>237.951728</ele>
        <time>2021-07-24T16:50:13.000Z</time>
      </trkpt>
      <trkpt lat="49.077182" lon="9.190053">
        <ele>238.025618</ele>
        <time>2021-07-24T16:50:14.000Z</time>
      </trkpt>
      <trkpt lat="49.077210" lon="9.190118">
        <ele>238.099173</ele>
        <time>2021-07-24T16:50:15.000Z</time>
      </trkpt>
      <trkpt lat="49.077242" lon="9.190176">
        <ele>238.170870</ele>
        <time>2021-07-24T16:50:16.000Z</time>
      </trkpt>
      <trkpt lat="49.077278" lon="9.190231">
        <ele>238.244384</ele>
        <time>2021-07-24T16:50:17.000Z</time>
      </trkpt>
      <trkpt lat="49.077328" lon="9.190273">
        <ele>238.274392</ele>
        <time>2021-07-24T16:50:18.000Z</time>
      </trkpt>
      <trkpt lat="49.077386" lon="9.190304">
        <ele>238.305530</ele>
        <time>2021-07-24T16:50:19.000Z</time>
      </trkpt>
      <trkpt lat="49.077446" lon="9.190332">
        <ele>238.337321</ele>
        <time>2021-07-24T16:50:20.000Z</time>
      </trkpt>
      <trkpt lat="49.077512" lon="9.190357">
        <ele>238.371778</ele>
        <time>2021-07-24T16:50:21.000Z</time>
      </trkpt>
      <trkpt lat="49.077579" lon="9.190385">
        <ele>238.406976</ele>
        <time>2021-07-24T16:50:22.000Z</time>
      </trkpt>
      <trkpt lat="49.077645" lon="9.190420">
        <ele>238.442379</ele>
        <time>2021-07-24T16:50:23.000Z</time>
      </trkpt>
      <trkpt lat="49.077712" lon="9.190451">
        <ele>238.477854</ele>
        <time>2021-07-24T16:50:24.000Z</time>
      </trkpt>
      <trkpt lat="49.077774" lon="9.190481">
        <ele>238.510810</ele>
        <time>2021-07-24T16:50:25.000Z</time>
      </trkpt>
      <trkpt lat="49.077836" lon="9.190513">
        <ele>238.543972</ele>
        <time>2021-07-24T16:50:26.000Z</time>
      </trkpt>
      <trkpt lat="49.077895" lon="9.190544">
        <ele>238.575589</ele>
        <time>2021-07-24T16:50:27.000Z</time>
      </trkpt>
      <trkpt lat="49.077957" lon="9.190580">
        <ele>238.609201</ele>
        <time>2021-07-24T16:50:28.000Z</time>
      </trkpt>
      <trkpt lat="49.078020" lon="9.190619">
        <ele>238.643648</ele>
        <time>2021-07-24T16:50:29.000Z</time>
      </trkpt>
      <trkpt lat="49.078082" lon="9.190661">
        <ele>238.678018</ele>
        <time>2021-07-24T16:50:30.000Z</time>
      </trkpt>
      <trkpt lat="49.078149" lon="9.190698">
        <ele>238.714120</ele>
        <time>2021-07-24T16:50:31.000Z</time>
      </trkpt>
      <trkpt lat="49.078214" lon="9.190742">
        <ele>238.750149</ele>
        <time>2021-07-24T16:50:32.000Z</time>
      </trkpt>
      <trkpt lat="49.078275" lon="9.190801">
        <ele>238.786739</ele>
        <time>2021-07-24T16:50:33.000Z</time>
      </trkpt>
      <trkpt lat="49.078275" lon="9.190801">
        <ele>238.786739</ele>
        <time>2021-07-24T16:50:34.000Z</time>
      </trkpt>
      <trkpt lat="49.078316" lon="9.190886">
        <ele>238.821775</ele>
        <time>2021-07-24T16:50:35.000Z</time>
      </trkpt>
      <trkpt lat="49.078328" lon="9.190991">
        <ele>238.857152</ele>
        <time>2021-07-24T16:50:36.000Z</time>
      </trkpt>
      <trkpt lat="49.078329" lon="9.191089">
        <ele>238.889683</ele>
        <time>2021-07-24T16:50:37.000Z</time>
      </trkpt>
      <trkpt lat="49.078315" lon="9.191197">
        <ele>238.926224</ele>
        <time>2021-07-24T16:50:38.000Z</time>
      </trkpt>
      <trkpt lat="49.078293" lon="9.191288">
        <ele>238.958419</ele>
        <time>2021-07-24T16:50:39.000Z</time>
      </trkpt>
      <trkpt lat="49.078274" lon="9.191372">
        <ele>238.987914</ele>
        <time>2021-07-24T16:50:40.000Z</time>
      </trkpt>
      <trkpt lat="49.078253" lon="9.191465">
        <ele>239.020564</ele>
        <time>2021-07-24T16:50:41.000Z</time>
      </trkpt>
      <trkpt lat="49.078239" lon="9.191546">
        <ele>239.048369</ele>
        <time>2021-07-24T16:50:42.000Z</time>
      </trkpt>
      <trkpt lat="49.078222" lon="9.191630">
        <ele>239.077550</ele>
        <time>2021-07-24T16:50:43.000Z</time>
      </trkpt>
      <trkpt lat="49.078206" lon="9.191714">
        <ele>239.106585</ele>
        <time>2021-07-24T16:50:44.000Z</time>
      </trkpt>
      <trkpt lat="49.078185" lon="9.191787">
        <ele>239.133048</ele>
        <time>2021-07-24T16:50:45.000Z</time>
      </trkpt>
      <trkpt lat="49.078164" lon="9.191865">
        <ele>239.157451</ele>
        <time>2021-07-24T16:50:46.000Z</time>
      </trkpt>
      <trkpt lat="49.078144" lon="9.191935">
        <ele>239.157451</ele>
        <time>2021-07-24T16:50:47.000Z</time>
      </trkpt>
      <trkpt lat="49.078110" lon="9.191989">
        <ele>239.157451</ele>
        <time>2021-07-24T16:50:48.000Z</time>
      </trkpt>
      <trkpt lat="49.078067" lon="9.192026">
        <ele>239.157451</ele>
        <time>2021-07-24T16:50:49.000Z</time>
      </trkpt>
      <trkpt lat="49.078023" lon="9.192032">
        <ele>239.157451</ele>
        <time>2021-07-24T16:50:50.000Z</time>
      </trkpt>
      <trkpt lat="49.077980" lon="9.192018">
        <ele>239.157451</ele>
        <time>2021-07-24T16:50:51.000Z</time>
      </trkpt>
      <trkpt lat="49.077935" lon="9.192014">
        <ele>239.157451</ele>
        <time>2021-07-24T16:50:52.000Z</time>
      </trkpt>
      <trkpt lat="49.077889" lon="9.192015">
        <ele>239.157451</ele>
        <time>2021-07-24T16:50:53.000Z</time>
      </trkpt>
      <trkpt lat="49.077842" lon="9.192018">
        <ele>239.157451</ele>
        <time>2021-07-24T16:50:54.000Z</time>
      </trkpt>
      <trkpt lat="49.077798" lon="9.192012">
        <ele>239.157451</ele>
        <time>2021-07-24T16:50:55.000Z</time>
      </trkpt>
      <trkpt lat="49.077744" lon="9.192006">
        <ele>239.157451</ele>
        <time>2021-07-24T16:50:56.000Z</time>
      </trkpt>
      <trkpt lat="49.077701" lon="9.192002">
        <ele>239.157451</ele>
        <time>2021-07-24T16:50:57.000Z</time>
      </trkpt>
      <trkpt lat="49.077663" lon="9.191968">
        <ele>239.157451</ele>
        <time>2021-07-24T16:50:58.000Z</time>
      </trkpt>
      <trkpt lat="49.077646" lon="9.191914">
        <ele>239.157451</ele>
        <time>2021-07-24T16:50:59.000Z</time>
      </trkpt>
      <trkpt lat="49.077640" lon="9.191852">
        <ele>239.157451</ele>
        <time>2021-07-24T16:51:00.000Z</time>
      </trkpt>
      <trkpt lat="49.077643" lon="9.191790">
        <ele>239.157451</ele>
        <time>2021-07-24T16:51:01.000Z</time>
      </trkpt>
      <trkpt lat="49.077644" lon="9.191722">
        <ele>239.157451</ele>
        <time>2021-07-24T16:51:02.000Z</time>
      </trkpt>
      <trkpt lat="49.077658" lon="9.191657">
        <ele>239.157451</ele>
        <time>2021-07-24T16:51:03.000Z</time>
      </trkpt>
      <trkpt lat="49.077673" lon="9.191583">
        <ele>239.157451</ele>
        <time>2021-07-24T16:51:04.000Z</time>
      </trkpt>
      <trkpt lat="49.077692" lon="9.191507">
        <ele>239.157451</ele>
        <time>2021-07-24T16:51:05.000Z</time>
      </trkpt>
      <trkpt lat="49.077710" lon="9.191427">
        <ele>239.157451</ele>
        <time>2021-07-24T16:51:06.000Z</time>
      </trkpt>
      <trkpt lat="49.077741" lon="9.191346">
        <ele>239.157451</ele>
        <time>2021-07-24T16:51:07.000Z</time>
      </trkpt>
      <trkpt lat="49.077757" lon="9.191247">
        <ele>239.157451</ele>
        <time>2021-07-24T16:51:08.000Z</time>
      </trkpt>
      <trkpt lat="49.077772" lon="9.191158">
        <ele>239.157451</ele>
        <time>2021-07-24T16:51:09.000Z</time>
      </trkpt>
      <trkpt lat="49.077709" lon="9.191074">
        <ele>239.157451</ele>
        <time>2021-07-24T16:51:10.000Z</time>
      </trkpt>
      <trkpt lat="49.077672" lon="9.191031">
        <ele>239.157451</ele>
        <time>2021-07-24T16:51:11.000Z</time>
      </trkpt>
      <trkpt lat="49.077612" lon="9.190998">
        <ele>239.157451</ele>
        <time>2021-07-24T16:51:12.000Z</time>
      </trkpt>
      <trkpt lat="49.077557" lon="9.190968">
        <ele>239.157451</ele>
        <time>2021-07-24T16:51:13.000Z</time>
      </trkpt>
      <trkpt lat="49.077506" lon="9.190948">
        <ele>239.157451</ele>
        <time>2021-07-24T16:51:14.000Z</time>
      </trkpt>
      <trkpt lat="49.077455" lon="9.190936">
        <ele>239.157451</ele>
        <time>2021-07-24T16:51:15.000Z</time>
      </trkpt>
      <trkpt lat="49.077411" lon="9.190921">
        <ele>239.157451</ele>
        <time>2021-07-24T16:51:16.000Z</time>
      </trkpt>
      <trkpt lat="49.077369" lon="9.190902">
        <ele>239.157451</ele>
        <time>2021-07-24T16:51:17.000Z</time>
      </trkpt>
      <trkpt lat="49.077322" lon="9.190888">
        <ele>239.157451</ele>
        <time>2021-07-24T16:51:18.000Z</time>
      </trkpt>
      <trkpt lat="49.077288" lon="9.190886">
        <ele>239.157451</ele>
        <time>2021-07-24T16:51:19.000Z</time>
      </trkpt>
      <trkpt lat="49.077251" lon="9.190893">
        <ele>239.157451</ele>
        <time>2021-07-24T16:51:20.000Z</time>
      </trkpt>
      <trkpt lat="49.077214" lon="9.190904">
        <ele>239.157451</ele>
        <time>2021-07-24T16:51:21.000Z</time>
      </trkpt>
      <trkpt lat="49.077187" lon="9.190906">
        <ele>239.157451</ele>
        <time>2021-07-24T16:51:22.000Z</time>
      </trkpt>
      <trkpt lat="49.077164" lon="9.190892">
        <ele>239.157451</ele>
        <time>2021-07-24T16:51:23.000Z</time>
      </trkpt>
      <trkpt lat="49.077145" lon="9.190894">
        <ele>239.157451</ele>
        <time>2021-07-24T16:51:24.000Z</time>
      </trkpt>
    </trkseg>
  </trk>
</gpx>