<?xml version='1.0' encoding='UTF-8'?>
<gpx version="1.1" creator="https://www.komoot.de" xmlns="http://www.topografix.com/GPX/1/1" xmlns:xsi="http://www.w3.org/2001/XMLSchema-instance" xsi:schemaLocation="http://www.topografix.com/GPX/1/1 http://www.topografix.com/GPX/1/1/gpx.xsd">
  <metadata>
    <name>Rouvy Schauinsland Fixed</name>
    <author>
      <link href="https://www.komoot.de">
        <text>komoot</text>
        <type>text/html</type>
      </link>
    </author>
  </metadata>
  <wpt lat="47.872980" lon="8.006110">
    <name>Feldberg-Sendeturm</name>
    <sym>Flag, Blue</sym>
  </wpt>
  <trk>
    <name>Rouvy Schauinsland Fixed</name>
    <type>mtb_easy</type>
    <trkseg>
      <trkpt lat="47.829696" lon="7.944702">
        <ele>645.118109</ele>
        <time>2025-05-29T21:24:51.455Z</time>
      </trkpt>
      <trkpt lat="47.829604" lon="7.944555">
        <ele>645.118109</ele>
        <time>2025-05-29T21:24:55.755Z</time>
      </trkpt>
      <trkpt lat="47.830405" lon="7.943932">
        <ele>645.819474</ele>
        <time>2025-05-29T21:25:29.408Z</time>
      </trkpt>
      <trkpt lat="47.830281" lon="7.943597">
        <ele>647.113303</ele>
        <time>2025-05-29T21:25:41.250Z</time>
      </trkpt>
      <trkpt lat="47.830153" lon="7.943257">
        <ele>648.431707</ele>
        <time>2025-05-29T21:25:54.213Z</time>
      </trkpt>
      <trkpt lat="47.830863" lon="7.942645">
        <ele>652.564391</ele>
        <time>2025-05-29T21:26:34.143Z</time>
      </trkpt>
      <trkpt lat="47.831219" lon="7.942376">
        <ele>654.814496</ele>
        <time>2025-05-29T21:26:55.693Z</time>
      </trkpt>
      <trkpt lat="47.831316" lon="7.941931">
        <ele>657.352449</ele>
        <time>2025-05-29T21:27:13.885Z</time>
      </trkpt>
      <trkpt lat="47.831456" lon="7.941470">
        <ele>660.097100</ele>
        <time>2025-05-29T21:27:34.489Z</time>
      </trkpt>
      <trkpt lat="47.831503" lon="7.941283">
        <ele>661.180235</ele>
        <time>2025-05-29T21:27:42.823Z</time>
      </trkpt>
      <trkpt lat="47.831547" lon="7.941116">
        <ele>662.153389</ele>
        <time>2025-05-29T21:27:50.527Z</time>
      </trkpt>
      <trkpt lat="47.831657" lon="7.941013">
        <ele>663.203246</ele>
        <time>2025-05-29T21:27:58.976Z</time>
      </trkpt>
      <trkpt lat="47.831726" lon="7.940893">
        <ele>664.060316</ele>
        <time>2025-05-29T21:28:06.059Z</time>
      </trkpt>
      <trkpt lat="47.832001" lon="7.940119">
        <ele>668.822560</ele>
        <time>2025-05-29T21:28:47.371Z</time>
      </trkpt>
      <trkpt lat="47.832083" lon="7.939983">
        <ele>669.936223</ele>
        <time>2025-05-29T21:28:56.109Z</time>
      </trkpt>
      <trkpt lat="47.832290" lon="7.939799">
        <ele>672.123800</ele>
        <time>2025-05-29T21:29:14.090Z</time>
      </trkpt>
      <trkpt lat="47.832954" lon="7.939508">
        <ele>678.405044</ele>
        <time>2025-05-29T21:30:05.385Z</time>
      </trkpt>
      <trkpt lat="47.833076" lon="7.939403">
        <ele>679.683710</ele>
        <time>2025-05-29T21:30:15.225Z</time>
      </trkpt>
      <trkpt lat="47.833446" lon="7.938929">
        <ele>684.112384</ele>
        <time>2025-05-29T21:30:47.018Z</time>
      </trkpt>
      <trkpt lat="47.833295" lon="7.938913">
        <ele>685.286361</ele>
        <time>2025-05-29T21:30:56.223Z</time>
      </trkpt>
      <trkpt lat="47.833243" lon="7.938486">
        <ele>686.756034</ele>
        <time>2025-05-29T21:31:11.868Z</time>
      </trkpt>
      <trkpt lat="47.833490" lon="7.938364">
        <ele>688.068830</ele>
        <time>2025-05-29T21:31:25.046Z</time>
      </trkpt>
      <trkpt lat="47.833633" lon="7.938291">
        <ele>688.831432</ele>
        <time>2025-05-29T21:31:32.285Z</time>
      </trkpt>
      <trkpt lat="47.833725" lon="7.938256">
        <ele>689.310457</ele>
        <time>2025-05-29T21:31:36.503Z</time>
      </trkpt>
      <trkpt lat="47.834009" lon="7.938203">
        <ele>690.754402</ele>
        <time>2025-05-29T21:31:48.314Z</time>
      </trkpt>
      <trkpt lat="47.834002" lon="7.938055">
        <ele>691.256852</ele>
        <time>2025-05-29T21:31:52.479Z</time>
      </trkpt>
      <trkpt lat="47.834160" lon="7.937994">
        <ele>692.080277</ele>
        <time>2025-05-29T21:32:01.667Z</time>
      </trkpt>
      <trkpt lat="47.834630" lon="7.937975">
        <ele>694.442758</ele>
        <time>2025-05-29T21:32:27.790Z</time>
      </trkpt>
      <trkpt lat="47.834860" lon="7.937878">
        <ele>695.615238</ele>
        <time>2025-05-29T21:32:41.723Z</time>
      </trkpt>
      <trkpt lat="47.835746" lon="7.937174">
        <ele>700.540564</ele>
        <time>2025-05-29T21:33:42.943Z</time>
      </trkpt>
      <trkpt lat="47.836889" lon="7.936347">
        <ele>707.844106</ele>
        <time>2025-05-29T21:35:07.296Z</time>
      </trkpt>
      <trkpt lat="47.837025" lon="7.936221">
        <ele>708.848693</ele>
        <time>2025-05-29T21:35:18.543Z</time>
      </trkpt>
      <trkpt lat="47.837074" lon="7.936128">
        <ele>709.346487</ele>
        <time>2025-05-29T21:35:24.079Z</time>
      </trkpt>
      <trkpt lat="47.837149" lon="7.935989">
        <ele>710.097382</ele>
        <time>2025-05-29T21:35:32.651Z</time>
      </trkpt>
      <trkpt lat="47.837273" lon="7.935795">
        <ele>711.225296</ele>
        <time>2025-05-29T21:35:45.425Z</time>
      </trkpt>
      <trkpt lat="47.837402" lon="7.935694">
        <ele>712.139407</ele>
        <time>2025-05-29T21:35:55.612Z</time>
      </trkpt>
      <trkpt lat="47.837616" lon="7.935644">
        <ele>713.498161</ele>
        <time>2025-05-29T21:36:10.532Z</time>
      </trkpt>
      <trkpt lat="47.837934" lon="7.935473">
        <ele>715.680751</ele>
        <time>2025-05-29T21:36:34.106Z</time>
      </trkpt>
      <trkpt lat="47.838128" lon="7.935198">
        <ele>717.434556</ele>
        <time>2025-05-29T21:36:53.597Z</time>
      </trkpt>
      <trkpt lat="47.838355" lon="7.935123">
        <ele>718.957370</ele>
        <time>2025-05-29T21:37:09.927Z</time>
      </trkpt>
      <trkpt lat="47.838522" lon="7.935004">
        <ele>720.169772</ele>
        <time>2025-05-29T21:37:22.740Z</time>
      </trkpt>
      <trkpt lat="47.838571" lon="7.934893">
        <ele>720.753803</ele>
        <time>2025-05-29T21:37:28.703Z</time>
      </trkpt>
      <trkpt lat="47.838506" lon="7.934732">
        <ele>721.579728</ele>
        <time>2025-05-29T21:37:37.214Z</time>
      </trkpt>
      <trkpt lat="47.838529" lon="7.934655">
        <ele>721.950228</ele>
        <time>2025-05-29T21:37:41.163Z</time>
      </trkpt>
      <trkpt lat="47.838797" lon="7.934505">
        <ele>723.825219</ele>
        <time>2025-05-29T21:38:00.386Z</time>
      </trkpt>
      <trkpt lat="47.839198" lon="7.934419">
        <ele>726.633816</ele>
        <time>2025-05-29T21:38:27.957Z</time>
      </trkpt>
      <trkpt lat="47.839486" lon="7.933996">
        <ele>730.132129</ele>
        <time>2025-05-29T21:38:58.069Z</time>
      </trkpt>
      <trkpt lat="47.839845" lon="7.933579">
        <ele>734.069831</ele>
        <time>2025-05-29T21:39:33.562Z</time>
      </trkpt>
      <trkpt lat="47.840106" lon="7.933131">
        <ele>737.514093</ele>
        <time>2025-05-29T21:40:06.872Z</time>
      </trkpt>
      <trkpt lat="47.840373" lon="7.932777">
        <ele>740.605794</ele>
        <time>2025-05-29T21:40:38.715Z</time>
      </trkpt>
      <trkpt lat="47.840696" lon="7.931635">
        <ele>748.812731</ele>
        <time>2025-05-29T21:41:53.975Z</time>
      </trkpt>
      <trkpt lat="47.840724" lon="7.931184">
        <ele>751.868292</ele>
        <time>2025-05-29T21:42:20.941Z</time>
      </trkpt>
      <trkpt lat="47.840776" lon="7.930992">
        <ele>753.265052</ele>
        <time>2025-05-29T21:42:33.136Z</time>
      </trkpt>
      <trkpt lat="47.840924" lon="7.930703">
        <ele>755.717414</ele>
        <time>2025-05-29T21:42:54.410Z</time>
      </trkpt>
      <trkpt lat="47.841213" lon="7.930606">
        <ele>758.694998</ele>
        <time>2025-05-29T21:43:19.733Z</time>
      </trkpt>
      <trkpt lat="47.841296" lon="7.930503">
        <ele>759.743119</ele>
        <time>2025-05-29T21:43:28.856Z</time>
      </trkpt>
      <trkpt lat="47.841356" lon="7.930365">
        <ele>760.572597</ele>
        <time>2025-05-29T21:43:37.888Z</time>
      </trkpt>
      <trkpt lat="47.841394" lon="7.930020">
        <ele>762.336312</ele>
        <time>2025-05-29T21:43:56.963Z</time>
      </trkpt>
      <trkpt lat="47.841497" lon="7.929637">
        <ele>764.417772</ele>
        <time>2025-05-29T21:44:19.083Z</time>
      </trkpt>
      <trkpt lat="47.841595" lon="7.929016">
        <ele>767.635975</ele>
        <time>2025-05-29T21:44:51.205Z</time>
      </trkpt>
      <trkpt lat="47.841601" lon="7.928476">
        <ele>770.360497</ele>
        <time>2025-05-29T21:45:15.837Z</time>
      </trkpt>
      <trkpt lat="47.841668" lon="7.928249">
        <ele>771.611484</ele>
        <time>2025-05-29T21:45:26.977Z</time>
      </trkpt>
      <trkpt lat="47.841808" lon="7.927924">
        <ele>773.485746</ele>
        <time>2025-05-29T21:45:44.301Z</time>
      </trkpt>
      <trkpt lat="47.841926" lon="7.927401">
        <ele>775.766444</ele>
        <time>2025-05-29T21:46:09.383Z</time>
      </trkpt>
      <trkpt lat="47.841990" lon="7.926998">
        <ele>777.478238</ele>
        <time>2025-05-29T21:46:29.010Z</time>
      </trkpt>
      <trkpt lat="47.842024" lon="7.926618">
        <ele>779.062861</ele>
        <time>2025-05-29T21:46:46.460Z</time>
      </trkpt>
      <trkpt lat="47.842149" lon="7.926563">
        <ele>779.865549</ele>
        <time>2025-05-29T21:46:55.093Z</time>
      </trkpt>
      <trkpt lat="47.842298" lon="7.926053">
        <ele>782.164682</ele>
        <time>2025-05-29T21:47:14.945Z</time>
      </trkpt>
      <trkpt lat="47.842390" lon="7.925829">
        <ele>783.250180</ele>
        <time>2025-05-29T21:47:25.072Z</time>
      </trkpt>
      <trkpt lat="47.842589" lon="7.925348">
        <ele>785.451293</ele>
        <time>2025-05-29T21:47:47.051Z</time>
      </trkpt>
      <trkpt lat="47.842947" lon="7.924990">
        <ele>787.843734</ele>
        <time>2025-05-29T21:48:07.100Z</time>
      </trkpt>
      <trkpt lat="47.843530" lon="7.924653">
        <ele>791.313649</ele>
        <time>2025-05-29T21:48:34.232Z</time>
      </trkpt>
      <trkpt lat="47.843741" lon="7.924940">
        <ele>792.898957</ele>
        <time>2025-05-29T21:48:48.477Z</time>
      </trkpt>
      <trkpt lat="47.843975" lon="7.924531">
        <ele>795.480006</ele>
        <time>2025-05-29T21:49:08.842Z</time>
      </trkpt>
      <trkpt lat="47.844193" lon="7.924286">
        <ele>798.263370</ele>
        <time>2025-05-29T21:49:25.217Z</time>
      </trkpt>
      <trkpt lat="47.844949" lon="7.923664">
        <ele>807.066226</ele>
        <time>2025-05-29T21:50:29.436Z</time>
      </trkpt>
      <trkpt lat="47.845333" lon="7.923611">
        <ele>810.997184</ele>
        <time>2025-05-29T21:51:02.596Z</time>
      </trkpt>
      <trkpt lat="47.845440" lon="7.923514">
        <ele>812.273863</ele>
        <time>2025-05-29T21:51:13.419Z</time>
      </trkpt>
      <trkpt lat="47.845850" lon="7.923331">
        <ele>818.312400</ele>
        <time>2025-05-29T21:51:50.390Z</time>
      </trkpt>
      <trkpt lat="47.845933" lon="7.923164">
        <ele>820.315839</ele>
        <time>2025-05-29T21:52:02.602Z</time>
      </trkpt>
      <trkpt lat="47.846078" lon="7.923047">
        <ele>822.684595</ele>
        <time>2025-05-29T21:52:17.013Z</time>
      </trkpt>
      <trkpt lat="47.846543" lon="7.923127">
        <ele>829.408774</ele>
        <time>2025-05-29T21:53:00.007Z</time>
      </trkpt>
      <trkpt lat="47.847389" lon="7.923296">
        <ele>842.688374</ele>
        <time>2025-05-29T21:54:40.265Z</time>
      </trkpt>
      <trkpt lat="47.847609" lon="7.923296">
        <ele>846.826356</ele>
        <time>2025-05-29T21:55:08.684Z</time>
      </trkpt>
      <trkpt lat="47.847747" lon="7.923271">
        <ele>849.441112</ele>
        <time>2025-05-29T21:55:27.164Z</time>
      </trkpt>
      <trkpt lat="47.848046" lon="7.923142">
        <ele>855.295996</ele>
        <time>2025-05-29T21:56:08.897Z</time>
      </trkpt>
      <trkpt lat="47.848281" lon="7.922913">
        <ele>860.577376</ele>
        <time>2025-05-29T21:56:47.299Z</time>
      </trkpt>
      <trkpt lat="47.848438" lon="7.922822">
        <ele>863.745927</ele>
        <time>2025-05-29T21:57:10.542Z</time>
      </trkpt>
      <trkpt lat="47.848618" lon="7.922768">
        <ele>867.199482</ele>
        <time>2025-05-29T21:57:36.119Z</time>
      </trkpt>
      <trkpt lat="47.849467" lon="7.922918">
        <ele>882.405543</ele>
        <time>2025-05-29T21:59:33.335Z</time>
      </trkpt>
      <trkpt lat="47.849592" lon="7.922878">
        <ele>884.620267</ele>
        <time>2025-05-29T21:59:49.333Z</time>
      </trkpt>
      <trkpt lat="47.849885" lon="7.922690">
        <ele>890.146395</ele>
        <time>2025-05-29T22:00:28.289Z</time>
      </trkpt>
      <trkpt lat="47.850091" lon="7.922653">
        <ele>893.740733</ele>
        <time>2025-05-29T22:00:52.985Z</time>
      </trkpt>
      <trkpt lat="47.850502" lon="7.922443">
        <ele>901.267328</ele>
        <time>2025-05-29T22:01:43.764Z</time>
      </trkpt>
      <trkpt lat="47.850905" lon="7.922131">
        <ele>907.138695</ele>
        <time>2025-05-29T22:02:34.631Z</time>
      </trkpt>
      <trkpt lat="47.851237" lon="7.921962">
        <ele>911.112756</ele>
        <time>2025-05-29T22:03:09.517Z</time>
      </trkpt>
      <trkpt lat="47.851324" lon="7.921839">
        <ele>912.471190</ele>
        <time>2025-05-29T22:03:20.780Z</time>
      </trkpt>
      <trkpt lat="47.851284" lon="7.921454">
        <ele>915.432574</ele>
        <time>2025-05-29T22:03:44.167Z</time>
      </trkpt>
      <trkpt lat="47.851372" lon="7.921147">
        <ele>917.970166</ele>
        <time>2025-05-29T22:04:03.197Z</time>
      </trkpt>
      <trkpt lat="47.852039" lon="7.920306">
        <ele>925.955899</ele>
        <time>2025-05-29T22:05:16.010Z</time>
      </trkpt>
      <trkpt lat="47.852226" lon="7.920227">
        <ele>927.137478</ele>
        <time>2025-05-29T22:05:27.007Z</time>
      </trkpt>
      <trkpt lat="47.852373" lon="7.920072">
        <ele>928.232170</ele>
        <time>2025-05-29T22:05:38.775Z</time>
      </trkpt>
      <trkpt lat="47.852568" lon="7.919700">
        <ele>930.157789</ele>
        <time>2025-05-29T22:05:58.275Z</time>
      </trkpt>
      <trkpt lat="47.852677" lon="7.919583">
        <ele>930.974400</ele>
        <time>2025-05-29T22:06:06.558Z</time>
      </trkpt>
      <trkpt lat="47.853020" lon="7.919417">
        <ele>933.166714</ele>
        <time>2025-05-29T22:06:28.941Z</time>
      </trkpt>
      <trkpt lat="47.853428" lon="7.918842">
        <ele>936.460318</ele>
        <time>2025-05-29T22:06:53.591Z</time>
      </trkpt>
      <trkpt lat="47.853671" lon="7.918549">
        <ele>938.240660</ele>
        <time>2025-05-29T22:07:06.909Z</time>
      </trkpt>
      <trkpt lat="47.853988" lon="7.918235">
        <ele>940.408641</ele>
        <time>2025-05-29T22:07:25.946Z</time>
      </trkpt>
      <trkpt lat="47.854453" lon="7.917902">
        <ele>943.347049</ele>
        <time>2025-05-29T22:07:55.407Z</time>
      </trkpt>
      <trkpt lat="47.855045" lon="7.917558">
        <ele>947.258368</ele>
        <time>2025-05-29T22:08:31.335Z</time>
      </trkpt>
      <trkpt lat="47.855623" lon="7.917347">
        <ele>951.132037</ele>
        <time>2025-05-29T22:09:03.507Z</time>
      </trkpt>
      <trkpt lat="47.856721" lon="7.917189">
        <ele>958.532015</ele>
        <time>2025-05-29T22:10:03.126Z</time>
      </trkpt>
      <trkpt lat="47.856931" lon="7.917275">
        <ele>960.134384</ele>
        <time>2025-05-29T22:10:15.250Z</time>
      </trkpt>
      <trkpt lat="47.857064" lon="7.917369">
        <ele>961.217406</ele>
        <time>2025-05-29T22:10:23.736Z</time>
      </trkpt>
      <trkpt lat="47.857209" lon="7.917492">
        <ele>962.444966</ele>
        <time>2025-05-29T22:10:33.670Z</time>
      </trkpt>
      <trkpt lat="47.857268" lon="7.917542">
        <ele>962.944337</ele>
        <time>2025-05-29T22:10:37.733Z</time>
      </trkpt>
      <trkpt lat="47.857377" lon="7.917629">
        <ele>963.854086</ele>
        <time>2025-05-29T22:10:45.246Z</time>
      </trkpt>
      <trkpt lat="47.857609" lon="7.917823">
        <ele>965.811377</ele>
        <time>2025-05-29T22:11:01.189Z</time>
      </trkpt>
      <trkpt lat="47.857664" lon="7.917872">
        <ele>966.282835</ele>
        <time>2025-05-29T22:11:05.107Z</time>
      </trkpt>
      <trkpt lat="47.857806" lon="7.917999">
        <ele>967.501300</ele>
        <time>2025-05-29T22:11:15.537Z</time>
      </trkpt>
      <trkpt lat="47.858061" lon="7.918223">
        <ele>969.679132</ele>
        <time>2025-05-29T22:11:33.839Z</time>
      </trkpt>
      <trkpt lat="47.858274" lon="7.918352">
        <ele>971.754258</ele>
        <time>2025-05-29T22:11:47.538Z</time>
      </trkpt>
      <trkpt lat="47.858304" lon="7.918361">
        <ele>972.036663</ele>
        <time>2025-05-29T22:11:49.426Z</time>
      </trkpt>
      <trkpt lat="47.858424" lon="7.918373">
        <ele>973.146563</ele>
        <time>2025-05-29T22:11:57.033Z</time>
      </trkpt>
      <trkpt lat="47.858485" lon="7.918368">
        <ele>973.710347</ele>
        <time>2025-05-29T22:12:01.031Z</time>
      </trkpt>
      <trkpt lat="47.858547" lon="7.918357">
        <ele>974.286548</ele>
        <time>2025-05-29T22:12:05.104Z</time>
      </trkpt>
      <trkpt lat="47.858453" lon="7.919171">
        <ele>979.400886</ele>
        <time>2025-05-29T22:12:44.247Z</time>
      </trkpt>
      <trkpt lat="47.858409" lon="7.919648">
        <ele>982.382222</ele>
        <time>2025-05-29T22:13:07.875Z</time>
      </trkpt>
      <trkpt lat="47.858422" lon="7.920154">
        <ele>985.517641</ele>
        <time>2025-05-29T22:13:33.804Z</time>
      </trkpt>
      <trkpt lat="47.858573" lon="7.920956">
        <ele>990.224842</ele>
        <time>2025-05-29T22:14:16.137Z</time>
      </trkpt>
      <trkpt lat="47.858719" lon="7.922137">
        <ele>996.865644</ele>
        <time>2025-05-29T22:15:10.917Z</time>
      </trkpt>
      <trkpt lat="47.858816" lon="7.922548">
        <ele>999.274953</ele>
        <time>2025-05-29T22:15:28.072Z</time>
      </trkpt>
      <trkpt lat="47.858920" lon="7.922788">
        <ele>1000.854865</ele>
        <time>2025-05-29T22:15:38.595Z</time>
      </trkpt>
      <trkpt lat="47.859239" lon="7.923270">
        <ele>1003.523599</ele>
        <time>2025-05-29T22:16:02.561Z</time>
      </trkpt>
      <trkpt lat="47.859655" lon="7.923899">
        <ele>1006.822879</ele>
        <time>2025-05-29T22:16:32.494Z</time>
      </trkpt>
      <trkpt lat="47.860198" lon="7.924606">
        <ele>1010.837175</ele>
        <time>2025-05-29T22:17:10.134Z</time>
      </trkpt>
      <trkpt lat="47.860813" lon="7.925066">
        <ele>1014.257342</ele>
        <time>2025-05-29T22:17:46.322Z</time>
      </trkpt>
      <trkpt lat="47.860957" lon="7.925288">
        <ele>1015.270130</ele>
        <time>2025-05-29T22:17:56.898Z</time>
      </trkpt>
      <trkpt lat="47.861094" lon="7.925604">
        <ele>1016.504135</ele>
        <time>2025-05-29T22:18:09.506Z</time>
      </trkpt>
      <trkpt lat="47.861505" lon="7.926552">
        <ele>1020.181232</ele>
        <time>2025-05-29T22:18:44.987Z</time>
      </trkpt>
      <trkpt lat="47.861565" lon="7.926768">
        <ele>1020.780618</ele>
        <time>2025-05-29T22:18:51.767Z</time>
      </trkpt>
      <trkpt lat="47.861702" lon="7.927659">
        <ele>1023.124252</ele>
        <time>2025-05-29T22:19:17.887Z</time>
      </trkpt>
      <trkpt lat="47.861754" lon="7.927838">
        <ele>1023.624358</ele>
        <time>2025-05-29T22:19:23.406Z</time>
      </trkpt>
      <trkpt lat="47.862028" lon="7.928367">
        <ele>1025.337791</ele>
        <time>2025-05-29T22:19:42.648Z</time>
      </trkpt>
      <trkpt lat="47.862397" lon="7.929176">
        <ele>1028.235473</ele>
        <time>2025-05-29T22:20:11.640Z</time>
      </trkpt>
      <trkpt lat="47.862459" lon="7.929371">
        <ele>1029.033526</ele>
        <time>2025-05-29T22:20:18.291Z</time>
      </trkpt>
      <trkpt lat="47.862482" lon="7.929551">
        <ele>1029.711186</ele>
        <time>2025-05-29T22:20:24.079Z</time>
      </trkpt>
      <trkpt lat="47.862488" lon="7.930015">
        <ele>1031.427515</ele>
        <time>2025-05-29T22:20:39.106Z</time>
      </trkpt>
      <trkpt lat="47.862349" lon="7.931668">
        <ele>1038.068155</ele>
        <time>2025-05-29T22:21:41.478Z</time>
      </trkpt>
      <trkpt lat="47.862302" lon="7.931955">
        <ele>1039.900193</ele>
        <time>2025-05-29T22:21:53.708Z</time>
      </trkpt>
      <trkpt lat="47.862003" lon="7.933007">
        <ele>1046.985278</ele>
        <time>2025-05-29T22:22:46.009Z</time>
      </trkpt>
      <trkpt lat="47.861978" lon="7.933211">
        <ele>1048.271291</ele>
        <time>2025-05-29T22:22:56.713Z</time>
      </trkpt>
      <trkpt lat="47.861978" lon="7.933433">
        <ele>1049.647998</ele>
        <time>2025-05-29T22:23:08.567Z</time>
      </trkpt>
      <trkpt lat="47.862018" lon="7.933692">
        <ele>1051.296161</ele>
        <time>2025-05-29T22:23:23.146Z</time>
      </trkpt>
      <trkpt lat="47.862107" lon="7.933914">
        <ele>1052.899923</ele>
        <time>2025-05-29T22:23:37.756Z</time>
      </trkpt>
      <trkpt lat="47.862730" lon="7.934967">
        <ele>1061.959025</ele>
        <time>2025-05-29T22:24:55.960Z</time>
      </trkpt>
      <trkpt lat="47.862865" lon="7.935110">
        <ele>1063.556511</ele>
        <time>2025-05-29T22:25:08.625Z</time>
      </trkpt>
      <trkpt lat="47.863220" lon="7.935400">
        <ele>1067.461240</ele>
        <time>2025-05-29T22:25:36.439Z</time>
      </trkpt>
      <trkpt lat="47.863598" lon="7.935519">
        <ele>1071.015664</ele>
        <time>2025-05-29T22:25:59.385Z</time>
      </trkpt>
      <trkpt lat="47.863720" lon="7.935608">
        <ele>1071.649987</ele>
        <time>2025-05-29T22:26:06.880Z</time>
      </trkpt>
      <trkpt lat="47.864092" lon="7.936012">
        <ele>1073.799459</ele>
        <time>2025-05-29T22:26:30.407Z</time>
      </trkpt>
      <trkpt lat="47.864349" lon="7.936229">
        <ele>1075.178848</ele>
        <time>2025-05-29T22:26:44.538Z</time>
      </trkpt>
      <trkpt lat="47.865069" lon="7.936730">
        <ele>1078.889608</ele>
        <time>2025-05-29T22:27:16.527Z</time>
      </trkpt>
      <trkpt lat="47.865087" lon="7.936873">
        <ele>1079.344146</ele>
        <time>2025-05-29T22:27:20.884Z</time>
      </trkpt>
      <trkpt lat="47.865068" lon="7.937048">
        <ele>1079.891653</ele>
        <time>2025-05-29T22:27:27.873Z</time>
      </trkpt>
      <trkpt lat="47.865024" lon="7.937102">
        <ele>1080.154033</ele>
        <time>2025-05-29T22:27:31.265Z</time>
      </trkpt>
      <trkpt lat="47.864965" lon="7.937099">
        <ele>1080.425801</ele>
        <time>2025-05-29T22:27:34.878Z</time>
      </trkpt>
      <trkpt lat="47.864671" lon="7.936954">
        <ele>1081.851412</ele>
        <time>2025-05-29T22:27:49.921Z</time>
      </trkpt>
      <trkpt lat="47.864567" lon="7.936935">
        <ele>1082.333765</ele>
        <time>2025-05-29T22:27:54.991Z</time>
      </trkpt>
      <trkpt lat="47.864363" lon="7.936981">
        <ele>1083.283577</ele>
        <time>2025-05-29T22:28:04.994Z</time>
      </trkpt>
      <trkpt lat="47.864060" lon="7.937111">
        <ele>1084.735090</ele>
        <time>2025-05-29T22:28:19.629Z</time>
      </trkpt>
      <trkpt lat="47.863857" lon="7.937130">
        <ele>1085.671454</ele>
        <time>2025-05-29T22:28:29.054Z</time>
      </trkpt>
      <trkpt lat="47.863412" lon="7.936718">
        <ele>1088.080715</ele>
        <time>2025-05-29T22:28:56.664Z</time>
      </trkpt>
      <trkpt lat="47.862987" lon="7.936437">
        <ele>1090.211909</ele>
        <time>2025-05-29T22:29:20.411Z</time>
      </trkpt>
      <trkpt lat="47.862782" lon="7.936404">
        <ele>1091.157060</ele>
        <time>2025-05-29T22:29:29.394Z</time>
      </trkpt>
      <trkpt lat="47.862422" lon="7.936488">
        <ele>1092.827340</ele>
        <time>2025-05-29T22:29:44.714Z</time>
      </trkpt>
      <trkpt lat="47.862241" lon="7.936465">
        <ele>1093.660024</ele>
        <time>2025-05-29T22:29:52.714Z</time>
      </trkpt>
      <trkpt lat="47.862063" lon="7.936378">
        <ele>1094.518696</ele>
        <time>2025-05-29T22:30:01.341Z</time>
      </trkpt>
      <trkpt lat="47.861834" lon="7.936409">
        <ele>1095.572716</ele>
        <time>2025-05-29T22:30:12.289Z</time>
      </trkpt>
      <trkpt lat="47.861687" lon="7.936511">
        <ele>1096.577837</ele>
        <time>2025-05-29T22:30:20.368Z</time>
      </trkpt>
      <trkpt lat="47.861756" lon="7.936748">
        <ele>1097.759662</ele>
        <time>2025-05-29T22:30:31.545Z</time>
      </trkpt>
      <trkpt lat="47.861977" lon="7.936947">
        <ele>1099.520113</ele>
        <time>2025-05-29T22:30:48.788Z</time>
      </trkpt>
      <trkpt lat="47.862359" lon="7.937087">
        <ele>1102.202241</ele>
        <time>2025-05-29T22:31:16.562Z</time>
      </trkpt>
      <trkpt lat="47.862797" lon="7.937450">
        <ele>1105.619210</ele>
        <time>2025-05-29T22:31:56.438Z</time>
      </trkpt>
      <trkpt lat="47.863116" lon="7.937944">
        <ele>1108.623123</ele>
        <time>2025-05-29T22:32:32.585Z</time>
      </trkpt>
      <trkpt lat="47.863288" lon="7.938421">
        <ele>1110.640184</ele>
        <time>2025-05-29T22:32:58.591Z</time>
      </trkpt>
      <trkpt lat="47.863372" lon="7.938525">
        <ele>1111.246437</ele>
        <time>2025-05-29T22:33:06.009Z</time>
      </trkpt>
      <trkpt lat="47.863505" lon="7.938621">
        <ele>1112.066854</ele>
        <time>2025-05-29T22:33:15.697Z</time>
      </trkpt>
      <trkpt lat="47.863532" lon="7.938702">
        <ele>1112.403743</ele>
        <time>2025-05-29T22:33:19.501Z</time>
      </trkpt>
      <trkpt lat="47.863520" lon="7.938788">
        <ele>1112.730924</ele>
        <time>2025-05-29T22:33:23.196Z</time>
      </trkpt>
      <trkpt lat="47.863491" lon="7.938852">
        <ele>1113.018583</ele>
        <time>2025-05-29T22:33:26.541Z</time>
      </trkpt>
      <trkpt lat="47.863437" lon="7.938869">
        <ele>1113.324996</ele>
        <time>2025-05-29T22:33:29.874Z</time>
      </trkpt>
      <trkpt lat="47.863351" lon="7.938842">
        <ele>1113.812930</ele>
        <time>2025-05-29T22:33:35.264Z</time>
      </trkpt>
      <trkpt lat="47.863186" lon="7.938679">
        <ele>1114.911912</ele>
        <time>2025-05-29T22:33:46.736Z</time>
      </trkpt>
      <trkpt lat="47.862929" lon="7.938301">
        <ele>1116.916447</ele>
        <time>2025-05-29T22:34:06.769Z</time>
      </trkpt>
      <trkpt lat="47.862778" lon="7.938200">
        <ele>1117.835315</ele>
        <time>2025-05-29T22:34:16.004Z</time>
      </trkpt>
      <trkpt lat="47.862308" lon="7.938274">
        <ele>1121.469594</ele>
        <time>2025-05-29T22:34:44.265Z</time>
      </trkpt>
      <trkpt lat="47.862070" lon="7.938377">
        <ele>1123.417333</ele>
        <time>2025-05-29T22:35:00.993Z</time>
      </trkpt>
      <trkpt lat="47.861950" lon="7.938523">
        <ele>1124.634747</ele>
        <time>2025-05-29T22:35:12.411Z</time>
      </trkpt>
      <trkpt lat="47.861474" lon="7.939314">
        <ele>1130.237518</ele>
        <time>2025-05-29T22:36:13.233Z</time>
      </trkpt>
      <trkpt lat="47.861282" lon="7.939689">
        <ele>1132.775821</ele>
        <time>2025-05-29T22:36:42.768Z</time>
      </trkpt>
      <trkpt lat="47.861183" lon="7.940054">
        <ele>1135.040346</ele>
        <time>2025-05-29T22:37:07.625Z</time>
      </trkpt>
      <trkpt lat="47.861055" lon="7.940350">
        <ele>1137.065922</ele>
        <time>2025-05-29T22:37:29.177Z</time>
      </trkpt>
      <trkpt lat="47.860897" lon="7.940486">
        <ele>1138.630130</ele>
        <time>2025-05-29T22:37:45.290Z</time>
      </trkpt>
      <trkpt lat="47.860695" lon="7.940493">
        <ele>1140.362364</ele>
        <time>2025-05-29T22:38:02.448Z</time>
      </trkpt>
      <trkpt lat="47.860210" lon="7.940402">
        <ele>1144.553134</ele>
        <time>2025-05-29T22:38:41.086Z</time>
      </trkpt>
      <trkpt lat="47.860018" lon="7.940312">
        <ele>1146.278657</ele>
        <time>2025-05-29T22:38:55.307Z</time>
      </trkpt>
      <trkpt lat="47.859160" lon="7.939674">
        <ele>1150.086603</ele>
        <time>2025-05-29T22:39:49.367Z</time>
      </trkpt>
      <trkpt lat="47.859122" lon="7.939788">
        <ele>1150.351607</ele>
        <time>2025-05-29T22:39:52.424Z</time>
      </trkpt>
      <trkpt lat="47.859110" lon="7.939819">
        <ele>1150.426114</ele>
        <time>2025-05-29T22:39:53.330Z</time>
      </trkpt>
      <trkpt lat="47.859065" lon="7.939923">
        <ele>1150.683743</ele>
        <time>2025-05-29T22:39:56.460Z</time>
      </trkpt>
      <trkpt lat="47.859251" lon="7.940119">
        <ele>1151.390540</ele>
        <time>2025-05-29T22:40:04.698Z</time>
      </trkpt>
      <trkpt lat="47.859477" lon="7.940386">
        <ele>1152.285353</ele>
        <time>2025-05-29T22:40:14.885Z</time>
      </trkpt>
      <trkpt lat="47.859775" lon="7.940735">
        <ele>1153.170826</ele>
        <time>2025-05-29T22:40:27.364Z</time>
      </trkpt>
      <trkpt lat="47.860345" lon="7.941224">
        <ele>1153.213197</ele>
        <time>2025-05-29T22:40:46.707Z</time>
      </trkpt>
      <trkpt lat="47.860702" lon="7.941589">
        <ele>1153.241089</ele>
        <time>2025-05-29T22:40:57.754Z</time>
      </trkpt>
      <trkpt lat="47.860885" lon="7.941602">
        <ele>1153.252892</ele>
        <time>2025-05-29T22:41:01.929Z</time>
      </trkpt>
      <trkpt lat="47.861078" lon="7.941541">
        <ele>1153.265603</ele>
        <time>2025-05-29T22:41:06.259Z</time>
      </trkpt>
      <trkpt lat="47.861789" lon="7.941037">
        <ele>1152.816708</ele>
        <time>2025-05-29T22:41:22.812Z</time>
      </trkpt>
      <trkpt lat="47.862005" lon="7.940927">
        <ele>1152.626068</ele>
        <time>2025-05-29T22:41:27.594Z</time>
      </trkpt>
      <trkpt lat="47.862158" lon="7.940918">
        <ele>1152.498185</ele>
        <time>2025-05-29T22:41:30.865Z</time>
      </trkpt>
      <trkpt lat="47.862326" lon="7.940951">
        <ele>1152.356661</ele>
        <time>2025-05-29T22:41:34.581Z</time>
      </trkpt>
      <trkpt lat="47.862579" lon="7.941164">
        <ele>1152.113981</ele>
        <time>2025-05-29T22:41:41.255Z</time>
      </trkpt>
      <trkpt lat="47.862662" lon="7.941197">
        <ele>1152.042237</ele>
        <time>2025-05-29T22:41:43.312Z</time>
      </trkpt>
      <trkpt lat="47.862791" lon="7.941248">
        <ele>1151.930773</ele>
        <time>2025-05-29T22:41:46.616Z</time>
      </trkpt>
      <trkpt lat="47.864587" lon="7.941458">
        <ele>1153.927520</ele>
        <time>2025-05-29T22:42:40.123Z</time>
      </trkpt>
      <trkpt lat="47.864867" lon="7.941702">
        <ele>1154.709816</ele>
        <time>2025-05-29T22:42:53.068Z</time>
      </trkpt>
      <trkpt lat="47.865202" lon="7.942054">
        <ele>1156.250192</ele>
        <time>2025-05-29T22:43:10.964Z</time>
      </trkpt>
      <trkpt lat="47.865387" lon="7.942455">
        <ele>1157.477225</ele>
        <time>2025-05-29T22:43:25.747Z</time>
      </trkpt>
      <trkpt lat="47.865591" lon="7.943042">
        <ele>1159.144017</ele>
        <time>2025-05-29T22:43:47.162Z</time>
      </trkpt>
      <trkpt lat="47.865709" lon="7.943240">
        <ele>1159.811761</ele>
        <time>2025-05-29T22:43:56.297Z</time>
      </trkpt>
      <trkpt lat="47.865846" lon="7.943539">
        <ele>1160.724673</ele>
        <time>2025-05-29T22:44:07.573Z</time>
      </trkpt>
      <trkpt lat="47.866057" lon="7.944188">
        <ele>1161.611023</ele>
        <time>2025-05-29T22:44:26.055Z</time>
      </trkpt>
      <trkpt lat="47.866188" lon="7.944738">
        <ele>1162.234569</ele>
        <time>2025-05-29T22:44:38.468Z</time>
      </trkpt>
      <trkpt lat="47.866301" lon="7.944888">
        <ele>1162.475541</ele>
        <time>2025-05-29T22:44:42.791Z</time>
      </trkpt>
      <trkpt lat="47.867142" lon="7.945453">
        <ele>1163.913607</ele>
        <time>2025-05-29T22:45:04.103Z</time>
      </trkpt>
      <trkpt lat="47.868138" lon="7.945902">
        <ele>1165.238178</ele>
        <time>2025-05-29T22:45:29.097Z</time>
      </trkpt>
      <trkpt lat="47.868736" lon="7.946525">
        <ele>1166.399236</ele>
        <time>2025-05-29T22:45:53.749Z</time>
      </trkpt>
      <trkpt lat="47.869725" lon="7.947629">
        <ele>1172.163480</ele>
        <time>2025-05-29T22:46:48.679Z</time>
      </trkpt>
      <trkpt lat="47.870030" lon="7.948017">
        <ele>1174.034083</ele>
        <time>2025-05-29T22:47:08.318Z</time>
      </trkpt>
      <trkpt lat="47.870169" lon="7.948275">
        <ele>1175.685624</ele>
        <time>2025-05-29T22:47:20.272Z</time>
      </trkpt>
      <trkpt lat="47.870571" lon="7.948793">
        <ele>1180.714724</ele>
        <time>2025-05-29T22:47:51.735Z</time>
      </trkpt>
      <trkpt lat="47.870671" lon="7.948913">
        <ele>1181.929719</ele>
        <time>2025-05-29T22:47:59.752Z</time>
      </trkpt>
      <trkpt lat="47.871112" lon="7.949333">
        <ele>1186.882639</ele>
        <time>2025-05-29T22:48:37.517Z</time>
      </trkpt>
      <trkpt lat="47.871361" lon="7.949341">
        <ele>1189.239856</ele>
        <time>2025-05-29T22:48:57.939Z</time>
      </trkpt>
      <trkpt lat="47.871563" lon="7.949313">
        <ele>1191.159940</ele>
        <time>2025-05-29T22:49:15.684Z</time>
      </trkpt>
      <trkpt lat="47.871649" lon="7.949302">
        <ele>1192.116383</ele>
        <time>2025-05-29T22:49:23.318Z</time>
      </trkpt>
      <trkpt lat="47.872205" lon="7.949208">
        <ele>1198.943187</ele>
        <time>2025-05-29T22:50:16.290Z</time>
      </trkpt>
      <trkpt lat="47.873067" lon="7.948702">
        <ele>1210.245666</ele>
        <time>2025-05-29T22:51:39.579Z</time>
      </trkpt>
      <trkpt lat="47.874175" lon="7.948338">
        <ele>1220.176628</ele>
        <time>2025-05-29T22:52:57.680Z</time>
      </trkpt>
      <trkpt lat="47.874711" lon="7.948303">
        <ele>1224.318298</ele>
        <time>2025-05-29T22:53:29.196Z</time>
      </trkpt>
      <trkpt lat="47.875188" lon="7.948386">
        <ele>1227.827902</ele>
        <time>2025-05-29T22:53:55.039Z</time>
      </trkpt>
      <trkpt lat="47.875660" lon="7.948612">
        <ele>1230.578432</ele>
        <time>2025-05-29T22:54:19.595Z</time>
      </trkpt>
      <trkpt lat="47.875547" lon="7.949597">
        <ele>1234.297303</ele>
        <time>2025-05-29T22:54:53.372Z</time>
      </trkpt>
      <trkpt lat="47.875477" lon="7.949897">
        <ele>1235.479369</ele>
        <time>2025-05-29T22:55:04.303Z</time>
      </trkpt>
      <trkpt lat="47.875357" lon="7.950203">
        <ele>1236.798490</ele>
        <time>2025-05-29T22:55:16.688Z</time>
      </trkpt>
      <trkpt lat="47.874961" lon="7.950737">
        <ele>1240.987696</ele>
        <time>2025-05-29T22:55:47.213Z</time>
      </trkpt>
      <trkpt lat="47.874835" lon="7.950963">
        <ele>1242.626987</ele>
        <time>2025-05-29T22:55:59.985Z</time>
      </trkpt>
      <trkpt lat="47.874772" lon="7.951161">
        <ele>1243.849433</ele>
        <time>2025-05-29T22:56:09.916Z</time>
      </trkpt>
      <trkpt lat="47.874740" lon="7.951375">
        <ele>1245.072468</ele>
        <time>2025-05-29T22:56:20.167Z</time>
      </trkpt>
      <trkpt lat="47.874769" lon="7.951593">
        <ele>1246.312197</ele>
        <time>2025-05-29T22:56:30.762Z</time>
      </trkpt>
      <trkpt lat="47.875175" lon="7.953315">
        <ele>1257.239729</ele>
        <time>2025-05-29T22:57:59.702Z</time>
      </trkpt>
      <trkpt lat="47.875321" lon="7.953551">
        <ele>1259.346091</ele>
        <time>2025-05-29T22:58:15.721Z</time>
      </trkpt>
      <trkpt lat="47.875591" lon="7.953885">
        <ele>1262.777768</ele>
        <time>2025-05-29T22:58:41.494Z</time>
      </trkpt>
      <trkpt lat="47.875485" lon="7.954106">
        <ele>1264.560260</ele>
        <time>2025-05-29T22:58:54.821Z</time>
      </trkpt>
      <trkpt lat="47.875317" lon="7.954408">
        <ele>1267.134373</ele>
        <time>2025-05-29T22:59:13.836Z</time>
      </trkpt>
      <trkpt lat="47.874695" lon="7.955557">
        <ele>1277.004939</ele>
        <time>2025-05-29T23:00:29.188Z</time>
      </trkpt>
      <trkpt lat="47.874343" lon="7.956017">
        <ele>1281.703928</ele>
        <time>2025-05-29T23:01:05.502Z</time>
      </trkpt>
      <trkpt lat="47.874195" lon="7.956224">
        <ele>1283.741130</ele>
        <time>2025-05-29T23:01:21.169Z</time>
      </trkpt>
      <trkpt lat="47.873749" lon="7.956848">
        <ele>1289.449015</ele>
        <time>2025-05-29T23:02:06.112Z</time>
      </trkpt>
      <trkpt lat="47.873669" lon="7.956993">
        <ele>1290.436134</ele>
        <time>2025-05-29T23:02:14.752Z</time>
      </trkpt>
      <trkpt lat="47.873499" lon="7.957578">
        <ele>1293.788115</ele>
        <time>2025-05-29T23:02:42.382Z</time>
      </trkpt>
      <trkpt lat="47.873045" lon="7.958711">
        <ele>1300.727078</ele>
        <time>2025-05-29T23:03:35.425Z</time>
      </trkpt>
      <trkpt lat="47.872713" lon="7.959836">
        <ele>1307.378538</ele>
        <time>2025-05-29T23:04:25.207Z</time>
      </trkpt>
      <trkpt lat="47.872592" lon="7.960176">
        <ele>1309.476148</ele>
        <time>2025-05-29T23:04:42.067Z</time>
      </trkpt>
      <trkpt lat="47.871795" lon="7.962203">
        <ele>1323.332711</ele>
        <time>2025-05-29T23:06:31.244Z</time>
      </trkpt>
      <trkpt lat="47.871501" lon="7.962797">
        <ele>1328.103331</ele>
        <time>2025-05-29T23:07:07.538Z</time>
      </trkpt>
      <trkpt lat="47.871342" lon="7.963219">
        <ele>1331.231300</ele>
        <time>2025-05-29T23:07:32.246Z</time>
      </trkpt>
      <trkpt lat="47.871015" lon="7.963923">
        <ele>1336.736953</ele>
        <time>2025-05-29T23:08:16.790Z</time>
      </trkpt>
      <trkpt lat="47.870812" lon="7.964673">
        <ele>1341.911127</ele>
        <time>2025-05-29T23:08:58.272Z</time>
      </trkpt>
      <trkpt lat="47.870719" lon="7.965305">
        <ele>1346.050644</ele>
        <time>2025-05-29T23:09:29.885Z</time>
      </trkpt>
      <trkpt lat="47.870630" lon="7.965943">
        <ele>1350.219736</ele>
        <time>2025-05-29T23:09:59.972Z</time>
      </trkpt>
      <trkpt lat="47.870577" lon="7.966126">
        <ele>1351.394668</ele>
        <time>2025-05-29T23:10:08.780Z</time>
      </trkpt>
      <trkpt lat="47.870019" lon="7.967153">
        <ele>1357.680274</ele>
        <time>2025-05-29T23:11:04.211Z</time>
      </trkpt>
      <trkpt lat="47.869835" lon="7.967769">
        <ele>1360.887311</ele>
        <time>2025-05-29T23:11:29.820Z</time>
      </trkpt>
      <trkpt lat="47.869723" lon="7.968306">
        <ele>1363.561906</ele>
        <time>2025-05-29T23:11:50.853Z</time>
      </trkpt>
      <trkpt lat="47.869680" lon="7.968625">
        <ele>1364.938714</ele>
        <time>2025-05-29T23:12:02.899Z</time>
      </trkpt>
      <trkpt lat="47.869547" lon="7.969007">
        <ele>1366.706822</ele>
        <time>2025-05-29T23:12:18.765Z</time>
      </trkpt>
      <trkpt lat="47.868712" lon="7.970524">
        <ele>1374.768413</ele>
        <time>2025-05-29T23:13:32.483Z</time>
      </trkpt>
      <trkpt lat="47.868447" lon="7.971162">
        <ele>1376.436883</ele>
        <time>2025-05-29T23:13:59.009Z</time>
      </trkpt>
      <trkpt lat="47.868287" lon="7.971486">
        <ele>1377.305218</ele>
        <time>2025-05-29T23:14:11.989Z</time>
      </trkpt>
      <trkpt lat="47.867806" lon="7.972333">
        <ele>1379.700389</ele>
        <time>2025-05-29T23:14:41.156Z</time>
      </trkpt>
      <trkpt lat="47.867644" lon="7.972654">
        <ele>1380.567378</ele>
        <time>2025-05-29T23:14:48.724Z</time>
      </trkpt>
      <trkpt lat="47.867472" lon="7.973078">
        <ele>1379.329838</ele>
        <time>2025-05-29T23:14:56.296Z</time>
      </trkpt>
      <trkpt lat="47.867314" lon="7.973541">
        <ele>1377.807776</ele>
        <time>2025-05-29T23:15:03.423Z</time>
      </trkpt>
      <trkpt lat="47.867197" lon="7.974222">
        <ele>1375.747988</ele>
        <time>2025-05-29T23:15:12.189Z</time>
      </trkpt>
      <trkpt lat="47.867114" lon="7.974631">
        <ele>1374.495948</ele>
        <time>2025-05-29T23:15:17.179Z</time>
      </trkpt>
      <trkpt lat="47.866994" lon="7.974917">
        <ele>1373.507531</ele>
        <time>2025-05-29T23:15:20.989Z</time>
      </trkpt>
      <trkpt lat="47.866744" lon="7.975316">
        <ele>1370.380982</ele>
        <time>2025-05-29T23:15:26.948Z</time>
      </trkpt>
      <trkpt lat="47.866605" lon="7.975668">
        <ele>1367.141316</ele>
        <time>2025-05-29T23:15:31.256Z</time>
      </trkpt>
      <trkpt lat="47.866483" lon="7.976400">
        <ele>1361.158930</ele>
        <time>2025-05-29T23:15:39.070Z</time>
      </trkpt>
      <trkpt lat="47.866476" lon="7.976667">
        <ele>1359.039587</ele>
        <time>2025-05-29T23:15:41.815Z</time>
      </trkpt>
      <trkpt lat="47.866357" lon="7.977844">
        <ele>1350.093422</ele>
        <time>2025-05-29T23:15:54.141Z</time>
      </trkpt>
      <trkpt lat="47.866261" lon="7.978115">
        <ele>1348.283099</ele>
        <time>2025-05-29T23:15:57.367Z</time>
      </trkpt>
      <trkpt lat="47.866244" lon="7.978418">
        <ele>1346.486970</ele>
        <time>2025-05-29T23:16:00.602Z</time>
      </trkpt>
      <trkpt lat="47.866321" lon="7.978847">
        <ele>1343.863652</ele>
        <time>2025-05-29T23:16:05.411Z</time>
      </trkpt>
      <trkpt lat="47.866498" lon="7.979291">
        <ele>1340.812736</ele>
        <time>2025-05-29T23:16:11.183Z</time>
      </trkpt>
      <trkpt lat="47.866552" lon="7.979494">
        <ele>1339.522751</ele>
        <time>2025-05-29T23:16:13.688Z</time>
      </trkpt>
      <trkpt lat="47.866560" lon="7.979791">
        <ele>1337.766911</ele>
        <time>2025-05-29T23:16:17.155Z</time>
      </trkpt>
      <trkpt lat="47.866314" lon="7.980275">
        <ele>1334.868233</ele>
        <time>2025-05-29T23:16:28.730Z</time>
      </trkpt>
      <trkpt lat="47.866149" lon="7.980607">
        <ele>1333.533193</ele>
        <time>2025-05-29T23:16:36.694Z</time>
      </trkpt>
      <trkpt lat="47.865511" lon="7.981731">
        <ele>1328.775803</ele>
        <time>2025-05-29T23:17:06.079Z</time>
      </trkpt>
      <trkpt lat="47.865318" lon="7.982139">
        <ele>1327.162705</ele>
        <time>2025-05-29T23:17:15.771Z</time>
      </trkpt>
      <trkpt lat="47.865229" lon="7.982462">
        <ele>1325.943518</ele>
        <time>2025-05-29T23:17:22.378Z</time>
      </trkpt>
      <trkpt lat="47.865085" lon="7.982699">
        <ele>1324.816585</ele>
        <time>2025-05-29T23:17:28.386Z</time>
      </trkpt>
      <trkpt lat="47.865252" lon="7.983149">
        <ele>1323.004123</ele>
        <time>2025-05-29T23:17:34.418Z</time>
      </trkpt>
      <trkpt lat="47.865297" lon="7.983400">
        <ele>1322.088458</ele>
        <time>2025-05-29T23:17:37.480Z</time>
      </trkpt>
      <trkpt lat="47.865365" lon="7.983619">
        <ele>1321.237956</ele>
        <time>2025-05-29T23:17:40.346Z</time>
      </trkpt>
      <trkpt lat="47.865642" lon="7.984073">
        <ele>1319.075133</ele>
        <time>2025-05-29T23:17:47.622Z</time>
      </trkpt>
      <trkpt lat="47.865694" lon="7.984356">
        <ele>1318.041004</ele>
        <time>2025-05-29T23:17:51.136Z</time>
      </trkpt>
      <trkpt lat="47.865766" lon="7.985128">
        <ele>1315.969200</ele>
        <time>2025-05-29T23:18:00.759Z</time>
      </trkpt>
      <trkpt lat="47.865810" lon="7.985393">
        <ele>1315.290332</ele>
        <time>2025-05-29T23:18:04.352Z</time>
      </trkpt>
      <trkpt lat="47.866011" lon="7.985872">
        <ele>1313.885365</ele>
        <time>2025-05-29T23:18:11.774Z</time>
      </trkpt>
      <trkpt lat="47.866103" lon="7.986554">
        <ele>1312.155472</ele>
        <time>2025-05-29T23:18:20.695Z</time>
      </trkpt>
      <trkpt lat="47.866393" lon="7.987945">
        <ele>1309.201112</ele>
        <time>2025-05-29T23:18:39.124Z</time>
      </trkpt>
      <trkpt lat="47.866560" lon="7.988197">
        <ele>1308.566723</ele>
        <time>2025-05-29T23:18:43.757Z</time>
      </trkpt>
      <trkpt lat="47.866884" lon="7.988862">
        <ele>1307.094796</ele>
        <time>2025-05-29T23:18:54.960Z</time>
      </trkpt>
      <trkpt lat="47.866969" lon="7.989594">
        <ele>1305.943426</ele>
        <time>2025-05-29T23:19:05.803Z</time>
      </trkpt>
      <trkpt lat="47.867078" lon="7.991093">
        <ele>1304.608563</ele>
        <time>2025-05-29T23:19:27.303Z</time>
      </trkpt>
      <trkpt lat="47.867086" lon="7.991395">
        <ele>1304.340989</ele>
        <time>2025-05-29T23:19:31.540Z</time>
      </trkpt>
      <trkpt lat="47.867175" lon="7.991918">
        <ele>1303.863305</ele>
        <time>2025-05-29T23:19:39.342Z</time>
      </trkpt>
      <trkpt lat="47.867229" lon="7.992685">
        <ele>1304.657370</ele>
        <time>2025-05-29T23:19:51.555Z</time>
      </trkpt>
      <trkpt lat="47.867346" lon="7.993730">
        <ele>1306.174077</ele>
        <time>2025-05-29T23:20:17.658Z</time>
      </trkpt>
      <trkpt lat="47.867356" lon="7.994441">
        <ele>1307.192163</ele>
        <time>2025-05-29T23:20:39.513Z</time>
      </trkpt>
      <trkpt lat="47.867476" lon="7.994894">
        <ele>1307.893099</ele>
        <time>2025-05-29T23:20:54.510Z</time>
      </trkpt>
      <trkpt lat="47.867512" lon="7.995224">
        <ele>1308.377507</ele>
        <time>2025-05-29T23:21:04.120Z</time>
      </trkpt>
      <trkpt lat="47.867469" lon="7.995769">
        <ele>1309.172585</ele>
        <time>2025-05-29T23:21:19.250Z</time>
      </trkpt>
      <trkpt lat="47.867477" lon="7.996126">
        <ele>1309.690120</ele>
        <time>2025-05-29T23:21:28.214Z</time>
      </trkpt>
      <trkpt lat="47.867217" lon="7.996550">
        <ele>1310.522417</ele>
        <time>2025-05-29T23:21:39.085Z</time>
      </trkpt>
      <trkpt lat="47.867175" lon="7.996711">
        <ele>1310.772703</ele>
        <time>2025-05-29T23:21:41.993Z</time>
      </trkpt>
      <trkpt lat="47.867147" lon="7.997059">
        <ele>1311.280527</ele>
        <time>2025-05-29T23:21:48.238Z</time>
      </trkpt>
      <trkpt lat="47.867121" lon="7.997532">
        <ele>1311.744080</ele>
        <time>2025-05-29T23:21:56.905Z</time>
      </trkpt>
      <trkpt lat="47.867184" lon="7.998069">
        <ele>1312.180224</ele>
        <time>2025-05-29T23:22:08.119Z</time>
      </trkpt>
      <trkpt lat="47.867205" lon="7.998401">
        <ele>1312.447018</ele>
        <time>2025-05-29T23:22:16.137Z</time>
      </trkpt>
      <trkpt lat="47.867227" lon="7.998679">
        <ele>1312.670972</ele>
        <time>2025-05-29T23:22:24.646Z</time>
      </trkpt>
      <trkpt lat="47.867196" lon="7.998778">
        <ele>1312.758380</ele>
        <time>2025-05-29T23:22:27.793Z</time>
      </trkpt>
      <trkpt lat="47.867199" lon="7.998871">
        <ele>1312.832870</ele>
        <time>2025-05-29T23:22:29.497Z</time>
      </trkpt>
      <trkpt lat="47.867185" lon="7.998995">
        <ele>1312.933471</ele>
        <time>2025-05-29T23:22:31.753Z</time>
      </trkpt>
      <trkpt lat="47.867057" lon="7.999473">
        <ele>1313.345234</ele>
        <time>2025-05-29T23:22:41.061Z</time>
      </trkpt>
      <trkpt lat="47.867055" lon="7.999835">
        <ele>1313.649563</ele>
        <time>2025-05-29T23:22:48.345Z</time>
      </trkpt>
      <trkpt lat="47.867190" lon="8.000320">
        <ele>1314.349944</ele>
        <time>2025-05-29T23:22:59.408Z</time>
      </trkpt>
      <trkpt lat="47.867232" lon="8.000421">
        <ele>1314.508443</ele>
        <time>2025-05-29T23:23:01.812Z</time>
      </trkpt>
      <trkpt lat="47.867435" lon="8.000699">
        <ele>1315.056530</ele>
        <time>2025-05-29T23:23:10.196Z</time>
      </trkpt>
      <trkpt lat="47.867638" lon="8.001265">
        <ele>1315.912591</ele>
        <time>2025-05-29T23:23:22.981Z</time>
      </trkpt>
      <trkpt lat="47.867845" lon="8.001618">
        <ele>1316.537951</ele>
        <time>2025-05-29T23:23:33.526Z</time>
      </trkpt>
      <trkpt lat="47.867901" lon="8.001851">
        <ele>1316.868071</ele>
        <time>2025-05-29T23:23:40.151Z</time>
      </trkpt>
      <trkpt lat="47.867943" lon="8.002572">
        <ele>1318.929097</ele>
        <time>2025-05-29T23:24:03.343Z</time>
      </trkpt>
      <trkpt lat="47.868025" lon="8.003103">
        <ele>1320.891719</ele>
        <time>2025-05-29T23:24:22.559Z</time>
      </trkpt>
      <trkpt lat="47.868123" lon="8.003649">
        <ele>1322.927520</ele>
        <time>2025-05-29T23:24:42.703Z</time>
      </trkpt>
      <trkpt lat="47.868224" lon="8.003943">
        <ele>1324.117249</ele>
        <time>2025-05-29T23:24:54.644Z</time>
      </trkpt>
      <trkpt lat="47.868316" lon="8.004395">
        <ele>1325.818580</ele>
        <time>2025-05-29T23:25:11.923Z</time>
      </trkpt>
      <trkpt lat="47.868355" lon="8.004922">
        <ele>1327.953262</ele>
        <time>2025-05-29T23:25:31.713Z</time>
      </trkpt>
      <trkpt lat="47.868489" lon="8.005571">
        <ele>1331.022977</ele>
        <time>2025-05-29T23:25:57.304Z</time>
      </trkpt>
      <trkpt lat="47.868466" lon="8.005785">
        <ele>1332.002731</ele>
        <time>2025-05-29T23:26:05.638Z</time>
      </trkpt>
      <trkpt lat="47.868507" lon="8.005918">
        <ele>1332.664419</ele>
        <time>2025-05-29T23:26:11.299Z</time>
      </trkpt>
      <trkpt lat="47.868617" lon="8.006104">
        <ele>1333.785351</ele>
        <time>2025-05-29T23:26:20.946Z</time>
      </trkpt>
      <trkpt lat="47.868642" lon="8.006537">
        <ele>1335.750017</ele>
        <time>2025-05-29T23:26:38.402Z</time>
      </trkpt>
      <trkpt lat="47.868684" lon="8.006816">
        <ele>1337.042636</ele>
        <time>2025-05-29T23:26:50.407Z</time>
      </trkpt>
      <trkpt lat="47.868602" lon="8.007083">
        <ele>1338.370119</ele>
        <time>2025-05-29T23:27:02.926Z</time>
      </trkpt>
      <trkpt lat="47.868515" lon="8.007192">
        <ele>1339.104909</ele>
        <time>2025-05-29T23:27:10.259Z</time>
      </trkpt>
      <trkpt lat="47.868464" lon="8.007318">
        <ele>1339.647871</ele>
        <time>2025-05-29T23:27:16.448Z</time>
      </trkpt>
      <trkpt lat="47.868407" lon="8.007718">
        <ele>1341.156656</ele>
        <time>2025-05-29T23:27:32.982Z</time>
      </trkpt>
      <trkpt lat="47.868396" lon="8.007993">
        <ele>1342.173109</ele>
        <time>2025-05-29T23:27:43.438Z</time>
      </trkpt>
      <trkpt lat="47.868347" lon="8.008231">
        <ele>1343.091668</ele>
        <time>2025-05-29T23:27:52.617Z</time>
      </trkpt>
      <trkpt lat="47.868072" lon="8.008546">
        <ele>1344.999156</ele>
        <time>2025-05-29T23:28:10.494Z</time>
      </trkpt>
      <trkpt lat="47.867901" lon="8.008802">
        <ele>1346.332102</ele>
        <time>2025-05-29T23:28:21.797Z</time>
      </trkpt>
      <trkpt lat="47.867598" lon="8.009080">
        <ele>1348.288991</ele>
        <time>2025-05-29T23:28:37.865Z</time>
      </trkpt>
      <trkpt lat="47.867103" lon="8.009858">
        <ele>1351.371794</ele>
        <time>2025-05-29T23:29:09.009Z</time>
      </trkpt>
      <trkpt lat="47.867037" lon="8.009997">
        <ele>1351.838018</ele>
        <time>2025-05-29T23:29:14.195Z</time>
      </trkpt>
      <trkpt lat="47.867009" lon="8.010138">
        <ele>1352.240599</ele>
        <time>2025-05-29T23:29:18.687Z</time>
      </trkpt>
      <trkpt lat="47.867007" lon="8.010311">
        <ele>1352.714302</ele>
        <time>2025-05-29T23:29:24.107Z</time>
      </trkpt>
      <trkpt lat="47.867036" lon="8.010520">
        <ele>1353.298605</ele>
        <time>2025-05-29T23:29:30.873Z</time>
      </trkpt>
      <trkpt lat="47.867030" lon="8.010730">
        <ele>1353.874056</ele>
        <time>2025-05-29T23:29:37.531Z</time>
      </trkpt>
      <trkpt lat="47.866881" lon="8.011601">
        <ele>1356.311849</ele>
        <time>2025-05-29T23:30:05.193Z</time>
      </trkpt>
      <trkpt lat="47.866852" lon="8.012344">
        <ele>1358.000726</ele>
        <time>2025-05-29T23:30:26.892Z</time>
      </trkpt>
      <trkpt lat="47.866760" lon="8.012798">
        <ele>1359.076925</ele>
        <time>2025-05-29T23:30:40.062Z</time>
      </trkpt>
      <trkpt lat="47.866715" lon="8.013140">
        <ele>1359.867785</ele>
        <time>2025-05-29T23:30:49.495Z</time>
      </trkpt>
      <trkpt lat="47.866371" lon="8.014241">
        <ele>1362.656628</ele>
        <time>2025-05-29T23:31:21.896Z</time>
      </trkpt>
      <trkpt lat="47.866073" lon="8.014988">
        <ele>1364.818807</ele>
        <time>2025-05-29T23:31:44.829Z</time>
      </trkpt>
      <trkpt lat="47.865889" lon="8.015381">
        <ele>1366.011098</ele>
        <time>2025-05-29T23:32:00.078Z</time>
      </trkpt>
      <trkpt lat="47.865795" lon="8.015776">
        <ele>1367.053803</ele>
        <time>2025-05-29T23:32:13.168Z</time>
      </trkpt>
      <trkpt lat="47.865731" lon="8.016384">
        <ele>1368.584937</ele>
        <time>2025-05-29T23:32:31.665Z</time>
      </trkpt>
      <trkpt lat="47.865737" lon="8.016610">
        <ele>1369.026599</ele>
        <time>2025-05-29T23:32:38.301Z</time>
      </trkpt>
      <trkpt lat="47.865717" lon="8.016751">
        <ele>1369.160892</ele>
        <time>2025-05-29T23:32:42.755Z</time>
      </trkpt>
      <trkpt lat="47.865670" lon="8.016832">
        <ele>1369.260685</ele>
        <time>2025-05-29T23:32:45.694Z</time>
      </trkpt>
      <trkpt lat="47.865466" lon="8.017051">
        <ele>1369.609876</ele>
        <time>2025-05-29T23:32:56.993Z</time>
      </trkpt>
      <trkpt lat="47.865293" lon="8.017238">
        <ele>1369.906702</ele>
        <time>2025-05-29T23:33:06.228Z</time>
      </trkpt>
      <trkpt lat="47.865149" lon="8.017430">
        <ele>1370.175059</ele>
        <time>2025-05-29T23:33:14.531Z</time>
      </trkpt>
      <trkpt lat="47.864618" lon="8.017898">
        <ele>1371.031894</ele>
        <time>2025-05-29T23:33:33.104Z</time>
      </trkpt>
      <trkpt lat="47.864080" lon="8.018156">
        <ele>1370.755419</ele>
        <time>2025-05-29T23:33:44.381Z</time>
      </trkpt>
      <trkpt lat="47.863473" lon="8.018534">
        <ele>1369.008122</ele>
        <time>2025-05-29T23:33:55.842Z</time>
      </trkpt>
      <trkpt lat="47.863066" lon="8.018628">
        <ele>1367.914194</ele>
        <time>2025-05-29T23:34:03.380Z</time>
      </trkpt>
      <trkpt lat="47.862701" lon="8.018755">
        <ele>1366.918657</ele>
        <time>2025-05-29T23:34:11.506Z</time>
      </trkpt>
      <trkpt lat="47.862447" lon="8.018916">
        <ele>1368.128871</ele>
        <time>2025-05-29T23:34:20.297Z</time>
      </trkpt>
      <trkpt lat="47.862409" lon="8.019005">
        <ele>1368.687194</ele>
        <time>2025-05-29T23:34:23.250Z</time>
      </trkpt>
      <trkpt lat="47.862729" lon="8.018894">
        <ele>1371.278949</ele>
        <time>2025-05-29T23:34:38.479Z</time>
      </trkpt>
      <trkpt lat="47.863531" lon="8.018813">
        <ele>1377.619979</ele>
        <time>2025-05-29T23:35:37.224Z</time>
      </trkpt>
      <trkpt lat="47.864347" lon="8.018477">
        <ele>1385.925362</ele>
        <time>2025-05-29T23:36:48.371Z</time>
      </trkpt>
      <trkpt lat="47.864533" lon="8.018435">
        <ele>1388.112486</ele>
        <time>2025-05-29T23:37:03.838Z</time>
      </trkpt>
      <trkpt lat="47.865232" lon="8.018380">
        <ele>1396.250434</ele>
        <time>2025-05-29T23:38:01.697Z</time>
      </trkpt>
      <trkpt lat="47.865818" lon="8.018137">
        <ele>1402.819938</ele>
        <time>2025-05-29T23:38:50.401Z</time>
      </trkpt>
      <trkpt lat="47.866218" lon="8.017888">
        <ele>1406.224261</ele>
        <time>2025-05-29T23:39:19.344Z</time>
      </trkpt>
      <trkpt lat="47.866276" lon="8.017888">
        <ele>1406.679763</ele>
        <time>2025-05-29T23:39:22.918Z</time>
      </trkpt>
      <trkpt lat="47.866594" lon="8.018094">
        <ele>1409.402812</ele>
        <time>2025-05-29T23:39:43.482Z</time>
      </trkpt>
      <trkpt lat="47.866764" lon="8.018055">
        <ele>1410.753624</ele>
        <time>2025-05-29T23:39:52.907Z</time>
      </trkpt>
      <trkpt lat="47.866893" lon="8.017982">
        <ele>1411.837271</ele>
        <time>2025-05-29T23:40:00.370Z</time>
      </trkpt>
      <trkpt lat="47.866992" lon="8.017857">
        <ele>1412.856197</ele>
        <time>2025-05-29T23:40:07.143Z</time>
      </trkpt>
      <trkpt lat="47.867405" lon="8.017026">
        <ele>1418.501340</ele>
        <time>2025-05-29T23:40:41.755Z</time>
      </trkpt>
      <trkpt lat="47.868335" lon="8.015034">
        <ele>1432.500970</ele>
        <time>2025-05-29T23:42:31.085Z</time>
      </trkpt>
      <trkpt lat="47.868597" lon="8.014553">
        <ele>1436.549742</ele>
        <time>2025-05-29T23:43:05.302Z</time>
      </trkpt>
      <trkpt lat="47.868905" lon="8.014174">
        <ele>1440.440077</ele>
        <time>2025-05-29T23:43:38.511Z</time>
      </trkpt>
      <trkpt lat="47.869643" lon="8.013517">
        <ele>1448.735944</ele>
        <time>2025-05-29T23:44:39.039Z</time>
      </trkpt>
      <trkpt lat="47.869990" lon="8.012604">
        <ele>1450.895754</ele>
        <time>2025-05-29T23:45:11.827Z</time>
      </trkpt>
      <trkpt lat="47.870291" lon="8.012051">
        <ele>1452.361497</ele>
        <time>2025-05-29T23:45:25.248Z</time>
      </trkpt>
      <trkpt lat="47.870836" lon="8.010947">
        <ele>1455.648540</ele>
        <time>2025-05-29T23:45:51.096Z</time>
      </trkpt>
      <trkpt lat="47.871648" lon="8.009154">
        <ele>1462.253387</ele>
        <time>2025-05-29T23:47:03.665Z</time>
      </trkpt>
      <trkpt lat="47.871937" lon="8.008611">
        <ele>1465.501471</ele>
        <time>2025-05-29T23:47:35.065Z</time>
      </trkpt>
      <trkpt lat="47.871991" lon="8.008436">
        <ele>1466.428439</ele>
        <time>2025-05-29T23:47:43.998Z</time>
      </trkpt>
      <trkpt lat="47.872054" lon="8.008059">
        <ele>1468.298089</ele>
        <time>2025-05-29T23:48:02.160Z</time>
      </trkpt>
      <trkpt lat="47.872166" lon="8.007801">
        <ele>1469.776947</ele>
        <time>2025-05-29T23:48:16.344Z</time>
      </trkpt>
      <trkpt lat="47.872230" lon="8.007668">
        <ele>1470.564621</ele>
        <time>2025-05-29T23:48:23.949Z</time>
      </trkpt>
      <trkpt lat="47.872420" lon="8.007500">
        <ele>1472.149389</ele>
        <time>2025-05-29T23:48:38.624Z</time>
      </trkpt>
      <trkpt lat="47.872718" lon="8.007092">
        <ele>1475.051996</ele>
        <time>2025-05-29T23:49:01.947Z</time>
      </trkpt>
      <trkpt lat="47.872847" lon="8.006663">
        <ele>1474.903884</ele>
        <time>2025-05-29T23:49:15.272Z</time>
      </trkpt>
      <trkpt lat="47.872886" lon="8.006539">
        <ele>1474.770867</ele>
        <time>2025-05-29T23:49:18.447Z</time>
      </trkpt>
      <trkpt lat="47.873015" lon="8.006134">
        <ele>1474.335418</ele>
        <time>2025-05-29T23:49:26.669Z</time>
      </trkpt>
      <trkpt lat="47.872886" lon="8.006539">
        <ele>1473.899968</ele>
        <time>2025-05-29T23:49:32.632Z</time>
      </trkpt>
      <trkpt lat="47.872847" lon="8.006663">
        <ele>1473.766952</ele>
        <time>2025-05-29T23:49:34.264Z</time>
      </trkpt>
      <trkpt lat="47.872718" lon="8.007092">
        <ele>1473.310335</ele>
        <time>2025-05-29T23:49:39.459Z</time>
      </trkpt>
      <trkpt lat="47.872420" lon="8.007500">
        <ele>1472.724493</ele>
        <time>2025-05-29T23:49:46.388Z</time>
      </trkpt>
      <trkpt lat="47.872230" lon="8.007668">
        <ele>1471.180439</ele>
        <time>2025-05-29T23:49:50.037Z</time>
      </trkpt>
      <trkpt lat="47.872166" lon="8.007801">
        <ele>1470.372131</ele>
        <time>2025-05-29T23:49:51.834Z</time>
      </trkpt>
      <trkpt lat="47.872054" lon="8.008059">
        <ele>1468.854532</ele>
        <time>2025-05-29T23:49:55.189Z</time>
      </trkpt>
      <trkpt lat="47.871991" lon="8.008436">
        <ele>1466.935904</ele>
        <time>2025-05-29T23:49:59.448Z</time>
      </trkpt>
      <trkpt lat="47.871937" lon="8.008611">
        <ele>1465.984654</ele>
        <time>2025-05-29T23:50:01.560Z</time>
      </trkpt>
      <trkpt lat="47.871648" lon="8.009154">
        <ele>1462.561643</ele>
        <time>2025-05-29T23:50:09.202Z</time>
      </trkpt>
      <trkpt lat="47.870836" lon="8.010947">
        <ele>1456.020213</ele>
        <time>2025-05-29T23:50:35.204Z</time>
      </trkpt>
      <trkpt lat="47.870291" lon="8.012051">
        <ele>1452.772981</ele>
        <time>2025-05-29T23:50:56.306Z</time>
      </trkpt>
      <trkpt lat="47.869990" lon="8.012604">
        <ele>1450.624555</ele>
        <time>2025-05-29T23:51:07.395Z</time>
      </trkpt>
      <trkpt lat="47.869643" lon="8.013517">
        <ele>1447.458794</ele>
        <time>2025-05-29T23:51:20.456Z</time>
      </trkpt>
      <trkpt lat="47.869221" lon="8.014394">
        <ele>1442.541908</ele>
        <time>2025-05-29T23:51:32.241Z</time>
      </trkpt>
      <trkpt lat="47.868789" lon="8.015179">
        <ele>1435.096512</ele>
        <time>2025-05-29T23:51:42.832Z</time>
      </trkpt>
      <trkpt lat="47.868523" lon="8.015811">
        <ele>1429.625502</ele>
        <time>2025-05-29T23:51:50.625Z</time>
      </trkpt>
      <trkpt lat="47.868382" lon="8.016064">
        <ele>1427.213574</ele>
        <time>2025-05-29T23:51:54.095Z</time>
      </trkpt>
      <trkpt lat="47.867841" lon="8.016683">
        <ele>1421.913670</ele>
        <time>2025-05-29T23:52:05.086Z</time>
      </trkpt>
      <trkpt lat="47.867694" lon="8.016891">
        <ele>1420.501402</ele>
        <time>2025-05-29T23:52:08.525Z</time>
      </trkpt>
      <trkpt lat="47.867476" lon="8.017253">
        <ele>1418.227469</ele>
        <time>2025-05-29T23:52:14.262Z</time>
      </trkpt>
      <trkpt lat="47.867411" lon="8.017425">
        <ele>1417.304669</ele>
        <time>2025-05-29T23:52:16.691Z</time>
      </trkpt>
      <trkpt lat="47.867359" lon="8.017657">
        <ele>1416.161267</ele>
        <time>2025-05-29T23:52:19.710Z</time>
      </trkpt>
      <trkpt lat="47.867306" lon="8.017931">
        <ele>1414.828286</ele>
        <time>2025-05-29T23:52:23.204Z</time>
      </trkpt>
      <trkpt lat="47.867211" lon="8.017929">
        <ele>1414.166263</ele>
        <time>2025-05-29T23:52:25.951Z</time>
      </trkpt>
      <trkpt lat="47.867079" lon="8.017886">
        <ele>1413.224784</ele>
        <time>2025-05-29T23:52:29.857Z</time>
      </trkpt>
      <trkpt lat="47.866992" lon="8.017857">
        <ele>1412.507097</ele>
        <time>2025-05-29T23:52:32.417Z</time>
      </trkpt>
      <trkpt lat="47.866893" lon="8.017982">
        <ele>1411.448954</ele>
        <time>2025-05-29T23:52:34.460Z</time>
      </trkpt>
      <trkpt lat="47.866764" lon="8.018055">
        <ele>1410.323599</ele>
        <time>2025-05-29T23:52:36.615Z</time>
      </trkpt>
      <trkpt lat="47.866594" lon="8.018094">
        <ele>1408.920797</ele>
        <time>2025-05-29T23:52:39.256Z</time>
      </trkpt>
      <trkpt lat="47.866276" lon="8.017888">
        <ele>1406.092943</ele>
        <time>2025-05-29T23:52:44.461Z</time>
      </trkpt>
      <trkpt lat="47.866218" lon="8.017888">
        <ele>1405.619909</ele>
        <time>2025-05-29T23:52:45.306Z</time>
      </trkpt>
      <trkpt lat="47.865818" lon="8.018137">
        <ele>1402.084559</ele>
        <time>2025-05-29T23:52:51.565Z</time>
      </trkpt>
      <trkpt lat="47.865232" lon="8.018380">
        <ele>1396.531891</ele>
        <time>2025-05-29T23:53:00.031Z</time>
      </trkpt>
      <trkpt lat="47.864533" lon="8.018435">
        <ele>1388.368490</ele>
        <time>2025-05-29T23:53:09.708Z</time>
      </trkpt>
      <trkpt lat="47.864347" lon="8.018477">
        <ele>1386.174525</ele>
        <time>2025-05-29T23:53:12.306Z</time>
      </trkpt>
      <trkpt lat="47.863531" lon="8.018813">
        <ele>1376.790809</ele>
        <time>2025-05-29T23:53:23.988Z</time>
      </trkpt>
      <trkpt lat="47.862729" lon="8.018894">
        <ele>1371.168728</ele>
        <time>2025-05-29T23:53:35.541Z</time>
      </trkpt>
      <trkpt lat="47.862409" lon="8.019005">
        <ele>1368.870827</ele>
        <time>2025-05-29T23:53:40.592Z</time>
      </trkpt>
      <trkpt lat="47.862235" lon="8.019156">
        <ele>1367.462621</ele>
        <time>2025-05-29T23:53:43.853Z</time>
      </trkpt>
      <trkpt lat="47.861930" lon="8.019643">
        <ele>1364.779256</ele>
        <time>2025-05-29T23:53:51.486Z</time>
      </trkpt>
      <trkpt lat="47.861494" lon="8.020138">
        <ele>1363.739440</ele>
        <time>2025-05-29T23:54:03.146Z</time>
      </trkpt>
      <trkpt lat="47.861396" lon="8.020323">
        <ele>1363.439406</ele>
        <time>2025-05-29T23:54:06.723Z</time>
      </trkpt>
      <trkpt lat="47.861347" lon="8.020499">
        <ele>1363.196857</ele>
        <time>2025-05-29T23:54:09.310Z</time>
      </trkpt>
      <trkpt lat="47.861207" lon="8.022041">
        <ele>1361.103829</ele>
        <time>2025-05-29T23:54:27.983Z</time>
      </trkpt>
      <trkpt lat="47.861215" lon="8.023406">
        <ele>1358.747523</ele>
        <time>2025-05-29T23:54:43.896Z</time>
      </trkpt>
      <trkpt lat="47.861246" lon="8.024293">
        <ele>1357.214339</ele>
        <time>2025-05-29T23:54:54.333Z</time>
      </trkpt>
      <trkpt lat="47.861495" lon="8.026155">
        <ele>1353.230743</ele>
        <time>2025-05-29T23:55:18.217Z</time>
      </trkpt>
      <trkpt lat="47.861643" lon="8.026444">
        <ele>1352.453788</ele>
        <time>2025-05-29T23:55:22.318Z</time>
      </trkpt>
      <trkpt lat="47.861727" lon="8.026523">
        <ele>1352.137421</ele>
        <time>2025-05-29T23:55:23.933Z</time>
      </trkpt>
      <trkpt lat="47.861825" lon="8.026559">
        <ele>1351.815930</ele>
        <time>2025-05-29T23:55:25.535Z</time>
      </trkpt>
      <trkpt lat="47.862094" lon="8.026581">
        <ele>1350.535258</ele>
        <time>2025-05-29T23:55:29.710Z</time>
      </trkpt>
      <trkpt lat="47.862151" lon="8.026625">
        <ele>1349.933139</ele>
        <time>2025-05-29T23:55:30.690Z</time>
      </trkpt>
      <trkpt lat="47.862189" lon="8.026727">
        <ele>1349.198896</ele>
        <time>2025-05-29T23:55:31.872Z</time>
      </trkpt>
      <trkpt lat="47.862200" lon="8.026881">
        <ele>1348.224250</ele>
        <time>2025-05-29T23:55:33.425Z</time>
      </trkpt>
      <trkpt lat="47.862146" lon="8.027164">
        <ele>1346.372615</ele>
        <time>2025-05-29T23:55:36.318Z</time>
      </trkpt>
      <trkpt lat="47.861875" lon="8.027616">
        <ele>1342.557704</ele>
        <time>2025-05-29T23:55:42.136Z</time>
      </trkpt>
      <trkpt lat="47.861543" lon="8.028470">
        <ele>1336.346108</ele>
        <time>2025-05-29T23:55:51.394Z</time>
      </trkpt>
      <trkpt lat="47.861286" lon="8.029520">
        <ele>1328.134073</ele>
        <time>2025-05-29T23:56:01.806Z</time>
      </trkpt>
      <trkpt lat="47.861151" lon="8.029947">
        <ele>1324.462287</ele>
        <time>2025-05-29T23:56:06.191Z</time>
      </trkpt>
      <trkpt lat="47.861132" lon="8.030107">
        <ele>1323.198357</ele>
        <time>2025-05-29T23:56:07.702Z</time>
      </trkpt>
      <trkpt lat="47.861140" lon="8.030729">
        <ele>1318.359140</ele>
        <time>2025-05-29T23:56:13.479Z</time>
      </trkpt>
      <trkpt lat="47.861116" lon="8.030942">
        <ele>1316.679083</ele>
        <time>2025-05-29T23:56:15.493Z</time>
      </trkpt>
      <trkpt lat="47.860968" lon="8.031466">
        <ele>1312.471306</ele>
        <time>2025-05-29T23:56:20.809Z</time>
      </trkpt>
      <trkpt lat="47.860867" lon="8.031887">
        <ele>1309.618948</ele>
        <time>2025-05-29T23:56:25.028Z</time>
      </trkpt>
      <trkpt lat="47.860819" lon="8.031947">
        <ele>1309.023270</ele>
        <time>2025-05-29T23:56:25.921Z</time>
      </trkpt>
      <trkpt lat="47.860749" lon="8.031955">
        <ele>1308.355715</ele>
        <time>2025-05-29T23:56:26.909Z</time>
      </trkpt>
      <trkpt lat="47.860677" lon="8.031911">
        <ele>1307.615784</ele>
        <time>2025-05-29T23:56:28.007Z</time>
      </trkpt>
      <trkpt lat="47.860521" lon="8.031739">
        <ele>1305.770689</ele>
        <time>2025-05-29T23:56:30.751Z</time>
      </trkpt>
      <trkpt lat="47.860037" lon="8.031152">
        <ele>1299.837389</ele>
        <time>2025-05-29T23:56:39.682Z</time>
      </trkpt>
      <trkpt lat="47.859589" lon="8.031752">
        <ele>1294.984771</ele>
        <time>2025-05-29T23:56:48.621Z</time>
      </trkpt>
      <trkpt lat="47.859459" lon="8.031959">
        <ele>1293.882840</ele>
        <time>2025-05-29T23:56:51.504Z</time>
      </trkpt>
      <trkpt lat="47.859389" lon="8.032203">
        <ele>1292.851494</ele>
        <time>2025-05-29T23:56:54.225Z</time>
      </trkpt>
      <trkpt lat="47.859469" lon="8.033102">
        <ele>1289.326971</ele>
        <time>2025-05-29T23:57:03.695Z</time>
      </trkpt>
      <trkpt lat="47.859470" lon="8.033655">
        <ele>1287.177752</ele>
        <time>2025-05-29T23:57:09.686Z</time>
      </trkpt>
      <trkpt lat="47.859734" lon="8.033890">
        <ele>1285.589922</ele>
        <time>2025-05-29T23:57:15.357Z</time>
      </trkpt>
      <trkpt lat="47.860044" lon="8.034090">
        <ele>1284.343594</ele>
        <time>2025-05-29T23:57:21.552Z</time>
      </trkpt>
      <trkpt lat="47.860546" lon="8.034574">
        <ele>1282.137680</ele>
        <time>2025-05-29T23:57:32.529Z</time>
      </trkpt>
      <trkpt lat="47.860359" lon="8.035127">
        <ele>1280.604700</ele>
        <time>2025-05-29T23:57:42.254Z</time>
      </trkpt>
      <trkpt lat="47.860172" lon="8.035679">
        <ele>1279.169349</ele>
        <time>2025-05-29T23:57:52.260Z</time>
      </trkpt>
      <trkpt lat="47.860178" lon="8.035849">
        <ele>1278.931544</ele>
        <time>2025-05-29T23:57:54.294Z</time>
      </trkpt>
      <trkpt lat="47.860172" lon="8.035965">
        <ele>1278.769020</ele>
        <time>2025-05-29T23:57:55.720Z</time>
      </trkpt>
      <trkpt lat="47.860298" lon="8.035891">
        <ele>1278.487053</ele>
        <time>2025-05-29T23:57:58.186Z</time>
      </trkpt>
      <trkpt lat="47.860592" lon="8.035864">
        <ele>1277.873776</ele>
        <time>2025-05-29T23:58:03.658Z</time>
      </trkpt>
      <trkpt lat="47.860918" lon="8.035901">
        <ele>1277.193069</ele>
        <time>2025-05-29T23:58:09.798Z</time>
      </trkpt>
      <trkpt lat="47.860990" lon="8.035958">
        <ele>1277.023329</ele>
        <time>2025-05-29T23:58:11.301Z</time>
      </trkpt>
      <trkpt lat="47.861094" lon="8.035850">
        <ele>1276.759424</ele>
        <time>2025-05-29T23:58:13.694Z</time>
      </trkpt>
      <trkpt lat="47.861645" lon="8.035875">
        <ele>1275.611695</ele>
        <time>2025-05-29T23:58:23.735Z</time>
      </trkpt>
      <trkpt lat="47.861937" lon="8.035908">
        <ele>1275.093759</ele>
        <time>2025-05-29T23:58:29.074Z</time>
      </trkpt>
      <trkpt lat="47.862376" lon="8.035949">
        <ele>1274.331835</ele>
        <time>2025-05-29T23:58:38.117Z</time>
      </trkpt>
      <trkpt lat="47.862481" lon="8.036008">
        <ele>1274.137459</ele>
        <time>2025-05-29T23:58:40.447Z</time>
      </trkpt>
      <trkpt lat="47.862566" lon="8.036156">
        <ele>1273.911048</ele>
        <time>2025-05-29T23:58:43.185Z</time>
      </trkpt>
      <trkpt lat="47.862638" lon="8.036453">
        <ele>1273.544049</ele>
        <time>2025-05-29T23:58:47.612Z</time>
      </trkpt>
      <trkpt lat="47.862872" lon="8.036687">
        <ele>1273.055943</ele>
        <time>2025-05-29T23:58:53.565Z</time>
      </trkpt>
      <trkpt lat="47.862987" lon="8.036752">
        <ele>1272.842899</ele>
        <time>2025-05-29T23:58:56.249Z</time>
      </trkpt>
      <trkpt lat="47.863109" lon="8.036749">
        <ele>1272.631543</ele>
        <time>2025-05-29T23:58:58.939Z</time>
      </trkpt>
      <trkpt lat="47.863123" lon="8.036809">
        <ele>1272.557718</ele>
        <time>2025-05-29T23:58:59.875Z</time>
      </trkpt>
      <trkpt lat="47.863241" lon="8.036981">
        <ele>1272.344095</ele>
        <time>2025-05-29T23:59:03.544Z</time>
      </trkpt>
      <trkpt lat="47.863461" lon="8.037129">
        <ele>1272.114033</ele>
        <time>2025-05-29T23:59:08.979Z</time>
      </trkpt>
      <trkpt lat="47.863590" lon="8.037297">
        <ele>1271.950756</ele>
        <time>2025-05-29T23:59:12.790Z</time>
      </trkpt>
      <trkpt lat="47.863617" lon="8.037390">
        <ele>1271.885956</ele>
        <time>2025-05-29T23:59:14.272Z</time>
      </trkpt>
      <trkpt lat="47.863586" lon="8.037520">
        <ele>1271.797730</ele>
        <time>2025-05-29T23:59:16.390Z</time>
      </trkpt>
      <trkpt lat="47.864140" lon="8.038383">
        <ele>1271.033938</ele>
        <time>2025-05-29T23:59:34.121Z</time>
      </trkpt>
      <trkpt lat="47.864249" lon="8.038534">
        <ele>1270.892102</ele>
        <time>2025-05-29T23:59:37.422Z</time>
      </trkpt>
      <trkpt lat="47.864398" lon="8.038681">
        <ele>1270.721792</ele>
        <time>2025-05-29T23:59:41.440Z</time>
      </trkpt>
      <trkpt lat="47.864534" lon="8.038888">
        <ele>1271.084331</ele>
        <time>2025-05-29T23:59:45.829Z</time>
      </trkpt>
      <trkpt lat="47.864649" lon="8.039147">
        <ele>1271.484791</ele>
        <time>2025-05-29T23:59:50.754Z</time>
      </trkpt>
      <trkpt lat="47.864897" lon="8.039293">
        <ele>1271.997247</ele>
        <time>2025-05-29T23:59:58.329Z</time>
      </trkpt>
      <trkpt lat="47.865199" lon="8.039380">
        <ele>1272.588398</ele>
        <time>2025-05-30T00:00:09.083Z</time>
      </trkpt>
      <trkpt lat="47.865325" lon="8.039510">
        <ele>1272.882906</ele>
        <time>2025-05-30T00:00:14.922Z</time>
      </trkpt>
      <trkpt lat="47.865491" lon="8.039929">
        <ele>1273.510311</ele>
        <time>2025-05-30T00:00:28.272Z</time>
      </trkpt>
      <trkpt lat="47.865685" lon="8.040628">
        <ele>1274.618472</ele>
        <time>2025-05-30T00:00:51.410Z</time>
      </trkpt>
      <trkpt lat="47.865671" lon="8.040771">
        <ele>1274.884457</ele>
        <time>2025-05-30T00:00:55.999Z</time>
      </trkpt>
      <trkpt lat="47.865555" lon="8.041007">
        <ele>1275.422933</ele>
        <time>2025-05-30T00:01:05.543Z</time>
      </trkpt>
      <trkpt lat="47.865553" lon="8.041122">
        <ele>1275.634667</ele>
        <time>2025-05-30T00:01:09.270Z</time>
      </trkpt>
      <trkpt lat="47.865606" lon="8.041292">
        <ele>1275.979696</ele>
        <time>2025-05-30T00:01:15.267Z</time>
      </trkpt>
      <trkpt lat="47.865605" lon="8.041467">
        <ele>1276.301802</ele>
        <time>2025-05-30T00:01:20.715Z</time>
      </trkpt>
      <trkpt lat="47.865551" lon="8.041630">
        <ele>1276.636397</ele>
        <time>2025-05-30T00:01:26.209Z</time>
      </trkpt>
      <trkpt lat="47.865437" lon="8.041759">
        <ele>1277.029070</ele>
        <time>2025-05-30T00:01:32.253Z</time>
      </trkpt>
      <trkpt lat="47.865253" lon="8.042077">
        <ele>1277.801987</ele>
        <time>2025-05-30T00:01:42.701Z</time>
      </trkpt>
      <trkpt lat="47.865125" lon="8.042203">
        <ele>1278.222822</ele>
        <time>2025-05-30T00:01:47.586Z</time>
      </trkpt>
      <trkpt lat="47.864968" lon="8.042235">
        <ele>1278.657561</ele>
        <time>2025-05-30T00:01:52.160Z</time>
      </trkpt>
      <trkpt lat="47.864874" lon="8.042337">
        <ele>1278.976548</ele>
        <time>2025-05-30T00:01:55.257Z</time>
      </trkpt>
      <trkpt lat="47.864759" lon="8.042646">
        <ele>1278.249979</ele>
        <time>2025-05-30T00:02:01.052Z</time>
      </trkpt>
      <trkpt lat="47.864602" lon="8.042812">
        <ele>1277.372700</ele>
        <time>2025-05-30T00:02:05.395Z</time>
      </trkpt>
      <trkpt lat="47.864221" lon="8.042935">
        <ele>1275.595999</ele>
        <time>2025-05-30T00:02:13.374Z</time>
      </trkpt>
      <trkpt lat="47.863910" lon="8.043174">
        <ele>1274.001294</ele>
        <time>2025-05-30T00:02:19.797Z</time>
      </trkpt>
      <trkpt lat="47.863698" lon="8.043648">
        <ele>1272.259421</ele>
        <time>2025-05-30T00:02:26.314Z</time>
      </trkpt>
      <trkpt lat="47.863592" lon="8.043786">
        <ele>1271.617986</ele>
        <time>2025-05-30T00:02:28.632Z</time>
      </trkpt>
      <trkpt lat="47.863522" lon="8.043981">
        <ele>1270.941753</ele>
        <time>2025-05-30T00:02:31.032Z</time>
      </trkpt>
      <trkpt lat="47.863481" lon="8.044329">
        <ele>1267.726835</ele>
        <time>2025-05-30T00:02:34.800Z</time>
      </trkpt>
      <trkpt lat="47.863347" lon="8.044511">
        <ele>1265.221975</ele>
        <time>2025-05-30T00:02:37.627Z</time>
      </trkpt>
      <trkpt lat="47.863208" lon="8.044648">
        <ele>1262.919498</ele>
        <time>2025-05-30T00:02:40.206Z</time>
      </trkpt>
      <trkpt lat="47.863175" lon="8.044774">
        <ele>1261.665650</ele>
        <time>2025-05-30T00:02:41.597Z</time>
      </trkpt>
      <trkpt lat="47.863258" lon="8.045086">
        <ele>1258.554379</ele>
        <time>2025-05-30T00:02:45.023Z</time>
      </trkpt>
      <trkpt lat="47.863280" lon="8.045504">
        <ele>1254.667670</ele>
        <time>2025-05-30T00:02:49.265Z</time>
      </trkpt>
      <trkpt lat="47.863334" lon="8.045743">
        <ele>1252.329911</ele>
        <time>2025-05-30T00:02:51.806Z</time>
      </trkpt>
      <trkpt lat="47.863639" lon="8.046499">
        <ele>1244.222288</ele>
        <time>2025-05-30T00:03:00.710Z</time>
      </trkpt>
      <trkpt lat="47.863618" lon="8.047052">
        <ele>1239.275914</ele>
        <time>2025-05-30T00:03:06.334Z</time>
      </trkpt>
      <trkpt lat="47.863549" lon="8.047168">
        <ele>1237.891466</ele>
        <time>2025-05-30T00:03:07.910Z</time>
      </trkpt>
      <trkpt lat="47.863368" lon="8.047239">
        <ele>1235.400138</ele>
        <time>2025-05-30T00:03:10.756Z</time>
      </trkpt>
      <trkpt lat="47.863183" lon="8.047225">
        <ele>1232.934429</ele>
        <time>2025-05-30T00:03:13.592Z</time>
      </trkpt>
      <trkpt lat="47.862923" lon="8.047396">
        <ele>1229.151623</ele>
        <time>2025-05-30T00:03:17.969Z</time>
      </trkpt>
      <trkpt lat="47.862648" lon="8.047491">
        <ele>1225.394066</ele>
        <time>2025-05-30T00:03:22.381Z</time>
      </trkpt>
      <trkpt lat="47.862467" lon="8.047517">
        <ele>1222.973610</ele>
        <time>2025-05-30T00:03:25.274Z</time>
      </trkpt>
      <trkpt lat="47.862353" lon="8.047599">
        <ele>1221.580676</ele>
        <time>2025-05-30T00:03:27.314Z</time>
      </trkpt>
      <trkpt lat="47.862283" lon="8.047739">
        <ele>1220.570110</ele>
        <time>2025-05-30T00:03:29.212Z</time>
      </trkpt>
      <trkpt lat="47.862002" lon="8.048655">
        <ele>1214.740521</ele>
        <time>2025-05-30T00:03:40.410Z</time>
      </trkpt>
      <trkpt lat="47.861797" lon="8.049020">
        <ele>1211.985429</ele>
        <time>2025-05-30T00:03:45.770Z</time>
      </trkpt>
      <trkpt lat="47.861593" lon="8.049154">
        <ele>1210.062244</ele>
        <time>2025-05-30T00:03:49.511Z</time>
      </trkpt>
      <trkpt lat="47.861486" lon="8.049290">
        <ele>1208.849122</ele>
        <time>2025-05-30T00:03:51.849Z</time>
      </trkpt>
      <trkpt lat="47.861399" lon="8.049494">
        <ele>1207.450038</ele>
        <time>2025-05-30T00:03:54.516Z</time>
      </trkpt>
      <trkpt lat="47.860819" lon="8.050062">
        <ele>1200.751663</ele>
        <time>2025-05-30T00:04:05.771Z</time>
      </trkpt>
      <trkpt lat="47.861310" lon="8.050425">
        <ele>1195.368866</ele>
        <time>2025-05-30T00:04:14.559Z</time>
      </trkpt>
      <trkpt lat="47.861475" lon="8.050474">
        <ele>1193.716531</ele>
        <time>2025-05-30T00:04:17.234Z</time>
      </trkpt>
      <trkpt lat="47.861721" lon="8.050479">
        <ele>1191.300314</ele>
        <time>2025-05-30T00:04:21.120Z</time>
      </trkpt>
      <trkpt lat="47.861916" lon="8.050401">
        <ele>1189.317432</ele>
        <time>2025-05-30T00:04:24.287Z</time>
      </trkpt>
      <trkpt lat="47.862221" lon="8.050098">
        <ele>1186.647908</ele>
        <time>2025-05-30T00:04:30.103Z</time>
      </trkpt>
      <trkpt lat="47.862381" lon="8.050047">
        <ele>1185.505309</ele>
        <time>2025-05-30T00:04:32.805Z</time>
      </trkpt>
      <trkpt lat="47.862875" lon="8.050297">
        <ele>1181.862114</ele>
        <time>2025-05-30T00:04:41.782Z</time>
      </trkpt>
      <trkpt lat="47.863060" lon="8.050224">
        <ele>1180.525689</ele>
        <time>2025-05-30T00:04:45.064Z</time>
      </trkpt>
      <trkpt lat="47.863246" lon="8.050107">
        <ele>1179.115857</ele>
        <time>2025-05-30T00:04:48.572Z</time>
      </trkpt>
      <trkpt lat="47.863572" lon="8.049774">
        <ele>1176.365793</ele>
        <time>2025-05-30T00:04:55.590Z</time>
      </trkpt>
      <trkpt lat="47.864318" lon="8.049158">
        <ele>1173.229004</ele>
        <time>2025-05-30T00:05:12.450Z</time>
      </trkpt>
      <trkpt lat="47.864585" lon="8.049074">
        <ele>1172.225309</ele>
        <time>2025-05-30T00:05:17.653Z</time>
      </trkpt>
      <trkpt lat="47.864736" lon="8.048949">
        <ele>1171.590009</ele>
        <time>2025-05-30T00:05:20.815Z</time>
      </trkpt>
      <trkpt lat="47.864985" lon="8.048340">
        <ele>1169.830160</ele>
        <time>2025-05-30T00:05:29.634Z</time>
      </trkpt>
      <trkpt lat="47.865034" lon="8.047826">
        <ele>1168.360428</ele>
        <time>2025-05-30T00:05:36.297Z</time>
      </trkpt>
      <trkpt lat="47.865012" lon="8.047362">
        <ele>1167.033949</ele>
        <time>2025-05-30T00:05:42.387Z</time>
      </trkpt>
      <trkpt lat="47.865041" lon="8.047002">
        <ele>1165.999971</ele>
        <time>2025-05-30T00:05:47.058Z</time>
      </trkpt>
      <trkpt lat="47.865107" lon="8.046635">
        <ele>1164.916457</ele>
        <time>2025-05-30T00:05:51.815Z</time>
      </trkpt>
      <trkpt lat="47.865368" lon="8.046188">
        <ele>1163.226586</ele>
        <time>2025-05-30T00:05:58.952Z</time>
      </trkpt>
      <trkpt lat="47.865339" lon="8.045964">
        <ele>1162.576029</ele>
        <time>2025-05-30T00:06:01.638Z</time>
      </trkpt>
      <trkpt lat="47.865382" lon="8.045799">
        <ele>1162.066182</ele>
        <time>2025-05-30T00:06:03.725Z</time>
      </trkpt>
      <trkpt lat="47.865428" lon="8.045723">
        <ele>1161.740967</ele>
        <time>2025-05-30T00:06:04.938Z</time>
      </trkpt>
      <trkpt lat="47.865494" lon="8.045676">
        <ele>1161.394560</ele>
        <time>2025-05-30T00:06:06.229Z</time>
      </trkpt>
      <trkpt lat="47.866340" lon="8.045590">
        <ele>1157.378689</ele>
        <time>2025-05-30T00:06:21.185Z</time>
      </trkpt>
      <trkpt lat="47.866468" lon="8.045492">
        <ele>1156.697209</ele>
        <time>2025-05-30T00:06:23.715Z</time>
      </trkpt>
      <trkpt lat="47.866496" lon="8.045316">
        <ele>1156.122527</ele>
        <time>2025-05-30T00:06:25.860Z</time>
      </trkpt>
      <trkpt lat="47.866489" lon="8.045097">
        <ele>1155.425948</ele>
        <time>2025-05-30T00:06:28.483Z</time>
      </trkpt>
      <trkpt lat="47.866601" lon="8.044923">
        <ele>1154.659819</ele>
        <time>2025-05-30T00:06:31.448Z</time>
      </trkpt>
      <trkpt lat="47.867334" lon="8.043993">
        <ele>1151.230574</ele>
        <time>2025-05-30T00:06:51.478Z</time>
      </trkpt>
      <trkpt lat="47.867401" lon="8.043846">
        <ele>1150.848336</ele>
        <time>2025-05-30T00:06:54.055Z</time>
      </trkpt>
      <trkpt lat="47.867437" lon="8.043444">
        <ele>1149.976041</ele>
        <time>2025-05-30T00:06:59.769Z</time>
      </trkpt>
      <trkpt lat="47.867388" lon="8.043014">
        <ele>1149.037945</ele>
        <time>2025-05-30T00:07:05.406Z</time>
      </trkpt>
      <trkpt lat="47.867592" lon="8.041943">
        <ele>1145.056631</ele>
        <time>2025-05-30T00:07:18.588Z</time>
      </trkpt>
      <trkpt lat="47.867594" lon="8.041645">
        <ele>1143.559160</ele>
        <time>2025-05-30T00:07:21.996Z</time>
      </trkpt>
      <trkpt lat="47.867651" lon="8.041277">
        <ele>1141.661380</ele>
        <time>2025-05-30T00:07:26.262Z</time>
      </trkpt>
      <trkpt lat="47.867622" lon="8.041048">
        <ele>1140.490375</ele>
        <time>2025-05-30T00:07:28.897Z</time>
      </trkpt>
      <trkpt lat="47.867621" lon="8.040688">
        <ele>1138.681426</ele>
        <time>2025-05-30T00:07:32.932Z</time>
      </trkpt>
      <trkpt lat="47.867507" lon="8.039643">
        <ele>1132.858842</ele>
        <time>2025-05-30T00:07:44.483Z</time>
      </trkpt>
      <trkpt lat="47.867522" lon="8.039358">
        <ele>1130.698122</ele>
        <time>2025-05-30T00:07:47.538Z</time>
      </trkpt>
      <trkpt lat="47.867658" lon="8.038731">
        <ele>1125.717548</ele>
        <time>2025-05-30T00:07:54.572Z</time>
      </trkpt>
      <trkpt lat="47.867865" lon="8.038533">
        <ele>1122.946483</ele>
        <time>2025-05-30T00:07:58.450Z</time>
      </trkpt>
      <trkpt lat="47.868030" lon="8.038259">
        <ele>1120.163550</ele>
        <time>2025-05-30T00:08:02.356Z</time>
      </trkpt>
      <trkpt lat="47.868198" lon="8.038070">
        <ele>1117.792196</ele>
        <time>2025-05-30T00:08:05.636Z</time>
      </trkpt>
      <trkpt lat="47.868268" lon="8.038043">
        <ele>1116.977552</ele>
        <time>2025-05-30T00:08:06.767Z</time>
      </trkpt>
      <trkpt lat="47.868463" lon="8.038042">
        <ele>1114.780528</ele>
        <time>2025-05-30T00:08:09.776Z</time>
      </trkpt>
      <trkpt lat="47.869230" lon="8.038310">
        <ele>1107.074685</ele>
        <time>2025-05-30T00:08:21.822Z</time>
      </trkpt>
      <trkpt lat="47.869299" lon="8.038362">
        <ele>1106.328037</ele>
        <time>2025-05-30T00:08:23.029Z</time>
      </trkpt>
      <trkpt lat="47.869461" lon="8.038579">
        <ele>1104.224788</ele>
        <time>2025-05-30T00:08:26.470Z</time>
      </trkpt>
      <trkpt lat="47.869554" lon="8.039073">
        <ele>1100.900943</ele>
        <time>2025-05-30T00:08:32.088Z</time>
      </trkpt>
      <trkpt lat="47.869700" lon="8.039589">
        <ele>1097.273037</ele>
        <time>2025-05-30T00:08:38.693Z</time>
      </trkpt>
      <trkpt lat="47.869774" lon="8.039724">
        <ele>1096.822745</ele>
        <time>2025-05-30T00:08:40.881Z</time>
      </trkpt>
      <trkpt lat="47.870005" lon="8.039880">
        <ele>1097.238896</ele>
        <time>2025-05-30T00:08:46.098Z</time>
      </trkpt>
      <trkpt lat="47.870195" lon="8.039907">
        <ele>1097.552097</ele>
        <time>2025-05-30T00:08:51.051Z</time>
      </trkpt>
      <trkpt lat="47.870351" lon="8.039973">
        <ele>1097.818201</ele>
        <time>2025-05-30T00:08:56.588Z</time>
      </trkpt>
      <trkpt lat="47.870497" lon="8.039490">
        <ele>1098.401369</ele>
        <time>2025-05-30T00:09:13.060Z</time>
      </trkpt>
      <trkpt lat="47.870787" lon="8.039182">
        <ele>1098.985677</ele>
        <time>2025-05-30T00:09:32.851Z</time>
      </trkpt>
      <trkpt lat="47.871558" lon="8.038870">
        <ele>1100.604695</ele>
        <time>2025-05-30T00:10:05.265Z</time>
      </trkpt>
      <trkpt lat="47.871701" lon="8.038839">
        <ele>1100.959446</ele>
        <time>2025-05-30T00:10:08.740Z</time>
      </trkpt>
      <trkpt lat="47.871787" lon="8.038875">
        <ele>1101.178737</ele>
        <time>2025-05-30T00:10:10.823Z</time>
      </trkpt>
      <trkpt lat="47.871860" lon="8.038922">
        <ele>1101.373947</ele>
        <time>2025-05-30T00:10:12.657Z</time>
      </trkpt>
      <trkpt lat="47.871915" lon="8.038958">
        <ele>1101.521411</ele>
        <time>2025-05-30T00:10:14.042Z</time>
      </trkpt>
      <trkpt lat="47.871953" lon="8.038993">
        <ele>1101.631068</ele>
        <time>2025-05-30T00:10:15.045Z</time>
      </trkpt>
      <trkpt lat="47.872116" lon="8.039402">
        <ele>1102.414495</ele>
        <time>2025-05-30T00:10:24.163Z</time>
      </trkpt>
      <trkpt lat="47.872294" lon="8.039576">
        <ele>1102.937041</ele>
        <time>2025-05-30T00:10:32.075Z</time>
      </trkpt>
      <trkpt lat="47.872455" lon="8.039821">
        <ele>1103.501837</ele>
        <time>2025-05-30T00:10:41.118Z</time>
      </trkpt>
      <trkpt lat="47.872642" lon="8.040196">
        <ele>1104.697235</ele>
        <time>2025-05-30T00:10:54.886Z</time>
      </trkpt>
      <trkpt lat="47.872816" lon="8.040325">
        <ele>1106.302713</ele>
        <time>2025-05-30T00:11:04.485Z</time>
      </trkpt>
      <trkpt lat="47.872948" lon="8.040415">
        <ele>1107.501895</ele>
        <time>2025-05-30T00:11:12.266Z</time>
      </trkpt>
      <trkpt lat="47.873095" lon="8.040605">
        <ele>1109.109249</ele>
        <time>2025-05-30T00:11:23.720Z</time>
      </trkpt>
      <trkpt lat="47.873508" lon="8.041580">
        <ele>1115.499581</ele>
        <time>2025-05-30T00:12:19.202Z</time>
      </trkpt>
      <trkpt lat="47.873799" lon="8.042050">
        <ele>1119.105414</ele>
        <time>2025-05-30T00:12:51.583Z</time>
      </trkpt>
      <trkpt lat="47.874316" lon="8.042733">
        <ele>1128.570332</ele>
        <time>2025-05-30T00:13:51.036Z</time>
      </trkpt>
      <trkpt lat="47.874601" lon="8.042971">
        <ele>1133.046245</ele>
        <time>2025-05-30T00:14:23.312Z</time>
      </trkpt>
      <trkpt lat="47.875000" lon="8.043161">
        <ele>1138.785383</ele>
        <time>2025-05-30T00:15:06.104Z</time>
      </trkpt>
      <trkpt lat="47.875111" lon="8.043074">
        <ele>1140.503659</ele>
        <time>2025-05-30T00:15:19.058Z</time>
      </trkpt>
      <trkpt lat="47.875373" lon="8.042867">
        <ele>1144.517940</ele>
        <time>2025-05-30T00:15:49.671Z</time>
      </trkpt>
      <trkpt lat="47.876023" lon="8.041942">
        <ele>1156.214476</ele>
        <time>2025-05-30T00:17:17.519Z</time>
      </trkpt>
      <trkpt lat="47.876402" lon="8.041343">
        <ele>1163.403911</ele>
        <time>2025-05-30T00:18:02.691Z</time>
      </trkpt>
      <trkpt lat="47.876648" lon="8.040994">
        <ele>1167.757666</ele>
        <time>2025-05-30T00:18:28.847Z</time>
      </trkpt>
      <trkpt lat="47.876844" lon="8.040772">
        <ele>1170.700857</ele>
        <time>2025-05-30T00:18:47.079Z</time>
      </trkpt>
      <trkpt lat="47.876949" lon="8.040581">
        <ele>1172.681442</ele>
        <time>2025-05-30T00:18:59.660Z</time>
      </trkpt>
      <trkpt lat="47.877074" lon="8.040246">
        <ele>1175.755880</ele>
        <time>2025-05-30T00:19:19.908Z</time>
      </trkpt>
      <trkpt lat="47.877153" lon="8.039845">
        <ele>1179.107723</ele>
        <time>2025-05-30T00:19:43.040Z</time>
      </trkpt>
      <trkpt lat="47.877194" lon="8.039450">
        <ele>1182.313294</ele>
        <time>2025-05-30T00:20:06.411Z</time>
      </trkpt>
      <trkpt lat="47.877182" lon="8.038984">
        <ele>1186.053321</ele>
        <time>2025-05-30T00:20:34.932Z</time>
      </trkpt>
      <trkpt lat="47.877060" lon="8.038498">
        <ele>1190.028155</ele>
        <time>2025-05-30T00:21:07.820Z</time>
      </trkpt>
      <trkpt lat="47.876917" lon="8.038058">
        <ele>1193.518357</ele>
        <time>2025-05-30T00:21:40.255Z</time>
      </trkpt>
      <trkpt lat="47.876843" lon="8.037682">
        <ele>1196.315566</ele>
        <time>2025-05-30T00:22:05.776Z</time>
      </trkpt>
      <trkpt lat="47.876799" lon="8.037200">
        <ele>1199.788011</ele>
        <time>2025-05-30T00:22:34.129Z</time>
      </trkpt>
      <trkpt lat="47.876798" lon="8.036826">
        <ele>1202.457807</ele>
        <time>2025-05-30T00:22:53.080Z</time>
      </trkpt>
      <trkpt lat="47.876835" lon="8.036450">
        <ele>1205.170591</ele>
        <time>2025-05-30T00:23:09.619Z</time>
      </trkpt>
      <trkpt lat="47.876919" lon="8.036111">
        <ele>1207.672440</ele>
        <time>2025-05-30T00:23:22.533Z</time>
      </trkpt>
      <trkpt lat="47.877105" lon="8.034921">
        <ele>1209.077778</ele>
        <time>2025-05-30T00:23:51.038Z</time>
      </trkpt>
      <trkpt lat="47.877471" lon="8.033757">
        <ele>1210.556343</ele>
        <time>2025-05-30T00:24:12.062Z</time>
      </trkpt>
      <trkpt lat="47.877671" lon="8.033220">
        <ele>1210.524576</ele>
        <time>2025-05-30T00:24:24.463Z</time>
      </trkpt>
      <trkpt lat="47.877925" lon="8.032736">
        <ele>1210.230002</ele>
        <time>2025-05-30T00:24:35.593Z</time>
      </trkpt>
      <trkpt lat="47.878181" lon="8.032539">
        <ele>1210.024116</ele>
        <time>2025-05-30T00:24:42.711Z</time>
      </trkpt>
      <trkpt lat="47.878355" lon="8.032479">
        <ele>1209.896483</ele>
        <time>2025-05-30T00:24:46.873Z</time>
      </trkpt>
      <trkpt lat="47.878853" lon="8.032606">
        <ele>1209.535412</ele>
        <time>2025-05-30T00:24:57.428Z</time>
      </trkpt>
      <trkpt lat="47.879163" lon="8.032735">
        <ele>1208.533563</ele>
        <time>2025-05-30T00:25:03.721Z</time>
      </trkpt>
      <trkpt lat="47.879283" lon="8.032745">
        <ele>1208.008372</ele>
        <time>2025-05-30T00:25:06.082Z</time>
      </trkpt>
      <trkpt lat="47.879473" lon="8.032620">
        <ele>1207.100882</ele>
        <time>2025-05-30T00:25:10.067Z</time>
      </trkpt>
      <trkpt lat="47.879615" lon="8.032578">
        <ele>1206.468283</ele>
        <time>2025-05-30T00:25:12.715Z</time>
      </trkpt>
      <trkpt lat="47.880023" lon="8.032644">
        <ele>1204.674954</ele>
        <time>2025-05-30T00:25:20.034Z</time>
      </trkpt>
      <trkpt lat="47.880443" lon="8.032468">
        <ele>1202.768543</ele>
        <time>2025-05-30T00:25:27.668Z</time>
      </trkpt>
      <trkpt lat="47.880902" lon="8.032523">
        <ele>1201.116233</ele>
        <time>2025-05-30T00:25:35.881Z</time>
      </trkpt>
      <trkpt lat="47.881328" lon="8.032576">
        <ele>1200.048261</ele>
        <time>2025-05-30T00:25:43.778Z</time>
      </trkpt>
      <trkpt lat="47.881594" lon="8.032562">
        <ele>1199.383300</ele>
        <time>2025-05-30T00:25:48.721Z</time>
      </trkpt>
      <trkpt lat="47.881870" lon="8.032464">
        <ele>1198.674489</ele>
        <time>2025-05-30T00:25:54.266Z</time>
      </trkpt>
      <trkpt lat="47.882001" lon="8.032270">
        <ele>1198.213223</ele>
        <time>2025-05-30T00:25:58.319Z</time>
      </trkpt>
      <trkpt lat="47.882039" lon="8.032065">
        <ele>1197.856866</ele>
        <time>2025-05-30T00:26:01.765Z</time>
      </trkpt>
      <trkpt lat="47.882001" lon="8.031449">
        <ele>1197.281419</ele>
        <time>2025-05-30T00:26:14.267Z</time>
      </trkpt>
      <trkpt lat="47.882051" lon="8.030997">
        <ele>1197.765533</ele>
        <time>2025-05-30T00:26:25.047Z</time>
      </trkpt>
      <trkpt lat="47.881962" lon="8.029772">
        <ele>1199.067650</ele>
        <time>2025-05-30T00:26:53.929Z</time>
      </trkpt>
      <trkpt lat="47.881916" lon="8.029461">
        <ele>1199.404204</ele>
        <time>2025-05-30T00:27:00.826Z</time>
      </trkpt>
      <trkpt lat="47.881953" lon="8.028925">
        <ele>1199.954771</ele>
        <time>2025-05-30T00:27:12.098Z</time>
      </trkpt>
      <trkpt lat="47.881837" lon="8.027500">
        <ele>1200.685164</ele>
        <time>2025-05-30T00:27:42.420Z</time>
      </trkpt>
      <trkpt lat="47.881838" lon="8.026979">
        <ele>1200.950261</ele>
        <time>2025-05-30T00:27:52.283Z</time>
      </trkpt>
      <trkpt lat="47.881833" lon="8.026678">
        <ele>1201.103464</ele>
        <time>2025-05-30T00:27:57.509Z</time>
      </trkpt>
      <trkpt lat="47.881911" lon="8.026189">
        <ele>1201.132312</ele>
        <time>2025-05-30T00:28:05.493Z</time>
      </trkpt>
      <trkpt lat="47.881997" lon="8.025197">
        <ele>1199.627551</ele>
        <time>2025-05-30T00:28:20.931Z</time>
      </trkpt>
      <trkpt lat="47.882052" lon="8.024933">
        <ele>1199.211674</ele>
        <time>2025-05-30T00:28:24.557Z</time>
      </trkpt>
      <trkpt lat="47.882194" lon="8.024623">
        <ele>1198.646921</ele>
        <time>2025-05-30T00:28:29.287Z</time>
      </trkpt>
      <trkpt lat="47.882315" lon="8.024416">
        <ele>1198.233833</ele>
        <time>2025-05-30T00:28:32.732Z</time>
      </trkpt>
      <trkpt lat="47.882395" lon="8.024356">
        <ele>1198.032961</ele>
        <time>2025-05-30T00:28:35.399Z</time>
      </trkpt>
      <trkpt lat="47.882497" lon="8.024326">
        <ele>1197.799753</ele>
        <time>2025-05-30T00:28:37.316Z</time>
      </trkpt>
      <trkpt lat="47.882690" lon="8.024402">
        <ele>1197.351986</ele>
        <time>2025-05-30T00:28:41.017Z</time>
      </trkpt>
      <trkpt lat="47.882965" lon="8.024689">
        <ele>1196.892832</ele>
        <time>2025-05-30T00:28:47.429Z</time>
      </trkpt>
      <trkpt lat="47.883102" lon="8.024765">
        <ele>1196.709101</ele>
        <time>2025-05-30T00:28:50.353Z</time>
      </trkpt>
      <trkpt lat="47.883615" lon="8.024880">
        <ele>1196.057049</ele>
        <time>2025-05-30T00:29:01.059Z</time>
      </trkpt>
      <trkpt lat="47.884001" lon="8.024928">
        <ele>1195.570189</ele>
        <time>2025-05-30T00:29:09.963Z</time>
      </trkpt>
      <trkpt lat="47.884167" lon="8.024767">
        <ele>1195.321285</ele>
        <time>2025-05-30T00:29:15.865Z</time>
      </trkpt>
      <trkpt lat="47.884248" lon="8.024458">
        <ele>1195.041626</ele>
        <time>2025-05-30T00:29:23.455Z</time>
      </trkpt>
      <trkpt lat="47.884384" lon="8.024254">
        <ele>1194.550772</ele>
        <time>2025-05-30T00:29:29.887Z</time>
      </trkpt>
      <trkpt lat="47.884825" lon="8.024014">
        <ele>1193.253839</ele>
        <time>2025-05-30T00:29:43.451Z</time>
      </trkpt>
      <trkpt lat="47.884969" lon="8.023959">
        <ele>1192.843176</ele>
        <time>2025-05-30T00:29:46.755Z</time>
      </trkpt>
      <trkpt lat="47.885199" lon="8.023766">
        <ele>1192.114067</ele>
        <time>2025-05-30T00:29:52.002Z</time>
      </trkpt>
      <trkpt lat="47.885310" lon="8.023419">
        <ele>1191.401795</ele>
        <time>2025-05-30T00:29:56.837Z</time>
      </trkpt>
      <trkpt lat="47.885370" lon="8.023060">
        <ele>1190.716340</ele>
        <time>2025-05-30T00:30:01.114Z</time>
      </trkpt>
      <trkpt lat="47.885431" lon="8.023131">
        <ele>1190.502560</ele>
        <time>2025-05-30T00:30:02.413Z</time>
      </trkpt>
      <trkpt lat="47.885555" lon="8.023205">
        <ele>1190.133576</ele>
        <time>2025-05-30T00:30:04.614Z</time>
      </trkpt>
      <trkpt lat="47.885719" lon="8.023234">
        <ele>1189.183682</ele>
        <time>2025-05-30T00:30:07.305Z</time>
      </trkpt>
      <trkpt lat="47.885911" lon="8.023036">
        <ele>1187.654824</ele>
        <time>2025-05-30T00:30:11.033Z</time>
      </trkpt>
      <trkpt lat="47.886081" lon="8.022690">
        <ele>1185.770991</ele>
        <time>2025-05-30T00:30:15.596Z</time>
      </trkpt>
      <trkpt lat="47.886279" lon="8.022414">
        <ele>1183.995907</ele>
        <time>2025-05-30T00:30:19.976Z</time>
      </trkpt>
      <trkpt lat="47.886803" lon="8.021957">
        <ele>1180.020272</ele>
        <time>2025-05-30T00:30:30.399Z</time>
      </trkpt>
      <trkpt lat="47.886896" lon="8.021921">
        <ele>1179.391008</ele>
        <time>2025-05-30T00:30:32.233Z</time>
      </trkpt>
      <trkpt lat="47.887024" lon="8.021926">
        <ele>1178.552420</ele>
        <time>2025-05-30T00:30:34.822Z</time>
      </trkpt>
      <trkpt lat="47.887146" lon="8.021986">
        <ele>1178.354661</ele>
        <time>2025-05-30T00:30:37.705Z</time>
      </trkpt>
      <trkpt lat="47.887273" lon="8.022108">
        <ele>1178.530013</ele>
        <time>2025-05-30T00:30:41.660Z</time>
      </trkpt>
      <trkpt lat="47.887770" lon="8.022761">
        <ele>1179.298866</ele>
        <time>2025-05-30T00:31:06.788Z</time>
      </trkpt>
      <trkpt lat="47.887941" lon="8.022860">
        <ele>1179.511783</ele>
        <time>2025-05-30T00:31:14.816Z</time>
      </trkpt>
      <trkpt lat="47.888081" lon="8.022862">
        <ele>1179.674293</ele>
        <time>2025-05-30T00:31:20.872Z</time>
      </trkpt>
      <trkpt lat="47.888345" lon="8.022806">
        <ele>1179.983809</ele>
        <time>2025-05-30T00:31:31.408Z</time>
      </trkpt>
      <trkpt lat="47.888512" lon="8.022680">
        <ele>1180.201048</ele>
        <time>2025-05-30T00:31:37.639Z</time>
      </trkpt>
      <trkpt lat="47.888880" lon="8.022229">
        <ele>1179.667908</ele>
        <time>2025-05-30T00:31:49.114Z</time>
      </trkpt>
      <trkpt lat="47.889026" lon="8.022111">
        <ele>1179.348123</ele>
        <time>2025-05-30T00:31:52.619Z</time>
      </trkpt>
      <trkpt lat="47.889950" lon="8.021694">
        <ele>1177.489105</ele>
        <time>2025-05-30T00:32:11.605Z</time>
      </trkpt>
      <trkpt lat="47.890583" lon="8.021303">
        <ele>1175.344798</ele>
        <time>2025-05-30T00:32:25.075Z</time>
      </trkpt>
      <trkpt lat="47.891103" lon="8.020949">
        <ele>1172.969013</ele>
        <time>2025-05-30T00:32:35.680Z</time>
      </trkpt>
      <trkpt lat="47.891580" lon="8.020406">
        <ele>1170.474916</ele>
        <time>2025-05-30T00:32:46.790Z</time>
      </trkpt>
      <trkpt lat="47.892228" lon="8.019900">
        <ele>1167.646307</ele>
        <time>2025-05-30T00:32:59.586Z</time>
      </trkpt>
      <trkpt lat="47.892467" lon="8.019641">
        <ele>1166.550134</ele>
        <time>2025-05-30T00:33:04.800Z</time>
      </trkpt>
      <trkpt lat="47.892866" lon="8.019092">
        <ele>1164.535864</ele>
        <time>2025-05-30T00:33:14.879Z</time>
      </trkpt>
      <trkpt lat="47.893036" lon="8.018903">
        <ele>1163.749121</ele>
        <time>2025-05-30T00:33:19.083Z</time>
      </trkpt>
      <trkpt lat="47.893253" lon="8.018753">
        <ele>1162.861687</ele>
        <time>2025-05-30T00:33:24.203Z</time>
      </trkpt>
      <trkpt lat="47.893476" lon="8.018647">
        <ele>1163.249509</ele>
        <time>2025-05-30T00:33:29.660Z</time>
      </trkpt>
      <trkpt lat="47.893959" lon="8.018490">
        <ele>1164.531846</ele>
        <time>2025-05-30T00:33:46.585Z</time>
      </trkpt>
      <trkpt lat="47.895153" lon="8.018274">
        <ele>1167.660856</ele>
        <time>2025-05-30T00:34:41.088Z</time>
      </trkpt>
      <trkpt lat="47.895720" lon="8.018293">
        <ele>1169.184388</ele>
        <time>2025-05-30T00:35:07.103Z</time>
      </trkpt>
      <trkpt lat="47.895878" lon="8.018338">
        <ele>1169.616497</ele>
        <time>2025-05-30T00:35:14.181Z</time>
      </trkpt>
      <trkpt lat="47.896099" lon="8.018453">
        <ele>1170.245271</ele>
        <time>2025-05-30T00:35:23.481Z</time>
      </trkpt>
      <trkpt lat="47.896370" lon="8.018709">
        <ele>1171.107000</ele>
        <time>2025-05-30T00:35:34.319Z</time>
      </trkpt>
      <trkpt lat="47.896607" lon="8.019062">
        <ele>1172.006759</ele>
        <time>2025-05-30T00:35:43.804Z</time>
      </trkpt>
      <trkpt lat="47.896791" lon="8.019412">
        <ele>1172.439944</ele>
        <time>2025-05-30T00:35:51.694Z</time>
      </trkpt>
      <trkpt lat="47.897009" lon="8.019892">
        <ele>1172.819205</ele>
        <time>2025-05-30T00:36:02.036Z</time>
      </trkpt>
      <trkpt lat="47.897152" lon="8.020328">
        <ele>1173.136720</ele>
        <time>2025-05-30T00:36:12.074Z</time>
      </trkpt>
      <trkpt lat="47.897209" lon="8.020689">
        <ele>1173.379334</ele>
        <time>2025-05-30T00:36:20.121Z</time>
      </trkpt>
      <trkpt lat="47.897195" lon="8.021011">
        <ele>1173.590418</ele>
        <time>2025-05-30T00:36:27.370Z</time>
      </trkpt>
      <trkpt lat="47.897104" lon="8.021337">
        <ele>1173.821421</ele>
        <time>2025-05-30T00:36:35.582Z</time>
      </trkpt>
      <trkpt lat="47.896707" lon="8.022015">
        <ele>1171.968460</ele>
        <time>2025-05-30T00:36:52.704Z</time>
      </trkpt>
      <trkpt lat="47.896491" lon="8.022464">
        <ele>1170.254102</ele>
        <time>2025-05-30T00:37:00.492Z</time>
      </trkpt>
      <trkpt lat="47.896447" lon="8.022672">
        <ele>1169.577481</ele>
        <time>2025-05-30T00:37:03.256Z</time>
      </trkpt>
      <trkpt lat="47.896467" lon="8.022856">
        <ele>1168.999216</ele>
        <time>2025-05-30T00:37:05.498Z</time>
      </trkpt>
      <trkpt lat="47.896610" lon="8.023057">
        <ele>1168.090040</ele>
        <time>2025-05-30T00:37:08.847Z</time>
      </trkpt>
      <trkpt lat="47.897887" lon="8.023679">
        <ele>1159.378724</ele>
        <time>2025-05-30T00:37:30.155Z</time>
      </trkpt>
      <trkpt lat="47.898344" lon="8.023985">
        <ele>1155.534074</ele>
        <time>2025-05-30T00:37:38.448Z</time>
      </trkpt>
      <trkpt lat="47.899084" lon="8.024600">
        <ele>1152.116948</ele>
        <time>2025-05-30T00:37:54.651Z</time>
      </trkpt>
      <trkpt lat="47.899416" lon="8.024972">
        <ele>1152.408536</ele>
        <time>2025-05-30T00:38:05.913Z</time>
      </trkpt>
      <trkpt lat="47.899652" lon="8.025350">
        <ele>1152.651709</ele>
        <time>2025-05-30T00:38:17.630Z</time>
      </trkpt>
      <trkpt lat="47.899786" lon="8.025780">
        <ele>1152.874947</ele>
        <time>2025-05-30T00:38:30.042Z</time>
      </trkpt>
      <trkpt lat="47.899818" lon="8.026372">
        <ele>1153.223523</ele>
        <time>2025-05-30T00:38:47.246Z</time>
      </trkpt>
      <trkpt lat="47.899839" lon="8.027775">
        <ele>1155.259602</ele>
        <time>2025-05-30T00:39:25.921Z</time>
      </trkpt>
      <trkpt lat="47.899848" lon="8.028393">
        <ele>1156.156451</ele>
        <time>2025-05-30T00:39:39.540Z</time>
      </trkpt>
      <trkpt lat="47.899749" lon="8.029208">
        <ele>1156.784447</ele>
        <time>2025-05-30T00:39:55.510Z</time>
      </trkpt>
      <trkpt lat="47.899551" lon="8.029905">
        <ele>1156.052647</ele>
        <time>2025-05-30T00:40:06.978Z</time>
      </trkpt>
      <trkpt lat="47.899327" lon="8.030252">
        <ele>1155.586968</ele>
        <time>2025-05-30T00:40:13.594Z</time>
      </trkpt>
      <trkpt lat="47.898992" lon="8.030599">
        <ele>1154.998860</ele>
        <time>2025-05-30T00:40:21.472Z</time>
      </trkpt>
      <trkpt lat="47.898981" lon="8.030755">
        <ele>1154.847217</ele>
        <time>2025-05-30T00:40:23.507Z</time>
      </trkpt>
      <trkpt lat="47.899026" lon="8.031070">
        <ele>1154.535858</ele>
        <time>2025-05-30T00:40:27.790Z</time>
      </trkpt>
      <trkpt lat="47.899378" lon="8.031643">
        <ele>1153.950412</ele>
        <time>2025-05-30T00:40:39.024Z</time>
      </trkpt>
      <trkpt lat="47.899455" lon="8.031828">
        <ele>1153.794824</ele>
        <time>2025-05-30T00:40:42.678Z</time>
      </trkpt>
      <trkpt lat="47.899473" lon="8.032031">
        <ele>1153.648514</ele>
        <time>2025-05-30T00:40:46.412Z</time>
      </trkpt>
      <trkpt lat="47.899457" lon="8.032667">
        <ele>1153.193762</ele>
        <time>2025-05-30T00:40:59.475Z</time>
      </trkpt>
      <trkpt lat="47.899505" lon="8.033285">
        <ele>1152.749237</ele>
        <time>2025-05-30T00:41:09.832Z</time>
      </trkpt>
      <trkpt lat="47.899492" lon="8.034021">
        <ele>1150.911418</ele>
        <time>2025-05-30T00:41:19.388Z</time>
      </trkpt>
      <trkpt lat="47.899503" lon="8.034120">
        <ele>1150.504079</ele>
        <time>2025-05-30T00:41:20.580Z</time>
      </trkpt>
      <trkpt lat="47.899583" lon="8.034210">
        <ele>1149.897391</ele>
        <time>2025-05-30T00:41:22.328Z</time>
      </trkpt>
      <trkpt lat="47.899671" lon="8.034257">
        <ele>1149.331465</ele>
        <time>2025-05-30T00:41:23.965Z</time>
      </trkpt>
      <trkpt lat="47.899793" lon="8.034222">
        <ele>1148.579272</ele>
        <time>2025-05-30T00:41:26.099Z</time>
      </trkpt>
      <trkpt lat="47.900374" lon="8.033573">
        <ele>1144.184498</ele>
        <time>2025-05-30T00:41:38.088Z</time>
      </trkpt>
      <trkpt lat="47.901292" lon="8.032980">
        <ele>1139.412764</ele>
        <time>2025-05-30T00:41:55.234Z</time>
      </trkpt>
      <trkpt lat="47.902314" lon="8.032048">
        <ele>1134.834105</ele>
        <time>2025-05-30T00:42:19.294Z</time>
      </trkpt>
      <trkpt lat="47.903317" lon="8.031221">
        <ele>1133.959605</ele>
        <time>2025-05-30T00:42:43.524Z</time>
      </trkpt>
      <trkpt lat="47.903833" lon="8.030935">
        <ele>1133.577177</ele>
        <time>2025-05-30T00:42:58.419Z</time>
      </trkpt>
      <trkpt lat="47.904295" lon="8.030920">
        <ele>1134.268386</ele>
        <time>2025-05-30T00:43:13.873Z</time>
      </trkpt>
      <trkpt lat="47.904552" lon="8.030978">
        <ele>1134.873389</ele>
        <time>2025-05-30T00:43:23.899Z</time>
      </trkpt>
      <trkpt lat="47.904819" lon="8.031091">
        <ele>1135.519389</ele>
        <time>2025-05-30T00:43:35.083Z</time>
      </trkpt>
      <trkpt lat="47.905223" lon="8.031398">
        <ele>1136.574723</ele>
        <time>2025-05-30T00:43:53.488Z</time>
      </trkpt>
      <trkpt lat="47.905819" lon="8.032084">
        <ele>1137.742100</ele>
        <time>2025-05-30T00:44:20.701Z</time>
      </trkpt>
      <trkpt lat="47.906568" lon="8.033599">
        <ele>1138.042979</ele>
        <time>2025-05-30T00:44:58.112Z</time>
      </trkpt>
      <trkpt lat="47.906784" lon="8.033759">
        <ele>1138.100480</ele>
        <time>2025-05-30T00:45:02.816Z</time>
      </trkpt>
      <trkpt lat="47.907048" lon="8.033801">
        <ele>1137.197265</ele>
        <time>2025-05-30T00:45:07.741Z</time>
      </trkpt>
      <trkpt lat="47.907275" lon="8.033723">
        <ele>1136.351674</ele>
        <time>2025-05-30T00:45:11.894Z</time>
      </trkpt>
      <trkpt lat="47.907354" lon="8.033643">
        <ele>1136.005072</ele>
        <time>2025-05-30T00:45:13.593Z</time>
      </trkpt>
      <trkpt lat="47.907479" lon="8.033501">
        <ele>1135.434736</ele>
        <time>2025-05-30T00:45:16.382Z</time>
      </trkpt>
      <trkpt lat="47.907580" lon="8.033295">
        <ele>1134.813703</ele>
        <time>2025-05-30T00:45:19.434Z</time>
      </trkpt>
      <trkpt lat="47.907768" lon="8.032431">
        <ele>1132.603339</ele>
        <time>2025-05-30T00:45:30.364Z</time>
      </trkpt>
      <trkpt lat="47.907880" lon="8.032160">
        <ele>1131.828657</ele>
        <time>2025-05-30T00:45:34.473Z</time>
      </trkpt>
      <trkpt lat="47.908133" lon="8.031832">
        <ele>1131.431943</ele>
        <time>2025-05-30T00:45:42.084Z</time>
      </trkpt>
      <trkpt lat="47.908928" lon="8.030936">
        <ele>1130.894386</ele>
        <time>2025-05-30T00:46:13.301Z</time>
      </trkpt>
      <trkpt lat="47.909282" lon="8.030282">
        <ele>1130.508918</ele>
        <time>2025-05-30T00:46:25.590Z</time>
      </trkpt>
      <trkpt lat="47.909419" lon="8.029562">
        <ele>1128.697487</ele>
        <time>2025-05-30T00:46:35.423Z</time>
      </trkpt>
      <trkpt lat="47.909431" lon="8.029085">
        <ele>1127.542215</ele>
        <time>2025-05-30T00:46:41.237Z</time>
      </trkpt>
      <trkpt lat="47.909394" lon="8.028760">
        <ele>1126.744370</ele>
        <time>2025-05-30T00:46:45.200Z</time>
      </trkpt>
      <trkpt lat="47.909241" lon="8.028408">
        <ele>1125.729005</ele>
        <time>2025-05-30T00:46:50.217Z</time>
      </trkpt>
      <trkpt lat="47.909020" lon="8.027824">
        <ele>1124.107567</ele>
        <time>2025-05-30T00:46:58.543Z</time>
      </trkpt>
      <trkpt lat="47.908648" lon="8.027145">
        <ele>1122.779181</ele>
        <time>2025-05-30T00:47:10.374Z</time>
      </trkpt>
      <trkpt lat="47.908041" lon="8.026197">
        <ele>1120.793276</ele>
        <time>2025-05-30T00:47:28.187Z</time>
      </trkpt>
      <trkpt lat="47.907578" lon="8.025462">
        <ele>1120.110780</ele>
        <time>2025-05-30T00:47:43.206Z</time>
      </trkpt>
      <trkpt lat="47.907356" lon="8.025109">
        <ele>1120.171879</ele>
        <time>2025-05-30T00:47:50.827Z</time>
      </trkpt>
      <trkpt lat="47.906932" lon="8.024243">
        <ele>1120.307246</ele>
        <time>2025-05-30T00:48:11.370Z</time>
      </trkpt>
      <trkpt lat="47.906933" lon="8.024120">
        <ele>1120.322773</ele>
        <time>2025-05-30T00:48:14.331Z</time>
      </trkpt>
      <trkpt lat="47.906889" lon="8.023833">
        <ele>1120.359936</ele>
        <time>2025-05-30T00:48:20.486Z</time>
      </trkpt>
      <trkpt lat="47.906888" lon="8.023586">
        <ele>1120.401418</ele>
        <time>2025-05-30T00:48:25.148Z</time>
      </trkpt>
      <trkpt lat="47.907039" lon="8.023036">
        <ele>1120.592435</ele>
        <time>2025-05-30T00:48:36.412Z</time>
      </trkpt>
      <trkpt lat="47.907136" lon="8.022787">
        <ele>1120.684994</ele>
        <time>2025-05-30T00:48:41.828Z</time>
      </trkpt>
      <trkpt lat="47.907205" lon="8.022460">
        <ele>1120.795173</ele>
        <time>2025-05-30T00:48:48.364Z</time>
      </trkpt>
      <trkpt lat="47.907240" lon="8.021601">
        <ele>1121.071757</ele>
        <time>2025-05-30T00:49:02.929Z</time>
      </trkpt>
      <trkpt lat="47.907323" lon="8.021163">
        <ele>1121.218043</ele>
        <time>2025-05-30T00:49:10.301Z</time>
      </trkpt>
      <trkpt lat="47.907422" lon="8.020919">
        <ele>1121.457428</ele>
        <time>2025-05-30T00:49:15.018Z</time>
      </trkpt>
      <trkpt lat="47.907624" lon="8.020614">
        <ele>1121.918856</ele>
        <time>2025-05-30T00:49:22.874Z</time>
      </trkpt>
      <trkpt lat="47.908115" lon="8.019667">
        <ele>1123.207291</ele>
        <time>2025-05-30T00:49:49.494Z</time>
      </trkpt>
      <trkpt lat="47.908265" lon="8.019559">
        <ele>1123.474692</ele>
        <time>2025-05-30T00:49:55.396Z</time>
      </trkpt>
      <trkpt lat="47.908617" lon="8.019559">
        <ele>1124.039819</ele>
        <time>2025-05-30T00:50:07.925Z</time>
      </trkpt>
      <trkpt lat="47.908713" lon="8.019500">
        <ele>1124.247567</ele>
        <time>2025-05-30T00:50:11.716Z</time>
      </trkpt>
      <trkpt lat="47.908803" lon="8.019435">
        <ele>1124.499609</ele>
        <time>2025-05-30T00:50:15.500Z</time>
      </trkpt>
      <trkpt lat="47.909060" lon="8.019054">
        <ele>1125.412868</ele>
        <time>2025-05-30T00:50:31.242Z</time>
      </trkpt>
      <trkpt lat="47.909201" lon="8.018892">
        <ele>1125.861459</ele>
        <time>2025-05-30T00:50:39.556Z</time>
      </trkpt>
      <trkpt lat="47.909391" lon="8.018758">
        <ele>1126.391196</ele>
        <time>2025-05-30T00:50:48.774Z</time>
      </trkpt>
      <trkpt lat="47.909558" lon="8.018747">
        <ele>1126.812550</ele>
        <time>2025-05-30T00:50:55.659Z</time>
      </trkpt>
      <trkpt lat="47.909806" lon="8.018814">
        <ele>1127.447831</ele>
        <time>2025-05-30T00:51:05.310Z</time>
      </trkpt>
      <trkpt lat="47.909957" lon="8.018904">
        <ele>1127.857696</ele>
        <time>2025-05-30T00:51:11.161Z</time>
      </trkpt>
      <trkpt lat="47.910218" lon="8.019060">
        <ele>1128.566412</ele>
        <time>2025-05-30T00:51:20.924Z</time>
      </trkpt>
      <trkpt lat="47.911469" lon="8.020128">
        <ele>1127.764937</ele>
        <time>2025-05-30T00:51:53.980Z</time>
      </trkpt>
      <trkpt lat="47.912376" lon="8.020937">
        <ele>1126.493506</ele>
        <time>2025-05-30T00:52:16.136Z</time>
      </trkpt>
      <trkpt lat="47.912679" lon="8.021327">
        <ele>1125.877181</ele>
        <time>2025-05-30T00:52:24.583Z</time>
      </trkpt>
      <trkpt lat="47.912912" lon="8.021684">
        <ele>1125.362799</ele>
        <time>2025-05-30T00:52:31.728Z</time>
      </trkpt>
      <trkpt lat="47.913257" lon="8.022245">
        <ele>1124.578078</ele>
        <time>2025-05-30T00:52:43.063Z</time>
      </trkpt>
      <trkpt lat="47.913458" lon="8.022621">
        <ele>1124.085355</ele>
        <time>2025-05-30T00:52:49.991Z</time>
      </trkpt>
      <trkpt lat="47.913620" lon="8.022783">
        <ele>1123.787261</ele>
        <time>2025-05-30T00:52:54.131Z</time>
      </trkpt>
      <trkpt lat="47.915585" lon="8.023555">
        <ele>1120.345410</ele>
        <time>2025-05-30T00:53:37.167Z</time>
      </trkpt>
      <trkpt lat="47.915999" lon="8.023868">
        <ele>1119.453772</ele>
        <time>2025-05-30T00:53:46.547Z</time>
      </trkpt>
      <trkpt lat="47.916374" lon="8.024267">
        <ele>1118.568921</ele>
        <time>2025-05-30T00:53:55.997Z</time>
      </trkpt>
      <trkpt lat="47.916507" lon="8.023847">
        <ele>1117.924463</ele>
        <time>2025-05-30T00:54:02.392Z</time>
      </trkpt>
      <trkpt lat="47.916598" lon="8.023744">
        <ele>1117.686958</ele>
        <time>2025-05-30T00:54:04.785Z</time>
      </trkpt>
      <trkpt lat="47.917021" lon="8.023238">
        <ele>1116.559622</ele>
        <time>2025-05-30T00:54:16.609Z</time>
      </trkpt>
      <trkpt lat="47.917205" lon="8.023141">
        <ele>1116.153843</ele>
        <time>2025-05-30T00:54:21.334Z</time>
      </trkpt>
      <trkpt lat="47.917422" lon="8.023162">
        <ele>1115.701676</ele>
        <time>2025-05-30T00:54:26.564Z</time>
      </trkpt>
      <trkpt lat="47.917602" lon="8.023004">
        <ele>1115.267431</ele>
        <time>2025-05-30T00:54:31.198Z</time>
      </trkpt>
      <trkpt lat="47.917745" lon="8.022326">
        <ele>1112.075971</ele>
        <time>2025-05-30T00:54:40.138Z</time>
      </trkpt>
      <trkpt lat="47.917884" lon="8.022065">
        <ele>1109.632702</ele>
        <time>2025-05-30T00:54:43.917Z</time>
      </trkpt>
      <trkpt lat="47.918065" lon="8.021888">
        <ele>1107.266153</ele>
        <time>2025-05-30T00:54:47.407Z</time>
      </trkpt>
      <trkpt lat="47.918527" lon="8.021623">
        <ele>1101.853484</ele>
        <time>2025-05-30T00:54:55.069Z</time>
      </trkpt>
      <trkpt lat="47.918777" lon="8.021600">
        <ele>1099.114404</ele>
        <time>2025-05-30T00:54:58.830Z</time>
      </trkpt>
      <trkpt lat="47.919011" lon="8.021626">
        <ele>1096.548399</ele>
        <time>2025-05-30T00:55:02.338Z</time>
      </trkpt>
      <trkpt lat="47.919574" lon="8.021592">
        <ele>1090.159198</ele>
        <time>2025-05-30T00:55:10.873Z</time>
      </trkpt>
      <trkpt lat="47.919772" lon="8.021549">
        <ele>1087.866107</ele>
        <time>2025-05-30T00:55:13.996Z</time>
      </trkpt>
      <trkpt lat="47.920043" lon="8.021230">
        <ele>1083.910243</ele>
        <time>2025-05-30T00:55:19.568Z</time>
      </trkpt>
      <trkpt lat="47.920299" lon="8.020873">
        <ele>1079.894542</ele>
        <time>2025-05-30T00:55:25.406Z</time>
      </trkpt>
      <trkpt lat="47.920526" lon="8.020671">
        <ele>1076.865520</ele>
        <time>2025-05-30T00:55:29.758Z</time>
      </trkpt>
      <trkpt lat="47.920800" lon="8.020197">
        <ele>1071.626498</ele>
        <time>2025-05-30T00:55:36.449Z</time>
      </trkpt>
      <trkpt lat="47.921042" lon="8.019927">
        <ele>1067.554681</ele>
        <time>2025-05-30T00:55:41.085Z</time>
      </trkpt>
      <trkpt lat="47.921593" lon="8.019942">
        <ele>1060.128471</ele>
        <time>2025-05-30T00:55:49.351Z</time>
      </trkpt>
      <trkpt lat="47.921807" lon="8.019984">
        <ele>1057.219889</ele>
        <time>2025-05-30T00:55:52.596Z</time>
      </trkpt>
      <trkpt lat="47.921991" lon="8.020079">
        <ele>1054.596185</ele>
        <time>2025-05-30T00:55:55.553Z</time>
      </trkpt>
      <trkpt lat="47.922301" lon="8.020028">
        <ele>1050.393484</ele>
        <time>2025-05-30T00:56:00.359Z</time>
      </trkpt>
      <trkpt lat="47.922494" lon="8.019931">
        <ele>1048.373043</ele>
        <time>2025-05-30T00:56:03.586Z</time>
      </trkpt>
      <trkpt lat="47.922740" lon="8.019715">
        <ele>1045.587677</ele>
        <time>2025-05-30T00:56:08.217Z</time>
      </trkpt>
      <trkpt lat="47.922914" lon="8.019529">
        <ele>1043.498965</ele>
        <time>2025-05-30T00:56:11.817Z</time>
      </trkpt>
      <trkpt lat="47.923261" lon="8.018994">
        <ele>1038.629971</ele>
        <time>2025-05-30T00:56:20.344Z</time>
      </trkpt>
      <trkpt lat="47.923403" lon="8.018876">
        <ele>1037.043880</ele>
        <time>2025-05-30T00:56:23.088Z</time>
      </trkpt>
      <trkpt lat="47.923514" lon="8.018838">
        <ele>1035.932535</ele>
        <time>2025-05-30T00:56:24.977Z</time>
      </trkpt>
      <trkpt lat="47.923924" lon="8.018968">
        <ele>1031.432573</ele>
        <time>2025-05-30T00:56:31.589Z</time>
      </trkpt>
      <trkpt lat="47.924097" lon="8.019077">
        <ele>1028.746188</ele>
        <time>2025-05-30T00:56:34.469Z</time>
      </trkpt>
      <trkpt lat="47.924458" lon="8.019098">
        <ele>1023.578004</ele>
        <time>2025-05-30T00:56:39.927Z</time>
      </trkpt>
      <trkpt lat="47.924611" lon="8.019220">
        <ele>1021.096410</ele>
        <time>2025-05-30T00:56:42.521Z</time>
      </trkpt>
      <trkpt lat="47.924955" lon="8.019410">
        <ele>1015.849096</ele>
        <time>2025-05-30T00:56:48.043Z</time>
      </trkpt>
      <trkpt lat="47.925531" lon="8.019417">
        <ele>1007.608893</ele>
        <time>2025-05-30T00:56:56.779Z</time>
      </trkpt>
      <trkpt lat="47.926015" lon="8.019571">
        <ele>1000.405361</ele>
        <time>2025-05-30T00:57:04.444Z</time>
      </trkpt>
      <trkpt lat="47.926131" lon="8.019535">
        <ele>998.677881</ele>
        <time>2025-05-30T00:57:06.281Z</time>
      </trkpt>
      <trkpt lat="47.926581" lon="8.019030">
        <ele>990.468738</ele>
        <time>2025-05-30T00:57:14.815Z</time>
      </trkpt>
      <trkpt lat="47.926994" lon="8.018636">
        <ele>983.321930</ele>
        <time>2025-05-30T00:57:22.183Z</time>
      </trkpt>
      <trkpt lat="47.927203" lon="8.018508">
        <ele>980.083715</ele>
        <time>2025-05-30T00:57:25.600Z</time>
      </trkpt>
      <trkpt lat="47.927380" lon="8.018630">
        <ele>977.455312</ele>
        <time>2025-05-30T00:57:28.603Z</time>
      </trkpt>
      <trkpt lat="47.927486" lon="8.018524">
        <ele>975.735141</ele>
        <time>2025-05-30T00:57:30.574Z</time>
      </trkpt>
      <trkpt lat="47.927545" lon="8.018389">
        <ele>974.279164</ele>
        <time>2025-05-30T00:57:32.261Z</time>
      </trkpt>
      <trkpt lat="47.927571" lon="8.018197">
        <ele>972.509683</ele>
        <time>2025-05-30T00:57:34.298Z</time>
      </trkpt>
      <trkpt lat="47.927546" lon="8.017986">
        <ele>970.574063</ele>
        <time>2025-05-30T00:57:36.519Z</time>
      </trkpt>
      <trkpt lat="47.927396" lon="8.017729">
        <ele>967.495252</ele>
        <time>2025-05-30T00:57:40.014Z</time>
      </trkpt>
      <trkpt lat="47.927163" lon="8.017285">
        <ele>962.400765</ele>
        <time>2025-05-30T00:57:45.886Z</time>
      </trkpt>
      <trkpt lat="47.927036" lon="8.016604">
        <ele>956.014716</ele>
        <time>2025-05-30T00:57:53.275Z</time>
      </trkpt>
      <trkpt lat="47.926907" lon="8.015679">
        <ele>947.472450</ele>
        <time>2025-05-30T00:58:02.868Z</time>
      </trkpt>
      <trkpt lat="47.926746" lon="8.015045">
        <ele>941.342525</ele>
        <time>2025-05-30T00:58:09.660Z</time>
      </trkpt>
      <trkpt lat="47.926638" lon="8.014829">
        <ele>938.905873</ele>
        <time>2025-05-30T00:58:12.403Z</time>
      </trkpt>
      <trkpt lat="47.926399" lon="8.014541">
        <ele>934.761095</ele>
        <time>2025-05-30T00:58:17.224Z</time>
      </trkpt>
      <trkpt lat="47.926262" lon="8.014429">
        <ele>932.653407</ele>
        <time>2025-05-30T00:58:19.796Z</time>
      </trkpt>
      <trkpt lat="47.925888" lon="8.014330">
        <ele>932.045931</ele>
        <time>2025-05-30T00:58:25.897Z</time>
      </trkpt>
      <trkpt lat="47.925358" lon="8.014258">
        <ele>931.735762</ele>
        <time>2025-05-30T00:58:35.527Z</time>
      </trkpt>
      <trkpt lat="47.925274" lon="8.014112">
        <ele>931.660609</ele>
        <time>2025-05-30T00:58:40.056Z</time>
      </trkpt>
      <trkpt lat="47.925237" lon="8.013957">
        <ele>931.596348</ele>
        <time>2025-05-30T00:58:44.800Z</time>
      </trkpt>
      <trkpt lat="47.925293" lon="8.013754">
        <ele>931.510612</ele>
        <time>2025-05-30T00:58:51.938Z</time>
      </trkpt>
      <trkpt lat="47.925293" lon="8.013594">
        <ele>931.448125</ele>
        <time>2025-05-30T00:58:57.131Z</time>
      </trkpt>
      <trkpt lat="47.925231" lon="8.013145">
        <ele>931.269086</ele>
        <time>2025-05-30T00:59:16.151Z</time>
      </trkpt>
      <trkpt lat="47.925139" lon="8.012750">
        <ele>932.552097</ele>
        <time>2025-05-30T00:59:34.264Z</time>
      </trkpt>
      <trkpt lat="47.924866" lon="8.012341">
        <ele>935.729359</ele>
        <time>2025-05-30T00:59:57.744Z</time>
      </trkpt>
      <trkpt lat="47.924583" lon="8.012014">
        <ele>938.669075</ele>
        <time>2025-05-30T01:00:28.823Z</time>
      </trkpt>
      <trkpt lat="47.924510" lon="8.011869">
        <ele>939.667270</ele>
        <time>2025-05-30T01:00:39.549Z</time>
      </trkpt>
      <trkpt lat="47.924459" lon="8.011620">
        <ele>941.100322</ele>
        <time>2025-05-30T01:00:53.992Z</time>
      </trkpt>
      <trkpt lat="47.924489" lon="8.011381">
        <ele>942.438627</ele>
        <time>2025-05-30T01:01:05.848Z</time>
      </trkpt>
      <trkpt lat="47.924553" lon="8.011227">
        <ele>943.435991</ele>
        <time>2025-05-30T01:01:13.485Z</time>
      </trkpt>
      <trkpt lat="47.924729" lon="8.011015">
        <ele>945.293705</ele>
        <time>2025-05-30T01:01:24.724Z</time>
      </trkpt>
      <trkpt lat="47.924923" lon="8.010854">
        <ele>945.567207</ele>
        <time>2025-05-30T01:01:32.588Z</time>
      </trkpt>
      <trkpt lat="47.925034" lon="8.010710">
        <ele>945.136432</ele>
        <time>2025-05-30T01:01:35.921Z</time>
      </trkpt>
      <trkpt lat="47.925082" lon="8.010554">
        <ele>944.799526</ele>
        <time>2025-05-30T01:01:38.093Z</time>
      </trkpt>
      <trkpt lat="47.925087" lon="8.010283">
        <ele>944.267449</ele>
        <time>2025-05-30T01:01:41.374Z</time>
      </trkpt>
      <trkpt lat="47.925281" lon="8.009470">
        <ele>942.573677</ele>
        <time>2025-05-30T01:01:52.049Z</time>
      </trkpt>
      <trkpt lat="47.925314" lon="8.009120">
        <ele>941.879990</ele>
        <time>2025-05-30T01:01:56.288Z</time>
      </trkpt>
      <trkpt lat="47.925224" lon="8.008078">
        <ele>937.757356</ele>
        <time>2025-05-30T01:02:08.249Z</time>
      </trkpt>
      <trkpt lat="47.925143" lon="8.007519">
        <ele>934.031802</ele>
        <time>2025-05-30T01:02:14.583Z</time>
      </trkpt>
      <trkpt lat="47.925007" lon="8.007166">
        <ele>931.379347</ele>
        <time>2025-05-30T01:02:18.956Z</time>
      </trkpt>
      <trkpt lat="47.924971" lon="8.007013">
        <ele>930.323028</ele>
        <time>2025-05-30T01:02:20.682Z</time>
      </trkpt>
      <trkpt lat="47.925012" lon="8.006857">
        <ele>929.231456</ele>
        <time>2025-05-30T01:02:22.471Z</time>
      </trkpt>
      <trkpt lat="47.925106" lon="8.006717">
        <ele>927.940446</ele>
        <time>2025-05-30T01:02:24.557Z</time>
      </trkpt>
      <trkpt lat="47.925294" lon="8.006574">
        <ele>925.889170</ele>
        <time>2025-05-30T01:02:27.871Z</time>
      </trkpt>
      <trkpt lat="47.925637" lon="8.006021">
        <ele>920.453413</ele>
        <time>2025-05-30T01:02:35.738Z</time>
      </trkpt>
      <trkpt lat="47.925865" lon="8.005332">
        <ele>914.270399</ele>
        <time>2025-05-30T01:02:43.762Z</time>
      </trkpt>
      <trkpt lat="47.926009" lon="8.004465">
        <ele>907.083235</ele>
        <time>2025-05-30T01:02:53.060Z</time>
      </trkpt>
      <trkpt lat="47.926068" lon="8.004406">
        <ele>906.230435</ele>
        <time>2025-05-30T01:02:54.171Z</time>
      </trkpt>
      <trkpt lat="47.926300" lon="8.004342">
        <ele>903.397464</ele>
        <time>2025-05-30T01:02:57.854Z</time>
      </trkpt>
      <trkpt lat="47.926681" lon="8.004307">
        <ele>899.782095</ele>
        <time>2025-05-30T01:03:03.837Z</time>
      </trkpt>
      <trkpt lat="47.927132" lon="8.004487">
        <ele>896.107555</ele>
        <time>2025-05-30T01:03:11.240Z</time>
      </trkpt>
      <trkpt lat="47.927632" lon="8.004559">
        <ele>892.153815</ele>
        <time>2025-05-30T01:03:19.462Z</time>
      </trkpt>
      <trkpt lat="47.927902" lon="8.004409">
        <ele>889.886192</ele>
        <time>2025-05-30T01:03:24.474Z</time>
      </trkpt>
      <trkpt lat="47.928249" lon="8.004058">
        <ele>887.242173</ele>
        <time>2025-05-30T01:03:32.675Z</time>
      </trkpt>
      <trkpt lat="47.928356" lon="8.003808">
        <ele>886.842173</ele>
        <time>2025-05-30T01:03:37.161Z</time>
      </trkpt>
      <trkpt lat="47.928392" lon="8.003582">
        <ele>886.528943</ele>
        <time>2025-05-30T01:03:41.047Z</time>
      </trkpt>
      <trkpt lat="47.928300" lon="8.002945">
        <ele>885.650286</ele>
        <time>2025-05-30T01:03:53.139Z</time>
      </trkpt>
      <trkpt lat="47.928202" lon="8.002561">
        <ele>885.096215</ele>
        <time>2025-05-30T01:03:59.849Z</time>
      </trkpt>
      <trkpt lat="47.928219" lon="8.002092">
        <ele>884.462890</ele>
        <time>2025-05-30T01:04:06.661Z</time>
      </trkpt>
      <trkpt lat="47.928266" lon="8.001976">
        <ele>884.280103</ele>
        <time>2025-05-30T01:04:08.505Z</time>
      </trkpt>
      <trkpt lat="47.928407" lon="8.001803">
        <ele>883.912780</ele>
        <time>2025-05-30T01:04:11.969Z</time>
      </trkpt>
      <trkpt lat="47.928728" lon="8.001528">
        <ele>881.797008</ele>
        <time>2025-05-30T01:04:18.407Z</time>
      </trkpt>
      <trkpt lat="47.929226" lon="8.001204">
        <ele>878.499193</ele>
        <time>2025-05-30T01:04:27.286Z</time>
      </trkpt>
      <trkpt lat="47.930107" lon="8.001096">
        <ele>873.133176</ele>
        <time>2025-05-30T01:04:42.566Z</time>
      </trkpt>
      <trkpt lat="47.930808" lon="8.000414">
        <ele>869.927367</ele>
        <time>2025-05-30T01:04:58.443Z</time>
      </trkpt>
      <trkpt lat="47.931570" lon="7.999360">
        <ele>866.241123</ele>
        <time>2025-05-30T01:05:18.320Z</time>
      </trkpt>
      <trkpt lat="47.931620" lon="7.998958">
        <ele>866.456264</ele>
        <time>2025-05-30T01:05:23.389Z</time>
      </trkpt>
      <trkpt lat="47.931606" lon="7.998491">
        <ele>866.702241</ele>
        <time>2025-05-30T01:05:29.909Z</time>
      </trkpt>
      <trkpt lat="47.931406" lon="7.997610">
        <ele>867.191700</ele>
        <time>2025-05-30T01:05:50.417Z</time>
      </trkpt>
      <trkpt lat="47.931021" lon="7.996472">
        <ele>867.692624</ele>
        <time>2025-05-30T01:06:32.463Z</time>
      </trkpt>
      <trkpt lat="47.930856" lon="7.995207">
        <ele>867.896667</ele>
        <time>2025-05-30T01:06:58.319Z</time>
      </trkpt>
      <trkpt lat="47.930812" lon="7.994463">
        <ele>868.014920</ele>
        <time>2025-05-30T01:07:08.016Z</time>
      </trkpt>
      <trkpt lat="47.930813" lon="7.994037">
        <ele>867.321765</ele>
        <time>2025-05-30T01:07:13.411Z</time>
      </trkpt>
      <trkpt lat="47.930840" lon="7.993401">
        <ele>865.394769</ele>
        <time>2025-05-30T01:07:21.377Z</time>
      </trkpt>
      <trkpt lat="47.930956" lon="7.992557">
        <ele>862.789542</ele>
        <time>2025-05-30T01:07:32.087Z</time>
      </trkpt>
      <trkpt lat="47.931018" lon="7.992401">
        <ele>862.241088</ele>
        <time>2025-05-30T01:07:34.363Z</time>
      </trkpt>
      <trkpt lat="47.931109" lon="7.992232">
        <ele>861.585497</ele>
        <time>2025-05-30T01:07:37.044Z</time>
      </trkpt>
      <trkpt lat="47.931774" lon="7.991258">
        <ele>855.361585</ele>
        <time>2025-05-30T01:07:53.102Z</time>
      </trkpt>
      <trkpt lat="47.932517" lon="7.990287">
        <ele>847.371132</ele>
        <time>2025-05-30T01:08:09.221Z</time>
      </trkpt>
      <trkpt lat="47.932781" lon="7.989780">
        <ele>843.298934</ele>
        <time>2025-05-30T01:08:16.193Z</time>
      </trkpt>
      <trkpt lat="47.932914" lon="7.989442">
        <ele>840.327470</ele>
        <time>2025-05-30T01:08:20.427Z</time>
      </trkpt>
      <trkpt lat="47.933020" lon="7.989073">
        <ele>837.283959</ele>
        <time>2025-05-30T01:08:24.732Z</time>
      </trkpt>
      <trkpt lat="47.933100" lon="7.988359">
        <ele>831.796246</ele>
        <time>2025-05-30T01:08:32.420Z</time>
      </trkpt>
      <trkpt lat="47.933056" lon="7.987958">
        <ele>828.715931</ele>
        <time>2025-05-30T01:08:36.679Z</time>
      </trkpt>
      <trkpt lat="47.932953" lon="7.987609">
        <ele>825.825000</ele>
        <time>2025-05-30T01:08:40.588Z</time>
      </trkpt>
      <trkpt lat="47.932651" lon="7.986858">
        <ele>818.024937</ele>
        <time>2025-05-30T01:08:49.494Z</time>
      </trkpt>
      <trkpt lat="47.932589" lon="7.986472">
        <ele>814.417920</ele>
        <time>2025-05-30T01:08:53.520Z</time>
      </trkpt>
      <trkpt lat="47.932586" lon="7.986128">
        <ele>811.291682</ele>
        <time>2025-05-30T01:08:57.020Z</time>
      </trkpt>
      <trkpt lat="47.932699" lon="7.984628">
        <ele>797.526075</ele>
        <time>2025-05-30T01:09:12.762Z</time>
      </trkpt>
      <trkpt lat="47.932753" lon="7.984305">
        <ele>794.452375</ele>
        <time>2025-05-30T01:09:16.279Z</time>
      </trkpt>
      <trkpt lat="47.932860" lon="7.984062">
        <ele>791.767600</ele>
        <time>2025-05-30T01:09:19.321Z</time>
      </trkpt>
      <trkpt lat="47.932951" lon="7.983803">
        <ele>789.067398</ele>
        <time>2025-05-30T01:09:22.369Z</time>
      </trkpt>
      <trkpt lat="47.933039" lon="7.983382">
        <ele>784.995550</ele>
        <time>2025-05-30T01:09:26.873Z</time>
      </trkpt>
      <trkpt lat="47.933059" lon="7.983089">
        <ele>782.276294</ele>
        <time>2025-05-30T01:09:29.851Z</time>
      </trkpt>
      <trkpt lat="47.933035" lon="7.982493">
        <ele>776.763529</ele>
        <time>2025-05-30T01:09:35.883Z</time>
      </trkpt>
      <trkpt lat="47.933069" lon="7.982402">
        <ele>775.803636</ele>
        <time>2025-05-30T01:09:36.932Z</time>
      </trkpt>
      <trkpt lat="47.933106" lon="7.982340">
        <ele>775.076006</ele>
        <time>2025-05-30T01:09:37.769Z</time>
      </trkpt>
      <trkpt lat="47.933155" lon="7.982327">
        <ele>774.425034</ele>
        <time>2025-05-30T01:09:38.505Z</time>
      </trkpt>
      <trkpt lat="47.933552" lon="7.982750">
        <ele>768.044831</ele>
        <time>2025-05-30T01:09:45.895Z</time>
      </trkpt>
      <trkpt lat="47.933634" lon="7.982831">
        <ele>766.758640</ele>
        <time>2025-05-30T01:09:47.406Z</time>
      </trkpt>
      <trkpt lat="47.933713" lon="7.982971">
        <ele>765.154571</ele>
        <time>2025-05-30T01:09:49.309Z</time>
      </trkpt>
      <trkpt lat="47.933875" lon="7.983339">
        <ele>761.295747</ele>
        <time>2025-05-30T01:09:53.904Z</time>
      </trkpt>
      <trkpt lat="47.933903" lon="7.983487">
        <ele>759.948031</ele>
        <time>2025-05-30T01:09:55.520Z</time>
      </trkpt>
      <trkpt lat="47.933916" lon="7.983714">
        <ele>757.951463</ele>
        <time>2025-05-30T01:09:57.937Z</time>
      </trkpt>
      <trkpt lat="47.933850" lon="7.984561">
        <ele>750.171133</ele>
        <time>2025-05-30T01:10:07.088Z</time>
      </trkpt>
      <trkpt lat="47.933822" lon="7.985367">
        <ele>741.914510</ele>
        <time>2025-05-30T01:10:15.356Z</time>
      </trkpt>
      <trkpt lat="47.933869" lon="7.985438">
        <ele>740.893430</ele>
        <time>2025-05-30T01:10:16.371Z</time>
      </trkpt>
      <trkpt lat="47.934180" lon="7.985497">
        <ele>736.106494</ele>
        <time>2025-05-30T01:10:21.088Z</time>
      </trkpt>
      <trkpt lat="47.934613" lon="7.985733">
        <ele>729.067900</ele>
        <time>2025-05-30T01:10:27.928Z</time>
      </trkpt>
      <trkpt lat="47.934927" lon="7.985746">
        <ele>724.395746</ele>
        <time>2025-05-30T01:10:32.557Z</time>
      </trkpt>
      <trkpt lat="47.934981" lon="7.985775">
        <ele>723.706733</ele>
        <time>2025-05-30T01:10:33.420Z</time>
      </trkpt>
      <trkpt lat="47.935102" lon="7.985919">
        <ele>721.848762</ele>
        <time>2025-05-30T01:10:35.734Z</time>
      </trkpt>
      <trkpt lat="47.935695" lon="7.986753">
        <ele>712.066596</ele>
        <time>2025-05-30T01:10:48.383Z</time>
      </trkpt>
      <trkpt lat="47.935720" lon="7.986861">
        <ele>711.147496</ele>
        <time>2025-05-30T01:10:49.624Z</time>
      </trkpt>
      <trkpt lat="47.935715" lon="7.987017">
        <ele>709.891261</ele>
        <time>2025-05-30T01:10:51.321Z</time>
      </trkpt>
      <trkpt lat="47.935532" lon="7.987592">
        <ele>704.770855</ele>
        <time>2025-05-30T01:10:58.240Z</time>
      </trkpt>
      <trkpt lat="47.935548" lon="7.987788">
        <ele>703.196955</ele>
        <time>2025-05-30T01:11:00.442Z</time>
      </trkpt>
      <trkpt lat="47.935667" lon="7.988386">
        <ele>699.128540</ele>
        <time>2025-05-30T01:11:07.600Z</time>
      </trkpt>
      <trkpt lat="47.935683" lon="7.989086">
        <ele>694.560657</ele>
        <time>2025-05-30T01:11:15.451Z</time>
      </trkpt>
      <trkpt lat="47.935730" lon="7.989220">
        <ele>693.574224</ele>
        <time>2025-05-30T01:11:17.099Z</time>
      </trkpt>
      <trkpt lat="47.935857" lon="7.989418">
        <ele>691.786530</ele>
        <time>2025-05-30T01:11:20.044Z</time>
      </trkpt>
      <trkpt lat="47.936258" lon="7.989751">
        <ele>687.319550</ele>
        <time>2025-05-30T01:11:27.268Z</time>
      </trkpt>
      <trkpt lat="47.936648" lon="7.989624">
        <ele>682.455116</ele>
        <time>2025-05-30T01:11:33.423Z</time>
      </trkpt>
      <trkpt lat="47.937544" lon="7.988668">
        <ele>667.202551</ele>
        <time>2025-05-30T01:11:50.115Z</time>
      </trkpt>
      <trkpt lat="47.937975" lon="7.988112">
        <ele>659.803460</ele>
        <time>2025-05-30T01:11:58.871Z</time>
      </trkpt>
      <trkpt lat="47.938144" lon="7.987993">
        <ele>658.045926</ele>
        <time>2025-05-30T01:12:01.783Z</time>
      </trkpt>
      <trkpt lat="47.938333" lon="7.987801">
        <ele>655.895637</ele>
        <time>2025-05-30T01:12:05.422Z</time>
      </trkpt>
      <trkpt lat="47.938654" lon="7.987089">
        <ele>650.487939</ele>
        <time>2025-05-30T01:12:13.753Z</time>
      </trkpt>
      <trkpt lat="47.938790" lon="7.986935">
        <ele>648.882365</ele>
        <time>2025-05-30T01:12:16.354Z</time>
      </trkpt>
      <trkpt lat="47.939025" lon="7.986740">
        <ele>646.353484</ele>
        <time>2025-05-30T01:12:20.370Z</time>
      </trkpt>
      <trkpt lat="47.939134" lon="7.986573">
        <ele>644.884357</ele>
        <time>2025-05-30T01:12:22.632Z</time>
      </trkpt>
      <trkpt lat="47.939164" lon="7.986338">
        <ele>643.394313</ele>
        <time>2025-05-30T01:12:24.950Z</time>
      </trkpt>
      <trkpt lat="47.939114" lon="7.985946">
        <ele>640.959770</ele>
        <time>2025-05-30T01:12:28.915Z</time>
      </trkpt>
      <trkpt lat="47.939132" lon="7.985618">
        <ele>638.951948</ele>
        <time>2025-05-30T01:12:32.258Z</time>
      </trkpt>
      <trkpt lat="47.939210" lon="7.985348">
        <ele>637.158052</ele>
        <time>2025-05-30T01:12:35.175Z</time>
      </trkpt>
      <trkpt lat="47.939354" lon="7.985010">
        <ele>634.714255</ele>
        <time>2025-05-30T01:12:39.107Z</time>
      </trkpt>
      <trkpt lat="47.939480" lon="7.984855">
        <ele>633.227323</ele>
        <time>2025-05-30T01:12:41.465Z</time>
      </trkpt>
      <trkpt lat="47.939527" lon="7.984797">
        <ele>632.671965</ele>
        <time>2025-05-30T01:12:42.341Z</time>
      </trkpt>
      <trkpt lat="47.939888" lon="7.984578">
        <ele>629.123206</ele>
        <time>2025-05-30T01:12:47.853Z</time>
      </trkpt>
      <trkpt lat="47.940185" lon="7.984294">
        <ele>625.366510</ele>
        <time>2025-05-30T01:12:52.746Z</time>
      </trkpt>
      <trkpt lat="47.940245" lon="7.984163">
        <ele>624.075287</ele>
        <time>2025-05-30T01:12:54.213Z</time>
      </trkpt>
      <trkpt lat="47.940227" lon="7.984030">
        <ele>622.971242</ele>
        <time>2025-05-30T01:12:55.446Z</time>
      </trkpt>
      <trkpt lat="47.940133" lon="7.983987">
        <ele>621.777107</ele>
        <time>2025-05-30T01:12:56.777Z</time>
      </trkpt>
      <trkpt lat="47.939928" lon="7.984111">
        <ele>619.090512</ele>
        <time>2025-05-30T01:12:59.742Z</time>
      </trkpt>
      <trkpt lat="47.939767" lon="7.984123">
        <ele>617.132562</ele>
        <time>2025-05-30T01:13:01.896Z</time>
      </trkpt>
      <trkpt lat="47.939651" lon="7.984091">
        <ele>615.699763</ele>
        <time>2025-05-30T01:13:03.485Z</time>
      </trkpt>
      <trkpt lat="47.939232" lon="7.983854">
        <ele>610.257453</ele>
        <time>2025-05-30T01:13:09.625Z</time>
      </trkpt>
      <trkpt lat="47.939101" lon="7.983841">
        <ele>608.662809</ele>
        <time>2025-05-30T01:13:11.481Z</time>
      </trkpt>
      <trkpt lat="47.938963" lon="7.983877">
        <ele>606.961250</ele>
        <time>2025-05-30T01:13:13.486Z</time>
      </trkpt>
      <trkpt lat="47.938928" lon="7.983896">
        <ele>606.508899</ele>
        <time>2025-05-30T01:13:14.027Z</time>
      </trkpt>
      <trkpt lat="47.938833" lon="7.983950">
        <ele>605.400884</ele>
        <time>2025-05-30T01:13:15.490Z</time>
      </trkpt>
      <trkpt lat="47.938496" lon="7.984330">
        <ele>601.810064</ele>
        <time>2025-05-30T01:13:21.775Z</time>
      </trkpt>
      <trkpt lat="47.938186" lon="7.984813">
        <ele>598.000203</ele>
        <time>2025-05-30T01:13:28.504Z</time>
      </trkpt>
      <trkpt lat="47.938098" lon="7.984885">
        <ele>597.146997</ele>
        <time>2025-05-30T01:13:30.008Z</time>
      </trkpt>
      <trkpt lat="47.938055" lon="7.984835">
        <ele>596.683573</ele>
        <time>2025-05-30T01:13:30.818Z</time>
      </trkpt>
      <trkpt lat="47.938036" lon="7.984708">
        <ele>595.942384</ele>
        <time>2025-05-30T01:13:32.142Z</time>
      </trkpt>
      <trkpt lat="47.938082" lon="7.984456">
        <ele>594.454706</ele>
        <time>2025-05-30T01:13:34.780Z</time>
      </trkpt>
      <trkpt lat="47.938274" lon="7.983968">
        <ele>591.231246</ele>
        <time>2025-05-30T01:13:40.313Z</time>
      </trkpt>
      <trkpt lat="47.938488" lon="7.983537">
        <ele>586.823525</ele>
        <time>2025-05-30T01:13:45.339Z</time>
      </trkpt>
      <trkpt lat="47.938605" lon="7.983081">
        <ele>582.354913</ele>
        <time>2025-05-30T01:13:49.789Z</time>
      </trkpt>
      <trkpt lat="47.938642" lon="7.982945">
        <ele>581.011616</ele>
        <time>2025-05-30T01:13:51.112Z</time>
      </trkpt>
      <trkpt lat="47.938860" lon="7.982212">
        <ele>573.672388</ele>
        <time>2025-05-30T01:13:58.337Z</time>
      </trkpt>
      <trkpt lat="47.938902" lon="7.981300">
        <ele>565.291158</ele>
        <time>2025-05-30T01:14:06.601Z</time>
      </trkpt>
      <trkpt lat="47.939026" lon="7.980101">
        <ele>553.861700</ele>
        <time>2025-05-30T01:14:17.523Z</time>
      </trkpt>
      <trkpt lat="47.939261" lon="7.979497">
        <ele>547.281456</ele>
        <time>2025-05-30T01:14:23.856Z</time>
      </trkpt>
      <trkpt lat="47.939293" lon="7.979450">
        <ele>546.650141</ele>
        <time>2025-05-30T01:14:24.480Z</time>
      </trkpt>
      <trkpt lat="47.939459" lon="7.979221">
        <ele>543.471512</ele>
        <time>2025-05-30T01:14:27.567Z</time>
      </trkpt>
      <trkpt lat="47.939690" lon="7.978786">
        <ele>538.844668</ele>
        <time>2025-05-30T01:14:32.715Z</time>
      </trkpt>
      <trkpt lat="47.939789" lon="7.978559">
        <ele>536.961848</ele>
        <time>2025-05-30T01:14:35.235Z</time>
      </trkpt>
      <trkpt lat="47.939988" lon="7.977970">
        <ele>532.376421</ele>
        <time>2025-05-30T01:14:41.375Z</time>
      </trkpt>
      <trkpt lat="47.940151" lon="7.977621">
        <ele>529.419112</ele>
        <time>2025-05-30T01:14:45.412Z</time>
      </trkpt>
      <trkpt lat="47.940557" lon="7.977108">
        <ele>523.899815</ele>
        <time>2025-05-30T01:14:53.093Z</time>
      </trkpt>
      <trkpt lat="47.940786" lon="7.976878">
        <ele>521.209805</ele>
        <time>2025-05-30T01:14:57.127Z</time>
      </trkpt>
      <trkpt lat="47.941055" lon="7.976614">
        <ele>518.559592</ele>
        <time>2025-05-30T01:15:01.802Z</time>
      </trkpt>
      <trkpt lat="47.941195" lon="7.976532">
        <ele>517.321527</ele>
        <time>2025-05-30T01:15:03.993Z</time>
      </trkpt>
      <trkpt lat="47.941355" lon="7.976531">
        <ele>516.004346</ele>
        <time>2025-05-30T01:15:06.336Z</time>
      </trkpt>
      <trkpt lat="47.941440" lon="7.976538">
        <ele>515.303536</ele>
        <time>2025-05-30T01:15:07.602Z</time>
      </trkpt>
      <trkpt lat="47.941508" lon="7.976498">
        <ele>514.701845</ele>
        <time>2025-05-30T01:15:08.672Z</time>
      </trkpt>
      <trkpt lat="47.941651" lon="7.976306">
        <ele>513.118506</ele>
        <time>2025-05-30T01:15:11.523Z</time>
      </trkpt>
      <trkpt lat="47.941687" lon="7.975662">
        <ele>509.554686</ele>
        <time>2025-05-30T01:15:17.910Z</time>
      </trkpt>
      <trkpt lat="47.941904" lon="7.974226">
        <ele>501.592039</ele>
        <time>2025-05-30T01:15:32.202Z</time>
      </trkpt>
      <trkpt lat="47.942104" lon="7.972832">
        <ele>493.947162</ele>
        <time>2025-05-30T01:15:46.235Z</time>
      </trkpt>
      <trkpt lat="47.942126" lon="7.972702">
        <ele>493.228134</ele>
        <time>2025-05-30T01:15:47.639Z</time>
      </trkpt>
      <trkpt lat="47.942181" lon="7.972372">
        <ele>491.790932</ele>
        <time>2025-05-30T01:15:51.205Z</time>
      </trkpt>
      <trkpt lat="47.942259" lon="7.972121">
        <ele>490.759423</ele>
        <time>2025-05-30T01:15:54.124Z</time>
      </trkpt>
      <trkpt lat="47.942482" lon="7.971700">
        <ele>488.758568</ele>
        <time>2025-05-30T01:15:59.913Z</time>
      </trkpt>
      <trkpt lat="47.942522" lon="7.971511">
        <ele>488.019653</ele>
        <time>2025-05-30T01:16:02.105Z</time>
      </trkpt>
      <trkpt lat="47.942502" lon="7.971105">
        <ele>486.502011</ele>
        <time>2025-05-30T01:16:06.656Z</time>
      </trkpt>
      <trkpt lat="47.942412" lon="7.970674">
        <ele>484.818999</ele>
        <time>2025-05-30T01:16:11.830Z</time>
      </trkpt>
      <trkpt lat="47.942324" lon="7.970408">
        <ele>483.713018</ele>
        <time>2025-05-30T01:16:15.270Z</time>
      </trkpt>
      <trkpt lat="47.942296" lon="7.970338">
        <ele>483.409076</ele>
        <time>2025-05-30T01:16:16.233Z</time>
      </trkpt>
      <trkpt lat="47.941901" lon="7.969102">
        <ele>478.071453</ele>
        <time>2025-05-30T01:16:30.787Z</time>
      </trkpt>
      <trkpt lat="47.941583" lon="7.967749">
        <ele>472.441069</ele>
        <time>2025-05-30T01:16:45.368Z</time>
      </trkpt>
      <trkpt lat="47.941457" lon="7.967178">
        <ele>469.989073</ele>
        <time>2025-05-30T01:16:51.348Z</time>
      </trkpt>
      <trkpt lat="47.941398" lon="7.966946">
        <ele>468.970987</ele>
        <time>2025-05-30T01:16:53.847Z</time>
      </trkpt>
      <trkpt lat="47.941109" lon="7.965980">
        <ele>464.630580</ele>
        <time>2025-05-30T01:17:04.809Z</time>
      </trkpt>
      <trkpt lat="47.941067" lon="7.965760">
        <ele>463.692062</ele>
        <time>2025-05-30T01:17:07.230Z</time>
      </trkpt>
      <trkpt lat="47.940943" lon="7.963881">
        <ele>456.017280</ele>
        <time>2025-05-30T01:17:26.791Z</time>
      </trkpt>
      <trkpt lat="47.940954" lon="7.963687">
        <ele>455.229578</ele>
        <time>2025-05-30T01:17:28.784Z</time>
      </trkpt>
      <trkpt lat="47.941035" lon="7.963354">
        <ele>453.796244</ele>
        <time>2025-05-30T01:17:32.411Z</time>
      </trkpt>
      <trkpt lat="47.941190" lon="7.963030">
        <ele>452.185448</ele>
        <time>2025-05-30T01:17:36.473Z</time>
      </trkpt>
      <trkpt lat="47.941233" lon="7.962886">
        <ele>451.547587</ele>
        <time>2025-05-30T01:17:38.074Z</time>
      </trkpt>
      <trkpt lat="47.941261" lon="7.962660">
        <ele>450.617724</ele>
        <time>2025-05-30T01:17:40.426Z</time>
      </trkpt>
      <trkpt lat="47.941205" lon="7.961404">
        <ele>447.545900</ele>
        <time>2025-05-30T01:17:53.444Z</time>
      </trkpt>
      <trkpt lat="47.941215" lon="7.961162">
        <ele>446.985336</ele>
        <time>2025-05-30T01:17:56.153Z</time>
      </trkpt>
      <trkpt lat="47.941250" lon="7.960946">
        <ele>446.471546</ele>
        <time>2025-05-30T01:17:58.754Z</time>
      </trkpt>
      <trkpt lat="47.941402" lon="7.960419">
        <ele>445.144998</ele>
        <time>2025-05-30T01:18:06.007Z</time>
      </trkpt>
      <trkpt lat="47.941345" lon="7.960390">
        <ele>444.937164</ele>
        <time>2025-05-30T01:18:07.349Z</time>
      </trkpt>
      <trkpt lat="47.941197" lon="7.959921">
        <ele>444.138551</ele>
        <time>2025-05-30T01:18:15.348Z</time>
      </trkpt>
      <trkpt lat="47.941157" lon="7.959825">
        <ele>444.232072</ele>
        <time>2025-05-30T01:18:17.104Z</time>
      </trkpt>
      <trkpt lat="47.940930" lon="7.959509">
        <ele>444.615353</ele>
        <time>2025-05-30T01:18:24.993Z</time>
      </trkpt>
      <trkpt lat="47.940725" lon="7.959079">
        <ele>445.051939</ele>
        <time>2025-05-30T01:18:35.889Z</time>
      </trkpt>
      <trkpt lat="47.940531" lon="7.958873">
        <ele>445.345926</ele>
        <time>2025-05-30T01:18:44.775Z</time>
      </trkpt>
      <trkpt lat="47.939456" lon="7.959134">
        <ele>446.121810</ele>
        <time>2025-05-30T01:19:21.953Z</time>
      </trkpt>
      <trkpt lat="47.938786" lon="7.959441">
        <ele>445.859406</ele>
        <time>2025-05-30T01:19:39.209Z</time>
      </trkpt>
      <trkpt lat="47.938748" lon="7.959377">
        <ele>445.837956</ele>
        <time>2025-05-30T01:19:41.150Z</time>
      </trkpt>
      <trkpt lat="47.938561" lon="7.958714">
        <ele>445.657522</ele>
        <time>2025-05-30T01:19:57.152Z</time>
      </trkpt>
      <trkpt lat="47.938496" lon="7.958665">
        <ele>445.630258</ele>
        <time>2025-05-30T01:19:59.523Z</time>
      </trkpt>
      <trkpt lat="47.938213" lon="7.958772">
        <ele>445.522123</ele>
        <time>2025-05-30T01:20:08.729Z</time>
      </trkpt>
      <trkpt lat="47.938176" lon="7.958746">
        <ele>445.507110</ele>
        <time>2025-05-30T01:20:09.991Z</time>
      </trkpt>
      <trkpt lat="47.938104" lon="7.958673">
        <ele>445.475159</ele>
        <time>2025-05-30T01:20:12.733Z</time>
      </trkpt>
      <trkpt lat="47.937940" lon="7.958446">
        <ele>445.393054</ele>
        <time>2025-05-30T01:20:19.747Z</time>
      </trkpt>
      <trkpt lat="47.937860" lon="7.958386">
        <ele>445.360188</ele>
        <time>2025-05-30T01:20:22.634Z</time>
      </trkpt>
      <trkpt lat="47.937685" lon="7.958293">
        <ele>445.291995</ele>
        <time>2025-05-30T01:20:28.884Z</time>
      </trkpt>
      <trkpt lat="47.937296" lon="7.958209">
        <ele>445.147707</ele>
        <time>2025-05-30T01:20:43.297Z</time>
      </trkpt>
      <trkpt lat="47.936833" lon="7.958227">
        <ele>444.977683</ele>
        <time>2025-05-30T01:21:02.956Z</time>
      </trkpt>
      <trkpt lat="47.935974" lon="7.958114">
        <ele>446.483365</ele>
        <time>2025-05-30T01:21:45.138Z</time>
      </trkpt>
      <trkpt lat="47.935730" lon="7.958023">
        <ele>447.039681</ele>
        <time>2025-05-30T01:21:58.253Z</time>
      </trkpt>
      <trkpt lat="47.935635" lon="7.958016">
        <ele>447.250075</ele>
        <time>2025-05-30T01:22:03.341Z</time>
      </trkpt>
      <trkpt lat="47.935579" lon="7.958005">
        <ele>447.375014</ele>
        <time>2025-05-30T01:22:05.516Z</time>
      </trkpt>
      <trkpt lat="47.935569" lon="7.957600">
        <ele>447.975611</ele>
        <time>2025-05-30T01:22:15.813Z</time>
      </trkpt>
      <trkpt lat="47.935513" lon="7.957083">
        <ele>448.751729</ele>
        <time>2025-05-30T01:22:27.338Z</time>
      </trkpt>
      <trkpt lat="47.935320" lon="7.956288">
        <ele>449.010115</ele>
        <time>2025-05-30T01:22:41.909Z</time>
      </trkpt>
      <trkpt lat="47.935286" lon="7.956004">
        <ele>449.053054</ele>
        <time>2025-05-30T01:22:46.483Z</time>
      </trkpt>
      <trkpt lat="47.935343" lon="7.955780">
        <ele>449.088717</ele>
        <time>2025-05-30T01:22:50.136Z</time>
      </trkpt>
      <trkpt lat="47.935353" lon="7.955689">
        <ele>449.102442</ele>
        <time>2025-05-30T01:22:51.550Z</time>
      </trkpt>
      <trkpt lat="47.935543" lon="7.955086">
        <ele>449.201621</ele>
        <time>2025-05-30T01:23:01.462Z</time>
      </trkpt>
      <trkpt lat="47.935618" lon="7.954746">
        <ele>449.254898</ele>
        <time>2025-05-30T01:23:06.576Z</time>
      </trkpt>
      <trkpt lat="47.935628" lon="7.954379">
        <ele>449.349097</ele>
        <time>2025-05-30T01:23:11.803Z</time>
      </trkpt>
      <trkpt lat="47.935603" lon="7.954133">
        <ele>449.520059</ele>
        <time>2025-05-30T01:23:15.442Z</time>
      </trkpt>
      <trkpt lat="47.935507" lon="7.953690">
        <ele>449.839976</ele>
        <time>2025-05-30T01:23:22.676Z</time>
      </trkpt>
      <trkpt lat="47.935519" lon="7.953583">
        <ele>449.914519</ele>
        <time>2025-05-30T01:23:24.410Z</time>
      </trkpt>
      <trkpt lat="47.935372" lon="7.953501">
        <ele>450.075465</ele>
        <time>2025-05-30T01:23:28.376Z</time>
      </trkpt>
      <trkpt lat="47.935309" lon="7.953479">
        <ele>450.141822</ele>
        <time>2025-05-30T01:23:30.115Z</time>
      </trkpt>
      <trkpt lat="47.935260" lon="7.953461">
        <ele>450.193575</ele>
        <time>2025-05-30T01:23:31.460Z</time>
      </trkpt>
      <trkpt lat="47.934993" lon="7.953354">
        <ele>450.477105</ele>
        <time>2025-05-30T01:23:39.508Z</time>
      </trkpt>
      <trkpt lat="47.934468" lon="7.953163">
        <ele>451.031302</ele>
        <time>2025-05-30T01:23:57.237Z</time>
      </trkpt>
      <trkpt lat="47.934243" lon="7.953094">
        <ele>451.464438</ele>
        <time>2025-05-30T01:24:05.263Z</time>
      </trkpt>
      <trkpt lat="47.933799" lon="7.953023">
        <ele>452.654530</ele>
        <time>2025-05-30T01:24:20.487Z</time>
      </trkpt>
      <trkpt lat="47.933678" lon="7.952862">
        <ele>453.086550</ele>
        <time>2025-05-30T01:24:26.084Z</time>
      </trkpt>
      <trkpt lat="47.933552" lon="7.952557">
        <ele>453.726371</ele>
        <time>2025-05-30T01:24:34.504Z</time>
      </trkpt>
      <trkpt lat="47.933116" lon="7.951639">
        <ele>455.735659</ele>
        <time>2025-05-30T01:25:02.010Z</time>
      </trkpt>
      <trkpt lat="47.932847" lon="7.950955">
        <ele>457.520425</ele>
        <time>2025-05-30T01:25:22.157Z</time>
      </trkpt>
      <trkpt lat="47.932643" lon="7.950028">
        <ele>459.791195</ele>
        <time>2025-05-30T01:25:48.594Z</time>
      </trkpt>
      <trkpt lat="47.932244" lon="7.948804">
        <ele>462.840172</ele>
        <time>2025-05-30T01:26:26.251Z</time>
      </trkpt>
      <trkpt lat="47.932202" lon="7.948708">
        <ele>463.066048</ele>
        <time>2025-05-30T01:26:29.288Z</time>
      </trkpt>
      <trkpt lat="47.932114" lon="7.948364">
        <ele>463.791470</ele>
        <time>2025-05-30T01:26:38.916Z</time>
      </trkpt>
      <trkpt lat="47.932032" lon="7.947793">
        <ele>464.941933</ele>
        <time>2025-05-30T01:26:53.701Z</time>
      </trkpt>
      <trkpt lat="47.932002" lon="7.947263">
        <ele>465.989794</ele>
        <time>2025-05-30T01:27:05.965Z</time>
      </trkpt>
      <trkpt lat="47.931982" lon="7.946912">
        <ele>466.683788</ele>
        <time>2025-05-30T01:27:13.240Z</time>
      </trkpt>
      <trkpt lat="47.931964" lon="7.946630">
        <ele>467.241866</ele>
        <time>2025-05-30T01:27:19.193Z</time>
      </trkpt>
      <trkpt lat="47.931896" lon="7.946314">
        <ele>467.982149</ele>
        <time>2025-05-30T01:27:26.775Z</time>
      </trkpt>
      <trkpt lat="47.931803" lon="7.946045">
        <ele>468.700467</ele>
        <time>2025-05-30T01:27:34.481Z</time>
      </trkpt>
      <trkpt lat="47.931785" lon="7.945850">
        <ele>469.167580</ele>
        <time>2025-05-30T01:27:39.767Z</time>
      </trkpt>
      <trkpt lat="47.931778" lon="7.945766">
        <ele>469.368451</ele>
        <time>2025-05-30T01:27:42.168Z</time>
      </trkpt>
      <trkpt lat="47.931763" lon="7.945610">
        <ele>469.742437</ele>
        <time>2025-05-30T01:27:46.650Z</time>
      </trkpt>
      <trkpt lat="47.931709" lon="7.945406">
        <ele>470.262948</ele>
        <time>2025-05-30T01:27:52.400Z</time>
      </trkpt>
      <trkpt lat="47.931410" lon="7.945047">
        <ele>471.622076</ele>
        <time>2025-05-30T01:28:07.009Z</time>
      </trkpt>
      <trkpt lat="47.931117" lon="7.944373">
        <ele>473.528675</ele>
        <time>2025-05-30T01:28:29.787Z</time>
      </trkpt>
      <trkpt lat="47.931081" lon="7.944214">
        <ele>473.972723</ele>
        <time>2025-05-30T01:28:35.094Z</time>
      </trkpt>
      <trkpt lat="47.931224" lon="7.943947">
        <ele>475.229289</ele>
        <time>2025-05-30T01:28:46.037Z</time>
      </trkpt>
      <trkpt lat="47.931108" lon="7.943779">
        <ele>476.116123</ele>
        <time>2025-05-30T01:28:53.576Z</time>
      </trkpt>
      <trkpt lat="47.930791" lon="7.943322">
        <ele>478.534253</ele>
        <time>2025-05-30T01:29:14.753Z</time>
      </trkpt>
      <trkpt lat="47.930409" lon="7.942632">
        <ele>481.824659</ele>
        <time>2025-05-30T01:29:45.641Z</time>
      </trkpt>
      <trkpt lat="47.930000" lon="7.941808">
        <ele>485.251312</ele>
        <time>2025-05-30T01:30:23.473Z</time>
      </trkpt>
      <trkpt lat="47.929821" lon="7.941515">
        <ele>486.443239</ele>
        <time>2025-05-30T01:30:36.647Z</time>
      </trkpt>
      <trkpt lat="47.929472" lon="7.941187">
        <ele>488.293586</ele>
        <time>2025-05-30T01:30:55.411Z</time>
      </trkpt>
      <trkpt lat="47.929311" lon="7.941108">
        <ele>489.053936</ele>
        <time>2025-05-30T01:31:02.196Z</time>
      </trkpt>
      <trkpt lat="47.929116" lon="7.941046">
        <ele>489.948419</ele>
        <time>2025-05-30T01:31:09.867Z</time>
      </trkpt>
      <trkpt lat="47.928508" lon="7.940952">
        <ele>492.633242</ele>
        <time>2025-05-30T01:31:32.134Z</time>
      </trkpt>
      <trkpt lat="47.928265" lon="7.940877">
        <ele>493.676098</ele>
        <time>2025-05-30T01:31:41.047Z</time>
      </trkpt>
      <trkpt lat="47.928101" lon="7.940799">
        <ele>494.399487</ele>
        <time>2025-05-30T01:31:47.716Z</time>
      </trkpt>
      <trkpt lat="47.927769" lon="7.940633">
        <ele>495.870994</ele>
        <time>2025-05-30T01:32:02.459Z</time>
      </trkpt>
      <trkpt lat="47.927552" lon="7.940567">
        <ele>496.801717</ele>
        <time>2025-05-30T01:32:12.727Z</time>
      </trkpt>
      <trkpt lat="47.927188" lon="7.940528">
        <ele>498.335421</ele>
        <time>2025-05-30T01:32:31.169Z</time>
      </trkpt>
      <trkpt lat="47.927065" lon="7.940467">
        <ele>498.880143</ele>
        <time>2025-05-30T01:32:37.996Z</time>
      </trkpt>
      <trkpt lat="47.925972" lon="7.939527">
        <ele>504.420798</ele>
        <time>2025-05-30T01:33:37.475Z</time>
      </trkpt>
      <trkpt lat="47.925760" lon="7.939433">
        <ele>505.396137</ele>
        <time>2025-05-30T01:33:46.583Z</time>
      </trkpt>
      <trkpt lat="47.925306" lon="7.939373">
        <ele>507.387937</ele>
        <time>2025-05-30T01:34:04.182Z</time>
      </trkpt>
      <trkpt lat="47.925092" lon="7.939274">
        <ele>508.241045</ele>
        <time>2025-05-30T01:34:12.373Z</time>
      </trkpt>
      <trkpt lat="47.924965" lon="7.939155">
        <ele>508.812049</ele>
        <time>2025-05-30T01:34:17.758Z</time>
      </trkpt>
      <trkpt lat="47.924578" lon="7.938657">
        <ele>510.757840</ele>
        <time>2025-05-30T01:34:36.308Z</time>
      </trkpt>
      <trkpt lat="47.924291" lon="7.938426">
        <ele>511.999476</ele>
        <time>2025-05-30T01:34:48.939Z</time>
      </trkpt>
      <trkpt lat="47.923966" lon="7.938262">
        <ele>513.305822</ele>
        <time>2025-05-30T01:35:04.244Z</time>
      </trkpt>
      <trkpt lat="47.923674" lon="7.938168">
        <ele>514.661344</ele>
        <time>2025-05-30T01:35:18.887Z</time>
      </trkpt>
      <trkpt lat="47.923274" lon="7.938042">
        <ele>517.272988</ele>
        <time>2025-05-30T01:35:40.923Z</time>
      </trkpt>
      <trkpt lat="47.922826" lon="7.937892">
        <ele>520.206118</ele>
        <time>2025-05-30T01:36:07.161Z</time>
      </trkpt>
      <trkpt lat="47.922640" lon="7.937869">
        <ele>521.398421</ele>
        <time>2025-05-30T01:36:17.927Z</time>
      </trkpt>
      <trkpt lat="47.922413" lon="7.937874">
        <ele>522.848731</ele>
        <time>2025-05-30T01:36:31.115Z</time>
      </trkpt>
      <trkpt lat="47.921898" lon="7.937961">
        <ele>525.965584</ele>
        <time>2025-05-30T01:37:01.083Z</time>
      </trkpt>
      <trkpt lat="47.921580" lon="7.937946">
        <ele>527.277906</ele>
        <time>2025-05-30T01:37:16.694Z</time>
      </trkpt>
      <trkpt lat="47.921522" lon="7.937932">
        <ele>527.520250</ele>
        <time>2025-05-30T01:37:19.325Z</time>
      </trkpt>
      <trkpt lat="47.921157" lon="7.937845">
        <ele>529.044865</ele>
        <time>2025-05-30T01:37:34.761Z</time>
      </trkpt>
      <trkpt lat="47.919743" lon="7.937162">
        <ele>535.718929</ele>
        <time>2025-05-30T01:38:30.179Z</time>
      </trkpt>
      <trkpt lat="47.919362" lon="7.936963">
        <ele>537.806105</ele>
        <time>2025-05-30T01:38:48.513Z</time>
      </trkpt>
      <trkpt lat="47.919074" lon="7.936778">
        <ele>539.427345</ele>
        <time>2025-05-30T01:39:05.049Z</time>
      </trkpt>
      <trkpt lat="47.918924" lon="7.936682">
        <ele>540.271257</ele>
        <time>2025-05-30T01:39:14.496Z</time>
      </trkpt>
      <trkpt lat="47.918547" lon="7.936352">
        <ele>542.541036</ele>
        <time>2025-05-30T01:39:40.507Z</time>
      </trkpt>
      <trkpt lat="47.918007" lon="7.935771">
        <ele>546.151993</ele>
        <time>2025-05-30T01:40:17.898Z</time>
      </trkpt>
      <trkpt lat="47.917573" lon="7.935564">
        <ele>548.623319</ele>
        <time>2025-05-30T01:40:41.389Z</time>
      </trkpt>
      <trkpt lat="47.916481" lon="7.935293">
        <ele>553.780847</ele>
        <time>2025-05-30T01:41:25.358Z</time>
      </trkpt>
      <trkpt lat="47.915758" lon="7.934973">
        <ele>556.508269</ele>
        <time>2025-05-30T01:41:54.475Z</time>
      </trkpt>
      <trkpt lat="47.915166" lon="7.934655">
        <ele>558.764482</ele>
        <time>2025-05-30T01:42:21.852Z</time>
      </trkpt>
      <trkpt lat="47.914503" lon="7.934359">
        <ele>561.015786</ele>
        <time>2025-05-30T01:42:50.045Z</time>
      </trkpt>
      <trkpt lat="47.914150" lon="7.934300">
        <ele>562.171319</ele>
        <time>2025-05-30T01:43:03.040Z</time>
      </trkpt>
      <trkpt lat="47.913988" lon="7.934301">
        <ele>562.698328</ele>
        <time>2025-05-30T01:43:09.020Z</time>
      </trkpt>
      <trkpt lat="47.913281" lon="7.934303">
        <ele>565.165846</ele>
        <time>2025-05-30T01:43:34.428Z</time>
      </trkpt>
      <trkpt lat="47.913041" lon="7.934204">
        <ele>566.220129</ele>
        <time>2025-05-30T01:43:43.007Z</time>
      </trkpt>
      <trkpt lat="47.912797" lon="7.934033">
        <ele>567.361524</ele>
        <time>2025-05-30T01:43:53.152Z</time>
      </trkpt>
      <trkpt lat="47.912786" lon="7.934022">
        <ele>567.417592</ele>
        <time>2025-05-30T01:43:53.701Z</time>
      </trkpt>
      <trkpt lat="47.912679" lon="7.933922">
        <ele>567.952175</ele>
        <time>2025-05-30T01:43:59.162Z</time>
      </trkpt>
      <trkpt lat="47.912225" lon="7.933501">
        <ele>570.215455</ele>
        <time>2025-05-30T01:44:23.696Z</time>
      </trkpt>
      <trkpt lat="47.911186" lon="7.932959">
        <ele>576.124431</ele>
        <time>2025-05-30T01:45:20.863Z</time>
      </trkpt>
      <trkpt lat="47.910897" lon="7.932808">
        <ele>577.995478</ele>
        <time>2025-05-30T01:45:38.254Z</time>
      </trkpt>
      <trkpt lat="47.910775" lon="7.932747">
        <ele>578.781689</ele>
        <time>2025-05-30T01:45:45.659Z</time>
      </trkpt>
      <trkpt lat="47.910269" lon="7.932424">
        <ele>582.144642</ele>
        <time>2025-05-30T01:46:17.212Z</time>
      </trkpt>
      <trkpt lat="47.909710" lon="7.931953">
        <ele>585.650019</ele>
        <time>2025-05-30T01:46:46.458Z</time>
      </trkpt>
      <trkpt lat="47.909415" lon="7.931820">
        <ele>587.272738</ele>
        <time>2025-05-30T01:46:58.652Z</time>
      </trkpt>
      <trkpt lat="47.909415" lon="7.931820">
        <ele>587.272738</ele>
        <time>2025-05-30T01:46:58.659Z</time>
      </trkpt>
      <trkpt lat="47.909198" lon="7.931799">
        <ele>588.417764</ele>
        <time>2025-05-30T01:47:06.926Z</time>
      </trkpt>
      <trkpt lat="47.909056" lon="7.931785">
        <ele>589.167103</ele>
        <time>2025-05-30T01:47:12.627Z</time>
      </trkpt>
      <trkpt lat="47.908588" lon="7.931758">
        <ele>591.633223</ele>
        <time>2025-05-30T01:47:34.478Z</time>
      </trkpt>
      <trkpt lat="47.908347" lon="7.931669">
        <ele>593.437359</ele>
        <time>2025-05-30T01:47:49.053Z</time>
      </trkpt>
      <trkpt lat="47.908105" lon="7.931480">
        <ele>596.571610</ele>
        <time>2025-05-30T01:48:07.763Z</time>
      </trkpt>
      <trkpt lat="47.907855" lon="7.931151">
        <ele>600.396774</ele>
        <time>2025-05-30T01:48:34.745Z</time>
      </trkpt>
      <trkpt lat="47.907651" lon="7.930884">
        <ele>603.510676</ele>
        <time>2025-05-30T01:48:58.855Z</time>
      </trkpt>
      <trkpt lat="47.907444" lon="7.930712">
        <ele>606.229413</ele>
        <time>2025-05-30T01:49:20.549Z</time>
      </trkpt>
      <trkpt lat="47.907238" lon="7.930643">
        <ele>608.651945</ele>
        <time>2025-05-30T01:49:40.008Z</time>
      </trkpt>
      <trkpt lat="47.907024" lon="7.930662">
        <ele>611.111767</ele>
        <time>2025-05-30T01:49:59.612Z</time>
      </trkpt>
      <trkpt lat="47.906834" lon="7.930774">
        <ele>613.435254</ele>
        <time>2025-05-30T01:50:17.618Z</time>
      </trkpt>
      <trkpt lat="47.905961" lon="7.931563">
        <ele>624.338097</ele>
        <time>2025-05-30T01:51:37.080Z</time>
      </trkpt>
      <trkpt lat="47.905495" lon="7.931914">
        <ele>629.914220</ele>
        <time>2025-05-30T01:52:15.445Z</time>
      </trkpt>
      <trkpt lat="47.905082" lon="7.932084">
        <ele>633.384161</ele>
        <time>2025-05-30T01:52:44.684Z</time>
      </trkpt>
      <trkpt lat="47.904744" lon="7.932159">
        <ele>635.130343</ele>
        <time>2025-05-30T01:53:05.283Z</time>
      </trkpt>
      <trkpt lat="47.904426" lon="7.932144">
        <ele>636.756133</ele>
        <time>2025-05-30T01:53:20.865Z</time>
      </trkpt>
      <trkpt lat="47.904256" lon="7.932089">
        <ele>637.645029</ele>
        <time>2025-05-30T01:53:27.464Z</time>
      </trkpt>
      <trkpt lat="47.903371" lon="7.931568">
        <ele>643.570973</ele>
        <time>2025-05-30T01:53:56.454Z</time>
      </trkpt>
      <trkpt lat="47.903134" lon="7.931553">
        <ele>646.146206</ele>
        <time>2025-05-30T01:54:08.532Z</time>
      </trkpt>
      <trkpt lat="47.903017" lon="7.931571">
        <ele>647.423118</ele>
        <time>2025-05-30T01:54:15.662Z</time>
      </trkpt>
      <trkpt lat="47.902775" lon="7.931546">
        <ele>650.056609</ele>
        <time>2025-05-30T01:54:33.603Z</time>
      </trkpt>
      <trkpt lat="47.902651" lon="7.931476">
        <ele>651.495953</ele>
        <time>2025-05-30T01:54:44.799Z</time>
      </trkpt>
      <trkpt lat="47.902499" lon="7.931287">
        <ele>653.644217</ele>
        <time>2025-05-30T01:55:03.165Z</time>
      </trkpt>
      <trkpt lat="47.902410" lon="7.931069">
        <ele>655.501853</ele>
        <time>2025-05-30T01:55:20.728Z</time>
      </trkpt>
      <trkpt lat="47.902376" lon="7.930781">
        <ele>657.630153</ele>
        <time>2025-05-30T01:55:42.616Z</time>
      </trkpt>
      <trkpt lat="47.902429" lon="7.930124">
        <ele>661.653103</ele>
        <time>2025-05-30T01:56:33.976Z</time>
      </trkpt>
      <trkpt lat="47.902566" lon="7.929330">
        <ele>664.138527</ele>
        <time>2025-05-30T01:57:13.928Z</time>
      </trkpt>
      <trkpt lat="47.902704" lon="7.928685">
        <ele>666.190976</ele>
        <time>2025-05-30T01:57:31.284Z</time>
      </trkpt>
      <trkpt lat="47.902791" lon="7.928566">
        <ele>666.724739</ele>
        <time>2025-05-30T01:57:33.549Z</time>
      </trkpt>
      <trkpt lat="47.902864" lon="7.928525">
        <ele>667.077462</ele>
        <time>2025-05-30T01:57:35.009Z</time>
      </trkpt>
      <trkpt lat="47.902935" lon="7.928529">
        <ele>667.398746</ele>
        <time>2025-05-30T01:57:36.227Z</time>
      </trkpt>
      <trkpt lat="47.903016" lon="7.928585">
        <ele>667.802448</ele>
        <time>2025-05-30T01:57:37.746Z</time>
      </trkpt>
      <trkpt lat="47.903088" lon="7.928715">
        <ele>668.313627</ele>
        <time>2025-05-30T01:57:39.641Z</time>
      </trkpt>
      <trkpt lat="47.903161" lon="7.928979">
        <ele>669.179328</ele>
        <time>2025-05-30T01:57:42.613Z</time>
      </trkpt>
      <trkpt lat="47.903228" lon="7.929365">
        <ele>670.146452</ele>
        <time>2025-05-30T01:57:46.727Z</time>
      </trkpt>
      <trkpt lat="47.903295" lon="7.930056">
        <ele>671.825123</ele>
        <time>2025-05-30T01:57:54.782Z</time>
      </trkpt>
      <trkpt lat="47.903322" lon="7.930676">
        <ele>673.318941</ele>
        <time>2025-05-30T01:58:14.662Z</time>
      </trkpt>
      <trkpt lat="47.903377" lon="7.930738">
        <ele>673.566188</ele>
        <time>2025-05-30T01:58:18.818Z</time>
      </trkpt>
      <trkpt lat="47.903483" lon="7.930713">
        <ele>673.951077</ele>
        <time>2025-05-30T01:58:25.577Z</time>
      </trkpt>
      <trkpt lat="47.903533" lon="7.930574">
        <ele>674.330347</ele>
        <time>2025-05-30T01:58:32.546Z</time>
      </trkpt>
      <trkpt lat="47.903471" lon="7.929734">
        <ele>678.075733</ele>
        <time>2025-05-30T01:59:17.653Z</time>
      </trkpt>
      <trkpt lat="47.903464" lon="7.929338">
        <ele>681.389400</ele>
        <time>2025-05-30T01:59:41.476Z</time>
      </trkpt>
      <trkpt lat="47.903492" lon="7.928160">
        <ele>691.249488</ele>
        <time>2025-05-30T02:00:52.018Z</time>
      </trkpt>
      <trkpt lat="47.903427" lon="7.927459">
        <ele>697.169137</ele>
        <time>2025-05-30T02:01:31.281Z</time>
      </trkpt>
      <trkpt lat="47.903299" lon="7.926660">
        <ele>704.276249</ele>
        <time>2025-05-30T02:02:17.082Z</time>
      </trkpt>
      <trkpt lat="47.903228" lon="7.926362">
        <ele>707.026804</ele>
        <time>2025-05-30T02:02:34.851Z</time>
      </trkpt>
      <trkpt lat="47.903030" lon="7.925929">
        <ele>711.585313</ele>
        <time>2025-05-30T02:03:05.303Z</time>
      </trkpt>
      <trkpt lat="47.902875" lon="7.925710">
        <ele>714.355038</ele>
        <time>2025-05-30T02:03:24.527Z</time>
      </trkpt>
      <trkpt lat="47.902717" lon="7.925552">
        <ele>716.822815</ele>
        <time>2025-05-30T02:03:41.892Z</time>
      </trkpt>
      <trkpt lat="47.902534" lon="7.925428">
        <ele>719.430401</ele>
        <time>2025-05-30T02:04:00.482Z</time>
      </trkpt>
      <trkpt lat="47.901629" lon="7.925035">
        <ele>731.470726</ele>
        <time>2025-05-30T02:05:26.375Z</time>
      </trkpt>
      <trkpt lat="47.901418" lon="7.924929">
        <ele>734.306004</ele>
        <time>2025-05-30T02:05:45.265Z</time>
      </trkpt>
      <trkpt lat="47.901177" lon="7.924750">
        <ele>737.734444</ele>
        <time>2025-05-30T02:06:07.454Z</time>
      </trkpt>
      <trkpt lat="47.900988" lon="7.924559">
        <ele>740.641637</ele>
        <time>2025-05-30T02:06:25.890Z</time>
      </trkpt>
      <trkpt lat="47.900556" lon="7.923958">
        <ele>747.614112</ele>
        <time>2025-05-30T02:07:14.336Z</time>
      </trkpt>
      <trkpt lat="47.900265" lon="7.923629">
        <ele>751.592667</ele>
        <time>2025-05-30T02:07:42.401Z</time>
      </trkpt>
      <trkpt lat="47.900165" lon="7.923548">
        <ele>752.832537</ele>
        <time>2025-05-30T02:07:50.957Z</time>
      </trkpt>
      <trkpt lat="47.899867" lon="7.923374">
        <ele>756.319399</ele>
        <time>2025-05-30T02:08:13.964Z</time>
      </trkpt>
      <trkpt lat="47.899601" lon="7.923285">
        <ele>759.289704</ele>
        <time>2025-05-30T02:08:33.070Z</time>
      </trkpt>
      <trkpt lat="47.898517" lon="7.923069">
        <ele>771.227497</ele>
        <time>2025-05-30T02:09:59.529Z</time>
      </trkpt>
      <trkpt lat="47.898362" lon="7.923040">
        <ele>772.934700</ele>
        <time>2025-05-30T02:10:11.785Z</time>
      </trkpt>
      <trkpt lat="47.898258" lon="7.923027">
        <ele>774.075256</ele>
        <time>2025-05-30T02:10:20.102Z</time>
      </trkpt>
      <trkpt lat="47.898064" lon="7.923008">
        <ele>776.199964</ele>
        <time>2025-05-30T02:10:35.600Z</time>
      </trkpt>
      <trkpt lat="47.897931" lon="7.923017">
        <ele>777.654959</ele>
        <time>2025-05-30T02:10:46.332Z</time>
      </trkpt>
      <trkpt lat="47.897749" lon="7.923080">
        <ele>779.696821</ele>
        <time>2025-05-30T02:11:01.310Z</time>
      </trkpt>
      <trkpt lat="47.897585" lon="7.923157">
        <ele>781.575809</ele>
        <time>2025-05-30T02:11:14.791Z</time>
      </trkpt>
      <trkpt lat="47.897270" lon="7.923329">
        <ele>785.033475</ele>
        <time>2025-05-30T02:11:39.134Z</time>
      </trkpt>
      <trkpt lat="47.897170" lon="7.923312">
        <ele>785.993216</ele>
        <time>2025-05-30T02:11:45.543Z</time>
      </trkpt>
      <trkpt lat="47.897105" lon="7.923208">
        <ele>786.902212</ele>
        <time>2025-05-30T02:11:51.032Z</time>
      </trkpt>
      <trkpt lat="47.897095" lon="7.923144">
        <ele>787.322350</ele>
        <time>2025-05-30T02:11:53.824Z</time>
      </trkpt>
      <trkpt lat="47.897131" lon="7.922968">
        <ele>788.498774</ele>
        <time>2025-05-30T02:12:02.200Z</time>
      </trkpt>
      <trkpt lat="47.897189" lon="7.922886">
        <ele>789.260828</ele>
        <time>2025-05-30T02:12:07.328Z</time>
      </trkpt>
      <trkpt lat="47.897358" lon="7.922765">
        <ele>791.048414</ele>
        <time>2025-05-30T02:12:19.915Z</time>
      </trkpt>
      <trkpt lat="47.897966" lon="7.922448">
        <ele>797.190120</ele>
        <time>2025-05-30T02:13:03.874Z</time>
      </trkpt>
      <trkpt lat="47.898027" lon="7.922356">
        <ele>798.017343</ele>
        <time>2025-05-30T02:13:09.952Z</time>
      </trkpt>
      <trkpt lat="47.898030" lon="7.922232">
        <ele>798.810617</ele>
        <time>2025-05-30T02:13:16.547Z</time>
      </trkpt>
      <trkpt lat="47.898162" lon="7.922132">
        <ele>800.222381</ele>
        <time>2025-05-30T02:13:27.716Z</time>
      </trkpt>
      <trkpt lat="47.898259" lon="7.921971">
        <ele>801.619194</ele>
        <time>2025-05-30T02:13:39.110Z</time>
      </trkpt>
      <trkpt lat="47.898922" lon="7.920675">
        <ele>812.200808</ele>
        <time>2025-05-30T02:14:56.511Z</time>
      </trkpt>
      <trkpt lat="47.899010" lon="7.920582">
        <ele>813.244976</ele>
        <time>2025-05-30T02:15:03.722Z</time>
      </trkpt>
      <trkpt lat="47.899153" lon="7.920519">
        <ele>814.688583</ele>
        <time>2025-05-30T02:15:13.701Z</time>
      </trkpt>
      <trkpt lat="47.899403" lon="7.920484">
        <ele>817.119635</ele>
        <time>2025-05-30T02:15:30.593Z</time>
      </trkpt>
      <trkpt lat="47.899612" lon="7.920423">
        <ele>819.399513</ele>
        <time>2025-05-30T02:15:45.431Z</time>
      </trkpt>
      <trkpt lat="47.899792" lon="7.920306">
        <ele>821.711410</ele>
        <time>2025-05-30T02:15:58.940Z</time>
      </trkpt>
      <trkpt lat="47.900249" lon="7.919525">
        <ele>829.894506</ele>
        <time>2025-05-30T02:16:51.586Z</time>
      </trkpt>
      <trkpt lat="47.901109" lon="7.918194">
        <ele>841.954093</ele>
        <time>2025-05-30T02:18:48.824Z</time>
      </trkpt>
      <trkpt lat="47.901374" lon="7.917830">
        <ele>844.104211</ele>
        <time>2025-05-30T02:19:09.261Z</time>
      </trkpt>
      <trkpt lat="47.901624" lon="7.917584">
        <ele>845.891765</ele>
        <time>2025-05-30T02:19:20.350Z</time>
      </trkpt>
      <trkpt lat="47.901923" lon="7.917368">
        <ele>847.874625</ele>
        <time>2025-05-30T02:19:29.834Z</time>
      </trkpt>
      <trkpt lat="47.902254" lon="7.917289">
        <ele>849.875332</ele>
        <time>2025-05-30T02:19:38.297Z</time>
      </trkpt>
      <trkpt lat="47.902469" lon="7.917313">
        <ele>851.071643</ele>
        <time>2025-05-30T02:19:42.930Z</time>
      </trkpt>
      <trkpt lat="47.902608" lon="7.917363">
        <ele>851.853273</ele>
        <time>2025-05-30T02:19:46.050Z</time>
      </trkpt>
      <trkpt lat="47.902695" lon="7.917402">
        <ele>852.349873</ele>
        <time>2025-05-30T02:19:48.271Z</time>
      </trkpt>
      <trkpt lat="47.902817" lon="7.917485">
        <ele>853.082880</ele>
        <time>2025-05-30T02:19:52.368Z</time>
      </trkpt>
      <trkpt lat="47.903151" lon="7.917808">
        <ele>855.258832</ele>
        <time>2025-05-30T02:20:09.972Z</time>
      </trkpt>
      <trkpt lat="47.903282" lon="7.917915">
        <ele>856.075276</ele>
        <time>2025-05-30T02:20:18.588Z</time>
      </trkpt>
      <trkpt lat="47.903427" lon="7.917972">
        <ele>856.894985</ele>
        <time>2025-05-30T02:20:28.016Z</time>
      </trkpt>
      <trkpt lat="47.903516" lon="7.917971">
        <ele>857.381520</ele>
        <time>2025-05-30T02:20:33.855Z</time>
      </trkpt>
      <trkpt lat="47.903670" lon="7.917893">
        <ele>858.270571</ele>
        <time>2025-05-30T02:20:44.996Z</time>
      </trkpt>
      <trkpt lat="47.903879" lon="7.917617">
        <ele>859.796459</ele>
        <time>2025-05-30T02:21:05.846Z</time>
      </trkpt>
      <trkpt lat="47.904000" lon="7.917384">
        <ele>861.719470</ele>
        <time>2025-05-30T02:21:20.866Z</time>
      </trkpt>
      <trkpt lat="47.904174" lon="7.917043">
        <ele>864.671469</ele>
        <time>2025-05-30T02:21:42.384Z</time>
      </trkpt>
      <trkpt lat="47.904363" lon="7.916688">
        <ele>867.794213</ele>
        <time>2025-05-30T02:22:04.582Z</time>
      </trkpt>
      <trkpt lat="47.905284" lon="7.915031">
        <ele>883.214750</ele>
        <time>2025-05-30T02:23:50.610Z</time>
      </trkpt>
      <trkpt lat="47.905676" lon="7.913987">
        <ele>892.616315</ele>
        <time>2025-05-30T02:24:56.353Z</time>
      </trkpt>
      <trkpt lat="47.905951" lon="7.913418">
        <ele>898.127547</ele>
        <time>2025-05-30T02:25:37.141Z</time>
      </trkpt>
      <trkpt lat="47.906017" lon="7.913256">
        <ele>899.633454</ele>
        <time>2025-05-30T02:25:47.634Z</time>
      </trkpt>
      <trkpt lat="47.906085" lon="7.912956">
        <ele>902.423466</ele>
        <time>2025-05-30T02:26:05.018Z</time>
      </trkpt>
      <trkpt lat="47.906103" lon="7.912769">
        <ele>904.087837</ele>
        <time>2025-05-30T02:26:15.506Z</time>
      </trkpt>
      <trkpt lat="47.906087" lon="7.912481">
        <ele>906.633820</ele>
        <time>2025-05-30T02:26:32.326Z</time>
      </trkpt>
      <trkpt lat="47.906071" lon="7.912328">
        <ele>907.998057</ele>
        <time>2025-05-30T02:26:41.713Z</time>
      </trkpt>
      <trkpt lat="47.905999" lon="7.911707">
        <ele>913.550312</ele>
        <time>2025-05-30T02:27:20.401Z</time>
      </trkpt>
      <trkpt lat="47.906016" lon="7.911290">
        <ele>917.230883</ele>
        <time>2025-05-30T02:27:45.887Z</time>
      </trkpt>
      <trkpt lat="47.906083" lon="7.910724">
        <ele>922.294507</ele>
        <time>2025-05-30T02:28:19.216Z</time>
      </trkpt>
      <trkpt lat="47.906178" lon="7.910278">
        <ele>926.528405</ele>
        <time>2025-05-30T02:28:45.548Z</time>
      </trkpt>
      <trkpt lat="47.906297" lon="7.909994">
        <ele>929.578376</ele>
        <time>2025-05-30T02:29:06.111Z</time>
      </trkpt>
      <trkpt lat="47.906605" lon="7.909603">
        <ele>935.072536</ele>
        <time>2025-05-30T02:29:47.328Z</time>
      </trkpt>
      <trkpt lat="47.906735" lon="7.909404">
        <ele>937.602956</ele>
        <time>2025-05-30T02:30:05.612Z</time>
      </trkpt>
      <trkpt lat="47.906781" lon="7.909287">
        <ele>938.838161</ele>
        <time>2025-05-30T02:30:14.111Z</time>
      </trkpt>
      <trkpt lat="47.906818" lon="7.909013">
        <ele>941.383478</ele>
        <time>2025-05-30T02:30:31.309Z</time>
      </trkpt>
      <trkpt lat="47.906802" lon="7.908832">
        <ele>943.046032</ele>
        <time>2025-05-30T02:30:42.112Z</time>
      </trkpt>
      <trkpt lat="47.906743" lon="7.908606">
        <ele>945.254678</ele>
        <time>2025-05-30T02:30:56.319Z</time>
      </trkpt>
      <trkpt lat="47.906583" lon="7.908181">
        <ele>948.820243</ele>
        <time>2025-05-30T02:31:23.907Z</time>
      </trkpt>
      <trkpt lat="47.906408" lon="7.907804">
        <ele>951.291510</ele>
        <time>2025-05-30T02:31:46.426Z</time>
      </trkpt>
      <trkpt lat="47.906188" lon="7.907402">
        <ele>954.088227</ele>
        <time>2025-05-30T02:32:09.188Z</time>
      </trkpt>
      <trkpt lat="47.905998" lon="7.907138">
        <ele>956.175664</ele>
        <time>2025-05-30T02:32:23.936Z</time>
      </trkpt>
      <trkpt lat="47.905579" lon="7.906656">
        <ele>960.429401</ele>
        <time>2025-05-30T02:32:47.972Z</time>
      </trkpt>
      <trkpt lat="47.904837" lon="7.905625">
        <ele>969.174328</ele>
        <time>2025-05-30T02:33:43.388Z</time>
      </trkpt>
      <trkpt lat="47.904727" lon="7.905422">
        <ele>970.708065</ele>
        <time>2025-05-30T02:33:55.570Z</time>
      </trkpt>
      <trkpt lat="47.904664" lon="7.905250">
        <ele>971.859724</ele>
        <time>2025-05-30T02:34:04.399Z</time>
      </trkpt>
      <trkpt lat="47.904599" lon="7.904875">
        <ele>974.135622</ele>
        <time>2025-05-30T02:34:23.418Z</time>
      </trkpt>
      <trkpt lat="47.904553" lon="7.904459">
        <ele>976.612997</ele>
        <time>2025-05-30T02:34:45.916Z</time>
      </trkpt>
      <trkpt lat="47.904473" lon="7.904229">
        <ele>978.294476</ele>
        <time>2025-05-30T02:35:00.261Z</time>
      </trkpt>
      <trkpt lat="47.904384" lon="7.904121">
        <ele>979.748979</ele>
        <time>2025-05-30T02:35:10.297Z</time>
      </trkpt>
      <trkpt lat="47.904147" lon="7.903949">
        <ele>983.090322</ele>
        <time>2025-05-30T02:35:33.516Z</time>
      </trkpt>
      <trkpt lat="47.903973" lon="7.903714">
        <ele>986.066057</ele>
        <time>2025-05-30T02:35:54.197Z</time>
      </trkpt>
      <trkpt lat="47.903913" lon="7.903583">
        <ele>987.414446</ele>
        <time>2025-05-30T02:36:03.272Z</time>
      </trkpt>
      <trkpt lat="47.903755" lon="7.902878">
        <ele>993.732096</ele>
        <time>2025-05-30T02:36:46.462Z</time>
      </trkpt>
      <trkpt lat="47.903665" lon="7.902616">
        <ele>996.234113</ele>
        <time>2025-05-30T02:37:03.871Z</time>
      </trkpt>
      <trkpt lat="47.903523" lon="7.902445">
        <ele>998.547760</ele>
        <time>2025-05-30T02:37:21.343Z</time>
      </trkpt>
      <trkpt lat="47.903197" lon="7.902182">
        <ele>1002.617993</ele>
        <time>2025-05-30T02:37:53.797Z</time>
      </trkpt>
      <trkpt lat="47.903044" lon="7.901975">
        <ele>1004.619003</ele>
        <time>2025-05-30T02:38:10.081Z</time>
      </trkpt>
      <trkpt lat="47.902918" lon="7.901759">
        <ele>1006.478486</ele>
        <time>2025-05-30T02:38:23.831Z</time>
      </trkpt>
      <trkpt lat="47.902758" lon="7.901377">
        <ele>1009.403726</ele>
        <time>2025-05-30T02:38:44.625Z</time>
      </trkpt>
      <trkpt lat="47.902463" lon="7.900674">
        <ele>1014.789926</ele>
        <time>2025-05-30T02:39:21.259Z</time>
      </trkpt>
      <trkpt lat="47.902405" lon="7.900535">
        <ele>1015.853225</ele>
        <time>2025-05-30T02:39:28.228Z</time>
      </trkpt>
      <trkpt lat="47.902347" lon="7.900398">
        <ele>1016.905519</ele>
        <time>2025-05-30T02:39:35.324Z</time>
      </trkpt>
      <trkpt lat="47.902284" lon="7.900265">
        <ele>1017.963135</ele>
        <time>2025-05-30T02:39:42.395Z</time>
      </trkpt>
      <trkpt lat="47.902251" lon="7.900190">
        <ele>1018.416418</ele>
        <time>2025-05-30T02:39:46.146Z</time>
      </trkpt>
      <trkpt lat="47.902221" lon="7.900129">
        <ele>1018.789938</ele>
        <time>2025-05-30T02:39:49.093Z</time>
      </trkpt>
      <trkpt lat="47.902026" lon="7.899752">
        <ele>1021.140882</ele>
        <time>2025-05-30T02:40:06.574Z</time>
      </trkpt>
      <trkpt lat="47.901866" lon="7.899494">
        <ele>1022.876124</ele>
        <time>2025-05-30T02:40:18.916Z</time>
      </trkpt>
      <trkpt lat="47.901836" lon="7.899445">
        <ele>1023.203754</ele>
        <time>2025-05-30T02:40:21.256Z</time>
      </trkpt>
      <trkpt lat="47.901650" lon="7.899110">
        <ele>1025.351324</ele>
        <time>2025-05-30T02:40:38.121Z</time>
      </trkpt>
      <trkpt lat="47.901551" lon="7.898927">
        <ele>1026.512328</ele>
        <time>2025-05-30T02:40:47.582Z</time>
      </trkpt>
      <trkpt lat="47.901385" lon="7.898619">
        <ele>1028.463493</ele>
        <time>2025-05-30T02:41:03.173Z</time>
      </trkpt>
      <trkpt lat="47.901237" lon="7.898337">
        <ele>1030.231704</ele>
        <time>2025-05-30T02:41:17.349Z</time>
      </trkpt>
      <trkpt lat="47.901099" lon="7.898053">
        <ele>1032.187809</ele>
        <time>2025-05-30T02:41:31.798Z</time>
      </trkpt>
      <trkpt lat="47.900966" lon="7.897777">
        <ele>1034.395622</ele>
        <time>2025-05-30T02:41:45.800Z</time>
      </trkpt>
      <trkpt lat="47.900821" lon="7.897489">
        <ele>1036.735101</ele>
        <time>2025-05-30T02:42:01.361Z</time>
      </trkpt>
      <trkpt lat="47.900644" lon="7.897192">
        <ele>1039.316297</ele>
        <time>2025-05-30T02:42:20.864Z</time>
      </trkpt>
      <trkpt lat="47.900335" lon="7.896904">
        <ele>1042.846527</ele>
        <time>2025-05-30T02:42:49.058Z</time>
      </trkpt>
      <trkpt lat="47.900177" lon="7.896823">
        <ele>1044.465242</ele>
        <time>2025-05-30T02:43:01.280Z</time>
      </trkpt>
      <trkpt lat="47.899997" lon="7.896781">
        <ele>1046.230424</ele>
        <time>2025-05-30T02:43:14.164Z</time>
      </trkpt>
      <trkpt lat="47.899797" lon="7.896778">
        <ele>1048.168270</ele>
        <time>2025-05-30T02:43:29.307Z</time>
      </trkpt>
      <trkpt lat="47.899600" lon="7.896843">
        <ele>1050.014876</ele>
        <time>2025-05-30T02:43:45.416Z</time>
      </trkpt>
      <trkpt lat="47.899369" lon="7.896985">
        <ele>1052.254162</ele>
        <time>2025-05-30T02:44:04.421Z</time>
      </trkpt>
      <trkpt lat="47.899269" lon="7.897090">
        <ele>1053.350221</ele>
        <time>2025-05-30T02:44:13.563Z</time>
      </trkpt>
      <trkpt lat="47.899154" lon="7.897216">
        <ele>1054.629110</ele>
        <time>2025-05-30T02:44:24.419Z</time>
      </trkpt>
      <trkpt lat="47.899035" lon="7.897351">
        <ele>1055.969094</ele>
        <time>2025-05-30T02:44:35.374Z</time>
      </trkpt>
      <trkpt lat="47.898884" lon="7.897513">
        <ele>1057.636166</ele>
        <time>2025-05-30T02:44:48.535Z</time>
      </trkpt>
      <trkpt lat="47.898721" lon="7.897622">
        <ele>1059.237169</ele>
        <time>2025-05-30T02:45:00.087Z</time>
      </trkpt>
      <trkpt lat="47.898381" lon="7.897733">
        <ele>1062.356586</ele>
        <time>2025-05-30T02:45:19.253Z</time>
      </trkpt>
      <trkpt lat="47.898145" lon="7.897867">
        <ele>1064.619831</ele>
        <time>2025-05-30T02:45:34.151Z</time>
      </trkpt>
      <trkpt lat="47.898026" lon="7.897993">
        <ele>1065.583240</ele>
        <time>2025-05-30T02:45:42.820Z</time>
      </trkpt>
      <trkpt lat="47.897954" lon="7.898224">
        <ele>1066.646449</ele>
        <time>2025-05-30T02:45:52.948Z</time>
      </trkpt>
      <trkpt lat="47.897948" lon="7.898495">
        <ele>1067.778128</ele>
        <time>2025-05-30T02:46:02.720Z</time>
      </trkpt>
      <trkpt lat="47.897975" lon="7.898641">
        <ele>1068.410239</ele>
        <time>2025-05-30T02:46:07.814Z</time>
      </trkpt>
      <trkpt lat="47.898062" lon="7.899031">
        <ele>1070.125702</ele>
        <time>2025-05-30T02:46:21.563Z</time>
      </trkpt>
      <trkpt lat="47.898535" lon="7.900948">
        <ele>1079.554234</ele>
        <time>2025-05-30T02:47:32.119Z</time>
      </trkpt>
      <trkpt lat="47.898561" lon="7.901282">
        <ele>1081.434971</ele>
        <time>2025-05-30T02:47:46.886Z</time>
      </trkpt>
      <trkpt lat="47.898525" lon="7.901512">
        <ele>1082.756040</ele>
        <time>2025-05-30T02:47:57.389Z</time>
      </trkpt>
      <trkpt lat="47.898451" lon="7.901665">
        <ele>1083.811271</ele>
        <time>2025-05-30T02:48:05.881Z</time>
      </trkpt>
      <trkpt lat="47.898378" lon="7.901742">
        <ele>1084.557195</ele>
        <time>2025-05-30T02:48:11.846Z</time>
      </trkpt>
      <trkpt lat="47.898218" lon="7.901795">
        <ele>1085.924561</ele>
        <time>2025-05-30T02:48:22.998Z</time>
      </trkpt>
      <trkpt lat="47.898145" lon="7.901779">
        <ele>1086.540123</ele>
        <time>2025-05-30T02:48:28.155Z</time>
      </trkpt>
      <trkpt lat="47.897999" lon="7.901645">
        <ele>1087.970302</ele>
        <time>2025-05-30T02:48:40.010Z</time>
      </trkpt>
      <trkpt lat="47.897934" lon="7.901524">
        <ele>1088.837558</ele>
        <time>2025-05-30T02:48:47.222Z</time>
      </trkpt>
      <trkpt lat="47.897678" lon="7.900744">
        <ele>1094.016803</ele>
        <time>2025-05-30T02:49:28.745Z</time>
      </trkpt>
      <trkpt lat="47.897528" lon="7.900479">
        <ele>1096.188389</ele>
        <time>2025-05-30T02:49:45.706Z</time>
      </trkpt>
      <trkpt lat="47.897417" lon="7.900335">
        <ele>1097.562307</ele>
        <time>2025-05-30T02:49:56.015Z</time>
      </trkpt>
      <trkpt lat="47.897194" lon="7.900146">
        <ele>1099.957707</ele>
        <time>2025-05-30T02:50:13.208Z</time>
      </trkpt>
      <trkpt lat="47.897001" lon="7.900044">
        <ele>1101.869987</ele>
        <time>2025-05-30T02:50:26.892Z</time>
      </trkpt>
      <trkpt lat="47.896612" lon="7.899840">
        <ele>1105.720969</ele>
        <time>2025-05-30T02:50:54.802Z</time>
      </trkpt>
      <trkpt lat="47.896519" lon="7.899753">
        <ele>1106.746222</ele>
        <time>2025-05-30T02:51:02.361Z</time>
      </trkpt>
      <trkpt lat="47.896391" lon="7.899589">
        <ele>1108.269565</ele>
        <time>2025-05-30T02:51:14.123Z</time>
      </trkpt>
      <trkpt lat="47.896256" lon="7.899261">
        <ele>1110.436718</ele>
        <time>2025-05-30T02:51:32.204Z</time>
      </trkpt>
      <trkpt lat="47.896011" lon="7.897919">
        <ele>1118.268467</ele>
        <time>2025-05-30T02:52:33.487Z</time>
      </trkpt>
      <trkpt lat="47.895856" lon="7.897516">
        <ele>1120.884575</ele>
        <time>2025-05-30T02:52:52.195Z</time>
      </trkpt>
      <trkpt lat="47.895526" lon="7.896855">
        <ele>1125.401139</ele>
        <time>2025-05-30T02:53:24.331Z</time>
      </trkpt>
      <trkpt lat="47.895323" lon="7.896089">
        <ele>1129.819668</ele>
        <time>2025-05-30T02:53:56.432Z</time>
      </trkpt>
      <trkpt lat="47.895195" lon="7.895690">
        <ele>1132.192485</ele>
        <time>2025-05-30T02:54:14.601Z</time>
      </trkpt>
      <trkpt lat="47.895035" lon="7.895357">
        <ele>1134.390192</ele>
        <time>2025-05-30T02:54:32.284Z</time>
      </trkpt>
      <trkpt lat="47.894850" lon="7.895086">
        <ele>1136.464892</ele>
        <time>2025-05-30T02:54:49.869Z</time>
      </trkpt>
      <trkpt lat="47.894274" lon="7.894416">
        <ele>1142.260474</ele>
        <time>2025-05-30T02:55:40.957Z</time>
      </trkpt>
      <trkpt lat="47.894140" lon="7.894215">
        <ele>1143.766236</ele>
        <time>2025-05-30T02:55:53.963Z</time>
      </trkpt>
      <trkpt lat="47.893986" lon="7.893913">
        <ele>1145.781832</ele>
        <time>2025-05-30T02:56:10.684Z</time>
      </trkpt>
      <trkpt lat="47.893891" lon="7.893668">
        <ele>1147.285335</ele>
        <time>2025-05-30T02:56:22.621Z</time>
      </trkpt>
      <trkpt lat="47.893781" lon="7.893346">
        <ele>1149.205148</ele>
        <time>2025-05-30T02:56:36.941Z</time>
      </trkpt>
      <trkpt lat="47.893614" lon="7.892833">
        <ele>1151.734036</ele>
        <time>2025-05-30T02:56:57.250Z</time>
      </trkpt>
      <trkpt lat="47.893396" lon="7.892155">
        <ele>1152.820685</ele>
        <time>2025-05-30T02:57:17.358Z</time>
      </trkpt>
      <trkpt lat="47.893291" lon="7.891828">
        <ele>1153.344646</ele>
        <time>2025-05-30T02:57:25.284Z</time>
      </trkpt>
      <trkpt lat="47.893268" lon="7.891752">
        <ele>1153.465148</ele>
        <time>2025-05-30T02:57:27.007Z</time>
      </trkpt>
      <trkpt lat="47.893209" lon="7.891539">
        <ele>1153.798200</ele>
        <time>2025-05-30T02:57:31.534Z</time>
      </trkpt>
      <trkpt lat="47.893143" lon="7.891391">
        <ele>1154.055069</ele>
        <time>2025-05-30T02:57:35.607Z</time>
      </trkpt>
      <trkpt lat="47.893111" lon="7.891304">
        <ele>1154.198473</ele>
        <time>2025-05-30T02:57:38.190Z</time>
      </trkpt>
      <trkpt lat="47.892725" lon="7.891447">
        <ele>1155.055706</ele>
        <time>2025-05-30T02:57:48.296Z</time>
      </trkpt>
      <trkpt lat="47.892706" lon="7.891454">
        <ele>1155.097888</ele>
        <time>2025-05-30T02:57:48.757Z</time>
      </trkpt>
      <trkpt lat="47.892562" lon="7.891467">
        <ele>1155.408820</ele>
        <time>2025-05-30T02:57:52.227Z</time>
      </trkpt>
      <trkpt lat="47.892528" lon="7.891471">
        <ele>1155.441310</ele>
        <time>2025-05-30T02:57:53.033Z</time>
      </trkpt>
      <trkpt lat="47.892067" lon="7.891558">
        <ele>1155.743329</ele>
        <time>2025-05-30T02:58:03.959Z</time>
      </trkpt>
      <trkpt lat="47.891917" lon="7.891547">
        <ele>1155.840941</ele>
        <time>2025-05-30T02:58:07.669Z</time>
      </trkpt>
      <trkpt lat="47.891760" lon="7.891486">
        <ele>1155.946390</ele>
        <time>2025-05-30T02:58:11.917Z</time>
      </trkpt>
      <trkpt lat="47.891590" lon="7.891358">
        <ele>1156.070166</ele>
        <time>2025-05-30T02:58:17.134Z</time>
      </trkpt>
      <trkpt lat="47.891183" lon="7.890984">
        <ele>1156.380883</ele>
        <time>2025-05-30T02:58:31.086Z</time>
      </trkpt>
      <trkpt lat="47.890784" lon="7.890804">
        <ele>1156.840721</ele>
        <time>2025-05-30T02:58:44.564Z</time>
      </trkpt>
      <trkpt lat="47.889973" lon="7.890416">
        <ele>1159.161215</ele>
        <time>2025-05-30T02:59:15.847Z</time>
      </trkpt>
      <trkpt lat="47.889842" lon="7.890268">
        <ele>1159.608981</ele>
        <time>2025-05-30T02:59:22.222Z</time>
      </trkpt>
      <trkpt lat="47.889541" lon="7.889693">
        <ele>1160.941672</ele>
        <time>2025-05-30T02:59:41.835Z</time>
      </trkpt>
      <trkpt lat="47.889207" lon="7.888741">
        <ele>1164.104179</ele>
        <time>2025-05-30T03:00:14.035Z</time>
      </trkpt>
      <trkpt lat="47.888989" lon="7.888320">
        <ele>1165.901812</ele>
        <time>2025-05-30T03:00:31.655Z</time>
      </trkpt>
      <trkpt lat="47.888299" lon="7.887605">
        <ele>1170.136447</ele>
        <time>2025-05-30T03:01:17.745Z</time>
      </trkpt>
      <trkpt lat="47.887952" lon="7.887245">
        <ele>1171.661749</ele>
        <time>2025-05-30T03:01:40.552Z</time>
      </trkpt>
      <trkpt lat="47.887346" lon="7.886487">
        <ele>1174.236494</ele>
        <time>2025-05-30T03:02:17.782Z</time>
      </trkpt>
      <trkpt lat="47.886643" lon="7.886034">
        <ele>1176.304432</ele>
        <time>2025-05-30T03:02:40.465Z</time>
      </trkpt>
      <trkpt lat="47.885996" lon="7.885894">
        <ele>1175.574341</ele>
        <time>2025-05-30T03:02:54.635Z</time>
      </trkpt>
      <trkpt lat="47.884996" lon="7.886469">
        <ele>1174.389284</ele>
        <time>2025-05-30T03:03:17.217Z</time>
      </trkpt>
      <trkpt lat="47.884771" lon="7.886777">
        <ele>1174.197920</ele>
        <time>2025-05-30T03:03:23.926Z</time>
      </trkpt>
      <trkpt lat="47.884327" lon="7.887003">
        <ele>1173.903976</ele>
        <time>2025-05-30T03:03:34.439Z</time>
      </trkpt>
      <trkpt lat="47.884199" lon="7.887029">
        <ele>1173.823038</ele>
        <time>2025-05-30T03:03:37.367Z</time>
      </trkpt>
      <trkpt lat="47.884025" lon="7.887053">
        <ele>1173.713555</ele>
        <time>2025-05-30T03:03:41.384Z</time>
      </trkpt>
      <trkpt lat="47.882988" lon="7.887008">
        <ele>1174.655523</ele>
        <time>2025-05-30T03:04:06.408Z</time>
      </trkpt>
      <trkpt lat="47.882484" lon="7.886966">
        <ele>1176.692939</ele>
        <time>2025-05-30T03:04:24.460Z</time>
      </trkpt>
      <trkpt lat="47.882087" lon="7.886870">
        <ele>1178.316242</ele>
        <time>2025-05-30T03:04:43.839Z</time>
      </trkpt>
      <trkpt lat="47.881270" lon="7.886970">
        <ele>1182.252098</ele>
        <time>2025-05-30T03:05:35.864Z</time>
      </trkpt>
      <trkpt lat="47.881090" lon="7.886777">
        <ele>1183.662925</ele>
        <time>2025-05-30T03:05:51.814Z</time>
      </trkpt>
      <trkpt lat="47.880889" lon="7.886308">
        <ele>1186.038287</ele>
        <time>2025-05-30T03:06:17.952Z</time>
      </trkpt>
      <trkpt lat="47.880392" lon="7.885317">
        <ele>1191.319393</ele>
        <time>2025-05-30T03:07:02.261Z</time>
      </trkpt>
      <trkpt lat="47.879928" lon="7.884028">
        <ele>1192.148629</ele>
        <time>2025-05-30T03:07:33.439Z</time>
      </trkpt>
      <trkpt lat="47.879678" lon="7.883157">
        <ele>1192.268859</ele>
        <time>2025-05-30T03:07:46.974Z</time>
      </trkpt>
      <trkpt lat="47.879603" lon="7.882755">
        <ele>1192.321811</ele>
        <time>2025-05-30T03:07:52.899Z</time>
      </trkpt>
      <trkpt lat="47.879610" lon="7.882312">
        <ele>1191.466822</ele>
        <time>2025-05-30T03:07:59.074Z</time>
      </trkpt>
      <trkpt lat="47.879653" lon="7.881870">
        <ele>1190.584702</ele>
        <time>2025-05-30T03:08:04.984Z</time>
      </trkpt>
      <trkpt lat="47.879651" lon="7.881531">
        <ele>1189.915124</ele>
        <time>2025-05-30T03:08:09.302Z</time>
      </trkpt>
      <trkpt lat="47.879585" lon="7.881322">
        <ele>1189.458865</ele>
        <time>2025-05-30T03:08:12.212Z</time>
      </trkpt>
      <trkpt lat="47.879452" lon="7.881186">
        <ele>1188.983941</ele>
        <time>2025-05-30T03:08:15.236Z</time>
      </trkpt>
      <trkpt lat="47.879204" lon="7.881114">
        <ele>1188.239904</ele>
        <time>2025-05-30T03:08:19.959Z</time>
      </trkpt>
      <trkpt lat="47.879106" lon="7.881289">
        <ele>1187.789621</ele>
        <time>2025-05-30T03:08:22.834Z</time>
      </trkpt>
      <trkpt lat="47.878883" lon="7.881582">
        <ele>1187.017850</ele>
        <time>2025-05-30T03:08:28.609Z</time>
      </trkpt>
      <trkpt lat="47.878443" lon="7.882564">
        <ele>1186.841669</ele>
        <time>2025-05-30T03:08:44.926Z</time>
      </trkpt>
      <trkpt lat="47.878157" lon="7.883039">
        <ele>1186.746442</ele>
        <time>2025-05-30T03:08:55.433Z</time>
      </trkpt>
      <trkpt lat="47.878113" lon="7.883289">
        <ele>1186.707883</ele>
        <time>2025-05-30T03:09:00.660Z</time>
      </trkpt>
      <trkpt lat="47.877926" lon="7.883744">
        <ele>1186.628274</ele>
        <time>2025-05-30T03:09:13.599Z</time>
      </trkpt>
      <trkpt lat="47.877701" lon="7.884439">
        <ele>1189.812407</ele>
        <time>2025-05-30T03:09:37.718Z</time>
      </trkpt>
      <trkpt lat="47.877632" lon="7.884750">
        <ele>1191.189147</ele>
        <time>2025-05-30T03:09:49.530Z</time>
      </trkpt>
      <trkpt lat="47.877538" lon="7.884949">
        <ele>1192.212113</ele>
        <time>2025-05-30T03:09:58.893Z</time>
      </trkpt>
      <trkpt lat="47.877390" lon="7.885092">
        <ele>1193.317229</ele>
        <time>2025-05-30T03:10:09.576Z</time>
      </trkpt>
      <trkpt lat="47.876728" lon="7.885881">
        <ele>1198.656644</ele>
        <time>2025-05-30T03:11:06.381Z</time>
      </trkpt>
      <trkpt lat="47.876534" lon="7.886025">
        <ele>1200.067833</ele>
        <time>2025-05-30T03:11:21.026Z</time>
      </trkpt>
      <trkpt lat="47.875780" lon="7.886226">
        <ele>1205.055583</ele>
        <time>2025-05-30T03:12:07.733Z</time>
      </trkpt>
      <trkpt lat="47.875229" lon="7.886789">
        <ele>1209.405355</ele>
        <time>2025-05-30T03:12:41.546Z</time>
      </trkpt>
      <trkpt lat="47.875013" lon="7.886912">
        <ele>1210.221978</ele>
        <time>2025-05-30T03:12:52.300Z</time>
      </trkpt>
      <trkpt lat="47.874573" lon="7.887284">
        <ele>1211.772319</ele>
        <time>2025-05-30T03:13:12.953Z</time>
      </trkpt>
      <trkpt lat="47.874423" lon="7.887502">
        <ele>1212.414368</ele>
        <time>2025-05-30T03:13:20.778Z</time>
      </trkpt>
      <trkpt lat="47.874252" lon="7.888183">
        <ele>1213.909290</ele>
        <time>2025-05-30T03:13:38.619Z</time>
      </trkpt>
      <trkpt lat="47.873907" lon="7.888386">
        <ele>1215.046082</ele>
        <time>2025-05-30T03:13:51.818Z</time>
      </trkpt>
      <trkpt lat="47.873612" lon="7.889375">
        <ele>1217.298968</ele>
        <time>2025-05-30T03:14:19.668Z</time>
      </trkpt>
      <trkpt lat="47.873517" lon="7.889576">
        <ele>1217.810983</ele>
        <time>2025-05-30T03:14:26.218Z</time>
      </trkpt>
      <trkpt lat="47.873410" lon="7.889661">
        <ele>1218.187369</ele>
        <time>2025-05-30T03:14:31.164Z</time>
      </trkpt>
      <trkpt lat="47.872594" lon="7.889665">
        <ele>1220.715064</ele>
        <time>2025-05-30T03:15:05.237Z</time>
      </trkpt>
      <trkpt lat="47.872346" lon="7.889605">
        <ele>1221.204869</ele>
        <time>2025-05-30T03:15:15.970Z</time>
      </trkpt>
      <trkpt lat="47.872076" lon="7.889373">
        <ele>1221.812411</ele>
        <time>2025-05-30T03:15:30.450Z</time>
      </trkpt>
      <trkpt lat="47.871700" lon="7.888814">
        <ele>1222.847636</ele>
        <time>2025-05-30T03:15:54.511Z</time>
      </trkpt>
      <trkpt lat="47.871266" lon="7.888204">
        <ele>1224.010482</ele>
        <time>2025-05-30T03:16:10.416Z</time>
      </trkpt>
      <trkpt lat="47.871076" lon="7.887991">
        <ele>1223.300601</ele>
        <time>2025-05-30T03:16:15.391Z</time>
      </trkpt>
      <trkpt lat="47.871037" lon="7.888691">
        <ele>1220.100632</ele>
        <time>2025-05-30T03:16:29.463Z</time>
      </trkpt>
      <trkpt lat="47.871101" lon="7.889496">
        <ele>1216.407629</ele>
        <time>2025-05-30T03:16:44.065Z</time>
      </trkpt>
      <trkpt lat="47.871174" lon="7.890019">
        <ele>1213.973969</ele>
        <time>2025-05-30T03:16:53.158Z</time>
      </trkpt>
      <trkpt lat="47.871349" lon="7.890605">
        <ele>1210.789645</ele>
        <time>2025-05-30T03:17:04.141Z</time>
      </trkpt>
      <trkpt lat="47.871349" lon="7.890841">
        <ele>1209.416373</ele>
        <time>2025-05-30T03:17:08.205Z</time>
      </trkpt>
      <trkpt lat="47.871116" lon="7.891737">
        <ele>1203.824515</ele>
        <time>2025-05-30T03:17:25.063Z</time>
      </trkpt>
      <trkpt lat="47.870945" lon="7.892079">
        <ele>1201.342408</ele>
        <time>2025-05-30T03:17:32.693Z</time>
      </trkpt>
      <trkpt lat="47.870795" lon="7.892274">
        <ele>1199.615942</ele>
        <time>2025-05-30T03:17:38.025Z</time>
      </trkpt>
      <trkpt lat="47.870623" lon="7.892383">
        <ele>1197.994678</ele>
        <time>2025-05-30T03:17:43.040Z</time>
      </trkpt>
      <trkpt lat="47.870157" lon="7.892589">
        <ele>1194.655282</ele>
        <time>2025-05-30T03:17:56.186Z</time>
      </trkpt>
      <trkpt lat="47.869853" lon="7.892827">
        <ele>1192.675215</ele>
        <time>2025-05-30T03:18:05.631Z</time>
      </trkpt>
      <trkpt lat="47.869325" lon="7.893809">
        <ele>1187.806935</ele>
        <time>2025-05-30T03:18:29.660Z</time>
      </trkpt>
      <trkpt lat="47.869212" lon="7.894106">
        <ele>1186.486121</ele>
        <time>2025-05-30T03:18:33.802Z</time>
      </trkpt>
      <trkpt lat="47.869070" lon="7.894620">
        <ele>1185.437128</ele>
        <time>2025-05-30T03:18:40.582Z</time>
      </trkpt>
      <trkpt lat="47.869011" lon="7.894966">
        <ele>1184.957930</ele>
        <time>2025-05-30T03:18:45.258Z</time>
      </trkpt>
      <trkpt lat="47.868986" lon="7.895341">
        <ele>1184.452096</ele>
        <time>2025-05-30T03:18:50.557Z</time>
      </trkpt>
      <trkpt lat="47.869062" lon="7.895880">
        <ele>1183.712798</ele>
        <time>2025-05-30T03:18:58.709Z</time>
      </trkpt>
      <trkpt lat="47.869029" lon="7.896089">
        <ele>1183.424596</ele>
        <time>2025-05-30T03:19:01.954Z</time>
      </trkpt>
      <trkpt lat="47.868882" lon="7.896136">
        <ele>1183.123770</ele>
        <time>2025-05-30T03:19:05.354Z</time>
      </trkpt>
      <trkpt lat="47.868749" lon="7.896379">
        <ele>1182.702804</ele>
        <time>2025-05-30T03:19:10.170Z</time>
      </trkpt>
      <trkpt lat="47.868659" lon="7.896673">
        <ele>1182.367617</ele>
        <time>2025-05-30T03:19:15.140Z</time>
      </trkpt>
      <trkpt lat="47.868493" lon="7.897397">
        <ele>1181.996549</ele>
        <time>2025-05-30T03:19:27.621Z</time>
      </trkpt>
      <trkpt lat="47.868371" lon="7.897671">
        <ele>1181.837057</ele>
        <time>2025-05-30T03:19:33.384Z</time>
      </trkpt>
      <trkpt lat="47.868261" lon="7.897781">
        <ele>1181.741296</ele>
        <time>2025-05-30T03:19:36.467Z</time>
      </trkpt>
      <trkpt lat="47.868102" lon="7.897833">
        <ele>1181.623613</ele>
        <time>2025-05-30T03:19:40.144Z</time>
      </trkpt>
      <trkpt lat="47.867590" lon="7.898135">
        <ele>1181.225537</ele>
        <time>2025-05-30T03:19:52.421Z</time>
      </trkpt>
      <trkpt lat="47.867329" lon="7.898365">
        <ele>1180.777388</ele>
        <time>2025-05-30T03:19:59.000Z</time>
      </trkpt>
      <trkpt lat="47.867034" lon="7.898727">
        <ele>1179.959281</ele>
        <time>2025-05-30T03:20:06.901Z</time>
      </trkpt>
      <trkpt lat="47.866749" lon="7.898818">
        <ele>1179.335230</ele>
        <time>2025-05-30T03:20:12.830Z</time>
      </trkpt>
      <trkpt lat="47.866542" lon="7.898799">
        <ele>1178.891187</ele>
        <time>2025-05-30T03:20:17.018Z</time>
      </trkpt>
      <trkpt lat="47.866146" lon="7.898613">
        <ele>1178.002222</ele>
        <time>2025-05-30T03:20:25.425Z</time>
      </trkpt>
      <trkpt lat="47.866024" lon="7.898614">
        <ele>1177.741006</ele>
        <time>2025-05-30T03:20:27.888Z</time>
      </trkpt>
      <trkpt lat="47.864191" lon="7.899510">
        <ele>1172.373951</ele>
        <time>2025-05-30T03:21:06.108Z</time>
      </trkpt>
      <trkpt lat="47.862106" lon="7.901510">
        <ele>1163.920633</ele>
        <time>2025-05-30T03:21:52.409Z</time>
      </trkpt>
      <trkpt lat="47.861555" lon="7.901851">
        <ele>1162.530659</ele>
        <time>2025-05-30T03:22:05.153Z</time>
      </trkpt>
      <trkpt lat="47.861141" lon="7.902315">
        <ele>1161.323859</ele>
        <time>2025-05-30T03:22:16.820Z</time>
      </trkpt>
      <trkpt lat="47.860889" lon="7.902465">
        <ele>1160.558819</ele>
        <time>2025-05-30T03:22:22.926Z</time>
      </trkpt>
      <trkpt lat="47.859937" lon="7.902464">
        <ele>1157.636184</ele>
        <time>2025-05-30T03:22:41.627Z</time>
      </trkpt>
      <trkpt lat="47.859481" lon="7.902389">
        <ele>1156.227769</ele>
        <time>2025-05-30T03:22:50.089Z</time>
      </trkpt>
      <trkpt lat="47.858960" lon="7.902458">
        <ele>1154.603416</ele>
        <time>2025-05-30T03:22:59.654Z</time>
      </trkpt>
      <trkpt lat="47.859030" lon="7.902749">
        <ele>1153.954396</ele>
        <time>2025-05-30T03:23:03.440Z</time>
      </trkpt>
      <trkpt lat="47.858945" lon="7.902911">
        <ele>1153.522636</ele>
        <time>2025-05-30T03:23:07.547Z</time>
      </trkpt>
      <trkpt lat="47.858194" lon="7.903665">
        <ele>1150.689257</ele>
        <time>2025-05-30T03:23:36.080Z</time>
      </trkpt>
      <trkpt lat="47.857217" lon="7.904903">
        <ele>1148.078372</ele>
        <time>2025-05-30T03:24:17.989Z</time>
      </trkpt>
      <trkpt lat="47.856741" lon="7.905936">
        <ele>1146.424387</ele>
        <time>2025-05-30T03:24:46.322Z</time>
      </trkpt>
      <trkpt lat="47.856613" lon="7.906632">
        <ele>1144.782052</ele>
        <time>2025-05-30T03:25:02.284Z</time>
      </trkpt>
      <trkpt lat="47.856118" lon="7.907764">
        <ele>1141.707126</ele>
        <time>2025-05-30T03:25:29.754Z</time>
      </trkpt>
      <trkpt lat="47.855967" lon="7.908231">
        <ele>1140.455215</ele>
        <time>2025-05-30T03:25:39.676Z</time>
      </trkpt>
      <trkpt lat="47.855576" lon="7.908734">
        <ele>1137.521735</ele>
        <time>2025-05-30T03:25:54.167Z</time>
      </trkpt>
      <trkpt lat="47.854855" lon="7.908888">
        <ele>1133.385128</ele>
        <time>2025-05-30T03:26:14.368Z</time>
      </trkpt>
      <trkpt lat="47.853953" lon="7.908743">
        <ele>1128.939250</ele>
        <time>2025-05-30T03:26:40.201Z</time>
      </trkpt>
      <trkpt lat="47.853606" lon="7.908764">
        <ele>1127.604213</ele>
        <time>2025-05-30T03:26:50.485Z</time>
      </trkpt>
      <trkpt lat="47.853274" lon="7.908955">
        <ele>1126.236139</ele>
        <time>2025-05-30T03:27:01.256Z</time>
      </trkpt>
      <trkpt lat="47.852981" lon="7.908979">
        <ele>1125.108088</ele>
        <time>2025-05-30T03:27:10.303Z</time>
      </trkpt>
      <trkpt lat="47.852916" lon="7.908984">
        <ele>1124.857882</ele>
        <time>2025-05-30T03:27:12.314Z</time>
      </trkpt>
      <trkpt lat="47.852654" lon="7.908918">
        <ele>1123.836413</ele>
        <time>2025-05-30T03:27:17.584Z</time>
      </trkpt>
      <trkpt lat="47.851448" lon="7.908237">
        <ele>1120.318735</ele>
        <time>2025-05-30T03:27:43.511Z</time>
      </trkpt>
      <trkpt lat="47.851125" lon="7.908139">
        <ele>1119.446023</ele>
        <time>2025-05-30T03:27:49.945Z</time>
      </trkpt>
      <trkpt lat="47.850903" lon="7.908140">
        <ele>1118.858258</ele>
        <time>2025-05-30T03:27:54.292Z</time>
      </trkpt>
      <trkpt lat="47.850226" lon="7.908324">
        <ele>1117.215898</ele>
        <time>2025-05-30T03:28:07.910Z</time>
      </trkpt>
      <trkpt lat="47.849252" lon="7.908432">
        <ele>1114.902174</ele>
        <time>2025-05-30T03:28:27.987Z</time>
      </trkpt>
      <trkpt lat="47.848504" lon="7.908515">
        <ele>1112.718761</ele>
        <time>2025-05-30T03:28:43.366Z</time>
      </trkpt>
      <trkpt lat="47.847856" lon="7.908373">
        <ele>1110.702273</ele>
        <time>2025-05-30T03:28:56.086Z</time>
      </trkpt>
      <trkpt lat="47.847590" lon="7.908250">
        <ele>1109.844800</ele>
        <time>2025-05-30T03:29:01.339Z</time>
      </trkpt>
      <trkpt lat="47.847122" lon="7.908198">
        <ele>1108.299751</ele>
        <time>2025-05-30T03:29:10.041Z</time>
      </trkpt>
      <trkpt lat="47.846824" lon="7.908254">
        <ele>1107.204882</ele>
        <time>2025-05-30T03:29:15.546Z</time>
      </trkpt>
      <trkpt lat="47.846136" lon="7.908312">
        <ele>1104.692986</ele>
        <time>2025-05-30T03:29:28.301Z</time>
      </trkpt>
      <trkpt lat="47.845883" lon="7.908380">
        <ele>1103.755871</ele>
        <time>2025-05-30T03:29:33.296Z</time>
      </trkpt>
      <trkpt lat="47.845665" lon="7.908566">
        <ele>1102.840165</ele>
        <time>2025-05-30T03:29:38.243Z</time>
      </trkpt>
      <trkpt lat="47.845344" lon="7.909039">
        <ele>1101.944338</ele>
        <time>2025-05-30T03:29:47.173Z</time>
      </trkpt>
      <trkpt lat="47.844978" lon="7.909458">
        <ele>1101.318774</ele>
        <time>2025-05-30T03:29:56.673Z</time>
      </trkpt>
      <trkpt lat="47.844846" lon="7.909551">
        <ele>1101.120877</ele>
        <time>2025-05-30T03:29:59.947Z</time>
      </trkpt>
      <trkpt lat="47.844557" lon="7.909543">
        <ele>1100.729116</ele>
        <time>2025-05-30T03:30:10.344Z</time>
      </trkpt>
      <trkpt lat="47.844396" lon="7.909054">
        <ele>1100.233666</ele>
        <time>2025-05-30T03:30:19.435Z</time>
      </trkpt>
      <trkpt lat="47.844292" lon="7.908638">
        <ele>1099.716622</ele>
        <time>2025-05-30T03:30:26.430Z</time>
      </trkpt>
      <trkpt lat="47.844229" lon="7.908142">
        <ele>1098.825980</ele>
        <time>2025-05-30T03:30:34.066Z</time>
      </trkpt>
      <trkpt lat="47.844222" lon="7.907740">
        <ele>1098.116480</ele>
        <time>2025-05-30T03:30:39.966Z</time>
      </trkpt>
      <trkpt lat="47.844326" lon="7.906801">
        <ele>1096.437366</ele>
        <time>2025-05-30T03:30:52.992Z</time>
      </trkpt>
      <trkpt lat="47.844236" lon="7.906168">
        <ele>1095.295759</ele>
        <time>2025-05-30T03:31:00.981Z</time>
      </trkpt>
      <trkpt lat="47.844090" lon="7.905666">
        <ele>1091.947992</ele>
        <time>2025-05-30T03:31:07.382Z</time>
      </trkpt>
      <trkpt lat="47.843931" lon="7.904483">
        <ele>1084.131096</ele>
        <time>2025-05-30T03:31:20.583Z</time>
      </trkpt>
      <trkpt lat="47.843911" lon="7.903699">
        <ele>1079.047846</ele>
        <time>2025-05-30T03:31:28.759Z</time>
      </trkpt>
      <trkpt lat="47.843953" lon="7.903179">
        <ele>1074.765779</ele>
        <time>2025-05-30T03:31:34.128Z</time>
      </trkpt>
      <trkpt lat="47.844043" lon="7.902767">
        <ele>1070.826814</ele>
        <time>2025-05-30T03:31:38.541Z</time>
      </trkpt>
      <trkpt lat="47.844033" lon="7.902409">
        <ele>1067.569362</ele>
        <time>2025-05-30T03:31:42.170Z</time>
      </trkpt>
      <trkpt lat="47.843812" lon="7.901852">
        <ele>1061.686890</ele>
        <time>2025-05-30T03:31:48.722Z</time>
      </trkpt>
      <trkpt lat="47.843559" lon="7.901550">
        <ele>1057.295687</ele>
        <time>2025-05-30T03:31:53.684Z</time>
      </trkpt>
      <trkpt lat="47.843234" lon="7.901381">
        <ele>1053.234500</ele>
        <time>2025-05-30T03:31:59.096Z</time>
      </trkpt>
      <trkpt lat="47.842870" lon="7.901280">
        <ele>1051.719445</ele>
        <time>2025-05-30T03:32:05.191Z</time>
      </trkpt>
      <trkpt lat="47.842546" lon="7.901259">
        <ele>1050.392419</ele>
        <time>2025-05-30T03:32:10.866Z</time>
      </trkpt>
      <trkpt lat="47.842293" lon="7.901316">
        <ele>1049.345403</ele>
        <time>2025-05-30T03:32:15.583Z</time>
      </trkpt>
      <trkpt lat="47.842144" lon="7.901426">
        <ele>1048.664970</ele>
        <time>2025-05-30T03:32:18.898Z</time>
      </trkpt>
      <trkpt lat="47.841695" lon="7.902220">
        <ele>1046.517710</ele>
        <time>2025-05-30T03:32:37.477Z</time>
      </trkpt>
      <trkpt lat="47.841525" lon="7.902718">
        <ele>1048.344274</ele>
        <time>2025-05-30T03:32:53.321Z</time>
      </trkpt>
      <trkpt lat="47.841403" lon="7.903279">
        <ele>1050.272197</ele>
        <time>2025-05-30T03:33:12.406Z</time>
      </trkpt>
      <trkpt lat="47.841098" lon="7.904366">
        <ele>1054.123930</ele>
        <time>2025-05-30T03:33:56.508Z</time>
      </trkpt>
      <trkpt lat="47.841009" lon="7.904756">
        <ele>1055.503878</ele>
        <time>2025-05-30T03:34:13.762Z</time>
      </trkpt>
      <trkpt lat="47.840965" lon="7.905151">
        <ele>1056.888645</ele>
        <time>2025-05-30T03:34:30.883Z</time>
      </trkpt>
      <trkpt lat="47.840979" lon="7.905806">
        <ele>1059.155069</ele>
        <time>2025-05-30T03:34:57.084Z</time>
      </trkpt>
      <trkpt lat="47.841042" lon="7.906328">
        <ele>1060.989324</ele>
        <time>2025-05-30T03:35:15.706Z</time>
      </trkpt>
      <trkpt lat="47.841008" lon="7.906572">
        <ele>1061.851175</ele>
        <time>2025-05-30T03:35:23.410Z</time>
      </trkpt>
      <trkpt lat="47.840813" lon="7.907201">
        <ele>1064.190346</ele>
        <time>2025-05-30T03:35:41.445Z</time>
      </trkpt>
      <trkpt lat="47.840627" lon="7.907549">
        <ele>1064.678456</ele>
        <time>2025-05-30T03:35:50.678Z</time>
      </trkpt>
      <trkpt lat="47.840278" lon="7.908108">
        <ele>1065.516131</ele>
        <time>2025-05-30T03:36:04.656Z</time>
      </trkpt>
      <trkpt lat="47.839725" lon="7.908626">
        <ele>1066.583970</ele>
        <time>2025-05-30T03:36:23.864Z</time>
      </trkpt>
      <trkpt lat="47.839037" lon="7.909208">
        <ele>1069.497107</ele>
        <time>2025-05-30T03:36:53.795Z</time>
      </trkpt>
      <trkpt lat="47.838802" lon="7.909514">
        <ele>1071.076222</ele>
        <time>2025-05-30T03:37:08.523Z</time>
      </trkpt>
      <trkpt lat="47.838662" lon="7.909975">
        <ele>1072.794587</ele>
        <time>2025-05-30T03:37:26.835Z</time>
      </trkpt>
      <trkpt lat="47.838569" lon="7.910380">
        <ele>1074.248251</ele>
        <time>2025-05-30T03:37:43.920Z</time>
      </trkpt>
      <trkpt lat="47.838411" lon="7.910734">
        <ele>1075.691979</ele>
        <time>2025-05-30T03:38:00.406Z</time>
      </trkpt>
      <trkpt lat="47.838113" lon="7.911253">
        <ele>1078.923644</ele>
        <time>2025-05-30T03:38:28.283Z</time>
      </trkpt>
      <trkpt lat="47.838093" lon="7.911282">
        <ele>1079.136133</ele>
        <time>2025-05-30T03:38:30.063Z</time>
      </trkpt>
      <trkpt lat="47.837885" lon="7.911583">
        <ele>1081.343879</ele>
        <time>2025-05-30T03:38:49.213Z</time>
      </trkpt>
      <trkpt lat="47.837809" lon="7.911693">
        <ele>1082.150625</ele>
        <time>2025-05-30T03:38:56.265Z</time>
      </trkpt>
      <trkpt lat="47.837372" lon="7.912608">
        <ele>1087.889637</ele>
        <time>2025-05-30T03:39:47.288Z</time>
      </trkpt>
      <trkpt lat="47.836949" lon="7.913241">
        <ele>1091.861474</ele>
        <time>2025-05-30T03:40:21.293Z</time>
      </trkpt>
      <trkpt lat="47.836082" lon="7.914195">
        <ele>1098.163940</ele>
        <time>2025-05-30T03:41:14.636Z</time>
      </trkpt>
      <trkpt lat="47.835780" lon="7.914448">
        <ele>1100.189870</ele>
        <time>2025-05-30T03:41:30.909Z</time>
      </trkpt>
      <trkpt lat="47.834594" lon="7.914968">
        <ele>1110.325687</ele>
        <time>2025-05-30T03:42:53.594Z</time>
      </trkpt>
      <trkpt lat="47.834375" lon="7.915194">
        <ele>1112.530089</ele>
        <time>2025-05-30T03:43:14.566Z</time>
      </trkpt>
      <trkpt lat="47.834154" lon="7.915635">
        <ele>1115.349359</ele>
        <time>2025-05-30T03:43:42.005Z</time>
      </trkpt>
      <trkpt lat="47.834050" lon="7.915803">
        <ele>1115.573693</ele>
        <time>2025-05-30T03:43:52.393Z</time>
      </trkpt>
      <trkpt lat="47.833897" lon="7.915972">
        <ele>1115.852224</ele>
        <time>2025-05-30T03:44:04.405Z</time>
      </trkpt>
      <trkpt lat="47.833651" lon="7.915684">
        <ele>1116.309755</ele>
        <time>2025-05-30T03:44:21.540Z</time>
      </trkpt>
      <trkpt lat="47.833422" lon="7.915232">
        <ele>1116.865644</ele>
        <time>2025-05-30T03:44:35.002Z</time>
      </trkpt>
      <trkpt lat="47.833038" lon="7.914229">
        <ele>1117.817504</ele>
        <time>2025-05-30T03:44:49.006Z</time>
      </trkpt>
      <trkpt lat="47.832800" lon="7.913737">
        <ele>1116.879861</ele>
        <time>2025-05-30T03:44:56.031Z</time>
      </trkpt>
      <trkpt lat="47.832664" lon="7.913543">
        <ele>1116.446163</ele>
        <time>2025-05-30T03:44:59.403Z</time>
      </trkpt>
      <trkpt lat="47.832564" lon="7.913463">
        <ele>1116.184726</ele>
        <time>2025-05-30T03:45:01.462Z</time>
      </trkpt>
      <trkpt lat="47.832313" lon="7.913467">
        <ele>1115.606577</ele>
        <time>2025-05-30T03:45:06.204Z</time>
      </trkpt>
      <trkpt lat="47.832147" lon="7.913614">
        <ele>1115.161781</ele>
        <time>2025-05-30T03:45:10.068Z</time>
      </trkpt>
      <trkpt lat="47.831444" lon="7.914629">
        <ele>1114.141753</ele>
        <time>2025-05-30T03:45:43.041Z</time>
      </trkpt>
      <trkpt lat="47.831302" lon="7.914874">
        <ele>1114.344381</ele>
        <time>2025-05-30T03:45:52.946Z</time>
      </trkpt>
      <trkpt lat="47.830824" lon="7.915953">
        <ele>1115.153676</ele>
        <time>2025-05-30T03:46:21.368Z</time>
      </trkpt>
      <trkpt lat="47.830591" lon="7.916305">
        <ele>1115.463138</ele>
        <time>2025-05-30T03:46:28.541Z</time>
      </trkpt>
      <trkpt lat="47.830155" lon="7.916811">
        <ele>1113.355383</ele>
        <time>2025-05-30T03:46:39.452Z</time>
      </trkpt>
      <trkpt lat="47.829741" lon="7.917345">
        <ele>1111.266947</ele>
        <time>2025-05-30T03:46:49.498Z</time>
      </trkpt>
      <trkpt lat="47.829446" lon="7.917640">
        <ele>1109.911964</ele>
        <time>2025-05-30T03:46:55.949Z</time>
      </trkpt>
      <trkpt lat="47.829322" lon="7.917715">
        <ele>1109.401593</ele>
        <time>2025-05-30T03:46:58.371Z</time>
      </trkpt>
      <trkpt lat="47.829183" lon="7.917746">
        <ele>1108.865607</ele>
        <time>2025-05-30T03:47:00.901Z</time>
      </trkpt>
      <trkpt lat="47.828902" lon="7.917746">
        <ele>1106.961654</ele>
        <time>2025-05-30T03:47:05.940Z</time>
      </trkpt>
      <trkpt lat="47.828455" lon="7.917677">
        <ele>1103.486815</ele>
        <time>2025-05-30T03:47:13.731Z</time>
      </trkpt>
      <trkpt lat="47.828285" lon="7.917552">
        <ele>1102.020891</ele>
        <time>2025-05-30T03:47:16.886Z</time>
      </trkpt>
      <trkpt lat="47.828184" lon="7.917410">
        <ele>1100.946986</ele>
        <time>2025-05-30T03:47:19.205Z</time>
      </trkpt>
      <trkpt lat="47.828063" lon="7.917256">
        <ele>1099.716356</ele>
        <time>2025-05-30T03:47:21.836Z</time>
      </trkpt>
      <trkpt lat="47.827762" lon="7.916633">
        <ele>1095.731867</ele>
        <time>2025-05-30T03:47:30.252Z</time>
      </trkpt>
      <trkpt lat="47.827627" lon="7.916513">
        <ele>1094.451506</ele>
        <time>2025-05-30T03:47:32.773Z</time>
      </trkpt>
      <trkpt lat="47.827546" lon="7.916502">
        <ele>1093.596502</ele>
        <time>2025-05-30T03:47:34.067Z</time>
      </trkpt>
      <trkpt lat="47.827219" lon="7.916617">
        <ele>1090.064561</ele>
        <time>2025-05-30T03:47:39.349Z</time>
      </trkpt>
      <trkpt lat="47.826754" lon="7.916728">
        <ele>1085.114101</ele>
        <time>2025-05-30T03:47:46.749Z</time>
      </trkpt>
      <trkpt lat="47.826560" lon="7.916748">
        <ele>1083.069893</ele>
        <time>2025-05-30T03:47:49.832Z</time>
      </trkpt>
      <trkpt lat="47.826482" lon="7.916687">
        <ele>1082.143807</ele>
        <time>2025-05-30T03:47:51.237Z</time>
      </trkpt>
      <trkpt lat="47.826377" lon="7.916265">
        <ele>1078.967575</ele>
        <time>2025-05-30T03:47:56.098Z</time>
      </trkpt>
      <trkpt lat="47.826309" lon="7.916087">
        <ele>1077.522198</ele>
        <time>2025-05-30T03:47:58.313Z</time>
      </trkpt>
      <trkpt lat="47.826176" lon="7.915873">
        <ele>1075.465583</ele>
        <time>2025-05-30T03:48:01.457Z</time>
      </trkpt>
      <trkpt lat="47.825430" lon="7.914967">
        <ele>1065.393148</ele>
        <time>2025-05-30T03:48:16.789Z</time>
      </trkpt>
      <trkpt lat="47.825130" lon="7.914574">
        <ele>1061.212411</ele>
        <time>2025-05-30T03:48:23.005Z</time>
      </trkpt>
      <trkpt lat="47.825034" lon="7.914497">
        <ele>1060.071441</ele>
        <time>2025-05-30T03:48:24.745Z</time>
      </trkpt>
      <trkpt lat="47.824881" lon="7.914419">
        <ele>1058.379223</ele>
        <time>2025-05-30T03:48:27.371Z</time>
      </trkpt>
      <trkpt lat="47.824524" lon="7.914290">
        <ele>1054.422440</ele>
        <time>2025-05-30T03:48:34.676Z</time>
      </trkpt>
      <trkpt lat="47.824402" lon="7.914223">
        <ele>1052.998754</ele>
        <time>2025-05-30T03:48:36.771Z</time>
      </trkpt>
      <trkpt lat="47.824197" lon="7.913927">
        <ele>1049.872612</ele>
        <time>2025-05-30T03:48:41.313Z</time>
      </trkpt>
      <trkpt lat="47.824081" lon="7.913491">
        <ele>1046.425001</ele>
        <time>2025-05-30T03:48:46.292Z</time>
      </trkpt>
      <trkpt lat="47.823977" lon="7.913249">
        <ele>1044.312780</ele>
        <time>2025-05-30T03:48:49.322Z</time>
      </trkpt>
      <trkpt lat="47.823814" lon="7.913093">
        <ele>1042.191403</ele>
        <time>2025-05-30T03:48:52.377Z</time>
      </trkpt>
      <trkpt lat="47.823213" lon="7.912744">
        <ele>1035.127052</ele>
        <time>2025-05-30T03:49:02.572Z</time>
      </trkpt>
      <trkpt lat="47.822839" lon="7.912456">
        <ele>1030.513859</ele>
        <time>2025-05-30T03:49:09.006Z</time>
      </trkpt>
      <trkpt lat="47.822706" lon="7.912217">
        <ele>1028.230202</ele>
        <time>2025-05-30T03:49:12.199Z</time>
      </trkpt>
      <trkpt lat="47.822671" lon="7.911709">
        <ele>1024.473353</ele>
        <time>2025-05-30T03:49:17.548Z</time>
      </trkpt>
      <trkpt lat="47.822855" lon="7.911022">
        <ele>1019.032013</ele>
        <time>2025-05-30T03:49:25.561Z</time>
      </trkpt>
      <trkpt lat="47.823221" lon="7.910321">
        <ele>1014.586453</ele>
        <time>2025-05-30T03:49:35.872Z</time>
      </trkpt>
      <trkpt lat="47.823622" lon="7.909258">
        <ele>1009.311057</ele>
        <time>2025-05-30T03:49:50.434Z</time>
      </trkpt>
      <trkpt lat="47.823850" lon="7.908753">
        <ele>1006.678086</ele>
        <time>2025-05-30T03:49:57.518Z</time>
      </trkpt>
      <trkpt lat="47.824003" lon="7.908310">
        <ele>1003.815420</ele>
        <time>2025-05-30T03:50:03.162Z</time>
      </trkpt>
      <trkpt lat="47.824090" lon="7.907950">
        <ele>1001.354591</ele>
        <time>2025-05-30T03:50:07.399Z</time>
      </trkpt>
      <trkpt lat="47.824133" lon="7.907499">
        <ele>998.424803</ele>
        <time>2025-05-30T03:50:12.344Z</time>
      </trkpt>
      <trkpt lat="47.824084" lon="7.907002">
        <ele>995.193978</ele>
        <time>2025-05-30T03:50:17.689Z</time>
      </trkpt>
      <trkpt lat="47.824004" lon="7.906532">
        <ele>992.075457</ele>
        <time>2025-05-30T03:50:22.794Z</time>
      </trkpt>
      <trkpt lat="47.823850" lon="7.906155">
        <ele>989.237199</ele>
        <time>2025-05-30T03:50:27.468Z</time>
      </trkpt>
      <trkpt lat="47.823600" lon="7.905765">
        <ele>986.791258</ele>
        <time>2025-05-30T03:50:33.209Z</time>
      </trkpt>
      <trkpt lat="47.823574" lon="7.905381">
        <ele>985.161110</ele>
        <time>2025-05-30T03:50:37.402Z</time>
      </trkpt>
      <trkpt lat="47.823651" lon="7.905105">
        <ele>983.898722</ele>
        <time>2025-05-30T03:50:40.749Z</time>
      </trkpt>
      <trkpt lat="47.823971" lon="7.904719">
        <ele>981.308259</ele>
        <time>2025-05-30T03:50:47.934Z</time>
      </trkpt>
      <trkpt lat="47.824614" lon="7.904345">
        <ele>977.097266</ele>
        <time>2025-05-30T03:51:01.873Z</time>
      </trkpt>
      <trkpt lat="47.825029" lon="7.904476">
        <ele>975.182117</ele>
        <time>2025-05-30T03:51:10.942Z</time>
      </trkpt>
      <trkpt lat="47.825411" lon="7.904692">
        <ele>973.337469</ele>
        <time>2025-05-30T03:51:19.434Z</time>
      </trkpt>
      <trkpt lat="47.826207" lon="7.905047">
        <ele>969.586261</ele>
        <time>2025-05-30T03:51:33.528Z</time>
      </trkpt>
      <trkpt lat="47.826456" lon="7.905041">
        <ele>967.457878</ele>
        <time>2025-05-30T03:51:37.735Z</time>
      </trkpt>
      <trkpt lat="47.826747" lon="7.904981">
        <ele>964.563917</ele>
        <time>2025-05-30T03:51:42.711Z</time>
      </trkpt>
      <trkpt lat="47.826820" lon="7.904887">
        <ele>963.613325</ele>
        <time>2025-05-30T03:51:44.380Z</time>
      </trkpt>
      <trkpt lat="47.826819" lon="7.904727">
        <ele>962.555092</ele>
        <time>2025-05-30T03:51:46.150Z</time>
      </trkpt>
      <trkpt lat="47.826704" lon="7.904644">
        <ele>961.296244</ele>
        <time>2025-05-30T03:51:48.279Z</time>
      </trkpt>
      <trkpt lat="47.826574" lon="7.904791">
        <ele>959.688391</ele>
        <time>2025-05-30T03:51:50.947Z</time>
      </trkpt>
      <trkpt lat="47.826386" lon="7.904837">
        <ele>957.811590</ele>
        <time>2025-05-30T03:51:54.036Z</time>
      </trkpt>
      <trkpt lat="47.826059" lon="7.904753">
        <ele>954.542774</ele>
        <time>2025-05-30T03:51:59.248Z</time>
      </trkpt>
      <trkpt lat="47.825924" lon="7.904615">
        <ele>952.929828</ele>
        <time>2025-05-30T03:52:01.799Z</time>
      </trkpt>
      <trkpt lat="47.825578" lon="7.904019">
        <ele>944.154952</ele>
        <time>2025-05-30T03:52:09.891Z</time>
      </trkpt>
      <trkpt lat="47.825226" lon="7.903281">
        <ele>932.660255</ele>
        <time>2025-05-30T03:52:18.802Z</time>
      </trkpt>
      <trkpt lat="47.824713" lon="7.903037">
        <ele>922.475609</ele>
        <time>2025-05-30T03:52:26.657Z</time>
      </trkpt>
      <trkpt lat="47.824282" lon="7.902953">
        <ele>914.960694</ele>
        <time>2025-05-30T03:52:33.050Z</time>
      </trkpt>
      <trkpt lat="47.823751" lon="7.903095">
        <ele>906.925365</ele>
        <time>2025-05-30T03:52:41.131Z</time>
      </trkpt>
      <trkpt lat="47.823435" lon="7.903119">
        <ele>902.212660</ele>
        <time>2025-05-30T03:52:46.010Z</time>
      </trkpt>
      <trkpt lat="47.823321" lon="7.903103">
        <ele>900.507190</ele>
        <time>2025-05-30T03:52:47.787Z</time>
      </trkpt>
      <trkpt lat="47.823045" lon="7.903064">
        <ele>896.377912</ele>
        <time>2025-05-30T03:52:52.147Z</time>
      </trkpt>
      <trkpt lat="47.822501" lon="7.903174">
        <ele>889.510176</ele>
        <time>2025-05-30T03:53:00.695Z</time>
      </trkpt>
      <trkpt lat="47.821969" lon="7.903324">
        <ele>885.527706</ele>
        <time>2025-05-30T03:53:09.123Z</time>
      </trkpt>
      <trkpt lat="47.821735" lon="7.903413">
        <ele>883.751352</ele>
        <time>2025-05-30T03:53:13.026Z</time>
      </trkpt>
      <trkpt lat="47.821568" lon="7.903568">
        <ele>882.304035</ele>
        <time>2025-05-30T03:53:16.312Z</time>
      </trkpt>
      <trkpt lat="47.821523" lon="7.903550">
        <ele>881.961321</ele>
        <time>2025-05-30T03:53:17.100Z</time>
      </trkpt>
      <trkpt lat="47.821429" lon="7.903596">
        <ele>881.233566</ele>
        <time>2025-05-30T03:53:19.902Z</time>
      </trkpt>
      <trkpt lat="47.821363" lon="7.903675">
        <ele>880.610772</ele>
        <time>2025-05-30T03:53:22.369Z</time>
      </trkpt>
      <trkpt lat="47.821278" lon="7.903856">
        <ele>879.519945</ele>
        <time>2025-05-30T03:53:26.822Z</time>
      </trkpt>
      <trkpt lat="47.821150" lon="7.904355">
        <ele>878.215517</ele>
        <time>2025-05-30T03:53:38.985Z</time>
      </trkpt>
      <trkpt lat="47.821110" lon="7.904593">
        <ele>879.393991</ele>
        <time>2025-05-30T03:53:46.455Z</time>
      </trkpt>
      <trkpt lat="47.821138" lon="7.904819">
        <ele>880.497881</ele>
        <time>2025-05-30T03:53:55.167Z</time>
      </trkpt>
      <trkpt lat="47.821205" lon="7.905026">
        <ele>881.601676</ele>
        <time>2025-05-30T03:54:06.320Z</time>
      </trkpt>
      <trkpt lat="47.821505" lon="7.905356">
        <ele>884.269720</ele>
        <time>2025-05-30T03:54:39.272Z</time>
      </trkpt>
      <trkpt lat="47.821594" lon="7.905555">
        <ele>885.418218</ele>
        <time>2025-05-30T03:54:53.903Z</time>
      </trkpt>
      <trkpt lat="47.821703" lon="7.906059">
        <ele>887.961581</ele>
        <time>2025-05-30T03:55:26.805Z</time>
      </trkpt>
      <trkpt lat="47.821823" lon="7.906417">
        <ele>889.883541</ele>
        <time>2025-05-30T03:55:50.802Z</time>
      </trkpt>
      <trkpt lat="47.821983" lon="7.906694">
        <ele>891.369407</ele>
        <time>2025-05-30T03:56:11.775Z</time>
      </trkpt>
      <trkpt lat="47.822210" lon="7.906934">
        <ele>892.919079</ele>
        <time>2025-05-30T03:56:34.403Z</time>
      </trkpt>
      <trkpt lat="47.822266" lon="7.907095">
        <ele>893.596796</ele>
        <time>2025-05-30T03:56:43.794Z</time>
      </trkpt>
      <trkpt lat="47.822286" lon="7.907253">
        <ele>894.197752</ele>
        <time>2025-05-30T03:56:51.866Z</time>
      </trkpt>
      <trkpt lat="47.821854" lon="7.908284">
        <ele>898.740112</ele>
        <time>2025-05-30T03:57:38.785Z</time>
      </trkpt>
      <trkpt lat="47.821629" lon="7.908639">
        <ele>900.482916</ele>
        <time>2025-05-30T03:57:54.680Z</time>
      </trkpt>
      <trkpt lat="47.821383" lon="7.908972">
        <ele>901.142635</ele>
        <time>2025-05-30T03:58:10.097Z</time>
      </trkpt>
      <trkpt lat="47.820539" lon="7.910017">
        <ele>903.320822</ele>
        <time>2025-05-30T03:58:57.590Z</time>
      </trkpt>
      <trkpt lat="47.820339" lon="7.910406">
        <ele>903.973685</ele>
        <time>2025-05-30T03:59:15.551Z</time>
      </trkpt>
      <trkpt lat="47.820308" lon="7.910838">
        <ele>904.311499</ele>
        <time>2025-05-30T03:59:31.104Z</time>
      </trkpt>
      <trkpt lat="47.820460" lon="7.911312">
        <ele>904.702101</ele>
        <time>2025-05-30T03:59:47.947Z</time>
      </trkpt>
      <trkpt lat="47.820605" lon="7.911884">
        <ele>905.156745</ele>
        <time>2025-05-30T04:00:04.530Z</time>
      </trkpt>
      <trkpt lat="47.820620" lon="7.912482">
        <ele>905.601728</ele>
        <time>2025-05-30T04:00:20.147Z</time>
      </trkpt>
      <trkpt lat="47.820566" lon="7.913104">
        <ele>906.002910</ele>
        <time>2025-05-30T04:00:35.779Z</time>
      </trkpt>
      <trkpt lat="47.820599" lon="7.913490">
        <ele>906.019443</ele>
        <time>2025-05-30T04:00:45.135Z</time>
      </trkpt>
      <trkpt lat="47.820642" lon="7.913686">
        <ele>906.028203</ele>
        <time>2025-05-30T04:00:50.002Z</time>
      </trkpt>
      <trkpt lat="47.821321" lon="7.914282">
        <ele>906.078076</ele>
        <time>2025-05-30T04:01:19.840Z</time>
      </trkpt>
      <trkpt lat="47.821692" lon="7.914700">
        <ele>906.107512</ele>
        <time>2025-05-30T04:01:39.324Z</time>
      </trkpt>
      <trkpt lat="47.821964" lon="7.914900">
        <ele>905.884063</ele>
        <time>2025-05-30T04:01:50.362Z</time>
      </trkpt>
      <trkpt lat="47.822069" lon="7.915051">
        <ele>905.732471</ele>
        <time>2025-05-30T04:01:55.509Z</time>
      </trkpt>
      <trkpt lat="47.822117" lon="7.915185">
        <ele>905.626561</ele>
        <time>2025-05-30T04:01:59.029Z</time>
      </trkpt>
      <trkpt lat="47.822081" lon="7.915326">
        <ele>905.521367</ele>
        <time>2025-05-30T04:02:02.481Z</time>
      </trkpt>
      <trkpt lat="47.821966" lon="7.915550">
        <ele>905.324733</ele>
        <time>2025-05-30T04:02:08.786Z</time>
      </trkpt>
      <trkpt lat="47.821827" lon="7.916024">
        <ele>904.964042</ele>
        <time>2025-05-30T04:02:20.070Z</time>
      </trkpt>
      <trkpt lat="47.821341" lon="7.917194">
        <ele>904.462245</ele>
        <time>2025-05-30T04:02:51.184Z</time>
      </trkpt>
      <trkpt lat="47.821095" lon="7.917711">
        <ele>904.862561</ele>
        <time>2025-05-30T04:03:06.664Z</time>
      </trkpt>
      <trkpt lat="47.820893" lon="7.918088">
        <ele>905.167273</ele>
        <time>2025-05-30T04:03:18.703Z</time>
      </trkpt>
      <trkpt lat="47.820668" lon="7.918412">
        <ele>905.461748</ele>
        <time>2025-05-30T04:03:35.217Z</time>
      </trkpt>
      <trkpt lat="47.820056" lon="7.919044">
        <ele>905.547721</ele>
        <time>2025-05-30T04:04:14.570Z</time>
      </trkpt>
      <trkpt lat="47.819906" lon="7.919382">
        <ele>905.105591</ele>
        <time>2025-05-30T04:04:26.063Z</time>
      </trkpt>
      <trkpt lat="47.819777" lon="7.919724">
        <ele>904.677522</ele>
        <time>2025-05-30T04:04:35.273Z</time>
      </trkpt>
      <trkpt lat="47.819624" lon="7.919970">
        <ele>904.311602</ele>
        <time>2025-05-30T04:04:42.530Z</time>
      </trkpt>
      <trkpt lat="47.819526" lon="7.920054">
        <ele>904.127836</ele>
        <time>2025-05-30T04:04:46.113Z</time>
      </trkpt>
      <trkpt lat="47.819349" lon="7.920059">
        <ele>903.840122</ele>
        <time>2025-05-30T04:04:51.543Z</time>
      </trkpt>
      <trkpt lat="47.819208" lon="7.920021">
        <ele>903.607246</ele>
        <time>2025-05-30T04:04:55.934Z</time>
      </trkpt>
      <trkpt lat="47.818968" lon="7.919870">
        <ele>903.183815</ele>
        <time>2025-05-30T04:05:03.303Z</time>
      </trkpt>
      <trkpt lat="47.818646" lon="7.919843">
        <ele>902.547394</ele>
        <time>2025-05-30T04:05:12.281Z</time>
      </trkpt>
      <trkpt lat="47.818417" lon="7.920029">
        <ele>901.989095</ele>
        <time>2025-05-30T04:05:19.672Z</time>
      </trkpt>
      <trkpt lat="47.818230" lon="7.920259">
        <ele>901.469995</ele>
        <time>2025-05-30T04:05:26.858Z</time>
      </trkpt>
      <trkpt lat="47.817753" lon="7.921029">
        <ele>899.964331</ele>
        <time>2025-05-30T04:05:50.296Z</time>
      </trkpt>
      <trkpt lat="47.817566" lon="7.921332">
        <ele>899.372859</ele>
        <time>2025-05-30T04:06:02.195Z</time>
      </trkpt>
      <trkpt lat="47.817217" lon="7.921805">
        <ele>899.181245</ele>
        <time>2025-05-30T04:06:24.951Z</time>
      </trkpt>
      <trkpt lat="47.817070" lon="7.921902">
        <ele>899.188582</ele>
        <time>2025-05-30T04:06:32.781Z</time>
      </trkpt>
      <trkpt lat="47.816989" lon="7.921817">
        <ele>899.193104</ele>
        <time>2025-05-30T04:06:37.635Z</time>
      </trkpt>
      <trkpt lat="47.816664" lon="7.921687">
        <ele>899.208460</ele>
        <time>2025-05-30T04:06:52.936Z</time>
      </trkpt>
      <trkpt lat="47.816174" lon="7.921611">
        <ele>899.230941</ele>
        <time>2025-05-30T04:07:11.740Z</time>
      </trkpt>
      <trkpt lat="47.815885" lon="7.921473">
        <ele>899.244790</ele>
        <time>2025-05-30T04:07:22.053Z</time>
      </trkpt>
      <trkpt lat="47.815204" lon="7.920673">
        <ele>894.411294</ele>
        <time>2025-05-30T04:07:46.419Z</time>
      </trkpt>
      <trkpt lat="47.815059" lon="7.920555">
        <ele>893.455266</ele>
        <time>2025-05-30T04:07:50.771Z</time>
      </trkpt>
      <trkpt lat="47.814630" lon="7.920410">
        <ele>890.910060</ele>
        <time>2025-05-30T04:08:02.438Z</time>
      </trkpt>
      <trkpt lat="47.814303" lon="7.920456">
        <ele>889.009707</ele>
        <time>2025-05-30T04:08:11.533Z</time>
      </trkpt>
      <trkpt lat="47.814232" lon="7.920516">
        <ele>888.742300</ele>
        <time>2025-05-30T04:08:13.869Z</time>
      </trkpt>
      <trkpt lat="47.814054" lon="7.920803">
        <ele>888.252960</ele>
        <time>2025-05-30T04:08:21.532Z</time>
      </trkpt>
      <trkpt lat="47.813805" lon="7.921063">
        <ele>887.685725</ele>
        <time>2025-05-30T04:08:31.076Z</time>
      </trkpt>
      <trkpt lat="47.813412" lon="7.921288">
        <ele>886.900393</ele>
        <time>2025-05-30T04:08:45.915Z</time>
      </trkpt>
      <trkpt lat="47.812971" lon="7.921381">
        <ele>886.069634</ele>
        <time>2025-05-30T04:09:04.021Z</time>
      </trkpt>
      <trkpt lat="47.812688" lon="7.921491">
        <ele>885.524098</ele>
        <time>2025-05-30T04:09:15.461Z</time>
      </trkpt>
      <trkpt lat="47.812562" lon="7.921535">
        <ele>885.190457</ele>
        <time>2025-05-30T04:09:20.121Z</time>
      </trkpt>
      <trkpt lat="47.812012" lon="7.921423">
        <ele>883.682812</ele>
        <time>2025-05-30T04:09:38.390Z</time>
      </trkpt>
      <trkpt lat="47.811802" lon="7.921461">
        <ele>883.108279</ele>
        <time>2025-05-30T04:09:44.932Z</time>
      </trkpt>
      <trkpt lat="47.811000" lon="7.921948">
        <ele>880.755980</ele>
        <time>2025-05-30T04:10:10.797Z</time>
      </trkpt>
      <trkpt lat="47.810859" lon="7.922218">
        <ele>880.184711</ele>
        <time>2025-05-30T04:10:17.572Z</time>
      </trkpt>
      <trkpt lat="47.810834" lon="7.922436">
        <ele>879.826649</ele>
        <time>2025-05-30T04:10:21.992Z</time>
      </trkpt>
      <trkpt lat="47.810847" lon="7.922641">
        <ele>879.493267</ele>
        <time>2025-05-30T04:10:26.123Z</time>
      </trkpt>
      <trkpt lat="47.810951" lon="7.923128">
        <ele>878.665886</ele>
        <time>2025-05-30T04:10:36.532Z</time>
      </trkpt>
      <trkpt lat="47.811124" lon="7.923807">
        <ele>877.490098</ele>
        <time>2025-05-30T04:10:51.662Z</time>
      </trkpt>
      <trkpt lat="47.811331" lon="7.924403">
        <ele>876.403745</ele>
        <time>2025-05-30T04:11:07.183Z</time>
      </trkpt>
      <trkpt lat="47.811532" lon="7.924826">
        <ele>876.794271</ele>
        <time>2025-05-30T04:11:22.106Z</time>
      </trkpt>
      <trkpt lat="47.811769" lon="7.925076">
        <ele>877.325542</ele>
        <time>2025-05-30T04:11:35.882Z</time>
      </trkpt>
      <trkpt lat="47.812007" lon="7.925212">
        <ele>877.791841</ele>
        <time>2025-05-30T04:11:48.565Z</time>
      </trkpt>
      <trkpt lat="47.812332" lon="7.925292">
        <ele>878.394391</ele>
        <time>2025-05-30T04:12:05.366Z</time>
      </trkpt>
      <trkpt lat="47.812537" lon="7.925377">
        <ele>878.783638</ele>
        <time>2025-05-30T04:12:16.183Z</time>
      </trkpt>
      <trkpt lat="47.813277" lon="7.926113">
        <ele>880.630709</ele>
        <time>2025-05-30T04:12:58.280Z</time>
      </trkpt>
      <trkpt lat="47.813664" lon="7.926451">
        <ele>881.661269</ele>
        <time>2025-05-30T04:13:18.888Z</time>
      </trkpt>
      <trkpt lat="47.814374" lon="7.926995">
        <ele>883.495363</ele>
        <time>2025-05-30T04:13:58.516Z</time>
      </trkpt>
      <trkpt lat="47.814723" lon="7.927203">
        <ele>883.779198</ele>
        <time>2025-05-30T04:14:18.424Z</time>
      </trkpt>
      <trkpt lat="47.814889" lon="7.927252">
        <ele>883.833344</ele>
        <time>2025-05-30T04:14:27.094Z</time>
      </trkpt>
      <trkpt lat="47.815164" lon="7.927170">
        <ele>883.923078</ele>
        <time>2025-05-30T04:14:40.161Z</time>
      </trkpt>
      <trkpt lat="47.815443" lon="7.927142">
        <ele>884.012548</ele>
        <time>2025-05-30T04:14:51.484Z</time>
      </trkpt>
      <trkpt lat="47.815728" lon="7.927228">
        <ele>884.105588</ele>
        <time>2025-05-30T04:15:02.012Z</time>
      </trkpt>
      <trkpt lat="47.815987" lon="7.927525">
        <ele>884.210178</ele>
        <time>2025-05-30T04:15:13.195Z</time>
      </trkpt>
      <trkpt lat="47.816495" lon="7.927785">
        <ele>882.502105</ele>
        <time>2025-05-30T04:15:29.586Z</time>
      </trkpt>
      <trkpt lat="47.817008" lon="7.927929">
        <ele>880.077728</ele>
        <time>2025-05-30T04:15:44.558Z</time>
      </trkpt>
      <trkpt lat="47.818423" lon="7.929184">
        <ele>872.351671</ele>
        <time>2025-05-30T04:16:31.329Z</time>
      </trkpt>
      <trkpt lat="47.819387" lon="7.929469">
        <ele>867.685695</ele>
        <time>2025-05-30T04:17:01.674Z</time>
      </trkpt>
      <trkpt lat="47.819623" lon="7.929739">
        <ele>864.750574</ele>
        <time>2025-05-30T04:17:09.982Z</time>
      </trkpt>
      <trkpt lat="47.820141" lon="7.929783">
        <ele>858.865369</ele>
        <time>2025-05-30T04:17:23.586Z</time>
      </trkpt>
      <trkpt lat="47.819588" lon="7.930210">
        <ele>851.799743</ele>
        <time>2025-05-30T04:17:39.162Z</time>
      </trkpt>
      <trkpt lat="47.819004" lon="7.929996">
        <ele>844.064597</ele>
        <time>2025-05-30T04:17:53.448Z</time>
      </trkpt>
      <trkpt lat="47.818546" lon="7.930127">
        <ele>836.345302</ele>
        <time>2025-05-30T04:18:04.387Z</time>
      </trkpt>
      <trkpt lat="47.818318" lon="7.930244">
        <ele>832.353726</ele>
        <time>2025-05-30T04:18:10.113Z</time>
      </trkpt>
      <trkpt lat="47.817858" lon="7.930262">
        <ele>824.737250</ele>
        <time>2025-05-30T04:18:21.080Z</time>
      </trkpt>
      <trkpt lat="47.817579" lon="7.930375">
        <ele>819.951546</ele>
        <time>2025-05-30T04:18:28.010Z</time>
      </trkpt>
      <trkpt lat="47.817038" lon="7.930047">
        <ele>811.766918</ele>
        <time>2025-05-30T04:18:42.209Z</time>
      </trkpt>
      <trkpt lat="47.816641" lon="7.929878">
        <ele>806.399432</ele>
        <time>2025-05-30T04:18:52.521Z</time>
      </trkpt>
      <trkpt lat="47.816274" lon="7.930017">
        <ele>801.476759</ele>
        <time>2025-05-30T04:19:02.137Z</time>
      </trkpt>
      <trkpt lat="47.815466" lon="7.930091">
        <ele>790.414504</ele>
        <time>2025-05-30T04:19:22.248Z</time>
      </trkpt>
      <trkpt lat="47.815271" lon="7.930278">
        <ele>786.831612</ele>
        <time>2025-05-30T04:19:27.887Z</time>
      </trkpt>
      <trkpt lat="47.815221" lon="7.930429">
        <ele>785.085124</ele>
        <time>2025-05-30T04:19:30.595Z</time>
      </trkpt>
      <trkpt lat="47.814843" lon="7.930787">
        <ele>778.164934</ele>
        <time>2025-05-30T04:19:41.326Z</time>
      </trkpt>
      <trkpt lat="47.814427" lon="7.931056">
        <ele>771.158923</ele>
        <time>2025-05-30T04:19:52.123Z</time>
      </trkpt>
      <trkpt lat="47.812427" lon="7.931478">
        <ele>738.849666</ele>
        <time>2025-05-30T04:20:40.416Z</time>
      </trkpt>
      <trkpt lat="47.812369" lon="7.931541">
        <ele>737.693649</ele>
        <time>2025-05-30T04:20:42.134Z</time>
      </trkpt>
      <trkpt lat="47.812344" lon="7.931617">
        <ele>736.834670</ele>
        <time>2025-05-30T04:20:43.505Z</time>
      </trkpt>
      <trkpt lat="47.812362" lon="7.931766">
        <ele>735.516569</ele>
        <time>2025-05-30T04:20:45.952Z</time>
      </trkpt>
      <trkpt lat="47.812453" lon="7.931949">
        <ele>733.534021</ele>
        <time>2025-05-30T04:20:49.652Z</time>
      </trkpt>
      <trkpt lat="47.812546" lon="7.932063">
        <ele>731.972324</ele>
        <time>2025-05-30T04:20:52.590Z</time>
      </trkpt>
      <trkpt lat="47.812639" lon="7.932278">
        <ele>729.745719</ele>
        <time>2025-05-30T04:20:56.800Z</time>
      </trkpt>
      <trkpt lat="47.812648" lon="7.932375">
        <ele>728.893165</ele>
        <time>2025-05-30T04:20:58.423Z</time>
      </trkpt>
      <trkpt lat="47.812620" lon="7.932603">
        <ele>726.875159</ele>
        <time>2025-05-30T04:21:02.303Z</time>
      </trkpt>
      <trkpt lat="47.812674" lon="7.932787">
        <ele>725.126865</ele>
        <time>2025-05-30T04:21:05.675Z</time>
      </trkpt>
      <trkpt lat="47.812883" lon="7.933033">
        <ele>721.672980</ele>
        <time>2025-05-30T04:21:12.313Z</time>
      </trkpt>
      <trkpt lat="47.812932" lon="7.933071">
        <ele>720.956722</ele>
        <time>2025-05-30T04:21:13.673Z</time>
      </trkpt>
      <trkpt lat="47.813704" lon="7.932919">
        <ele>711.451113</ele>
        <time>2025-05-30T04:21:33.185Z</time>
      </trkpt>
      <trkpt lat="47.813771" lon="7.932942">
        <ele>710.741940</ele>
        <time>2025-05-30T04:21:34.948Z</time>
      </trkpt>
      <trkpt lat="47.813877" lon="7.933044">
        <ele>709.440236</ele>
        <time>2025-05-30T04:21:38.156Z</time>
      </trkpt>
      <trkpt lat="47.814050" lon="7.933279">
        <ele>707.025015</ele>
        <time>2025-05-30T04:21:42.732Z</time>
      </trkpt>
      <trkpt lat="47.814543" lon="7.933635">
        <ele>701.373820</ele>
        <time>2025-05-30T04:21:53.456Z</time>
      </trkpt>
      <trkpt lat="47.814890" lon="7.933690">
        <ele>697.774593</ele>
        <time>2025-05-30T04:22:00.216Z</time>
      </trkpt>
      <trkpt lat="47.815030" lon="7.933648">
        <ele>696.301601</ele>
        <time>2025-05-30T04:22:03.028Z</time>
      </trkpt>
      <trkpt lat="47.815144" lon="7.933669">
        <ele>695.113239</ele>
        <time>2025-05-30T04:22:05.312Z</time>
      </trkpt>
      <trkpt lat="47.815468" lon="7.933895">
        <ele>691.256752</ele>
        <time>2025-05-30T04:22:12.380Z</time>
      </trkpt>
      <trkpt lat="47.815555" lon="7.933902">
        <ele>690.317623</ele>
        <time>2025-05-30T04:22:14.098Z</time>
      </trkpt>
      <trkpt lat="47.815680" lon="7.933966">
        <ele>688.892854</ele>
        <time>2025-05-30T04:22:16.679Z</time>
      </trkpt>
      <trkpt lat="47.815893" lon="7.934392">
        <ele>685.048521</ele>
        <time>2025-05-30T04:22:23.571Z</time>
      </trkpt>
      <trkpt lat="47.816134" lon="7.934750">
        <ele>681.379368</ele>
        <time>2025-05-30T04:22:30.029Z</time>
      </trkpt>
      <trkpt lat="47.816720" lon="7.935418">
        <ele>673.956095</ele>
        <time>2025-05-30T04:22:44.033Z</time>
      </trkpt>
      <trkpt lat="47.816931" lon="7.935584">
        <ele>671.957027</ele>
        <time>2025-05-30T04:22:48.685Z</time>
      </trkpt>
      <trkpt lat="47.817095" lon="7.935627">
        <ele>670.562050</ele>
        <time>2025-05-30T04:22:51.983Z</time>
      </trkpt>
      <trkpt lat="47.817248" lon="7.935643">
        <ele>669.277195</ele>
        <time>2025-05-30T04:22:55.118Z</time>
      </trkpt>
      <trkpt lat="47.818080" lon="7.935727">
        <ele>662.291440</ele>
        <time>2025-05-30T04:23:12.642Z</time>
      </trkpt>
      <trkpt lat="47.818429" lon="7.935659">
        <ele>658.924751</ele>
        <time>2025-05-30T04:23:19.961Z</time>
      </trkpt>
      <trkpt lat="47.819002" lon="7.935937">
        <ele>652.367159</ele>
        <time>2025-05-30T04:23:28.612Z</time>
      </trkpt>
      <trkpt lat="47.819703" lon="7.936388">
        <ele>644.057920</ele>
        <time>2025-05-30T04:23:39.175Z</time>
      </trkpt>
      <trkpt lat="47.819781" lon="7.936491">
        <ele>642.923574</ele>
        <time>2025-05-30T04:23:40.602Z</time>
      </trkpt>
      <trkpt lat="47.819791" lon="7.936553">
        <ele>642.457685</ele>
        <time>2025-05-30T04:23:41.183Z</time>
      </trkpt>
      <trkpt lat="47.819766" lon="7.936659">
        <ele>641.636809</ele>
        <time>2025-05-30T04:23:42.201Z</time>
      </trkpt>
      <trkpt lat="47.819739" lon="7.936665">
        <ele>641.339757</ele>
        <time>2025-05-30T04:23:42.557Z</time>
      </trkpt>
      <trkpt lat="47.819381" lon="7.936529">
        <ele>637.202923</ele>
        <time>2025-05-30T04:23:47.531Z</time>
      </trkpt>
      <trkpt lat="47.819298" lon="7.936556">
        <ele>636.250488</ele>
        <time>2025-05-30T04:23:48.681Z</time>
      </trkpt>
      <trkpt lat="47.819151" lon="7.936678">
        <ele>634.363882</ele>
        <time>2025-05-30T04:23:50.951Z</time>
      </trkpt>
      <trkpt lat="47.819070" lon="7.936846">
        <ele>632.806973</ele>
        <time>2025-05-30T04:23:52.848Z</time>
      </trkpt>
      <trkpt lat="47.818971" lon="7.937072">
        <ele>630.775683</ele>
        <time>2025-05-30T04:23:55.334Z</time>
      </trkpt>
      <trkpt lat="47.818502" lon="7.937481">
        <ele>624.682693</ele>
        <time>2025-05-30T04:24:02.974Z</time>
      </trkpt>
      <trkpt lat="47.818154" lon="7.937732">
        <ele>620.944661</ele>
        <time>2025-05-30T04:24:08.619Z</time>
      </trkpt>
      <trkpt lat="47.818111" lon="7.937764">
        <ele>620.894697</ele>
        <time>2025-05-30T04:24:09.356Z</time>
      </trkpt>
      <trkpt lat="47.818478" lon="7.937904">
        <ele>620.500924</ele>
        <time>2025-05-30T04:24:16.489Z</time>
      </trkpt>
      <trkpt lat="47.818645" lon="7.937870">
        <ele>620.325731</ele>
        <time>2025-05-30T04:24:20.332Z</time>
      </trkpt>
      <trkpt lat="47.819162" lon="7.937662">
        <ele>619.769102</ele>
        <time>2025-05-30T04:24:36.593Z</time>
      </trkpt>
      <trkpt lat="47.819301" lon="7.937643">
        <ele>619.624019</ele>
        <time>2025-05-30T04:24:40.750Z</time>
      </trkpt>
      <trkpt lat="47.819611" lon="7.937720">
        <ele>619.297356</ele>
        <time>2025-05-30T04:24:51.246Z</time>
      </trkpt>
      <trkpt lat="47.819892" lon="7.937935">
        <ele>619.425533</ele>
        <time>2025-05-30T04:25:02.897Z</time>
      </trkpt>
      <trkpt lat="47.820237" lon="7.938459">
        <ele>620.312247</ele>
        <time>2025-05-30T04:25:19.700Z</time>
      </trkpt>
      <trkpt lat="47.820361" lon="7.938607">
        <ele>620.598194</ele>
        <time>2025-05-30T04:25:24.482Z</time>
      </trkpt>
      <trkpt lat="47.820530" lon="7.938747">
        <ele>620.946182</ele>
        <time>2025-05-30T04:25:30.115Z</time>
      </trkpt>
      <trkpt lat="47.820706" lon="7.938843">
        <ele>621.283459</ele>
        <time>2025-05-30T04:25:35.569Z</time>
      </trkpt>
      <trkpt lat="47.821787" lon="7.938775">
        <ele>624.684548</ele>
        <time>2025-05-30T04:26:13.533Z</time>
      </trkpt>
      <trkpt lat="47.822253" lon="7.938714">
        <ele>626.953517</ele>
        <time>2025-05-30T04:26:37.097Z</time>
      </trkpt>
      <trkpt lat="47.822403" lon="7.938696">
        <ele>627.683425</ele>
        <time>2025-05-30T04:26:47.443Z</time>
      </trkpt>
      <trkpt lat="47.822793" lon="7.938677">
        <ele>629.576067</ele>
        <time>2025-05-30T04:27:11.711Z</time>
      </trkpt>
      <trkpt lat="47.823368" lon="7.938844">
        <ele>632.147475</ele>
        <time>2025-05-30T04:27:49.332Z</time>
      </trkpt>
      <trkpt lat="47.824321" lon="7.939140">
        <ele>635.903802</ele>
        <time>2025-05-30T04:28:41.677Z</time>
      </trkpt>
      <trkpt lat="47.825454" lon="7.939446">
        <ele>638.808147</ele>
        <time>2025-05-30T04:29:18.248Z</time>
      </trkpt>
      <trkpt lat="47.825555" lon="7.939509">
        <ele>638.949210</ele>
        <time>2025-05-30T04:29:21.546Z</time>
      </trkpt>
      <trkpt lat="47.825702" lon="7.939660">
        <ele>639.179251</ele>
        <time>2025-05-30T04:29:26.913Z</time>
      </trkpt>
      <trkpt lat="47.825834" lon="7.939893">
        <ele>639.442935</ele>
        <time>2025-05-30T04:29:33.626Z</time>
      </trkpt>
      <trkpt lat="47.825936" lon="7.940155">
        <ele>639.704883</ele>
        <time>2025-05-30T04:29:40.779Z</time>
      </trkpt>
      <trkpt lat="47.826026" lon="7.940583">
        <ele>640.092798</ele>
        <time>2025-05-30T04:29:52.564Z</time>
      </trkpt>
      <trkpt lat="47.826137" lon="7.940865">
        <ele>640.385636</ele>
        <time>2025-05-30T04:30:01.910Z</time>
      </trkpt>
      <trkpt lat="47.826338" lon="7.941177">
        <ele>640.935568</ele>
        <time>2025-05-30T04:30:16.150Z</time>
      </trkpt>
      <trkpt lat="47.826499" lon="7.941277">
        <ele>641.266006</ele>
        <time>2025-05-30T04:30:24.075Z</time>
      </trkpt>
      <trkpt lat="47.826700" lon="7.941316">
        <ele>641.649977</ele>
        <time>2025-05-30T04:30:32.175Z</time>
      </trkpt>
      <trkpt lat="47.826873" lon="7.941309">
        <ele>641.977812</ele>
        <time>2025-05-30T04:30:38.692Z</time>
      </trkpt>
      <trkpt lat="47.826978" lon="7.941247">
        <ele>642.191773</ele>
        <time>2025-05-30T04:30:43.028Z</time>
      </trkpt>
      <trkpt lat="47.827286" lon="7.940961">
        <ele>642.879309</ele>
        <time>2025-05-30T04:30:56.975Z</time>
      </trkpt>
      <trkpt lat="47.827865" lon="7.940778">
        <ele>643.703793</ele>
        <time>2025-05-30T04:31:18.410Z</time>
      </trkpt>
      <trkpt lat="47.828079" lon="7.940697">
        <ele>643.603427</ele>
        <time>2025-05-30T04:31:23.325Z</time>
      </trkpt>
      <trkpt lat="47.828248" lon="7.940700">
        <ele>643.526602</ele>
        <time>2025-05-30T04:31:26.799Z</time>
      </trkpt>
      <trkpt lat="47.828390" lon="7.940782">
        <ele>643.457375</ele>
        <time>2025-05-30T04:31:29.811Z</time>
      </trkpt>
      <trkpt lat="47.828571" lon="7.941033">
        <ele>643.344965</ele>
        <time>2025-05-30T04:31:34.666Z</time>
      </trkpt>
      <trkpt lat="47.828731" lon="7.941409">
        <ele>643.209116</ele>
        <time>2025-05-30T04:31:40.747Z</time>
      </trkpt>
      <trkpt lat="47.828912" lon="7.941914">
        <ele>643.034422</ele>
        <time>2025-05-30T04:31:48.764Z</time>
      </trkpt>
      <trkpt lat="47.828975" lon="7.942197">
        <ele>642.943641</ele>
        <time>2025-05-30T04:31:52.778Z</time>
      </trkpt>
      <trkpt lat="47.829006" lon="7.942914">
        <ele>642.943641</ele>
        <time>2025-05-30T04:32:01.984Z</time>
      </trkpt>
      <trkpt lat="47.829022" lon="7.943086">
        <ele>642.943641</ele>
        <time>2025-05-30T04:32:04.190Z</time>
      </trkpt>
      <trkpt lat="47.829068" lon="7.943209">
        <ele>642.943641</ele>
        <time>2025-05-30T04:32:06.012Z</time>
      </trkpt>
      <trkpt lat="47.829082" lon="7.943248">
        <ele>642.943641</ele>
        <time>2025-05-30T04:32:06.628Z</time>
      </trkpt>
      <trkpt lat="47.829105" lon="7.943310">
        <ele>642.943641</ele>
        <time>2025-05-30T04:32:07.588Z</time>
      </trkpt>
      <trkpt lat="47.829574" lon="7.944503">
        <ele>642.943641</ele>
        <time>2025-05-30T04:32:27.075Z</time>
      </trkpt>
      <trkpt lat="47.829604" lon="7.944555">
        <ele>642.943641</ele>
        <time>2025-05-30T04:32:28.078Z</time>
      </trkpt>
      <trkpt lat="47.829696" lon="7.944702">
        <ele>642.943641</ele>
        <time>2025-05-30T04:32:31.046Z</time>
      </trkpt>
    </trkseg>
  </trk>
</gpx>