<?xml version='1.0' encoding='UTF-8'?>
<gpx version="1.1" creator="https://www.komoot.de" xmlns="http://www.topografix.com/GPX/1/1" xmlns:xsi="http://www.w3.org/2001/XMLSchema-instance" xsi:schemaLocation="http://www.topografix.com/GPX/1/1 http://www.topografix.com/GPX/1/1/gpx.xsd">
  <metadata>
    <name>Graveltour in den Haßbergen – Steinerne Zeugen - GravelDeluxe</name>
    <author>
      <link href="https://www.komoot.de">
        <text>komoot</text>
        <type>text/html</type>
      </link>
    </author>
  </metadata>
  <wpt lat="50.158917" lon="10.665803">
    <name>Alter Kalkofen</name>
    <sym>Flag, Blue</sym>
  </wpt>
  <wpt lat="50.172113" lon="10.733502">
    <name>Burgruine Altenstein</name>
    <sym>Flag, Blue</sym>
  </wpt>
  <wpt lat="50.138140" lon="10.782646">
    <name>Felsformation Teufelstein</name>
    <sym>Flag, Blue</sym>
  </wpt>
  <wpt lat="50.125515" lon="10.819178">
    <name>Schloss Gereuth</name>
    <sym>Flag, Blue</sym>
  </wpt>
  <wpt lat="50.094753" lon="10.793481">
    <name>Marktplatz Ebern</name>
    <sym>Shopping Center</sym>
  </wpt>
  <wpt lat="50.108750" lon="10.732030">
    <name>Burgruine Raueneck</name>
    <sym>Flag, Blue</sym>
  </wpt>
  <wpt lat="50.108414" lon="10.634733">
    <name>Burgruine Bramberg</name>
    <sym>Flag, Blue</sym>
  </wpt>
  <wpt lat="50.100042" lon="10.588260">
    <name>Wildblumenwiese im Naturpark Haßberge</name>
    <sym>Flag, Blue</sym>
  </wpt>
  <wpt lat="50.103089" lon="10.584258">
    <name>Rennweg zwischen Dornbusch und der Staatsstraße nach Ebern</name>
    <sym>Flag, Blue</sym>
  </wpt>
  <wpt lat="50.133325" lon="10.587121">
    <name>Rennweg</name>
    <sym>Flag, Blue</sym>
  </wpt>
  <wpt lat="50.159146" lon="10.605740">
    <name>Idyllischer Weg zwischen Sulzbach und Üschersdorf</name>
    <sym>Flag, Blue</sym>
  </wpt>
  <trk>
    <name>Graveltour in den Haßbergen – Steinerne Zeugen - GravelDeluxe</name>
    <type>mtb_easy</type>
    <trkseg>
      <trkpt lat="50.161991" lon="10.594369">
        <ele>293.950555</ele>
        <time>2025-08-14T12:26:37.674Z</time>
      </trkpt>
      <trkpt lat="50.162219" lon="10.594489">
        <ele>293.950555</ele>
        <time>2025-08-14T12:26:43.878Z</time>
      </trkpt>
      <trkpt lat="50.162423" lon="10.594456">
        <ele>293.950555</ele>
        <time>2025-08-14T12:26:49.259Z</time>
      </trkpt>
      <trkpt lat="50.163148" lon="10.594253">
        <ele>294.311558</ele>
        <time>2025-08-14T12:27:09.747Z</time>
      </trkpt>
      <trkpt lat="50.163287" lon="10.594143">
        <ele>294.510387</ele>
        <time>2025-08-14T12:27:14.302Z</time>
      </trkpt>
      <trkpt lat="50.163842" lon="10.593572">
        <ele>295.358434</ele>
        <time>2025-08-14T12:27:34.422Z</time>
      </trkpt>
      <trkpt lat="50.164198" lon="10.593226">
        <ele>295.893471</ele>
        <time>2025-08-14T12:27:46.614Z</time>
      </trkpt>
      <trkpt lat="50.164663" lon="10.592883">
        <ele>296.447999</ele>
        <time>2025-08-14T12:28:00.212Z</time>
      </trkpt>
      <trkpt lat="50.165009" lon="10.592571">
        <ele>296.787522</ele>
        <time>2025-08-14T12:28:10.697Z</time>
      </trkpt>
      <trkpt lat="50.165394" lon="10.592236">
        <ele>297.162045</ele>
        <time>2025-08-14T12:28:22.826Z</time>
      </trkpt>
      <trkpt lat="50.165622" lon="10.592134">
        <ele>297.363577</ele>
        <time>2025-08-14T12:28:29.319Z</time>
      </trkpt>
      <trkpt lat="50.165984" lon="10.592121">
        <ele>297.671253</ele>
        <time>2025-08-14T12:28:38.997Z</time>
      </trkpt>
      <trkpt lat="50.166384" lon="10.592140">
        <ele>297.678584</ele>
        <time>2025-08-14T12:28:49.311Z</time>
      </trkpt>
      <trkpt lat="50.166702" lon="10.592067">
        <ele>297.569308</ele>
        <time>2025-08-14T12:28:57.286Z</time>
      </trkpt>
      <trkpt lat="50.167020" lon="10.591880">
        <ele>297.453780</ele>
        <time>2025-08-14T12:29:05.036Z</time>
      </trkpt>
      <trkpt lat="50.168021" lon="10.591202">
        <ele>297.256718</ele>
        <time>2025-08-14T12:29:27.378Z</time>
      </trkpt>
      <trkpt lat="50.168191" lon="10.591002">
        <ele>297.342953</ele>
        <time>2025-08-14T12:29:31.851Z</time>
      </trkpt>
      <trkpt lat="50.168517" lon="10.590406">
        <ele>297.546326</ele>
        <time>2025-08-14T12:29:43.657Z</time>
      </trkpt>
      <trkpt lat="50.168743" lon="10.590119">
        <ele>297.664346</ele>
        <time>2025-08-14T12:29:51.839Z</time>
      </trkpt>
      <trkpt lat="50.168877" lon="10.590023">
        <ele>297.724074</ele>
        <time>2025-08-14T12:29:56.349Z</time>
      </trkpt>
      <trkpt lat="50.169144" lon="10.589923">
        <ele>297.835309</ele>
        <time>2025-08-14T12:30:05.030Z</time>
      </trkpt>
      <trkpt lat="50.169272" lon="10.589938">
        <ele>297.887310</ele>
        <time>2025-08-14T12:30:09.179Z</time>
      </trkpt>
      <trkpt lat="50.169906" lon="10.590208">
        <ele>298.590374</ele>
        <time>2025-08-14T12:30:30.856Z</time>
      </trkpt>
      <trkpt lat="50.170662" lon="10.590150">
        <ele>299.406881</ele>
        <time>2025-08-14T12:30:51.998Z</time>
      </trkpt>
      <trkpt lat="50.170816" lon="10.590157">
        <ele>299.573076</ele>
        <time>2025-08-14T12:30:55.614Z</time>
      </trkpt>
      <trkpt lat="50.172030" lon="10.590447">
        <ele>301.090468</ele>
        <time>2025-08-14T12:31:24.671Z</time>
      </trkpt>
      <trkpt lat="50.172920" lon="10.590678">
        <ele>302.476283</ele>
        <time>2025-08-14T12:31:54.311Z</time>
      </trkpt>
      <trkpt lat="50.174449" lon="10.591265">
        <ele>308.512661</ele>
        <time>2025-08-14T12:33:27.259Z</time>
      </trkpt>
      <trkpt lat="50.174686" lon="10.591390">
        <ele>309.191906</ele>
        <time>2025-08-14T12:33:41.170Z</time>
      </trkpt>
      <trkpt lat="50.174860" lon="10.591533">
        <ele>309.481782</ele>
        <time>2025-08-14T12:33:51.611Z</time>
      </trkpt>
      <trkpt lat="50.175135" lon="10.591839">
        <ele>309.979602</ele>
        <time>2025-08-14T12:34:08.535Z</time>
      </trkpt>
      <trkpt lat="50.175227" lon="10.591983">
        <ele>310.171642</ele>
        <time>2025-08-14T12:34:14.744Z</time>
      </trkpt>
      <trkpt lat="50.175959" lon="10.593283">
        <ele>311.620174</ele>
        <time>2025-08-14T12:34:57.661Z</time>
      </trkpt>
      <trkpt lat="50.176442" lon="10.593702">
        <ele>311.332348</ele>
        <time>2025-08-14T12:35:17.067Z</time>
      </trkpt>
      <trkpt lat="50.176737" lon="10.594039">
        <ele>311.141941</ele>
        <time>2025-08-14T12:35:29.959Z</time>
      </trkpt>
      <trkpt lat="50.176901" lon="10.594245">
        <ele>311.032299</ele>
        <time>2025-08-14T12:35:37.338Z</time>
      </trkpt>
      <trkpt lat="50.177336" lon="10.594910">
        <ele>310.729381</ele>
        <time>2025-08-14T12:35:58.633Z</time>
      </trkpt>
      <trkpt lat="50.177669" lon="10.595083">
        <ele>310.703425</ele>
        <time>2025-08-14T12:36:11.218Z</time>
      </trkpt>
      <trkpt lat="50.178045" lon="10.595214">
        <ele>310.674931</ele>
        <time>2025-08-14T12:36:25.539Z</time>
      </trkpt>
      <trkpt lat="50.178350" lon="10.595332">
        <ele>310.651691</ele>
        <time>2025-08-14T12:36:37.739Z</time>
      </trkpt>
      <trkpt lat="50.178820" lon="10.595404">
        <ele>310.616762</ele>
        <time>2025-08-14T12:36:55.907Z</time>
      </trkpt>
      <trkpt lat="50.179019" lon="10.595588">
        <ele>310.599657</ele>
        <time>2025-08-14T12:37:04.522Z</time>
      </trkpt>
      <trkpt lat="50.179375" lon="10.596209">
        <ele>310.268925</ele>
        <time>2025-08-14T12:37:23.931Z</time>
      </trkpt>
      <trkpt lat="50.179960" lon="10.596842">
        <ele>309.818272</ele>
        <time>2025-08-14T12:37:48.548Z</time>
      </trkpt>
      <trkpt lat="50.180228" lon="10.597014">
        <ele>309.634804</ele>
        <time>2025-08-14T12:37:58.324Z</time>
      </trkpt>
      <trkpt lat="50.180878" lon="10.597127">
        <ele>309.725623</ele>
        <time>2025-08-14T12:38:21.289Z</time>
      </trkpt>
      <trkpt lat="50.181018" lon="10.597227">
        <ele>309.833977</ele>
        <time>2025-08-14T12:38:27.237Z</time>
      </trkpt>
      <trkpt lat="50.181216" lon="10.597453">
        <ele>310.006591</ele>
        <time>2025-08-14T12:38:37.408Z</time>
      </trkpt>
      <trkpt lat="50.181303" lon="10.597577">
        <ele>310.089494</ele>
        <time>2025-08-14T12:38:42.571Z</time>
      </trkpt>
      <trkpt lat="50.181394" lon="10.597778">
        <ele>310.200439</ele>
        <time>2025-08-14T12:38:49.575Z</time>
      </trkpt>
      <trkpt lat="50.181648" lon="10.598553">
        <ele>310.592822</ele>
        <time>2025-08-14T12:39:14.955Z</time>
      </trkpt>
      <trkpt lat="50.181757" lon="10.598801">
        <ele>310.725925</ele>
        <time>2025-08-14T12:39:23.523Z</time>
      </trkpt>
      <trkpt lat="50.181929" lon="10.599049">
        <ele>310.736936</ele>
        <time>2025-08-14T12:39:33.573Z</time>
      </trkpt>
      <trkpt lat="50.182218" lon="10.599313">
        <ele>310.752684</ele>
        <time>2025-08-14T12:39:47.013Z</time>
      </trkpt>
      <trkpt lat="50.182407" lon="10.599375">
        <ele>310.761768</ele>
        <time>2025-08-14T12:39:54.228Z</time>
      </trkpt>
      <trkpt lat="50.182507" lon="10.599358">
        <ele>310.766499</ele>
        <time>2025-08-14T12:39:57.921Z</time>
      </trkpt>
      <trkpt lat="50.182765" lon="10.599177">
        <ele>310.779802</ele>
        <time>2025-08-14T12:40:07.981Z</time>
      </trkpt>
      <trkpt lat="50.183270" lon="10.598667">
        <ele>310.808089</ele>
        <time>2025-08-14T12:40:28.802Z</time>
      </trkpt>
      <trkpt lat="50.183486" lon="10.598556">
        <ele>311.027832</ele>
        <time>2025-08-14T12:40:36.791Z</time>
      </trkpt>
      <trkpt lat="50.183866" lon="10.598486">
        <ele>311.491779</ele>
        <time>2025-08-14T12:40:50.785Z</time>
      </trkpt>
      <trkpt lat="50.184369" lon="10.598457">
        <ele>312.102085</ele>
        <time>2025-08-14T12:41:12.492Z</time>
      </trkpt>
      <trkpt lat="50.184678" lon="10.598474">
        <ele>312.476981</ele>
        <time>2025-08-14T12:41:26.705Z</time>
      </trkpt>
      <trkpt lat="50.184881" lon="10.598587">
        <ele>312.738288</ele>
        <time>2025-08-14T12:41:37.101Z</time>
      </trkpt>
      <trkpt lat="50.184934" lon="10.598669">
        <ele>312.828746</ele>
        <time>2025-08-14T12:41:40.835Z</time>
      </trkpt>
      <trkpt lat="50.185064" lon="10.599013">
        <ele>313.516509</ele>
        <time>2025-08-14T12:41:54.210Z</time>
      </trkpt>
      <trkpt lat="50.185247" lon="10.599591">
        <ele>315.297484</ele>
        <time>2025-08-14T12:42:17.159Z</time>
      </trkpt>
      <trkpt lat="50.185265" lon="10.599976">
        <ele>316.363708</ele>
        <time>2025-08-14T12:42:31.574Z</time>
      </trkpt>
      <trkpt lat="50.184602" lon="10.603432">
        <ele>326.268696</ele>
        <time>2025-08-14T12:44:55.611Z</time>
      </trkpt>
      <trkpt lat="50.184586" lon="10.603684">
        <ele>326.960639</ele>
        <time>2025-08-14T12:45:04.907Z</time>
      </trkpt>
      <trkpt lat="50.184616" lon="10.604063">
        <ele>328.004103</ele>
        <time>2025-08-14T12:45:17.989Z</time>
      </trkpt>
      <trkpt lat="50.184676" lon="10.604278">
        <ele>328.361983</ele>
        <time>2025-08-14T12:45:25.373Z</time>
      </trkpt>
      <trkpt lat="50.184743" lon="10.604351">
        <ele>328.261641</ele>
        <time>2025-08-14T12:45:29.167Z</time>
      </trkpt>
      <trkpt lat="50.184892" lon="10.604341">
        <ele>328.078461</ele>
        <time>2025-08-14T12:45:35.744Z</time>
      </trkpt>
      <trkpt lat="50.185270" lon="10.603923">
        <ele>327.509575</ele>
        <time>2025-08-14T12:45:53.220Z</time>
      </trkpt>
      <trkpt lat="50.185434" lon="10.603858">
        <ele>327.301755</ele>
        <time>2025-08-14T12:45:58.900Z</time>
      </trkpt>
      <trkpt lat="50.185565" lon="10.603901">
        <ele>327.137337</ele>
        <time>2025-08-14T12:46:03.145Z</time>
      </trkpt>
      <trkpt lat="50.185709" lon="10.604019">
        <ele>326.937600</ele>
        <time>2025-08-14T12:46:08.182Z</time>
      </trkpt>
      <trkpt lat="50.186211" lon="10.604685">
        <ele>325.940754</ele>
        <time>2025-08-14T12:46:27.962Z</time>
      </trkpt>
      <trkpt lat="50.187386" lon="10.606427">
        <ele>319.676891</ele>
        <time>2025-08-14T12:47:16.401Z</time>
      </trkpt>
      <trkpt lat="50.187551" lon="10.606566">
        <ele>319.058864</ele>
        <time>2025-08-14T12:47:22.022Z</time>
      </trkpt>
      <trkpt lat="50.187869" lon="10.606643">
        <ele>318.243687</ele>
        <time>2025-08-14T12:47:31.706Z</time>
      </trkpt>
      <trkpt lat="50.188029" lon="10.606646">
        <ele>317.838348</ele>
        <time>2025-08-14T12:47:36.542Z</time>
      </trkpt>
      <trkpt lat="50.188167" lon="10.606568">
        <ele>317.466581</ele>
        <time>2025-08-14T12:47:41.020Z</time>
      </trkpt>
      <trkpt lat="50.188249" lon="10.606461">
        <ele>317.195905</ele>
        <time>2025-08-14T12:47:44.306Z</time>
      </trkpt>
      <trkpt lat="50.188504" lon="10.605925">
        <ele>316.112841</ele>
        <time>2025-08-14T12:47:57.658Z</time>
      </trkpt>
      <trkpt lat="50.188988" lon="10.605108">
        <ele>314.829881</ele>
        <time>2025-08-14T12:48:21.633Z</time>
      </trkpt>
      <trkpt lat="50.189381" lon="10.604517">
        <ele>315.261760</ele>
        <time>2025-08-14T12:48:44.040Z</time>
      </trkpt>
      <trkpt lat="50.189486" lon="10.604322">
        <ele>315.390902</ele>
        <time>2025-08-14T12:48:51.567Z</time>
      </trkpt>
      <trkpt lat="50.189918" lon="10.602815">
        <ele>316.282454</ele>
        <time>2025-08-14T12:49:38.448Z</time>
      </trkpt>
      <trkpt lat="50.189994" lon="10.602677">
        <ele>316.425980</ele>
        <time>2025-08-14T12:49:43.515Z</time>
      </trkpt>
      <trkpt lat="50.190267" lon="10.603259">
        <ele>316.994851</ele>
        <time>2025-08-14T12:49:56.190Z</time>
      </trkpt>
      <trkpt lat="50.190934" lon="10.604839">
        <ele>318.596874</ele>
        <time>2025-08-14T12:50:29.563Z</time>
      </trkpt>
      <trkpt lat="50.191345" lon="10.605691">
        <ele>320.085651</ele>
        <time>2025-08-14T12:50:52.117Z</time>
      </trkpt>
      <trkpt lat="50.191719" lon="10.606312">
        <ele>321.275492</ele>
        <time>2025-08-14T12:51:11.439Z</time>
      </trkpt>
      <trkpt lat="50.192281" lon="10.607046">
        <ele>322.587306</ele>
        <time>2025-08-14T12:51:36.763Z</time>
      </trkpt>
      <trkpt lat="50.192565" lon="10.607417">
        <ele>323.015456</ele>
        <time>2025-08-14T12:51:49.062Z</time>
      </trkpt>
      <trkpt lat="50.192745" lon="10.607685">
        <ele>323.303031</ele>
        <time>2025-08-14T12:51:57.229Z</time>
      </trkpt>
      <trkpt lat="50.192985" lon="10.608147">
        <ele>323.743516</ele>
        <time>2025-08-14T12:52:07.512Z</time>
      </trkpt>
      <trkpt lat="50.193075" lon="10.608124">
        <ele>323.848980</ele>
        <time>2025-08-14T12:52:09.921Z</time>
      </trkpt>
      <trkpt lat="50.193323" lon="10.608699">
        <ele>324.327391</ele>
        <time>2025-08-14T12:52:19.427Z</time>
      </trkpt>
      <trkpt lat="50.193417" lon="10.608979">
        <ele>324.083501</ele>
        <time>2025-08-14T12:52:23.385Z</time>
      </trkpt>
      <trkpt lat="50.193510" lon="10.609294">
        <ele>323.815914</ele>
        <time>2025-08-14T12:52:27.653Z</time>
      </trkpt>
      <trkpt lat="50.193632" lon="10.609815">
        <ele>323.387972</ele>
        <time>2025-08-14T12:52:34.521Z</time>
      </trkpt>
      <trkpt lat="50.193725" lon="10.610332">
        <ele>322.973713</ele>
        <time>2025-08-14T12:52:40.994Z</time>
      </trkpt>
      <trkpt lat="50.193778" lon="10.610805">
        <ele>322.603294</ele>
        <time>2025-08-14T12:52:46.809Z</time>
      </trkpt>
      <trkpt lat="50.193839" lon="10.612016">
        <ele>322.403851</ele>
        <time>2025-08-14T12:53:01.852Z</time>
      </trkpt>
      <trkpt lat="50.193839" lon="10.612016">
        <ele>322.403851</ele>
        <time>2025-08-14T12:53:01.853Z</time>
      </trkpt>
      <trkpt lat="50.193903" lon="10.612426">
        <ele>322.547593</ele>
        <time>2025-08-14T12:53:07.501Z</time>
      </trkpt>
      <trkpt lat="50.193951" lon="10.612599">
        <ele>322.611814</ele>
        <time>2025-08-14T12:53:10.456Z</time>
      </trkpt>
      <trkpt lat="50.193997" lon="10.612744">
        <ele>322.666934</ele>
        <time>2025-08-14T12:53:13.246Z</time>
      </trkpt>
      <trkpt lat="50.193810" lon="10.613043">
        <ele>322.809308</ele>
        <time>2025-08-14T12:53:20.927Z</time>
      </trkpt>
      <trkpt lat="50.193466" lon="10.613633">
        <ele>323.081121</ele>
        <time>2025-08-14T12:53:36.836Z</time>
      </trkpt>
      <trkpt lat="50.193264" lon="10.613950">
        <ele>323.393012</ele>
        <time>2025-08-14T12:53:46.241Z</time>
      </trkpt>
      <trkpt lat="50.193249" lon="10.613974">
        <ele>323.422924</ele>
        <time>2025-08-14T12:53:46.972Z</time>
      </trkpt>
      <trkpt lat="50.193900" lon="10.614871">
        <ele>324.632198</ele>
        <time>2025-08-14T12:54:29.120Z</time>
      </trkpt>
      <trkpt lat="50.194233" lon="10.615020">
        <ele>325.114736</ele>
        <time>2025-08-14T12:54:43.485Z</time>
      </trkpt>
      <trkpt lat="50.194411" lon="10.615149">
        <ele>325.388084</ele>
        <time>2025-08-14T12:54:50.873Z</time>
      </trkpt>
      <trkpt lat="50.194910" lon="10.615784">
        <ele>325.658072</ele>
        <time>2025-08-14T12:55:14.033Z</time>
      </trkpt>
      <trkpt lat="50.196260" lon="10.618001">
        <ele>326.604912</ele>
        <time>2025-08-14T12:56:27.539Z</time>
      </trkpt>
      <trkpt lat="50.196381" lon="10.618259">
        <ele>326.899544</ele>
        <time>2025-08-14T12:56:36.985Z</time>
      </trkpt>
      <trkpt lat="50.196545" lon="10.618946">
        <ele>327.574987</ele>
        <time>2025-08-14T12:56:59.463Z</time>
      </trkpt>
      <trkpt lat="50.196492" lon="10.619265">
        <ele>327.878589</ele>
        <time>2025-08-14T12:57:09.946Z</time>
      </trkpt>
      <trkpt lat="50.196040" lon="10.621969">
        <ele>331.684052</ele>
        <time>2025-08-14T12:58:36.127Z</time>
      </trkpt>
      <trkpt lat="50.195117" lon="10.625304">
        <ele>338.422356</ele>
        <time>2025-08-14T13:00:30.708Z</time>
      </trkpt>
      <trkpt lat="50.195059" lon="10.625652">
        <ele>339.780284</ele>
        <time>2025-08-14T13:00:44.529Z</time>
      </trkpt>
      <trkpt lat="50.195122" lon="10.626641">
        <ele>343.533404</ele>
        <time>2025-08-14T13:01:26.623Z</time>
      </trkpt>
      <trkpt lat="50.194494" lon="10.629179">
        <ele>356.193389</ele>
        <time>2025-08-14T13:03:41.205Z</time>
      </trkpt>
      <trkpt lat="50.193835" lon="10.631052">
        <ele>367.025684</ele>
        <time>2025-08-14T13:05:29.821Z</time>
      </trkpt>
      <trkpt lat="50.193705" lon="10.631156">
        <ele>368.130098</ele>
        <time>2025-08-14T13:05:41.067Z</time>
      </trkpt>
      <trkpt lat="50.193465" lon="10.631087">
        <ele>369.975335</ele>
        <time>2025-08-14T13:05:59.715Z</time>
      </trkpt>
      <trkpt lat="50.193131" lon="10.630530">
        <ele>373.669744</ele>
        <time>2025-08-14T13:06:35.873Z</time>
      </trkpt>
      <trkpt lat="50.192555" lon="10.629312">
        <ele>379.221195</ele>
        <time>2025-08-14T13:07:41.958Z</time>
      </trkpt>
      <trkpt lat="50.192226" lon="10.628428">
        <ele>382.394614</ele>
        <time>2025-08-14T13:08:21.411Z</time>
      </trkpt>
      <trkpt lat="50.191771" lon="10.626353">
        <ele>387.002167</ele>
        <time>2025-08-14T13:09:35.275Z</time>
      </trkpt>
      <trkpt lat="50.191557" lon="10.626144">
        <ele>387.619415</ele>
        <time>2025-08-14T13:09:47.381Z</time>
      </trkpt>
      <trkpt lat="50.191330" lon="10.626109">
        <ele>388.177271</ele>
        <time>2025-08-14T13:09:58.232Z</time>
      </trkpt>
      <trkpt lat="50.191067" lon="10.626221">
        <ele>388.843948</ele>
        <time>2025-08-14T13:10:10.740Z</time>
      </trkpt>
      <trkpt lat="50.190407" lon="10.626938">
        <ele>389.624469</ele>
        <time>2025-08-14T13:10:44.814Z</time>
      </trkpt>
      <trkpt lat="50.188932" lon="10.628421">
        <ele>391.159769</ele>
        <time>2025-08-14T13:11:52.658Z</time>
      </trkpt>
      <trkpt lat="50.188959" lon="10.628492">
        <ele>391.223834</ele>
        <time>2025-08-14T13:11:54.894Z</time>
      </trkpt>
      <trkpt lat="50.188932" lon="10.628421">
        <ele>391.287899</ele>
        <time>2025-08-14T13:11:57.154Z</time>
      </trkpt>
      <trkpt lat="50.188758" lon="10.628386">
        <ele>391.500475</ele>
        <time>2025-08-14T13:12:04.725Z</time>
      </trkpt>
      <trkpt lat="50.188009" lon="10.627321">
        <ele>392.866911</ele>
        <time>2025-08-14T13:12:50.745Z</time>
      </trkpt>
      <trkpt lat="50.187185" lon="10.626534">
        <ele>395.111395</ele>
        <time>2025-08-14T13:13:40.264Z</time>
      </trkpt>
      <trkpt lat="50.186644" lon="10.625059">
        <ele>396.641356</ele>
        <time>2025-08-14T13:14:33.325Z</time>
      </trkpt>
      <trkpt lat="50.186619" lon="10.624989">
        <ele>396.625908</ele>
        <time>2025-08-14T13:14:35.703Z</time>
      </trkpt>
      <trkpt lat="50.186254" lon="10.621689">
        <ele>395.510012</ele>
        <time>2025-08-14T13:15:48.264Z</time>
      </trkpt>
      <trkpt lat="50.186176" lon="10.620984">
        <ele>395.094982</ele>
        <time>2025-08-14T13:16:03.651Z</time>
      </trkpt>
      <trkpt lat="50.185635" lon="10.621329">
        <ele>394.603361</ele>
        <time>2025-08-14T13:16:15.727Z</time>
      </trkpt>
      <trkpt lat="50.181446" lon="10.623585">
        <ele>398.437664</ele>
        <time>2025-08-14T13:18:18.159Z</time>
      </trkpt>
      <trkpt lat="50.181293" lon="10.623796">
        <ele>398.524643</ele>
        <time>2025-08-14T13:18:23.438Z</time>
      </trkpt>
      <trkpt lat="50.181021" lon="10.624385">
        <ele>398.722794</ele>
        <time>2025-08-14T13:18:34.387Z</time>
      </trkpt>
      <trkpt lat="50.180904" lon="10.624522">
        <ele>398.785109</ele>
        <time>2025-08-14T13:18:37.591Z</time>
      </trkpt>
      <trkpt lat="50.179866" lon="10.625252">
        <ele>397.322601</ele>
        <time>2025-08-14T13:18:59.897Z</time>
      </trkpt>
      <trkpt lat="50.178115" lon="10.626338">
        <ele>393.697368</ele>
        <time>2025-08-14T13:19:33.918Z</time>
      </trkpt>
      <trkpt lat="50.177444" lon="10.626815">
        <ele>392.087144</ele>
        <time>2025-08-14T13:19:47.226Z</time>
      </trkpt>
      <trkpt lat="50.177089" lon="10.627142">
        <ele>391.558632</ele>
        <time>2025-08-14T13:19:54.709Z</time>
      </trkpt>
      <trkpt lat="50.176933" lon="10.627331">
        <ele>391.305446</ele>
        <time>2025-08-14T13:19:58.353Z</time>
      </trkpt>
      <trkpt lat="50.176766" lon="10.627595">
        <ele>391.000721</ele>
        <time>2025-08-14T13:20:02.777Z</time>
      </trkpt>
      <trkpt lat="50.176520" lon="10.628047">
        <ele>390.513607</ele>
        <time>2025-08-14T13:20:09.969Z</time>
      </trkpt>
      <trkpt lat="50.175494" lon="10.630172">
        <ele>389.577178</ele>
        <time>2025-08-14T13:20:48.864Z</time>
      </trkpt>
      <trkpt lat="50.175431" lon="10.630275">
        <ele>389.557818</ele>
        <time>2025-08-14T13:20:51.620Z</time>
      </trkpt>
      <trkpt lat="50.175104" lon="10.630798">
        <ele>389.458464</ele>
        <time>2025-08-14T13:21:03.195Z</time>
      </trkpt>
      <trkpt lat="50.174949" lon="10.630940">
        <ele>388.593275</ele>
        <time>2025-08-14T13:21:06.837Z</time>
      </trkpt>
      <trkpt lat="50.174681" lon="10.630966">
        <ele>386.473374</ele>
        <time>2025-08-14T13:21:11.694Z</time>
      </trkpt>
      <trkpt lat="50.173945" lon="10.630914">
        <ele>380.656816</ele>
        <time>2025-08-14T13:21:22.932Z</time>
      </trkpt>
      <trkpt lat="50.173825" lon="10.630990">
        <ele>379.634463</ele>
        <time>2025-08-14T13:21:24.747Z</time>
      </trkpt>
      <trkpt lat="50.173743" lon="10.631120">
        <ele>378.711872</ele>
        <time>2025-08-14T13:21:26.362Z</time>
      </trkpt>
      <trkpt lat="50.173679" lon="10.630974">
        <ele>377.817289</ele>
        <time>2025-08-14T13:21:27.913Z</time>
      </trkpt>
      <trkpt lat="50.172120" lon="10.631022">
        <ele>357.797249</ele>
        <time>2025-08-14T13:21:48.847Z</time>
      </trkpt>
      <trkpt lat="50.171657" lon="10.631108">
        <ele>351.201334</ele>
        <time>2025-08-14T13:21:55.184Z</time>
      </trkpt>
      <trkpt lat="50.171448" lon="10.631199">
        <ele>348.928033</ele>
        <time>2025-08-14T13:21:58.183Z</time>
      </trkpt>
      <trkpt lat="50.170895" lon="10.631612">
        <ele>344.397276</ele>
        <time>2025-08-14T13:22:06.930Z</time>
      </trkpt>
      <trkpt lat="50.170623" lon="10.631768">
        <ele>342.255577</ele>
        <time>2025-08-14T13:22:11.260Z</time>
      </trkpt>
      <trkpt lat="50.170336" lon="10.631883">
        <ele>340.065617</ele>
        <time>2025-08-14T13:22:15.864Z</time>
      </trkpt>
      <trkpt lat="50.170275" lon="10.631879">
        <ele>339.614370</ele>
        <time>2025-08-14T13:22:16.854Z</time>
      </trkpt>
      <trkpt lat="50.170228" lon="10.631878">
        <ele>339.266961</ele>
        <time>2025-08-14T13:22:17.606Z</time>
      </trkpt>
      <trkpt lat="50.170094" lon="10.632079">
        <ele>337.893537</ele>
        <time>2025-08-14T13:22:20.632Z</time>
      </trkpt>
      <trkpt lat="50.169843" lon="10.632471">
        <ele>336.238348</ele>
        <time>2025-08-14T13:22:26.700Z</time>
      </trkpt>
      <trkpt lat="50.169195" lon="10.633628">
        <ele>334.666642</ele>
        <time>2025-08-14T13:22:45.523Z</time>
      </trkpt>
      <trkpt lat="50.169146" lon="10.633888">
        <ele>334.389486</ele>
        <time>2025-08-14T13:22:48.955Z</time>
      </trkpt>
      <trkpt lat="50.169033" lon="10.633896">
        <ele>334.208889</ele>
        <time>2025-08-14T13:22:51.254Z</time>
      </trkpt>
      <trkpt lat="50.168919" lon="10.633952">
        <ele>334.018084</ele>
        <time>2025-08-14T13:22:53.685Z</time>
      </trkpt>
      <trkpt lat="50.168726" lon="10.634132">
        <ele>333.659152</ele>
        <time>2025-08-14T13:22:58.310Z</time>
      </trkpt>
      <trkpt lat="50.168423" lon="10.634799">
        <ele>333.561636</ele>
        <time>2025-08-14T13:23:09.488Z</time>
      </trkpt>
      <trkpt lat="50.168358" lon="10.634901">
        <ele>333.548569</ele>
        <time>2025-08-14T13:23:11.464Z</time>
      </trkpt>
      <trkpt lat="50.168297" lon="10.634930">
        <ele>333.539528</ele>
        <time>2025-08-14T13:23:12.950Z</time>
      </trkpt>
      <trkpt lat="50.167965" lon="10.635747">
        <ele>333.451654</ele>
        <time>2025-08-14T13:23:26.358Z</time>
      </trkpt>
      <trkpt lat="50.167265" lon="10.637503">
        <ele>334.729728</ele>
        <time>2025-08-14T13:23:57.947Z</time>
      </trkpt>
      <trkpt lat="50.167119" lon="10.637967">
        <ele>335.282325</ele>
        <time>2025-08-14T13:24:08.829Z</time>
      </trkpt>
      <trkpt lat="50.167039" lon="10.638304">
        <ele>335.666499</ele>
        <time>2025-08-14T13:24:17.381Z</time>
      </trkpt>
      <trkpt lat="50.166813" lon="10.639804">
        <ele>336.966446</ele>
        <time>2025-08-14T13:24:55.477Z</time>
      </trkpt>
      <trkpt lat="50.166785" lon="10.639985">
        <ele>337.091454</ele>
        <time>2025-08-14T13:24:59.522Z</time>
      </trkpt>
      <trkpt lat="50.166738" lon="10.640335">
        <ele>337.331536</ele>
        <time>2025-08-14T13:25:06.559Z</time>
      </trkpt>
      <trkpt lat="50.166712" lon="10.641027">
        <ele>337.796911</ele>
        <time>2025-08-14T13:25:17.635Z</time>
      </trkpt>
      <trkpt lat="50.166843" lon="10.642140">
        <ele>337.544360</ele>
        <time>2025-08-14T13:25:31.469Z</time>
      </trkpt>
      <trkpt lat="50.166952" lon="10.642805">
        <ele>336.404171</ele>
        <time>2025-08-14T13:25:39.206Z</time>
      </trkpt>
      <trkpt lat="50.167232" lon="10.643954">
        <ele>334.362183</ele>
        <time>2025-08-14T13:25:52.819Z</time>
      </trkpt>
      <trkpt lat="50.167489" lon="10.644996">
        <ele>332.358290</ele>
        <time>2025-08-14T13:26:05.021Z</time>
      </trkpt>
      <trkpt lat="50.167512" lon="10.645193">
        <ele>331.980291</ele>
        <time>2025-08-14T13:26:07.208Z</time>
      </trkpt>
      <trkpt lat="50.167517" lon="10.645561">
        <ele>331.285470</ele>
        <time>2025-08-14T13:26:11.213Z</time>
      </trkpt>
      <trkpt lat="50.167488" lon="10.645811">
        <ele>330.805875</ele>
        <time>2025-08-14T13:26:13.970Z</time>
      </trkpt>
      <trkpt lat="50.167136" lon="10.647640">
        <ele>327.936140</ele>
        <time>2025-08-14T13:26:35.381Z</time>
      </trkpt>
      <trkpt lat="50.165622" lon="10.647797">
        <ele>326.621529</ele>
        <time>2025-08-14T13:27:28.793Z</time>
      </trkpt>
      <trkpt lat="50.164802" lon="10.647914">
        <ele>327.315291</ele>
        <time>2025-08-14T13:28:05.303Z</time>
      </trkpt>
      <trkpt lat="50.164445" lon="10.648005">
        <ele>327.620062</ele>
        <time>2025-08-14T13:28:22.104Z</time>
      </trkpt>
      <trkpt lat="50.163864" lon="10.648295">
        <ele>327.909809</ele>
        <time>2025-08-14T13:28:47.981Z</time>
      </trkpt>
      <trkpt lat="50.163805" lon="10.648277">
        <ele>327.807898</ele>
        <time>2025-08-14T13:28:50.094Z</time>
      </trkpt>
      <trkpt lat="50.163496" lon="10.647576">
        <ele>326.883826</ele>
        <time>2025-08-14T13:29:08.511Z</time>
      </trkpt>
      <trkpt lat="50.163467" lon="10.647524">
        <ele>326.808955</ele>
        <time>2025-08-14T13:29:09.943Z</time>
      </trkpt>
      <trkpt lat="50.163403" lon="10.647497">
        <ele>326.696568</ele>
        <time>2025-08-14T13:29:12.077Z</time>
      </trkpt>
      <trkpt lat="50.163201" lon="10.647743">
        <ele>326.262251</ele>
        <time>2025-08-14T13:29:20.314Z</time>
      </trkpt>
      <trkpt lat="50.162736" lon="10.648568">
        <ele>325.068903</ele>
        <time>2025-08-14T13:29:42.519Z</time>
      </trkpt>
      <trkpt lat="50.162377" lon="10.648965">
        <ele>324.164979</ele>
        <time>2025-08-14T13:29:56.078Z</time>
      </trkpt>
      <trkpt lat="50.161918" lon="10.649708">
        <ele>322.786206</ele>
        <time>2025-08-14T13:30:17.207Z</time>
      </trkpt>
      <trkpt lat="50.161701" lon="10.650078">
        <ele>322.116126</ele>
        <time>2025-08-14T13:30:27.879Z</time>
      </trkpt>
      <trkpt lat="50.161508" lon="10.650349">
        <ele>321.574837</ele>
        <time>2025-08-14T13:30:36.603Z</time>
      </trkpt>
      <trkpt lat="50.161085" lon="10.650741">
        <ele>320.919514</ele>
        <time>2025-08-14T13:30:53.493Z</time>
      </trkpt>
      <trkpt lat="50.160741" lon="10.651110">
        <ele>320.502654</ele>
        <time>2025-08-14T13:31:08.075Z</time>
      </trkpt>
      <trkpt lat="50.160360" lon="10.651585">
        <ele>320.015670</ele>
        <time>2025-08-14T13:31:25.008Z</time>
      </trkpt>
      <trkpt lat="50.159999" lon="10.652136">
        <ele>319.511414</ele>
        <time>2025-08-14T13:31:42.528Z</time>
      </trkpt>
      <trkpt lat="50.159590" lon="10.652844">
        <ele>318.489381</ele>
        <time>2025-08-14T13:32:03.368Z</time>
      </trkpt>
      <trkpt lat="50.159248" lon="10.653337">
        <ele>317.683694</ele>
        <time>2025-08-14T13:32:18.835Z</time>
      </trkpt>
      <trkpt lat="50.159023" lon="10.653788">
        <ele>317.049904</ele>
        <time>2025-08-14T13:32:30.842Z</time>
      </trkpt>
      <trkpt lat="50.158823" lon="10.654373">
        <ele>316.286913</ele>
        <time>2025-08-14T13:32:44.479Z</time>
      </trkpt>
      <trkpt lat="50.158550" lon="10.655348">
        <ele>314.199815</ele>
        <time>2025-08-14T13:33:05.710Z</time>
      </trkpt>
      <trkpt lat="50.158307" lon="10.656331">
        <ele>312.133133</ele>
        <time>2025-08-14T13:33:26.398Z</time>
      </trkpt>
      <trkpt lat="50.158070" lon="10.657209">
        <ele>310.303076</ele>
        <time>2025-08-14T13:33:44.952Z</time>
      </trkpt>
      <trkpt lat="50.157801" lon="10.657841">
        <ele>308.914239</ele>
        <time>2025-08-14T13:33:59.824Z</time>
      </trkpt>
      <trkpt lat="50.157166" lon="10.659391">
        <ele>305.610961</ele>
        <time>2025-08-14T13:34:36.952Z</time>
      </trkpt>
      <trkpt lat="50.156163" lon="10.661530">
        <ele>302.725697</ele>
        <time>2025-08-14T13:35:32.660Z</time>
      </trkpt>
      <trkpt lat="50.156053" lon="10.661697">
        <ele>302.564821</ele>
        <time>2025-08-14T13:35:38.112Z</time>
      </trkpt>
      <trkpt lat="50.155663" lon="10.662085">
        <ele>302.204140</ele>
        <time>2025-08-14T13:35:55.674Z</time>
      </trkpt>
      <trkpt lat="50.155750" lon="10.662108">
        <ele>302.135325</ele>
        <time>2025-08-14T13:35:59.130Z</time>
      </trkpt>
      <trkpt lat="50.156568" lon="10.662328">
        <ele>301.487992</ele>
        <time>2025-08-14T13:36:29.192Z</time>
      </trkpt>
      <trkpt lat="50.156781" lon="10.662443">
        <ele>301.312223</ele>
        <time>2025-08-14T13:36:37.130Z</time>
      </trkpt>
      <trkpt lat="50.157200" lon="10.662797">
        <ele>299.603631</ele>
        <time>2025-08-14T13:36:52.480Z</time>
      </trkpt>
      <trkpt lat="50.157491" lon="10.662838">
        <ele>298.380708</ele>
        <time>2025-08-14T13:37:01.045Z</time>
      </trkpt>
      <trkpt lat="50.158020" lon="10.662832">
        <ele>296.166538</ele>
        <time>2025-08-14T13:37:15.803Z</time>
      </trkpt>
      <trkpt lat="50.158123" lon="10.662854">
        <ele>295.731418</ele>
        <time>2025-08-14T13:37:18.698Z</time>
      </trkpt>
      <trkpt lat="50.158207" lon="10.662942">
        <ele>295.307990</ele>
        <time>2025-08-14T13:37:21.531Z</time>
      </trkpt>
      <trkpt lat="50.158240" lon="10.663084">
        <ele>294.902940</ele>
        <time>2025-08-14T13:37:24.256Z</time>
      </trkpt>
      <trkpt lat="50.158266" lon="10.663393">
        <ele>294.067241</ele>
        <time>2025-08-14T13:37:29.951Z</time>
      </trkpt>
      <trkpt lat="50.158324" lon="10.663573">
        <ele>293.725329</ele>
        <time>2025-08-14T13:37:33.727Z</time>
      </trkpt>
      <trkpt lat="50.158496" lon="10.663892">
        <ele>293.764155</ele>
        <time>2025-08-14T13:37:41.934Z</time>
      </trkpt>
      <trkpt lat="50.158769" lon="10.664058">
        <ele>293.806741</ele>
        <time>2025-08-14T13:37:51.475Z</time>
      </trkpt>
      <trkpt lat="50.159163" lon="10.664190">
        <ele>293.865313</ele>
        <time>2025-08-14T13:38:06.142Z</time>
      </trkpt>
      <trkpt lat="50.159229" lon="10.664277">
        <ele>293.877870</ele>
        <time>2025-08-14T13:38:09.711Z</time>
      </trkpt>
      <trkpt lat="50.159264" lon="10.664375">
        <ele>293.888318</ele>
        <time>2025-08-14T13:38:12.930Z</time>
      </trkpt>
      <trkpt lat="50.159276" lon="10.664465">
        <ele>293.896878</ele>
        <time>2025-08-14T13:38:15.576Z</time>
      </trkpt>
      <trkpt lat="50.159251" lon="10.664621">
        <ele>293.911852</ele>
        <time>2025-08-14T13:38:20.584Z</time>
      </trkpt>
      <trkpt lat="50.158845" lon="10.665944">
        <ele>296.157400</ele>
        <time>2025-08-14T13:39:14.642Z</time>
      </trkpt>
      <trkpt lat="50.158735" lon="10.666270">
        <ele>297.250383</ele>
        <time>2025-08-14T13:39:29.647Z</time>
      </trkpt>
      <trkpt lat="50.158529" lon="10.666882">
        <ele>299.301163</ele>
        <time>2025-08-14T13:39:58.329Z</time>
      </trkpt>
      <trkpt lat="50.158423" lon="10.667395">
        <ele>300.900142</ele>
        <time>2025-08-14T13:40:20.442Z</time>
      </trkpt>
      <trkpt lat="50.158382" lon="10.667991">
        <ele>302.390551</ele>
        <time>2025-08-14T13:40:43.535Z</time>
      </trkpt>
      <trkpt lat="50.158339" lon="10.668225">
        <ele>302.551097</ele>
        <time>2025-08-14T13:40:52.292Z</time>
      </trkpt>
      <trkpt lat="50.158196" lon="10.668629">
        <ele>302.855495</ele>
        <time>2025-08-14T13:41:07.943Z</time>
      </trkpt>
      <trkpt lat="50.157860" lon="10.669232">
        <ele>303.382545</ele>
        <time>2025-08-14T13:41:30.894Z</time>
      </trkpt>
      <trkpt lat="50.157403" lon="10.670145">
        <ele>304.146661</ele>
        <time>2025-08-14T13:41:56.721Z</time>
      </trkpt>
      <trkpt lat="50.156957" lon="10.670820">
        <ele>301.910947</ele>
        <time>2025-08-14T13:42:15.901Z</time>
      </trkpt>
      <trkpt lat="50.156797" lon="10.670922">
        <ele>301.272180</ele>
        <time>2025-08-14T13:42:21.067Z</time>
      </trkpt>
      <trkpt lat="50.156314" lon="10.670901">
        <ele>299.486368</ele>
        <time>2025-08-14T13:42:35.265Z</time>
      </trkpt>
      <trkpt lat="50.155858" lon="10.671033">
        <ele>297.772297</ele>
        <time>2025-08-14T13:42:48.470Z</time>
      </trkpt>
      <trkpt lat="50.154994" lon="10.671691">
        <ele>295.291477</ele>
        <time>2025-08-14T13:43:17.425Z</time>
      </trkpt>
      <trkpt lat="50.154792" lon="10.671969">
        <ele>294.620236</ele>
        <time>2025-08-14T13:43:26.437Z</time>
      </trkpt>
      <trkpt lat="50.154358" lon="10.672932">
        <ele>292.929042</ele>
        <time>2025-08-14T13:43:52.426Z</time>
      </trkpt>
      <trkpt lat="50.153586" lon="10.671971">
        <ele>292.076220</ele>
        <time>2025-08-14T13:44:29.432Z</time>
      </trkpt>
      <trkpt lat="50.153265" lon="10.671665">
        <ele>291.751372</ele>
        <time>2025-08-14T13:44:42.433Z</time>
      </trkpt>
      <trkpt lat="50.152787" lon="10.671295">
        <ele>290.659967</ele>
        <time>2025-08-14T13:44:59.536Z</time>
      </trkpt>
      <trkpt lat="50.152625" lon="10.671114">
        <ele>289.902358</ele>
        <time>2025-08-14T13:45:05.760Z</time>
      </trkpt>
      <trkpt lat="50.152458" lon="10.670895">
        <ele>289.072903</ele>
        <time>2025-08-14T13:45:09.632Z</time>
      </trkpt>
      <trkpt lat="50.152367" lon="10.670713">
        <ele>288.510421</ele>
        <time>2025-08-14T13:45:12.242Z</time>
      </trkpt>
      <trkpt lat="50.152209" lon="10.670056">
        <ele>286.800591</ele>
        <time>2025-08-14T13:45:19.911Z</time>
      </trkpt>
      <trkpt lat="50.152203" lon="10.669817">
        <ele>286.217815</ele>
        <time>2025-08-14T13:45:22.443Z</time>
      </trkpt>
      <trkpt lat="50.152255" lon="10.669228">
        <ele>284.769144</ele>
        <time>2025-08-14T13:45:28.617Z</time>
      </trkpt>
      <trkpt lat="50.152253" lon="10.668818">
        <ele>284.065854</ele>
        <time>2025-08-14T13:45:33.023Z</time>
      </trkpt>
      <trkpt lat="50.152127" lon="10.667657">
        <ele>282.176252</ele>
        <time>2025-08-14T13:45:46.565Z</time>
      </trkpt>
      <trkpt lat="50.152148" lon="10.667375">
        <ele>281.720678</ele>
        <time>2025-08-14T13:45:50.097Z</time>
      </trkpt>
      <trkpt lat="50.152253" lon="10.666847">
        <ele>280.833523</ele>
        <time>2025-08-14T13:45:57.397Z</time>
      </trkpt>
      <trkpt lat="50.152111" lon="10.666912">
        <ele>280.462914</ele>
        <time>2025-08-14T13:46:00.428Z</time>
      </trkpt>
      <trkpt lat="50.151967" lon="10.667051">
        <ele>280.128693</ele>
        <time>2025-08-14T13:46:04.029Z</time>
      </trkpt>
      <trkpt lat="50.151496" lon="10.668006">
        <ele>280.064566</ele>
        <time>2025-08-14T13:46:21.827Z</time>
      </trkpt>
      <trkpt lat="50.151269" lon="10.668154">
        <ele>280.044136</ele>
        <time>2025-08-14T13:46:27.644Z</time>
      </trkpt>
      <trkpt lat="50.150830" lon="10.668217">
        <ele>280.007525</ele>
        <time>2025-08-14T13:46:38.042Z</time>
      </trkpt>
      <trkpt lat="50.150623" lon="10.668328">
        <ele>279.989349</ele>
        <time>2025-08-14T13:46:42.791Z</time>
      </trkpt>
      <trkpt lat="50.150391" lon="10.668516">
        <ele>279.838732</ele>
        <time>2025-08-14T13:46:48.280Z</time>
      </trkpt>
      <trkpt lat="50.150118" lon="10.668873">
        <ele>279.550931</ele>
        <time>2025-08-14T13:46:55.514Z</time>
      </trkpt>
      <trkpt lat="50.149979" lon="10.669267">
        <ele>279.318053</ele>
        <time>2025-08-14T13:47:01.227Z</time>
      </trkpt>
      <trkpt lat="50.149853" lon="10.669795">
        <ele>279.026325</ele>
        <time>2025-08-14T13:47:08.350Z</time>
      </trkpt>
      <trkpt lat="50.149871" lon="10.670650">
        <ele>278.583388</ele>
        <time>2025-08-14T13:47:19.260Z</time>
      </trkpt>
      <trkpt lat="50.149900" lon="10.671528">
        <ele>278.188163</ele>
        <time>2025-08-14T13:47:30.652Z</time>
      </trkpt>
      <trkpt lat="50.149948" lon="10.673194">
        <ele>277.453894</ele>
        <time>2025-08-14T13:47:52.630Z</time>
      </trkpt>
      <trkpt lat="50.149972" lon="10.673785">
        <ele>277.254885</ele>
        <time>2025-08-14T13:48:00.499Z</time>
      </trkpt>
      <trkpt lat="50.149993" lon="10.673960">
        <ele>277.224885</ele>
        <time>2025-08-14T13:48:02.883Z</time>
      </trkpt>
      <trkpt lat="50.150057" lon="10.674154">
        <ele>277.188118</ele>
        <time>2025-08-14T13:48:05.847Z</time>
      </trkpt>
      <trkpt lat="50.150881" lon="10.675393">
        <ele>276.887228</ele>
        <time>2025-08-14T13:48:30.702Z</time>
      </trkpt>
      <trkpt lat="50.150997" lon="10.675701">
        <ele>276.827030</ele>
        <time>2025-08-14T13:48:35.757Z</time>
      </trkpt>
      <trkpt lat="50.151098" lon="10.676237">
        <ele>276.823015</ele>
        <time>2025-08-14T13:48:43.700Z</time>
      </trkpt>
      <trkpt lat="50.151095" lon="10.676565">
        <ele>276.824811</ele>
        <time>2025-08-14T13:48:48.392Z</time>
      </trkpt>
      <trkpt lat="50.151014" lon="10.677229">
        <ele>276.828512</ele>
        <time>2025-08-14T13:48:58.160Z</time>
      </trkpt>
      <trkpt lat="50.151168" lon="10.678422">
        <ele>276.835174</ele>
        <time>2025-08-14T13:49:15.632Z</time>
      </trkpt>
      <trkpt lat="50.151171" lon="10.679214">
        <ele>276.814587</ele>
        <time>2025-08-14T13:49:26.770Z</time>
      </trkpt>
      <trkpt lat="50.151121" lon="10.679763">
        <ele>276.798532</ele>
        <time>2025-08-14T13:49:34.508Z</time>
      </trkpt>
      <trkpt lat="50.150936" lon="10.680865">
        <ele>276.765551</ele>
        <time>2025-08-14T13:49:50.421Z</time>
      </trkpt>
      <trkpt lat="50.150706" lon="10.682265">
        <ele>276.781104</ele>
        <time>2025-08-14T13:50:11.530Z</time>
      </trkpt>
      <trkpt lat="50.150639" lon="10.682528">
        <ele>276.788295</ele>
        <time>2025-08-14T13:50:15.866Z</time>
      </trkpt>
      <trkpt lat="50.150293" lon="10.683563">
        <ele>276.817953</ele>
        <time>2025-08-14T13:50:33.102Z</time>
      </trkpt>
      <trkpt lat="50.150238" lon="10.683831">
        <ele>276.825102</ele>
        <time>2025-08-14T13:50:37.082Z</time>
      </trkpt>
      <trkpt lat="50.149943" lon="10.685712">
        <ele>276.873551</ele>
        <time>2025-08-14T13:51:03.690Z</time>
      </trkpt>
      <trkpt lat="50.149876" lon="10.686500">
        <ele>276.893435</ele>
        <time>2025-08-14T13:51:15.576Z</time>
      </trkpt>
      <trkpt lat="50.149903" lon="10.688128">
        <ele>277.966748</ele>
        <time>2025-08-14T13:51:43.492Z</time>
      </trkpt>
      <trkpt lat="50.149817" lon="10.688957">
        <ele>278.553130</ele>
        <time>2025-08-14T13:51:59.080Z</time>
      </trkpt>
      <trkpt lat="50.149793" lon="10.689633">
        <ele>279.258324</ele>
        <time>2025-08-14T13:52:11.524Z</time>
      </trkpt>
      <trkpt lat="50.149839" lon="10.690608">
        <ele>280.873703</ele>
        <time>2025-08-14T13:52:32.514Z</time>
      </trkpt>
      <trkpt lat="50.149878" lon="10.691260">
        <ele>281.955703</ele>
        <time>2025-08-14T13:52:48.804Z</time>
      </trkpt>
      <trkpt lat="50.149993" lon="10.691611">
        <ele>282.607083</ele>
        <time>2025-08-14T13:52:58.520Z</time>
      </trkpt>
      <trkpt lat="50.150222" lon="10.691914">
        <ele>283.381257</ele>
        <time>2025-08-14T13:53:09.753Z</time>
      </trkpt>
      <trkpt lat="50.150442" lon="10.692049">
        <ele>284.164945</ele>
        <time>2025-08-14T13:53:18.365Z</time>
      </trkpt>
      <trkpt lat="50.150656" lon="10.692236">
        <ele>285.018907</ele>
        <time>2025-08-14T13:53:27.216Z</time>
      </trkpt>
      <trkpt lat="50.150607" lon="10.692868">
        <ele>286.439217</ele>
        <time>2025-08-14T13:53:42.470Z</time>
      </trkpt>
      <trkpt lat="50.150584" lon="10.693082">
        <ele>286.923332</ele>
        <time>2025-08-14T13:53:47.727Z</time>
      </trkpt>
      <trkpt lat="50.150388" lon="10.693535">
        <ele>288.142830</ele>
        <time>2025-08-14T13:54:01.205Z</time>
      </trkpt>
      <trkpt lat="50.150474" lon="10.693801">
        <ele>288.807556</ele>
        <time>2025-08-14T13:54:08.963Z</time>
      </trkpt>
      <trkpt lat="50.150587" lon="10.694030">
        <ele>289.452406</ele>
        <time>2025-08-14T13:54:16.919Z</time>
      </trkpt>
      <trkpt lat="50.150650" lon="10.694081">
        <ele>289.699516</ele>
        <time>2025-08-14T13:54:20.126Z</time>
      </trkpt>
      <trkpt lat="50.150743" lon="10.694100">
        <ele>290.020556</ele>
        <time>2025-08-14T13:54:24.557Z</time>
      </trkpt>
      <trkpt lat="50.150818" lon="10.694082">
        <ele>290.279345</ele>
        <time>2025-08-14T13:54:28.231Z</time>
      </trkpt>
      <trkpt lat="50.150932" lon="10.693973">
        <ele>290.735299</ele>
        <time>2025-08-14T13:54:35.027Z</time>
      </trkpt>
      <trkpt lat="50.151128" lon="10.693441">
        <ele>292.076338</ele>
        <time>2025-08-14T13:54:55.270Z</time>
      </trkpt>
      <trkpt lat="50.151290" lon="10.693223">
        <ele>292.805852</ele>
        <time>2025-08-14T13:55:05.887Z</time>
      </trkpt>
      <trkpt lat="50.151512" lon="10.693073">
        <ele>293.630878</ele>
        <time>2025-08-14T13:55:17.237Z</time>
      </trkpt>
      <trkpt lat="50.151792" lon="10.692972">
        <ele>294.610972</ele>
        <time>2025-08-14T13:55:29.207Z</time>
      </trkpt>
      <trkpt lat="50.154505" lon="10.692995">
        <ele>296.236361</ele>
        <time>2025-08-14T13:56:27.567Z</time>
      </trkpt>
      <trkpt lat="50.154891" lon="10.693090">
        <ele>297.039707</ele>
        <time>2025-08-14T13:56:39.200Z</time>
      </trkpt>
      <trkpt lat="50.155187" lon="10.693247">
        <ele>297.682404</ele>
        <time>2025-08-14T13:56:49.999Z</time>
      </trkpt>
      <trkpt lat="50.155343" lon="10.693323">
        <ele>298.018370</ele>
        <time>2025-08-14T13:56:56.372Z</time>
      </trkpt>
      <trkpt lat="50.155522" lon="10.693510">
        <ele>298.461184</ele>
        <time>2025-08-14T13:57:05.524Z</time>
      </trkpt>
      <trkpt lat="50.155723" lon="10.693768">
        <ele>299.369984</ele>
        <time>2025-08-14T13:57:18.270Z</time>
      </trkpt>
      <trkpt lat="50.155982" lon="10.694195">
        <ele>301.840124</ele>
        <time>2025-08-14T13:57:40.265Z</time>
      </trkpt>
      <trkpt lat="50.156234" lon="10.694717">
        <ele>304.585810</ele>
        <time>2025-08-14T13:58:05.633Z</time>
      </trkpt>
      <trkpt lat="50.156440" lon="10.694932">
        <ele>306.210655</ele>
        <time>2025-08-14T13:58:20.408Z</time>
      </trkpt>
      <trkpt lat="50.156585" lon="10.694999">
        <ele>307.202173</ele>
        <time>2025-08-14T13:58:29.395Z</time>
      </trkpt>
      <trkpt lat="50.157227" lon="10.695091">
        <ele>311.076495</ele>
        <time>2025-08-14T13:59:15.844Z</time>
      </trkpt>
      <trkpt lat="50.157527" lon="10.695260">
        <ele>312.257471</ele>
        <time>2025-08-14T13:59:36.818Z</time>
      </trkpt>
      <trkpt lat="50.157813" lon="10.695569">
        <ele>313.545428</ele>
        <time>2025-08-14T13:59:57.267Z</time>
      </trkpt>
      <trkpt lat="50.158178" lon="10.696700">
        <ele>316.549657</ele>
        <time>2025-08-14T14:00:37.137Z</time>
      </trkpt>
      <trkpt lat="50.158297" lon="10.696977">
        <ele>317.320459</ele>
        <time>2025-08-14T14:00:46.549Z</time>
      </trkpt>
      <trkpt lat="50.158543" lon="10.697472">
        <ele>318.318825</ele>
        <time>2025-08-14T14:01:03.962Z</time>
      </trkpt>
      <trkpt lat="50.159218" lon="10.698606">
        <ele>320.785619</ele>
        <time>2025-08-14T14:01:53.412Z</time>
      </trkpt>
      <trkpt lat="50.159345" lon="10.698927">
        <ele>321.386853</ele>
        <time>2025-08-14T14:02:06.422Z</time>
      </trkpt>
      <trkpt lat="50.159425" lon="10.699349">
        <ele>322.035411</ele>
        <time>2025-08-14T14:02:21.567Z</time>
      </trkpt>
      <trkpt lat="50.159466" lon="10.699424">
        <ele>322.167806</ele>
        <time>2025-08-14T14:02:25.069Z</time>
      </trkpt>
      <trkpt lat="50.159127" lon="10.700360">
        <ele>323.611653</ele>
        <time>2025-08-14T14:03:01.011Z</time>
      </trkpt>
      <trkpt lat="50.158546" lon="10.701766">
        <ele>325.517083</ele>
        <time>2025-08-14T14:03:48.043Z</time>
      </trkpt>
      <trkpt lat="50.158099" lon="10.703376">
        <ele>325.476444</ele>
        <time>2025-08-14T14:04:28.998Z</time>
      </trkpt>
      <trkpt lat="50.157786" lon="10.703915">
        <ele>325.459595</ele>
        <time>2025-08-14T14:04:45.702Z</time>
      </trkpt>
      <trkpt lat="50.157071" lon="10.704600">
        <ele>324.684609</ele>
        <time>2025-08-14T14:05:15.680Z</time>
      </trkpt>
      <trkpt lat="50.156418" lon="10.706954">
        <ele>321.748499</ele>
        <time>2025-08-14T14:06:11.063Z</time>
      </trkpt>
      <trkpt lat="50.156026" lon="10.707366">
        <ele>320.298082</ele>
        <time>2025-08-14T14:06:25.201Z</time>
      </trkpt>
      <trkpt lat="50.155310" lon="10.707636">
        <ele>318.107361</ele>
        <time>2025-08-14T14:06:46.829Z</time>
      </trkpt>
      <trkpt lat="50.155140" lon="10.707873">
        <ele>317.754546</ele>
        <time>2025-08-14T14:06:53.659Z</time>
      </trkpt>
      <trkpt lat="50.155135" lon="10.708569">
        <ele>317.064274</ele>
        <time>2025-08-14T14:07:07.598Z</time>
      </trkpt>
      <trkpt lat="50.155178" lon="10.709334">
        <ele>316.302705</ele>
        <time>2025-08-14T14:07:24.602Z</time>
      </trkpt>
      <trkpt lat="50.155265" lon="10.710291">
        <ele>315.342736</ele>
        <time>2025-08-14T14:07:49.848Z</time>
      </trkpt>
      <trkpt lat="50.155457" lon="10.711891">
        <ele>313.683561</ele>
        <time>2025-08-14T14:08:27.705Z</time>
      </trkpt>
      <trkpt lat="50.155352" lon="10.712719">
        <ele>312.823241</ele>
        <time>2025-08-14T14:08:44.253Z</time>
      </trkpt>
      <trkpt lat="50.155346" lon="10.712747">
        <ele>312.793148</ele>
        <time>2025-08-14T14:08:44.815Z</time>
      </trkpt>
      <trkpt lat="50.155483" lon="10.713085">
        <ele>312.246537</ele>
        <time>2025-08-14T14:08:52.457Z</time>
      </trkpt>
      <trkpt lat="50.155825" lon="10.714137">
        <ele>309.913208</ele>
        <time>2025-08-14T14:09:14.538Z</time>
      </trkpt>
      <trkpt lat="50.155922" lon="10.714382">
        <ele>309.343556</ele>
        <time>2025-08-14T14:09:19.942Z</time>
      </trkpt>
      <trkpt lat="50.155962" lon="10.714462">
        <ele>309.142841</ele>
        <time>2025-08-14T14:09:21.901Z</time>
      </trkpt>
      <trkpt lat="50.155502" lon="10.715389">
        <ele>307.099988</ele>
        <time>2025-08-14T14:09:46.205Z</time>
      </trkpt>
      <trkpt lat="50.155288" lon="10.715953">
        <ele>308.086989</ele>
        <time>2025-08-14T14:10:02.434Z</time>
      </trkpt>
      <trkpt lat="50.155137" lon="10.716421">
        <ele>308.876000</ele>
        <time>2025-08-14T14:10:13.344Z</time>
      </trkpt>
      <trkpt lat="50.155001" lon="10.716734">
        <ele>309.445464</ele>
        <time>2025-08-14T14:10:22.817Z</time>
      </trkpt>
      <trkpt lat="50.154675" lon="10.717362">
        <ele>310.662513</ele>
        <time>2025-08-14T14:10:46.759Z</time>
      </trkpt>
      <trkpt lat="50.154456" lon="10.717772">
        <ele>311.632279</ele>
        <time>2025-08-14T14:11:04.121Z</time>
      </trkpt>
      <trkpt lat="50.154226" lon="10.718407">
        <ele>313.435634</ele>
        <time>2025-08-14T14:11:27.700Z</time>
      </trkpt>
      <trkpt lat="50.154208" lon="10.718576">
        <ele>313.859177</ele>
        <time>2025-08-14T14:11:34.452Z</time>
      </trkpt>
      <trkpt lat="50.154225" lon="10.719781">
        <ele>316.838958</ele>
        <time>2025-08-14T14:12:17.961Z</time>
      </trkpt>
      <trkpt lat="50.154211" lon="10.719924">
        <ele>317.196592</ele>
        <time>2025-08-14T14:12:22.637Z</time>
      </trkpt>
      <trkpt lat="50.153949" lon="10.720649">
        <ele>318.706046</ele>
        <time>2025-08-14T14:12:48.448Z</time>
      </trkpt>
      <trkpt lat="50.153632" lon="10.721597">
        <ele>320.039731</ele>
        <time>2025-08-14T14:13:19.070Z</time>
      </trkpt>
      <trkpt lat="50.153456" lon="10.722211">
        <ele>320.878661</ele>
        <time>2025-08-14T14:13:38.946Z</time>
      </trkpt>
      <trkpt lat="50.153311" lon="10.722761">
        <ele>321.620429</ele>
        <time>2025-08-14T14:13:57.445Z</time>
      </trkpt>
      <trkpt lat="50.153361" lon="10.722881">
        <ele>321.653695</ele>
        <time>2025-08-14T14:14:01.773Z</time>
      </trkpt>
      <trkpt lat="50.153634" lon="10.723287">
        <ele>321.677126</ele>
        <time>2025-08-14T14:14:19.012Z</time>
      </trkpt>
      <trkpt lat="50.153910" lon="10.723918">
        <ele>321.707543</ele>
        <time>2025-08-14T14:14:39.396Z</time>
      </trkpt>
      <trkpt lat="50.154000" lon="10.724290">
        <ele>321.723374</ele>
        <time>2025-08-14T14:14:49.204Z</time>
      </trkpt>
      <trkpt lat="50.154382" lon="10.727538">
        <ele>317.902553</ele>
        <time>2025-08-14T14:15:57.691Z</time>
      </trkpt>
      <trkpt lat="50.154601" lon="10.728108">
        <ele>316.731413</ele>
        <time>2025-08-14T14:16:04.578Z</time>
      </trkpt>
      <trkpt lat="50.155165" lon="10.729403">
        <ele>313.565471</ele>
        <time>2025-08-14T14:16:21.178Z</time>
      </trkpt>
      <trkpt lat="50.155257" lon="10.729570">
        <ele>313.120172</ele>
        <time>2025-08-14T14:16:23.675Z</time>
      </trkpt>
      <trkpt lat="50.155338" lon="10.729608">
        <ele>312.853268</ele>
        <time>2025-08-14T14:16:25.197Z</time>
      </trkpt>
      <trkpt lat="50.155441" lon="10.729587">
        <ele>312.525476</ele>
        <time>2025-08-14T14:16:27.078Z</time>
      </trkpt>
      <trkpt lat="50.155803" lon="10.729370">
        <ele>311.265506</ele>
        <time>2025-08-14T14:16:34.252Z</time>
      </trkpt>
      <trkpt lat="50.155922" lon="10.729317">
        <ele>310.805775</ele>
        <time>2025-08-14T14:16:36.562Z</time>
      </trkpt>
      <trkpt lat="50.156216" lon="10.729188">
        <ele>309.671227</ele>
        <time>2025-08-14T14:16:42.271Z</time>
      </trkpt>
      <trkpt lat="50.156382" lon="10.729048">
        <ele>308.970266</ele>
        <time>2025-08-14T14:16:45.738Z</time>
      </trkpt>
      <trkpt lat="50.156697" lon="10.728702">
        <ele>307.539308</ele>
        <time>2025-08-14T14:16:52.486Z</time>
      </trkpt>
      <trkpt lat="50.157545" lon="10.727484">
        <ele>302.261523</ele>
        <time>2025-08-14T14:17:10.382Z</time>
      </trkpt>
      <trkpt lat="50.157674" lon="10.727383">
        <ele>301.384259</ele>
        <time>2025-08-14T14:17:12.508Z</time>
      </trkpt>
      <trkpt lat="50.157756" lon="10.727361">
        <ele>300.878503</ele>
        <time>2025-08-14T14:17:13.747Z</time>
      </trkpt>
      <trkpt lat="50.157910" lon="10.727439">
        <ele>299.894345</ele>
        <time>2025-08-14T14:17:16.140Z</time>
      </trkpt>
      <trkpt lat="50.158570" lon="10.728038">
        <ele>295.253564</ele>
        <time>2025-08-14T14:17:27.609Z</time>
      </trkpt>
      <trkpt lat="50.159167" lon="10.728568">
        <ele>293.196066</ele>
        <time>2025-08-14T14:17:38.883Z</time>
      </trkpt>
      <trkpt lat="50.159242" lon="10.728451">
        <ele>293.036758</ele>
        <time>2025-08-14T14:17:41.567Z</time>
      </trkpt>
      <trkpt lat="50.159462" lon="10.727959">
        <ele>292.459257</ele>
        <time>2025-08-14T14:17:51.927Z</time>
      </trkpt>
      <trkpt lat="50.159975" lon="10.726930">
        <ele>291.204280</ele>
        <time>2025-08-14T14:18:16.883Z</time>
      </trkpt>
      <trkpt lat="50.160004" lon="10.726879">
        <ele>291.237435</ele>
        <time>2025-08-14T14:18:18.364Z</time>
      </trkpt>
      <trkpt lat="50.160273" lon="10.727733">
        <ele>292.121372</ele>
        <time>2025-08-14T14:18:34.996Z</time>
      </trkpt>
      <trkpt lat="50.160309" lon="10.727870">
        <ele>292.258913</ele>
        <time>2025-08-14T14:18:37.461Z</time>
      </trkpt>
      <trkpt lat="50.160370" lon="10.728103">
        <ele>292.492709</ele>
        <time>2025-08-14T14:18:41.585Z</time>
      </trkpt>
      <trkpt lat="50.160427" lon="10.728380">
        <ele>292.762948</ele>
        <time>2025-08-14T14:18:46.495Z</time>
      </trkpt>
      <trkpt lat="50.160617" lon="10.728734">
        <ele>293.191905</ele>
        <time>2025-08-14T14:18:54.814Z</time>
      </trkpt>
      <trkpt lat="50.160911" lon="10.728381">
        <ele>293.729685</ele>
        <time>2025-08-14T14:19:07.270Z</time>
      </trkpt>
      <trkpt lat="50.161598" lon="10.729128">
        <ele>298.108551</ele>
        <time>2025-08-14T14:19:43.839Z</time>
      </trkpt>
      <trkpt lat="50.161751" lon="10.729314">
        <ele>299.165654</ele>
        <time>2025-08-14T14:19:53.516Z</time>
      </trkpt>
      <trkpt lat="50.161800" lon="10.729375">
        <ele>299.507297</ele>
        <time>2025-08-14T14:19:56.814Z</time>
      </trkpt>
      <trkpt lat="50.162325" lon="10.729993">
        <ele>303.091617</ele>
        <time>2025-08-14T14:20:34.862Z</time>
      </trkpt>
      <trkpt lat="50.162526" lon="10.730223">
        <ele>304.499787</ele>
        <time>2025-08-14T14:20:50.080Z</time>
      </trkpt>
      <trkpt lat="50.162604" lon="10.730362">
        <ele>305.182813</ele>
        <time>2025-08-14T14:20:57.310Z</time>
      </trkpt>
      <trkpt lat="50.162774" lon="10.731046">
        <ele>307.894682</ele>
        <time>2025-08-14T14:21:25.053Z</time>
      </trkpt>
      <trkpt lat="50.162809" lon="10.731474">
        <ele>309.489525</ele>
        <time>2025-08-14T14:21:40.172Z</time>
      </trkpt>
      <trkpt lat="50.162772" lon="10.733903">
        <ele>316.367658</ele>
        <time>2025-08-14T14:22:45.910Z</time>
      </trkpt>
      <trkpt lat="50.162768" lon="10.734714">
        <ele>317.961883</ele>
        <time>2025-08-14T14:23:01.965Z</time>
      </trkpt>
      <trkpt lat="50.162809" lon="10.735175">
        <ele>318.876759</ele>
        <time>2025-08-14T14:23:11.962Z</time>
      </trkpt>
      <trkpt lat="50.162872" lon="10.735461">
        <ele>319.471255</ele>
        <time>2025-08-14T14:23:19.005Z</time>
      </trkpt>
      <trkpt lat="50.162872" lon="10.735582">
        <ele>319.923982</ele>
        <time>2025-08-14T14:23:21.981Z</time>
      </trkpt>
      <trkpt lat="50.162747" lon="10.735946">
        <ele>321.563882</ele>
        <time>2025-08-14T14:23:32.692Z</time>
      </trkpt>
      <trkpt lat="50.163213" lon="10.736219">
        <ele>324.648999</ele>
        <time>2025-08-14T14:23:56.711Z</time>
      </trkpt>
      <trkpt lat="50.163635" lon="10.736413">
        <ele>327.375749</ele>
        <time>2025-08-14T14:24:21.884Z</time>
      </trkpt>
      <trkpt lat="50.163991" lon="10.736512">
        <ele>329.617085</ele>
        <time>2025-08-14T14:24:45.502Z</time>
      </trkpt>
      <trkpt lat="50.164308" lon="10.736535">
        <ele>332.008424</ele>
        <time>2025-08-14T14:25:07.026Z</time>
      </trkpt>
      <trkpt lat="50.164580" lon="10.736483">
        <ele>334.476125</ele>
        <time>2025-08-14T14:25:25.686Z</time>
      </trkpt>
      <trkpt lat="50.164885" lon="10.736364">
        <ele>337.307182</ele>
        <time>2025-08-14T14:25:46.979Z</time>
      </trkpt>
      <trkpt lat="50.166361" lon="10.735387">
        <ele>350.993941</ele>
        <time>2025-08-14T14:27:35.800Z</time>
      </trkpt>
      <trkpt lat="50.166618" lon="10.735313">
        <ele>352.986964</ele>
        <time>2025-08-14T14:27:53.211Z</time>
      </trkpt>
      <trkpt lat="50.166782" lon="10.735336">
        <ele>354.242717</ele>
        <time>2025-08-14T14:28:03.402Z</time>
      </trkpt>
      <trkpt lat="50.166957" lon="10.735429">
        <ele>355.652530</ele>
        <time>2025-08-14T14:28:14.192Z</time>
      </trkpt>
      <trkpt lat="50.167313" lon="10.735678">
        <ele>358.627531</ele>
        <time>2025-08-14T14:28:35.669Z</time>
      </trkpt>
      <trkpt lat="50.167418" lon="10.735847">
        <ele>359.777655</ele>
        <time>2025-08-14T14:28:43.458Z</time>
      </trkpt>
      <trkpt lat="50.167450" lon="10.736029">
        <ele>360.685442</ele>
        <time>2025-08-14T14:28:49.433Z</time>
      </trkpt>
      <trkpt lat="50.167433" lon="10.736216">
        <ele>361.513722</ele>
        <time>2025-08-14T14:28:55.256Z</time>
      </trkpt>
      <trkpt lat="50.167358" lon="10.736434">
        <ele>362.598899</ele>
        <time>2025-08-14T14:29:02.674Z</time>
      </trkpt>
      <trkpt lat="50.167041" lon="10.736962">
        <ele>365.772468</ele>
        <time>2025-08-14T14:29:24.816Z</time>
      </trkpt>
      <trkpt lat="50.167001" lon="10.737145">
        <ele>366.620434</ele>
        <time>2025-08-14T14:29:30.863Z</time>
      </trkpt>
      <trkpt lat="50.167042" lon="10.737312">
        <ele>367.404746</ele>
        <time>2025-08-14T14:29:36.595Z</time>
      </trkpt>
      <trkpt lat="50.167151" lon="10.737393">
        <ele>368.231221</ele>
        <time>2025-08-14T14:29:43.004Z</time>
      </trkpt>
      <trkpt lat="50.167311" lon="10.737365">
        <ele>369.333488</ele>
        <time>2025-08-14T14:29:52.370Z</time>
      </trkpt>
      <trkpt lat="50.167778" lon="10.737169">
        <ele>372.644224</ele>
        <time>2025-08-14T14:30:24.459Z</time>
      </trkpt>
      <trkpt lat="50.168016" lon="10.736980">
        <ele>375.020087</ele>
        <time>2025-08-14T14:30:43.820Z</time>
      </trkpt>
      <trkpt lat="50.168414" lon="10.736399">
        <ele>380.029866</ele>
        <time>2025-08-14T14:31:24.975Z</time>
      </trkpt>
      <trkpt lat="50.168500" lon="10.736223">
        <ele>381.333525</ele>
        <time>2025-08-14T14:31:35.462Z</time>
      </trkpt>
      <trkpt lat="50.168820" lon="10.735140">
        <ele>388.357369</ele>
        <time>2025-08-14T14:32:27.358Z</time>
      </trkpt>
      <trkpt lat="50.168902" lon="10.734937">
        <ele>389.683827</ele>
        <time>2025-08-14T14:32:36.536Z</time>
      </trkpt>
      <trkpt lat="50.168957" lon="10.734852">
        <ele>390.222921</ele>
        <time>2025-08-14T14:32:40.938Z</time>
      </trkpt>
      <trkpt lat="50.169029" lon="10.734803">
        <ele>390.770047</ele>
        <time>2025-08-14T14:32:45.354Z</time>
      </trkpt>
      <trkpt lat="50.169015" lon="10.734677">
        <ele>391.340636</ele>
        <time>2025-08-14T14:32:49.911Z</time>
      </trkpt>
      <trkpt lat="50.169033" lon="10.734502">
        <ele>392.131462</ele>
        <time>2025-08-14T14:32:56.237Z</time>
      </trkpt>
      <trkpt lat="50.169095" lon="10.734325">
        <ele>393.031587</ele>
        <time>2025-08-14T14:33:03.321Z</time>
      </trkpt>
      <trkpt lat="50.169359" lon="10.733973">
        <ele>395.449974</ele>
        <time>2025-08-14T14:33:22.143Z</time>
      </trkpt>
      <trkpt lat="50.169474" lon="10.733804">
        <ele>396.550117</ele>
        <time>2025-08-14T14:33:30.837Z</time>
      </trkpt>
      <trkpt lat="50.169678" lon="10.733310">
        <ele>399.172625</ele>
        <time>2025-08-14T14:33:52.070Z</time>
      </trkpt>
      <trkpt lat="50.169957" lon="10.732878">
        <ele>401.909842</ele>
        <time>2025-08-14T14:34:14.170Z</time>
      </trkpt>
      <trkpt lat="50.170140" lon="10.732680">
        <ele>404.046060</ele>
        <time>2025-08-14T14:34:26.935Z</time>
      </trkpt>
      <trkpt lat="50.170372" lon="10.732537">
        <ele>406.452781</ele>
        <time>2025-08-14T14:34:42.527Z</time>
      </trkpt>
      <trkpt lat="50.170391" lon="10.732526">
        <ele>406.648312</ele>
        <time>2025-08-14T14:34:43.902Z</time>
      </trkpt>
      <trkpt lat="50.170939" lon="10.732234">
        <ele>412.235461</ele>
        <time>2025-08-14T14:35:26.892Z</time>
      </trkpt>
      <trkpt lat="50.171088" lon="10.732218">
        <ele>413.676566</ele>
        <time>2025-08-14T14:35:38.382Z</time>
      </trkpt>
      <trkpt lat="50.171256" lon="10.732261">
        <ele>415.319244</ele>
        <time>2025-08-14T14:35:51.017Z</time>
      </trkpt>
      <trkpt lat="50.171433" lon="10.732370">
        <ele>417.155176</ele>
        <time>2025-08-14T14:36:04.611Z</time>
      </trkpt>
      <trkpt lat="50.171427" lon="10.732481">
        <ele>417.843611</ele>
        <time>2025-08-14T14:36:09.767Z</time>
      </trkpt>
      <trkpt lat="50.171289" lon="10.732818">
        <ele>420.264981</ele>
        <time>2025-08-14T14:36:29.351Z</time>
      </trkpt>
      <trkpt lat="50.171289" lon="10.732818">
        <ele>420.264981</ele>
        <time>2025-08-14T14:36:29.367Z</time>
      </trkpt>
      <trkpt lat="50.171259" lon="10.733095">
        <ele>421.914935</ele>
        <time>2025-08-14T14:36:44.777Z</time>
      </trkpt>
      <trkpt lat="50.171327" lon="10.733146">
        <ele>422.606686</ele>
        <time>2025-08-14T14:36:51.190Z</time>
      </trkpt>
      <trkpt lat="50.171523" lon="10.733114">
        <ele>424.413746</ele>
        <time>2025-08-14T14:37:08.403Z</time>
      </trkpt>
      <trkpt lat="50.171782" lon="10.733088">
        <ele>426.793602</ele>
        <time>2025-08-14T14:37:30.159Z</time>
      </trkpt>
      <trkpt lat="50.171971" lon="10.733150">
        <ele>428.564514</ele>
        <time>2025-08-14T14:37:44.948Z</time>
      </trkpt>
      <trkpt lat="50.172092" lon="10.733296">
        <ele>429.966766</ele>
        <time>2025-08-14T14:37:55.509Z</time>
      </trkpt>
      <trkpt lat="50.172130" lon="10.733494">
        <ele>431.180711</ele>
        <time>2025-08-14T14:38:03.977Z</time>
      </trkpt>
      <trkpt lat="50.172147" lon="10.733581">
        <ele>431.714916</ele>
        <time>2025-08-14T14:38:07.529Z</time>
      </trkpt>
      <trkpt lat="50.172151" lon="10.733610">
        <ele>431.889138</ele>
        <time>2025-08-14T14:38:08.731Z</time>
      </trkpt>
      <trkpt lat="50.172210" lon="10.733864">
        <ele>433.475963</ele>
        <time>2025-08-14T14:38:18.353Z</time>
      </trkpt>
      <trkpt lat="50.172263" lon="10.733927">
        <ele>434.086774</ele>
        <time>2025-08-14T14:38:21.762Z</time>
      </trkpt>
      <trkpt lat="50.172672" lon="10.734095">
        <ele>435.386810</ele>
        <time>2025-08-14T14:38:41.374Z</time>
      </trkpt>
      <trkpt lat="50.172770" lon="10.734212">
        <ele>435.177366</ele>
        <time>2025-08-14T14:38:45.978Z</time>
      </trkpt>
      <trkpt lat="50.172906" lon="10.734506">
        <ele>434.783022</ele>
        <time>2025-08-14T14:38:51.696Z</time>
      </trkpt>
      <trkpt lat="50.173079" lon="10.735080">
        <ele>434.093229</ele>
        <time>2025-08-14T14:38:58.705Z</time>
      </trkpt>
      <trkpt lat="50.173157" lon="10.735267">
        <ele>433.850575</ele>
        <time>2025-08-14T14:39:01.024Z</time>
      </trkpt>
      <trkpt lat="50.173511" lon="10.735823">
        <ele>432.998112</ele>
        <time>2025-08-14T14:39:08.914Z</time>
      </trkpt>
      <trkpt lat="50.173579" lon="10.735915">
        <ele>432.845354</ele>
        <time>2025-08-14T14:39:10.315Z</time>
      </trkpt>
      <trkpt lat="50.173830" lon="10.736195">
        <ele>430.718254</ele>
        <time>2025-08-14T14:39:15.167Z</time>
      </trkpt>
      <trkpt lat="50.174237" lon="10.736881">
        <ele>425.766411</ele>
        <time>2025-08-14T14:39:24.203Z</time>
      </trkpt>
      <trkpt lat="50.174323" lon="10.736963">
        <ele>424.933243</ele>
        <time>2025-08-14T14:39:25.696Z</time>
      </trkpt>
      <trkpt lat="50.174321" lon="10.737079">
        <ele>424.318751</ele>
        <time>2025-08-14T14:39:26.768Z</time>
      </trkpt>
      <trkpt lat="50.174382" lon="10.737411">
        <ele>422.489756</ele>
        <time>2025-08-14T14:39:29.981Z</time>
      </trkpt>
      <trkpt lat="50.174108" lon="10.737561">
        <ele>420.089046</ele>
        <time>2025-08-14T14:39:34.097Z</time>
      </trkpt>
      <trkpt lat="50.172965" lon="10.738165">
        <ele>408.868076</ele>
        <time>2025-08-14T14:39:56.976Z</time>
      </trkpt>
      <trkpt lat="50.172690" lon="10.738226">
        <ele>406.203017</ele>
        <time>2025-08-14T14:40:02.409Z</time>
      </trkpt>
      <trkpt lat="50.172447" lon="10.738213">
        <ele>403.870117</ele>
        <time>2025-08-14T14:40:07.303Z</time>
      </trkpt>
      <trkpt lat="50.172296" lon="10.738176">
        <ele>402.403572</ele>
        <time>2025-08-14T14:40:09.713Z</time>
      </trkpt>
      <trkpt lat="50.171654" lon="10.738146">
        <ele>398.765208</ele>
        <time>2025-08-14T14:40:20.454Z</time>
      </trkpt>
      <trkpt lat="50.171296" lon="10.737878">
        <ele>397.158376</ele>
        <time>2025-08-14T14:40:27.669Z</time>
      </trkpt>
      <trkpt lat="50.170820" lon="10.737668">
        <ele>395.156481</ele>
        <time>2025-08-14T14:40:36.647Z</time>
      </trkpt>
      <trkpt lat="50.170820" lon="10.737668">
        <ele>395.156481</ele>
        <time>2025-08-14T14:40:36.653Z</time>
      </trkpt>
      <trkpt lat="50.170456" lon="10.737542">
        <ele>393.647531</ele>
        <time>2025-08-14T14:40:43.185Z</time>
      </trkpt>
      <trkpt lat="50.170093" lon="10.737462">
        <ele>391.681968</ele>
        <time>2025-08-14T14:40:49.489Z</time>
      </trkpt>
      <trkpt lat="50.169690" lon="10.737384">
        <ele>389.357778</ele>
        <time>2025-08-14T14:40:56.315Z</time>
      </trkpt>
      <trkpt lat="50.169261" lon="10.737360">
        <ele>386.900860</ele>
        <time>2025-08-14T14:41:03.451Z</time>
      </trkpt>
      <trkpt lat="50.169080" lon="10.737384">
        <ele>385.861194</ele>
        <time>2025-08-14T14:41:06.394Z</time>
      </trkpt>
      <trkpt lat="50.168671" lon="10.737519">
        <ele>383.468575</ele>
        <time>2025-08-14T14:41:12.987Z</time>
      </trkpt>
      <trkpt lat="50.168627" lon="10.738153">
        <ele>379.236232</ele>
        <time>2025-08-14T14:41:23.726Z</time>
      </trkpt>
      <trkpt lat="50.168435" lon="10.738834">
        <ele>373.791892</ele>
        <time>2025-08-14T14:41:35.855Z</time>
      </trkpt>
      <trkpt lat="50.168491" lon="10.739479">
        <ele>369.029158</ele>
        <time>2025-08-14T14:41:46.220Z</time>
      </trkpt>
      <trkpt lat="50.168481" lon="10.739615">
        <ele>368.027488</ele>
        <time>2025-08-14T14:41:48.381Z</time>
      </trkpt>
      <trkpt lat="50.168439" lon="10.739749">
        <ele>366.935892</ele>
        <time>2025-08-14T14:41:50.724Z</time>
      </trkpt>
      <trkpt lat="50.168343" lon="10.739890">
        <ele>365.430196</ele>
        <time>2025-08-14T14:41:53.948Z</time>
      </trkpt>
      <trkpt lat="50.167721" lon="10.740319">
        <ele>357.765965</ele>
        <time>2025-08-14T14:42:10.549Z</time>
      </trkpt>
      <trkpt lat="50.167535" lon="10.740492">
        <ele>355.345865</ele>
        <time>2025-08-14T14:42:15.819Z</time>
      </trkpt>
      <trkpt lat="50.166811" lon="10.741518">
        <ele>344.416137</ele>
        <time>2025-08-14T14:42:40.539Z</time>
      </trkpt>
      <trkpt lat="50.166637" lon="10.741862">
        <ele>342.069557</ele>
        <time>2025-08-14T14:42:48.061Z</time>
      </trkpt>
      <trkpt lat="50.166587" lon="10.743496">
        <ele>338.763185</ele>
        <time>2025-08-14T14:43:19.854Z</time>
      </trkpt>
      <trkpt lat="50.167743" lon="10.743107">
        <ele>336.313126</ele>
        <time>2025-08-14T14:43:48.810Z</time>
      </trkpt>
      <trkpt lat="50.167915" lon="10.743104">
        <ele>336.185847</ele>
        <time>2025-08-14T14:43:53.056Z</time>
      </trkpt>
      <trkpt lat="50.168011" lon="10.743138">
        <ele>336.113007</ele>
        <time>2025-08-14T14:43:55.477Z</time>
      </trkpt>
      <trkpt lat="50.168256" lon="10.743331">
        <ele>335.909948</ele>
        <time>2025-08-14T14:44:02.126Z</time>
      </trkpt>
      <trkpt lat="50.168434" lon="10.743603">
        <ele>335.725645</ele>
        <time>2025-08-14T14:44:08.040Z</time>
      </trkpt>
      <trkpt lat="50.169089" lon="10.744959">
        <ele>333.548476</ele>
        <time>2025-08-14T14:44:30.557Z</time>
      </trkpt>
      <trkpt lat="50.168493" lon="10.745567">
        <ele>331.429552</ele>
        <time>2025-08-14T14:44:52.425Z</time>
      </trkpt>
      <trkpt lat="50.168007" lon="10.745963">
        <ele>329.768818</ele>
        <time>2025-08-14T14:45:08.700Z</time>
      </trkpt>
      <trkpt lat="50.167173" lon="10.746269">
        <ele>326.886733</ele>
        <time>2025-08-14T14:45:34.527Z</time>
      </trkpt>
      <trkpt lat="50.166304" lon="10.746471">
        <ele>323.946784</ele>
        <time>2025-08-14T14:46:01.650Z</time>
      </trkpt>
      <trkpt lat="50.166304" lon="10.746471">
        <ele>323.946784</ele>
        <time>2025-08-14T14:46:01.654Z</time>
      </trkpt>
      <trkpt lat="50.166114" lon="10.746545">
        <ele>323.547854</ele>
        <time>2025-08-14T14:46:07.793Z</time>
      </trkpt>
      <trkpt lat="50.165869" lon="10.746687">
        <ele>323.015454</ele>
        <time>2025-08-14T14:46:16.117Z</time>
      </trkpt>
      <trkpt lat="50.165275" lon="10.747152">
        <ele>321.661740</ele>
        <time>2025-08-14T14:46:37.818Z</time>
      </trkpt>
      <trkpt lat="50.164810" lon="10.747383">
        <ele>320.667639</ele>
        <time>2025-08-14T14:46:53.938Z</time>
      </trkpt>
      <trkpt lat="50.164552" lon="10.747418">
        <ele>320.158797</ele>
        <time>2025-08-14T14:46:59.515Z</time>
      </trkpt>
      <trkpt lat="50.164132" lon="10.747627">
        <ele>319.361751</ele>
        <time>2025-08-14T14:47:09.177Z</time>
      </trkpt>
      <trkpt lat="50.164027" lon="10.747641">
        <ele>319.171210</ele>
        <time>2025-08-14T14:47:11.461Z</time>
      </trkpt>
      <trkpt lat="50.163869" lon="10.747823">
        <ele>318.816177</ele>
        <time>2025-08-14T14:47:15.175Z</time>
      </trkpt>
      <trkpt lat="50.163708" lon="10.747924">
        <ele>318.502448</ele>
        <time>2025-08-14T14:47:18.382Z</time>
      </trkpt>
      <trkpt lat="50.163554" lon="10.748012">
        <ele>318.205933</ele>
        <time>2025-08-14T14:47:21.348Z</time>
      </trkpt>
      <trkpt lat="50.163325" lon="10.748095">
        <ele>317.780867</ele>
        <time>2025-08-14T14:47:25.593Z</time>
      </trkpt>
      <trkpt lat="50.163104" lon="10.748391">
        <ele>317.254356</ele>
        <time>2025-08-14T14:47:30.848Z</time>
      </trkpt>
      <trkpt lat="50.162980" lon="10.748494">
        <ele>316.989952</ele>
        <time>2025-08-14T14:47:33.400Z</time>
      </trkpt>
      <trkpt lat="50.162784" lon="10.748585">
        <ele>316.548990</ele>
        <time>2025-08-14T14:47:37.113Z</time>
      </trkpt>
      <trkpt lat="50.162539" lon="10.748624">
        <ele>316.017921</ele>
        <time>2025-08-14T14:47:41.635Z</time>
      </trkpt>
      <trkpt lat="50.162154" lon="10.748581">
        <ele>315.185566</ele>
        <time>2025-08-14T14:47:48.633Z</time>
      </trkpt>
      <trkpt lat="50.161726" lon="10.748409">
        <ele>314.232511</ele>
        <time>2025-08-14T14:47:56.625Z</time>
      </trkpt>
      <trkpt lat="50.161515" lon="10.748359">
        <ele>313.772288</ele>
        <time>2025-08-14T14:48:00.502Z</time>
      </trkpt>
      <trkpt lat="50.161091" lon="10.748430">
        <ele>312.814434</ele>
        <time>2025-08-14T14:48:08.619Z</time>
      </trkpt>
      <trkpt lat="50.160725" lon="10.748603">
        <ele>311.892113</ele>
        <time>2025-08-14T14:48:15.845Z</time>
      </trkpt>
      <trkpt lat="50.160496" lon="10.748653">
        <ele>311.334422</ele>
        <time>2025-08-14T14:48:20.223Z</time>
      </trkpt>
      <trkpt lat="50.159651" lon="10.748682">
        <ele>309.295916</ele>
        <time>2025-08-14T14:48:35.933Z</time>
      </trkpt>
      <trkpt lat="50.159211" lon="10.748733">
        <ele>308.313320</ele>
        <time>2025-08-14T14:48:44.142Z</time>
      </trkpt>
      <trkpt lat="50.158941" lon="10.748822">
        <ele>307.737307</ele>
        <time>2025-08-14T14:48:49.266Z</time>
      </trkpt>
      <trkpt lat="50.158856" lon="10.749934">
        <ele>306.239706</ele>
        <time>2025-08-14T14:49:12.062Z</time>
      </trkpt>
      <trkpt lat="50.158833" lon="10.749987">
        <ele>306.154101</ele>
        <time>2025-08-14T14:49:13.367Z</time>
      </trkpt>
      <trkpt lat="50.158758" lon="10.750040">
        <ele>305.982253</ele>
        <time>2025-08-14T14:49:16.016Z</time>
      </trkpt>
      <trkpt lat="50.158297" lon="10.750188">
        <ele>305.137705</ele>
        <time>2025-08-14T14:49:31.565Z</time>
      </trkpt>
      <trkpt lat="50.158122" lon="10.750379">
        <ele>305.427174</ele>
        <time>2025-08-14T14:49:38.972Z</time>
      </trkpt>
      <trkpt lat="50.158023" lon="10.750580">
        <ele>305.647363</ele>
        <time>2025-08-14T14:49:44.814Z</time>
      </trkpt>
      <trkpt lat="50.157656" lon="10.751535">
        <ele>306.614531</ele>
        <time>2025-08-14T14:50:14.375Z</time>
      </trkpt>
      <trkpt lat="50.157475" lon="10.751892">
        <ele>307.009921</ele>
        <time>2025-08-14T14:50:28.660Z</time>
      </trkpt>
      <trkpt lat="50.157355" lon="10.752190">
        <ele>307.315608</ele>
        <time>2025-08-14T14:50:40.661Z</time>
      </trkpt>
      <trkpt lat="50.157067" lon="10.753370">
        <ele>311.140158</ele>
        <time>2025-08-14T14:51:29.706Z</time>
      </trkpt>
      <trkpt lat="50.156840" lon="10.753930">
        <ele>313.478425</ele>
        <time>2025-08-14T14:51:58.256Z</time>
      </trkpt>
      <trkpt lat="50.156346" lon="10.754715">
        <ele>317.361027</ele>
        <time>2025-08-14T14:52:47.398Z</time>
      </trkpt>
      <trkpt lat="50.156226" lon="10.754873">
        <ele>318.215834</ele>
        <time>2025-08-14T14:52:58.447Z</time>
      </trkpt>
      <trkpt lat="50.155931" lon="10.755990">
        <ele>322.426486</ele>
        <time>2025-08-14T14:53:50.645Z</time>
      </trkpt>
      <trkpt lat="50.155749" lon="10.756559">
        <ele>324.642923</ele>
        <time>2025-08-14T14:54:16.452Z</time>
      </trkpt>
      <trkpt lat="50.155568" lon="10.756974">
        <ele>326.392572</ele>
        <time>2025-08-14T14:54:35.994Z</time>
      </trkpt>
      <trkpt lat="50.155420" lon="10.757235">
        <ele>327.437670</ele>
        <time>2025-08-14T14:54:49.093Z</time>
      </trkpt>
      <trkpt lat="50.154985" lon="10.757853">
        <ele>329.266377</ele>
        <time>2025-08-14T14:55:21.392Z</time>
      </trkpt>
      <trkpt lat="50.154384" lon="10.758629">
        <ele>331.691296</ele>
        <time>2025-08-14T14:55:58.383Z</time>
      </trkpt>
      <trkpt lat="50.154223" lon="10.758735">
        <ele>332.234534</ele>
        <time>2025-08-14T14:56:06.931Z</time>
      </trkpt>
      <trkpt lat="50.153897" lon="10.758840">
        <ele>333.683595</ele>
        <time>2025-08-14T14:56:23.799Z</time>
      </trkpt>
      <trkpt lat="50.153623" lon="10.758845">
        <ele>335.292324</ele>
        <time>2025-08-14T14:56:38.981Z</time>
      </trkpt>
      <trkpt lat="50.152860" lon="10.759263">
        <ele>340.039752</ele>
        <time>2025-08-14T14:57:35.447Z</time>
      </trkpt>
      <trkpt lat="50.152689" lon="10.759392">
        <ele>341.154800</ele>
        <time>2025-08-14T14:57:50.600Z</time>
      </trkpt>
      <trkpt lat="50.152103" lon="10.759586">
        <ele>344.517412</ele>
        <time>2025-08-14T14:58:35.786Z</time>
      </trkpt>
      <trkpt lat="50.151975" lon="10.759566">
        <ele>345.183630</ele>
        <time>2025-08-14T14:58:44.905Z</time>
      </trkpt>
      <trkpt lat="50.151888" lon="10.759502">
        <ele>345.681743</ele>
        <time>2025-08-14T14:58:51.525Z</time>
      </trkpt>
      <trkpt lat="50.151900" lon="10.760618">
        <ele>349.385632</ele>
        <time>2025-08-14T14:59:35.814Z</time>
      </trkpt>
      <trkpt lat="50.152016" lon="10.761858">
        <ele>353.773694</ele>
        <time>2025-08-14T15:00:18.542Z</time>
      </trkpt>
      <trkpt lat="50.152017" lon="10.762067">
        <ele>354.651078</ele>
        <time>2025-08-14T15:00:26.462Z</time>
      </trkpt>
      <trkpt lat="50.151773" lon="10.762897">
        <ele>358.484547</ele>
        <time>2025-08-14T15:01:06.303Z</time>
      </trkpt>
      <trkpt lat="50.151588" lon="10.763062">
        <ele>359.880536</ele>
        <time>2025-08-14T15:01:22.292Z</time>
      </trkpt>
      <trkpt lat="50.151529" lon="10.763139">
        <ele>360.384418</ele>
        <time>2025-08-14T15:01:27.232Z</time>
      </trkpt>
      <trkpt lat="50.151388" lon="10.763556">
        <ele>362.363744</ele>
        <time>2025-08-14T15:01:47.378Z</time>
      </trkpt>
      <trkpt lat="50.151390" lon="10.763965">
        <ele>364.080755</ele>
        <time>2025-08-14T15:02:04.793Z</time>
      </trkpt>
      <trkpt lat="50.151502" lon="10.764367">
        <ele>366.280408</ele>
        <time>2025-08-14T15:02:22.560Z</time>
      </trkpt>
      <trkpt lat="50.151769" lon="10.764957">
        <ele>370.059505</ele>
        <time>2025-08-14T15:02:52.879Z</time>
      </trkpt>
      <trkpt lat="50.151841" lon="10.765348">
        <ele>372.187990</ele>
        <time>2025-08-14T15:03:10.415Z</time>
      </trkpt>
      <trkpt lat="50.151778" lon="10.765558">
        <ele>373.401156</ele>
        <time>2025-08-14T15:03:20.325Z</time>
      </trkpt>
      <trkpt lat="50.151586" lon="10.765489">
        <ele>375.009912</ele>
        <time>2025-08-14T15:03:33.350Z</time>
      </trkpt>
      <trkpt lat="50.150880" lon="10.765258">
        <ele>380.526311</ele>
        <time>2025-08-14T15:04:20.650Z</time>
      </trkpt>
      <trkpt lat="50.150399" lon="10.765275">
        <ele>383.617048</ele>
        <time>2025-08-14T15:04:50.710Z</time>
      </trkpt>
      <trkpt lat="50.150168" lon="10.765222">
        <ele>385.116943</ele>
        <time>2025-08-14T15:05:04.886Z</time>
      </trkpt>
      <trkpt lat="50.149818" lon="10.765129">
        <ele>387.397701</ele>
        <time>2025-08-14T15:05:24.463Z</time>
      </trkpt>
      <trkpt lat="50.149640" lon="10.765126">
        <ele>388.541240</ele>
        <time>2025-08-14T15:05:33.503Z</time>
      </trkpt>
      <trkpt lat="50.149477" lon="10.765157">
        <ele>389.596099</ele>
        <time>2025-08-14T15:05:41.538Z</time>
      </trkpt>
      <trkpt lat="50.149292" lon="10.765282">
        <ele>390.820036</ele>
        <time>2025-08-14T15:05:51.031Z</time>
      </trkpt>
      <trkpt lat="50.147896" lon="10.766829">
        <ele>397.673283</ele>
        <time>2025-08-14T15:07:06.351Z</time>
      </trkpt>
      <trkpt lat="50.147494" lon="10.767666">
        <ele>399.430857</ele>
        <time>2025-08-14T15:07:35.920Z</time>
      </trkpt>
      <trkpt lat="50.147145" lon="10.768506">
        <ele>401.030529</ele>
        <time>2025-08-14T15:08:01.053Z</time>
      </trkpt>
      <trkpt lat="50.146290" lon="10.769498">
        <ele>401.669582</ele>
        <time>2025-08-14T15:08:31.660Z</time>
      </trkpt>
      <trkpt lat="50.146177" lon="10.769807">
        <ele>401.355992</ele>
        <time>2025-08-14T15:08:36.521Z</time>
      </trkpt>
      <trkpt lat="50.146071" lon="10.770194">
        <ele>400.985025</ele>
        <time>2025-08-14T15:08:42.067Z</time>
      </trkpt>
      <trkpt lat="50.145775" lon="10.771431">
        <ele>399.645892</ele>
        <time>2025-08-14T15:08:58.779Z</time>
      </trkpt>
      <trkpt lat="50.145451" lon="10.772189">
        <ele>397.308868</ele>
        <time>2025-08-14T15:09:10.471Z</time>
      </trkpt>
      <trkpt lat="50.145307" lon="10.773470">
        <ele>393.973004</ele>
        <time>2025-08-14T15:09:26.012Z</time>
      </trkpt>
      <trkpt lat="50.145218" lon="10.773562">
        <ele>393.545714</ele>
        <time>2025-08-14T15:09:27.916Z</time>
      </trkpt>
      <trkpt lat="50.145153" lon="10.773731">
        <ele>393.040158</ele>
        <time>2025-08-14T15:09:30.162Z</time>
      </trkpt>
      <trkpt lat="50.144883" lon="10.774150">
        <ele>390.659187</ele>
        <time>2025-08-14T15:09:36.741Z</time>
      </trkpt>
      <trkpt lat="50.143860" lon="10.775429">
        <ele>381.659303</ele>
        <time>2025-08-14T15:09:58.581Z</time>
      </trkpt>
      <trkpt lat="50.143654" lon="10.775909">
        <ele>379.653090</ele>
        <time>2025-08-14T15:10:05.073Z</time>
      </trkpt>
      <trkpt lat="50.143537" lon="10.775987">
        <ele>379.154559</ele>
        <time>2025-08-14T15:10:07.338Z</time>
      </trkpt>
      <trkpt lat="50.143448" lon="10.775971">
        <ele>378.803522</ele>
        <time>2025-08-14T15:10:08.930Z</time>
      </trkpt>
      <trkpt lat="50.143337" lon="10.776207">
        <ele>378.068422</ele>
        <time>2025-08-14T15:10:14.330Z</time>
      </trkpt>
      <trkpt lat="50.143246" lon="10.776282">
        <ele>377.665173</ele>
        <time>2025-08-14T15:10:17.290Z</time>
      </trkpt>
      <trkpt lat="50.142777" lon="10.776432">
        <ele>375.789278</ele>
        <time>2025-08-14T15:10:31.535Z</time>
      </trkpt>
      <trkpt lat="50.141987" lon="10.776539">
        <ele>373.881506</ele>
        <time>2025-08-14T15:10:56.762Z</time>
      </trkpt>
      <trkpt lat="50.141336" lon="10.776743">
        <ele>376.191457</ele>
        <time>2025-08-14T15:11:23.399Z</time>
      </trkpt>
      <trkpt lat="50.140790" lon="10.776832">
        <ele>378.101244</ele>
        <time>2025-08-14T15:11:59.303Z</time>
      </trkpt>
      <trkpt lat="50.140554" lon="10.776990">
        <ele>378.994639</ele>
        <time>2025-08-14T15:12:19.177Z</time>
      </trkpt>
      <trkpt lat="50.140433" lon="10.777200">
        <ele>379.681632</ele>
        <time>2025-08-14T15:12:33.485Z</time>
      </trkpt>
      <trkpt lat="50.140281" lon="10.777312">
        <ele>380.942995</ele>
        <time>2025-08-14T15:12:46.912Z</time>
      </trkpt>
      <trkpt lat="50.140061" lon="10.777580">
        <ele>383.037382</ele>
        <time>2025-08-14T15:13:08.590Z</time>
      </trkpt>
      <trkpt lat="50.139910" lon="10.777761">
        <ele>384.466221</ele>
        <time>2025-08-14T15:13:23.615Z</time>
      </trkpt>
      <trkpt lat="50.139494" lon="10.777990">
        <ele>387.776378</ele>
        <time>2025-08-14T15:13:58.352Z</time>
      </trkpt>
      <trkpt lat="50.139352" lon="10.778134">
        <ele>389.047198</ele>
        <time>2025-08-14T15:14:11.520Z</time>
      </trkpt>
      <trkpt lat="50.139213" lon="10.778350">
        <ele>390.519287</ele>
        <time>2025-08-14T15:14:26.209Z</time>
      </trkpt>
      <trkpt lat="50.139055" lon="10.778685">
        <ele>392.519637</ele>
        <time>2025-08-14T15:14:44.942Z</time>
      </trkpt>
      <trkpt lat="50.138856" lon="10.779447">
        <ele>395.010818</ele>
        <time>2025-08-14T15:15:18.224Z</time>
      </trkpt>
      <trkpt lat="50.138495" lon="10.780445">
        <ele>398.149608</ele>
        <time>2025-08-14T15:16:02.634Z</time>
      </trkpt>
      <trkpt lat="50.138127" lon="10.782263">
        <ele>401.437909</ele>
        <time>2025-08-14T15:17:03.276Z</time>
      </trkpt>
      <trkpt lat="50.138111" lon="10.782624">
        <ele>401.695844</ele>
        <time>2025-08-14T15:17:13.250Z</time>
      </trkpt>
      <trkpt lat="50.138110" lon="10.782649">
        <ele>401.713698</ele>
        <time>2025-08-14T15:17:13.947Z</time>
      </trkpt>
      <trkpt lat="50.138363" lon="10.783580">
        <ele>402.434497</ele>
        <time>2025-08-14T15:17:40.714Z</time>
      </trkpt>
      <trkpt lat="50.138426" lon="10.784256">
        <ele>402.314324</ele>
        <time>2025-08-14T15:17:56.944Z</time>
      </trkpt>
      <trkpt lat="50.138452" lon="10.784374">
        <ele>402.072888</ele>
        <time>2025-08-14T15:17:59.803Z</time>
      </trkpt>
      <trkpt lat="50.138490" lon="10.784440">
        <ele>401.901223</ele>
        <time>2025-08-14T15:18:01.892Z</time>
      </trkpt>
      <trkpt lat="50.138290" lon="10.786069">
        <ele>398.691920</ele>
        <time>2025-08-14T15:18:20.024Z</time>
      </trkpt>
      <trkpt lat="50.138206" lon="10.786224">
        <ele>398.299166</ele>
        <time>2025-08-14T15:18:22.086Z</time>
      </trkpt>
      <trkpt lat="50.138062" lon="10.786307">
        <ele>397.835727</ele>
        <time>2025-08-14T15:18:24.491Z</time>
      </trkpt>
      <trkpt lat="50.137984" lon="10.786748">
        <ele>396.951284</ele>
        <time>2025-08-14T15:18:29.693Z</time>
      </trkpt>
      <trkpt lat="50.137558" lon="10.787893">
        <ele>394.394718</ele>
        <time>2025-08-14T15:18:45.259Z</time>
      </trkpt>
      <trkpt lat="50.136847" lon="10.788926">
        <ele>391.502496</ele>
        <time>2025-08-14T15:19:06.448Z</time>
      </trkpt>
      <trkpt lat="50.136498" lon="10.789146">
        <ele>390.458029</ele>
        <time>2025-08-14T15:19:15.211Z</time>
      </trkpt>
      <trkpt lat="50.135631" lon="10.789275">
        <ele>388.041355</ele>
        <time>2025-08-14T15:19:32.450Z</time>
      </trkpt>
      <trkpt lat="50.135287" lon="10.789108">
        <ele>387.041677</ele>
        <time>2025-08-14T15:19:38.996Z</time>
      </trkpt>
      <trkpt lat="50.134767" lon="10.788855">
        <ele>384.370590</ele>
        <time>2025-08-14T15:19:54.652Z</time>
      </trkpt>
      <trkpt lat="50.133785" lon="10.788835">
        <ele>379.368597</ele>
        <time>2025-08-14T15:20:22.135Z</time>
      </trkpt>
      <trkpt lat="50.133167" lon="10.788414">
        <ele>377.885698</ele>
        <time>2025-08-14T15:20:41.939Z</time>
      </trkpt>
      <trkpt lat="50.132696" lon="10.788452">
        <ele>378.054959</ele>
        <time>2025-08-14T15:20:57.526Z</time>
      </trkpt>
      <trkpt lat="50.132431" lon="10.788473">
        <ele>378.150187</ele>
        <time>2025-08-14T15:21:07.866Z</time>
      </trkpt>
      <trkpt lat="50.132150" lon="10.788783">
        <ele>378.273703</ele>
        <time>2025-08-14T15:21:24.745Z</time>
      </trkpt>
      <trkpt lat="50.131965" lon="10.789078">
        <ele>378.368645</ele>
        <time>2025-08-14T15:21:40.385Z</time>
      </trkpt>
      <trkpt lat="50.131874" lon="10.789649">
        <ele>380.308724</ele>
        <time>2025-08-14T15:22:06.702Z</time>
      </trkpt>
      <trkpt lat="50.131746" lon="10.790006">
        <ele>382.079830</ele>
        <time>2025-08-14T15:22:26.842Z</time>
      </trkpt>
      <trkpt lat="50.131207" lon="10.790872">
        <ele>387.306151</ele>
        <time>2025-08-14T15:23:25.886Z</time>
      </trkpt>
      <trkpt lat="50.130831" lon="10.791872">
        <ele>391.972417</ele>
        <time>2025-08-14T15:24:17.268Z</time>
      </trkpt>
      <trkpt lat="50.130795" lon="10.792355">
        <ele>393.658362</ele>
        <time>2025-08-14T15:24:36.995Z</time>
      </trkpt>
      <trkpt lat="50.130437" lon="10.793741">
        <ele>398.839378</ele>
        <time>2025-08-14T15:25:36.537Z</time>
      </trkpt>
      <trkpt lat="50.130377" lon="10.794203">
        <ele>400.456556</ele>
        <time>2025-08-14T15:25:55.136Z</time>
      </trkpt>
      <trkpt lat="50.129995" lon="10.795416">
        <ele>404.725513</ele>
        <time>2025-08-14T15:26:51.148Z</time>
      </trkpt>
      <trkpt lat="50.129406" lon="10.797716">
        <ele>411.212288</ele>
        <time>2025-08-14T15:28:26.101Z</time>
      </trkpt>
      <trkpt lat="50.129323" lon="10.798583">
        <ele>412.894632</ele>
        <time>2025-08-14T15:28:54.110Z</time>
      </trkpt>
      <trkpt lat="50.129050" lon="10.800115">
        <ele>415.410730</ele>
        <time>2025-08-14T15:29:39.118Z</time>
      </trkpt>
      <trkpt lat="50.129072" lon="10.800250">
        <ele>415.577147</ele>
        <time>2025-08-14T15:29:43.156Z</time>
      </trkpt>
      <trkpt lat="50.128764" lon="10.800335">
        <ele>416.160068</ele>
        <time>2025-08-14T15:29:53.601Z</time>
      </trkpt>
      <trkpt lat="50.128285" lon="10.800286">
        <ele>417.054679</ele>
        <time>2025-08-14T15:30:10.379Z</time>
      </trkpt>
      <trkpt lat="50.127605" lon="10.799974">
        <ele>418.208289</ele>
        <time>2025-08-14T15:30:35.774Z</time>
      </trkpt>
      <trkpt lat="50.127016" lon="10.799780">
        <ele>418.951642</ele>
        <time>2025-08-14T15:30:56.666Z</time>
      </trkpt>
      <trkpt lat="50.126343" lon="10.799610">
        <ele>419.793509</ele>
        <time>2025-08-14T15:31:17.324Z</time>
      </trkpt>
      <trkpt lat="50.125118" lon="10.799416">
        <ele>418.869340</ele>
        <time>2025-08-14T15:31:46.042Z</time>
      </trkpt>
      <trkpt lat="50.124395" lon="10.799246">
        <ele>417.953061</ele>
        <time>2025-08-14T15:32:01.321Z</time>
      </trkpt>
      <trkpt lat="50.122585" lon="10.798983">
        <ele>412.007547</ele>
        <time>2025-08-14T15:32:36.179Z</time>
      </trkpt>
      <trkpt lat="50.122310" lon="10.799006">
        <ele>410.920960</ele>
        <time>2025-08-14T15:32:41.206Z</time>
      </trkpt>
      <trkpt lat="50.121861" lon="10.799122">
        <ele>409.043096</ele>
        <time>2025-08-14T15:32:49.503Z</time>
      </trkpt>
      <trkpt lat="50.121752" lon="10.799160">
        <ele>408.582253</ele>
        <time>2025-08-14T15:32:51.550Z</time>
      </trkpt>
      <trkpt lat="50.121685" lon="10.799225">
        <ele>408.256687</ele>
        <time>2025-08-14T15:32:52.980Z</time>
      </trkpt>
      <trkpt lat="50.121718" lon="10.799673">
        <ele>407.063713</ele>
        <time>2025-08-14T15:33:01.441Z</time>
      </trkpt>
      <trkpt lat="50.122006" lon="10.802133">
        <ele>400.152900</ele>
        <time>2025-08-14T15:33:49.705Z</time>
      </trkpt>
      <trkpt lat="50.122050" lon="10.802395">
        <ele>399.382375</ele>
        <time>2025-08-14T15:33:54.751Z</time>
      </trkpt>
      <trkpt lat="50.122204" lon="10.802948">
        <ele>397.667123</ele>
        <time>2025-08-14T15:34:05.821Z</time>
      </trkpt>
      <trkpt lat="50.122221" lon="10.803121">
        <ele>397.169200</ele>
        <time>2025-08-14T15:34:08.989Z</time>
      </trkpt>
      <trkpt lat="50.122196" lon="10.803279">
        <ele>396.706213</ele>
        <time>2025-08-14T15:34:11.935Z</time>
      </trkpt>
      <trkpt lat="50.122040" lon="10.803755">
        <ele>395.288478</ele>
        <time>2025-08-14T15:34:21.637Z</time>
      </trkpt>
      <trkpt lat="50.122001" lon="10.804043">
        <ele>394.523118</ele>
        <time>2025-08-14T15:34:27.003Z</time>
      </trkpt>
      <trkpt lat="50.121991" lon="10.804982">
        <ele>392.081248</ele>
        <time>2025-08-14T15:34:44.502Z</time>
      </trkpt>
      <trkpt lat="50.122021" lon="10.806447">
        <ele>389.024191</ele>
        <time>2025-08-14T15:35:13.689Z</time>
      </trkpt>
      <trkpt lat="50.122018" lon="10.806586">
        <ele>388.995374</ele>
        <time>2025-08-14T15:35:15.392Z</time>
      </trkpt>
      <trkpt lat="50.122328" lon="10.806710">
        <ele>388.891951</ele>
        <time>2025-08-14T15:35:22.064Z</time>
      </trkpt>
      <trkpt lat="50.122748" lon="10.806806">
        <ele>388.754773</ele>
        <time>2025-08-14T15:35:31.161Z</time>
      </trkpt>
      <trkpt lat="50.124067" lon="10.806978">
        <ele>389.996463</ele>
        <time>2025-08-14T15:36:10.173Z</time>
      </trkpt>
      <trkpt lat="50.125076" lon="10.807292">
        <ele>392.727394</ele>
        <time>2025-08-14T15:36:52.186Z</time>
      </trkpt>
      <trkpt lat="50.125429" lon="10.807384">
        <ele>393.369812</ele>
        <time>2025-08-14T15:37:06.859Z</time>
      </trkpt>
      <trkpt lat="50.126235" lon="10.807609">
        <ele>393.851290</ele>
        <time>2025-08-14T15:37:33.577Z</time>
      </trkpt>
      <trkpt lat="50.128453" lon="10.808199">
        <ele>391.427378</ele>
        <time>2025-08-14T15:38:18.373Z</time>
      </trkpt>
      <trkpt lat="50.128905" lon="10.808324">
        <ele>390.485931</ele>
        <time>2025-08-14T15:38:26.376Z</time>
      </trkpt>
      <trkpt lat="50.129146" lon="10.808407">
        <ele>389.981724</ele>
        <time>2025-08-14T15:38:30.723Z</time>
      </trkpt>
      <trkpt lat="50.129242" lon="10.808485">
        <ele>389.760591</ele>
        <time>2025-08-14T15:38:32.633Z</time>
      </trkpt>
      <trkpt lat="50.129336" lon="10.808859">
        <ele>389.234483</ele>
        <time>2025-08-14T15:38:37.204Z</time>
      </trkpt>
      <trkpt lat="50.129391" lon="10.809009">
        <ele>389.008172</ele>
        <time>2025-08-14T15:38:39.161Z</time>
      </trkpt>
      <trkpt lat="50.129594" lon="10.808946">
        <ele>388.585326</ele>
        <time>2025-08-14T15:38:42.741Z</time>
      </trkpt>
      <trkpt lat="50.129935" lon="10.809069">
        <ele>387.870299</ele>
        <time>2025-08-14T15:38:49.260Z</time>
      </trkpt>
      <trkpt lat="50.130071" lon="10.809114">
        <ele>387.586277</ele>
        <time>2025-08-14T15:38:52.161Z</time>
      </trkpt>
      <trkpt lat="50.130217" lon="10.809138">
        <ele>387.286355</ele>
        <time>2025-08-14T15:38:55.532Z</time>
      </trkpt>
      <trkpt lat="50.130399" lon="10.809120">
        <ele>387.037457</ele>
        <time>2025-08-14T15:38:59.937Z</time>
      </trkpt>
      <trkpt lat="50.130542" lon="10.809062">
        <ele>387.359235</ele>
        <time>2025-08-14T15:39:03.414Z</time>
      </trkpt>
      <trkpt lat="50.130706" lon="10.808946">
        <ele>387.751391</ele>
        <time>2025-08-14T15:39:07.904Z</time>
      </trkpt>
      <trkpt lat="50.130868" lon="10.808787">
        <ele>388.168212</ele>
        <time>2025-08-14T15:39:13.437Z</time>
      </trkpt>
      <trkpt lat="50.130996" lon="10.808673">
        <ele>388.489201</ele>
        <time>2025-08-14T15:39:18.233Z</time>
      </trkpt>
      <trkpt lat="50.131116" lon="10.808639">
        <ele>388.754811</ele>
        <time>2025-08-14T15:39:22.485Z</time>
      </trkpt>
      <trkpt lat="50.131266" lon="10.808667">
        <ele>389.083809</ele>
        <time>2025-08-14T15:39:28.098Z</time>
      </trkpt>
      <trkpt lat="50.131485" lon="10.808828">
        <ele>389.611052</ele>
        <time>2025-08-14T15:39:37.662Z</time>
      </trkpt>
      <trkpt lat="50.131538" lon="10.808869">
        <ele>389.739887</ele>
        <time>2025-08-14T15:39:40.008Z</time>
      </trkpt>
      <trkpt lat="50.131679" lon="10.808961">
        <ele>390.072732</ele>
        <time>2025-08-14T15:39:46.300Z</time>
      </trkpt>
      <trkpt lat="50.132069" lon="10.809216">
        <ele>390.895900</ele>
        <time>2025-08-14T15:40:03.649Z</time>
      </trkpt>
      <trkpt lat="50.132323" lon="10.809298">
        <ele>390.924365</ele>
        <time>2025-08-14T15:40:12.921Z</time>
      </trkpt>
      <trkpt lat="50.132618" lon="10.809382">
        <ele>390.957273</ele>
        <time>2025-08-14T15:40:22.182Z</time>
      </trkpt>
      <trkpt lat="50.132881" lon="10.809535">
        <ele>390.988077</ele>
        <time>2025-08-14T15:40:29.444Z</time>
      </trkpt>
      <trkpt lat="50.133241" lon="10.809742">
        <ele>391.030182</ele>
        <time>2025-08-14T15:40:36.917Z</time>
      </trkpt>
      <trkpt lat="50.133296" lon="10.809776">
        <ele>391.036674</ele>
        <time>2025-08-14T15:40:37.990Z</time>
      </trkpt>
      <trkpt lat="50.133945" lon="10.810179">
        <ele>391.237685</ele>
        <time>2025-08-14T15:40:50.476Z</time>
      </trkpt>
      <trkpt lat="50.134200" lon="10.810280">
        <ele>391.408845</ele>
        <time>2025-08-14T15:40:55.204Z</time>
      </trkpt>
      <trkpt lat="50.134369" lon="10.810337">
        <ele>391.521332</ele>
        <time>2025-08-14T15:40:58.534Z</time>
      </trkpt>
      <trkpt lat="50.134591" lon="10.810455">
        <ele>391.673913</ele>
        <time>2025-08-14T15:41:03.584Z</time>
      </trkpt>
      <trkpt lat="50.134827" lon="10.810736">
        <ele>391.867056</ele>
        <time>2025-08-14T15:41:11.965Z</time>
      </trkpt>
      <trkpt lat="50.134986" lon="10.810925">
        <ele>391.997102</ele>
        <time>2025-08-14T15:41:18.946Z</time>
      </trkpt>
      <trkpt lat="50.135510" lon="10.811349">
        <ele>392.816764</ele>
        <time>2025-08-14T15:41:44.072Z</time>
      </trkpt>
      <trkpt lat="50.136769" lon="10.811683">
        <ele>396.593200</ele>
        <time>2025-08-14T15:42:38.083Z</time>
      </trkpt>
      <trkpt lat="50.138029" lon="10.811905">
        <ele>397.960145</ele>
        <time>2025-08-14T15:43:05.603Z</time>
      </trkpt>
      <trkpt lat="50.138724" lon="10.812010">
        <ele>398.246157</ele>
        <time>2025-08-14T15:43:20.582Z</time>
      </trkpt>
      <trkpt lat="50.139338" lon="10.812228">
        <ele>398.809973</ele>
        <time>2025-08-14T15:43:41.087Z</time>
      </trkpt>
      <trkpt lat="50.140044" lon="10.812531">
        <ele>399.591967</ele>
        <time>2025-08-14T15:44:06.776Z</time>
      </trkpt>
      <trkpt lat="50.140044" lon="10.812531">
        <ele>399.591967</ele>
        <time>2025-08-14T15:44:06.784Z</time>
      </trkpt>
      <trkpt lat="50.140190" lon="10.812644">
        <ele>399.766021</ele>
        <time>2025-08-14T15:44:11.580Z</time>
      </trkpt>
      <trkpt lat="50.140301" lon="10.812796">
        <ele>399.923746</ele>
        <time>2025-08-14T15:44:15.480Z</time>
      </trkpt>
      <trkpt lat="50.140351" lon="10.812912">
        <ele>400.019431</ele>
        <time>2025-08-14T15:44:17.612Z</time>
      </trkpt>
      <trkpt lat="50.140368" lon="10.813021">
        <ele>400.096216</ele>
        <time>2025-08-14T15:44:19.206Z</time>
      </trkpt>
      <trkpt lat="50.140395" lon="10.813818">
        <ele>398.296622</ele>
        <time>2025-08-14T15:44:28.775Z</time>
      </trkpt>
      <trkpt lat="50.140422" lon="10.814359">
        <ele>396.531541</ele>
        <time>2025-08-14T15:44:34.469Z</time>
      </trkpt>
      <trkpt lat="50.140735" lon="10.817311">
        <ele>384.091615</ele>
        <time>2025-08-14T15:45:03.129Z</time>
      </trkpt>
      <trkpt lat="50.140750" lon="10.817912">
        <ele>380.905573</ele>
        <time>2025-08-14T15:45:08.695Z</time>
      </trkpt>
      <trkpt lat="50.140456" lon="10.817812">
        <ele>378.418526</ele>
        <time>2025-08-14T15:45:13.577Z</time>
      </trkpt>
      <trkpt lat="50.139477" lon="10.816636">
        <ele>369.238075</ele>
        <time>2025-08-14T15:45:33.519Z</time>
      </trkpt>
      <trkpt lat="50.138908" lon="10.816012">
        <ele>364.227756</ele>
        <time>2025-08-14T15:45:45.494Z</time>
      </trkpt>
      <trkpt lat="50.138266" lon="10.815158">
        <ele>362.626896</ele>
        <time>2025-08-14T15:46:03.926Z</time>
      </trkpt>
      <trkpt lat="50.137890" lon="10.814722">
        <ele>362.195800</ele>
        <time>2025-08-14T15:46:18.663Z</time>
      </trkpt>
      <trkpt lat="50.137335" lon="10.814681">
        <ele>361.684509</ele>
        <time>2025-08-14T15:46:34.750Z</time>
      </trkpt>
      <trkpt lat="50.136258" lon="10.815264">
        <ele>358.319156</ele>
        <time>2025-08-14T15:46:56.858Z</time>
      </trkpt>
      <trkpt lat="50.135965" lon="10.815375">
        <ele>357.393757</ele>
        <time>2025-08-14T15:47:02.209Z</time>
      </trkpt>
      <trkpt lat="50.135762" lon="10.815323">
        <ele>356.762374</ele>
        <time>2025-08-14T15:47:05.939Z</time>
      </trkpt>
      <trkpt lat="50.135217" lon="10.814839">
        <ele>355.769124</ele>
        <time>2025-08-14T15:47:17.870Z</time>
      </trkpt>
      <trkpt lat="50.134496" lon="10.814024">
        <ele>355.041690</ele>
        <time>2025-08-14T15:47:40.989Z</time>
      </trkpt>
      <trkpt lat="50.134299" lon="10.813722">
        <ele>354.816039</ele>
        <time>2025-08-14T15:47:48.775Z</time>
      </trkpt>
      <trkpt lat="50.134260" lon="10.813678">
        <ele>354.776717</ele>
        <time>2025-08-14T15:47:50.124Z</time>
      </trkpt>
      <trkpt lat="50.134190" lon="10.813600">
        <ele>354.706437</ele>
        <time>2025-08-14T15:47:53.567Z</time>
      </trkpt>
      <trkpt lat="50.134099" lon="10.813497">
        <ele>354.602499</ele>
        <time>2025-08-14T15:47:57.993Z</time>
      </trkpt>
      <trkpt lat="50.133794" lon="10.813697">
        <ele>354.189785</ele>
        <time>2025-08-14T15:48:10.281Z</time>
      </trkpt>
      <trkpt lat="50.133443" lon="10.814156">
        <ele>353.618454</ele>
        <time>2025-08-14T15:48:26.737Z</time>
      </trkpt>
      <trkpt lat="50.132966" lon="10.814968">
        <ele>352.737751</ele>
        <time>2025-08-14T15:48:49.741Z</time>
      </trkpt>
      <trkpt lat="50.132346" lon="10.815810">
        <ele>351.091062</ele>
        <time>2025-08-14T15:49:15.587Z</time>
      </trkpt>
      <trkpt lat="50.132017" lon="10.816172">
        <ele>350.130992</ele>
        <time>2025-08-14T15:49:28.441Z</time>
      </trkpt>
      <trkpt lat="50.131859" lon="10.816199">
        <ele>349.751960</ele>
        <time>2025-08-14T15:49:33.529Z</time>
      </trkpt>
      <trkpt lat="50.131779" lon="10.816094">
        <ele>349.502648</ele>
        <time>2025-08-14T15:49:36.854Z</time>
      </trkpt>
      <trkpt lat="50.131464" lon="10.815355">
        <ele>348.146037</ele>
        <time>2025-08-14T15:49:54.741Z</time>
      </trkpt>
      <trkpt lat="50.131144" lon="10.814720">
        <ele>347.728243</ele>
        <time>2025-08-14T15:50:11.726Z</time>
      </trkpt>
      <trkpt lat="50.130586" lon="10.813759">
        <ele>347.103053</ele>
        <time>2025-08-14T15:50:43.150Z</time>
      </trkpt>
      <trkpt lat="50.130400" lon="10.813539">
        <ele>346.927481</ele>
        <time>2025-08-14T15:50:51.943Z</time>
      </trkpt>
      <trkpt lat="50.130275" lon="10.813452">
        <ele>346.824526</ele>
        <time>2025-08-14T15:50:56.882Z</time>
      </trkpt>
      <trkpt lat="50.130022" lon="10.813365">
        <ele>346.290159</ele>
        <time>2025-08-14T15:51:06.040Z</time>
      </trkpt>
      <trkpt lat="50.129925" lon="10.813370">
        <ele>346.014180</ele>
        <time>2025-08-14T15:51:09.383Z</time>
      </trkpt>
      <trkpt lat="50.129880" lon="10.813438">
        <ele>345.836026</ele>
        <time>2025-08-14T15:51:11.557Z</time>
      </trkpt>
      <trkpt lat="50.129741" lon="10.813835">
        <ele>345.011437</ele>
        <time>2025-08-14T15:51:21.357Z</time>
      </trkpt>
      <trkpt lat="50.129635" lon="10.814028">
        <ele>344.548156</ele>
        <time>2025-08-14T15:51:26.778Z</time>
      </trkpt>
      <trkpt lat="50.129379" lon="10.814267">
        <ele>343.699786</ele>
        <time>2025-08-14T15:51:36.134Z</time>
      </trkpt>
      <trkpt lat="50.129227" lon="10.814519">
        <ele>343.069040</ele>
        <time>2025-08-14T15:51:42.801Z</time>
      </trkpt>
      <trkpt lat="50.128187" lon="10.815955">
        <ele>336.237430</ele>
        <time>2025-08-14T15:52:22.411Z</time>
      </trkpt>
      <trkpt lat="50.127989" lon="10.816194">
        <ele>334.710509</ele>
        <time>2025-08-14T15:52:29.384Z</time>
      </trkpt>
      <trkpt lat="50.127801" lon="10.816368">
        <ele>333.377269</ele>
        <time>2025-08-14T15:52:35.402Z</time>
      </trkpt>
      <trkpt lat="50.127705" lon="10.816431">
        <ele>332.742065</ele>
        <time>2025-08-14T15:52:38.296Z</time>
      </trkpt>
      <trkpt lat="50.127599" lon="10.816437">
        <ele>332.095152</ele>
        <time>2025-08-14T15:52:41.199Z</time>
      </trkpt>
      <trkpt lat="50.127493" lon="10.816868">
        <ele>330.110952</ele>
        <time>2025-08-14T15:52:45.608Z</time>
      </trkpt>
      <trkpt lat="50.127313" lon="10.817146">
        <ele>327.831660</ele>
        <time>2025-08-14T15:52:49.353Z</time>
      </trkpt>
      <trkpt lat="50.127192" lon="10.817234">
        <ele>326.630342</ele>
        <time>2025-08-14T15:52:51.310Z</time>
      </trkpt>
      <trkpt lat="50.126916" lon="10.817332">
        <ele>324.083290</ele>
        <time>2025-08-14T15:52:55.419Z</time>
      </trkpt>
      <trkpt lat="50.126685" lon="10.817431">
        <ele>321.927663</ele>
        <time>2025-08-14T15:52:58.817Z</time>
      </trkpt>
      <trkpt lat="50.126216" lon="10.817560">
        <ele>317.642367</ele>
        <time>2025-08-14T15:53:05.525Z</time>
      </trkpt>
      <trkpt lat="50.125911" lon="10.817754">
        <ele>314.678484</ele>
        <time>2025-08-14T15:53:10.192Z</time>
      </trkpt>
      <trkpt lat="50.125681" lon="10.818027">
        <ele>313.104043</ele>
        <time>2025-08-14T15:53:14.352Z</time>
      </trkpt>
      <trkpt lat="50.125562" lon="10.818299">
        <ele>312.015022</ele>
        <time>2025-08-14T15:53:17.438Z</time>
      </trkpt>
      <trkpt lat="50.125562" lon="10.818299">
        <ele>312.015022</ele>
        <time>2025-08-14T15:53:17.443Z</time>
      </trkpt>
      <trkpt lat="50.125330" lon="10.818628">
        <ele>310.397605</ele>
        <time>2025-08-14T15:53:22.148Z</time>
      </trkpt>
      <trkpt lat="50.125529" lon="10.819324">
        <ele>307.877331</ele>
        <time>2025-08-14T15:53:29.984Z</time>
      </trkpt>
      <trkpt lat="50.125563" lon="10.819443">
        <ele>307.446474</ele>
        <time>2025-08-14T15:53:31.446Z</time>
      </trkpt>
      <trkpt lat="50.125529" lon="10.819324">
        <ele>307.015617</ele>
        <time>2025-08-14T15:53:32.982Z</time>
      </trkpt>
      <trkpt lat="50.125330" lon="10.818628">
        <ele>305.020504</ele>
        <time>2025-08-14T15:53:43.274Z</time>
      </trkpt>
      <trkpt lat="50.124703" lon="10.818145">
        <ele>304.084448</ele>
        <time>2025-08-14T15:53:59.350Z</time>
      </trkpt>
      <trkpt lat="50.124490" lon="10.818067">
        <ele>303.791581</ele>
        <time>2025-08-14T15:54:04.002Z</time>
      </trkpt>
      <trkpt lat="50.123553" lon="10.820367">
        <ele>298.811829</ele>
        <time>2025-08-14T15:54:34.544Z</time>
      </trkpt>
      <trkpt lat="50.122994" lon="10.821931">
        <ele>294.639259</ele>
        <time>2025-08-14T15:54:52.470Z</time>
      </trkpt>
      <trkpt lat="50.122876" lon="10.822094">
        <ele>294.184911</ele>
        <time>2025-08-14T15:54:54.972Z</time>
      </trkpt>
      <trkpt lat="50.122645" lon="10.822306">
        <ele>293.412346</ele>
        <time>2025-08-14T15:54:59.320Z</time>
      </trkpt>
      <trkpt lat="50.122359" lon="10.822495">
        <ele>292.517017</ele>
        <time>2025-08-14T15:55:04.581Z</time>
      </trkpt>
      <trkpt lat="50.122193" lon="10.822609">
        <ele>291.994199</ele>
        <time>2025-08-14T15:55:10.320Z</time>
      </trkpt>
      <trkpt lat="50.121493" lon="10.822871">
        <ele>290.819657</ele>
        <time>2025-08-14T15:55:36.458Z</time>
      </trkpt>
      <trkpt lat="50.121101" lon="10.823070">
        <ele>291.561832</ele>
        <time>2025-08-14T15:55:55.993Z</time>
      </trkpt>
      <trkpt lat="50.121032" lon="10.823140">
        <ele>291.710022</ele>
        <time>2025-08-14T15:56:00.101Z</time>
      </trkpt>
      <trkpt lat="50.120928" lon="10.823007">
        <ele>291.952152</ele>
        <time>2025-08-14T15:56:06.818Z</time>
      </trkpt>
      <trkpt lat="50.120748" lon="10.822950">
        <ele>292.282825</ele>
        <time>2025-08-14T15:56:16.141Z</time>
      </trkpt>
      <trkpt lat="50.120588" lon="10.822989">
        <ele>292.574376</ele>
        <time>2025-08-14T15:56:24.274Z</time>
      </trkpt>
      <trkpt lat="50.120407" lon="10.823135">
        <ele>292.941239</ele>
        <time>2025-08-14T15:56:34.413Z</time>
      </trkpt>
      <trkpt lat="50.120310" lon="10.823252">
        <ele>293.162004</ele>
        <time>2025-08-14T15:56:40.547Z</time>
      </trkpt>
      <trkpt lat="50.120198" lon="10.823455">
        <ele>293.471146</ele>
        <time>2025-08-14T15:56:49.031Z</time>
      </trkpt>
      <trkpt lat="50.120172" lon="10.823616">
        <ele>293.662798</ele>
        <time>2025-08-14T15:56:54.307Z</time>
      </trkpt>
      <trkpt lat="50.120167" lon="10.824017">
        <ele>293.718385</ele>
        <time>2025-08-14T15:57:06.634Z</time>
      </trkpt>
      <trkpt lat="50.120076" lon="10.824307">
        <ele>293.724463</ele>
        <time>2025-08-14T15:57:15.924Z</time>
      </trkpt>
      <trkpt lat="50.120002" lon="10.824399">
        <ele>293.727242</ele>
        <time>2025-08-14T15:57:19.937Z</time>
      </trkpt>
      <trkpt lat="50.119845" lon="10.824514">
        <ele>293.732335</ele>
        <time>2025-08-14T15:57:26.957Z</time>
      </trkpt>
      <trkpt lat="50.118758" lon="10.825187">
        <ele>293.577437</ele>
        <time>2025-08-14T15:58:07.768Z</time>
      </trkpt>
      <trkpt lat="50.118684" lon="10.825288">
        <ele>293.335532</ele>
        <time>2025-08-14T15:58:10.983Z</time>
      </trkpt>
      <trkpt lat="50.118594" lon="10.825575">
        <ele>292.831594</ele>
        <time>2025-08-14T15:58:17.560Z</time>
      </trkpt>
      <trkpt lat="50.118458" lon="10.825880">
        <ele>292.245610</ele>
        <time>2025-08-14T15:58:25.023Z</time>
      </trkpt>
      <trkpt lat="50.118401" lon="10.826114">
        <ele>291.850773</ele>
        <time>2025-08-14T15:58:29.944Z</time>
      </trkpt>
      <trkpt lat="50.118229" lon="10.827751">
        <ele>289.286423</ele>
        <time>2025-08-14T15:59:02.766Z</time>
      </trkpt>
      <trkpt lat="50.118177" lon="10.828778">
        <ele>288.464977</ele>
        <time>2025-08-14T15:59:24.696Z</time>
      </trkpt>
      <trkpt lat="50.118363" lon="10.829939">
        <ele>287.510776</ele>
        <time>2025-08-14T15:59:52.330Z</time>
      </trkpt>
      <trkpt lat="50.118738" lon="10.831291">
        <ele>285.890510</ele>
        <time>2025-08-14T16:00:24.977Z</time>
      </trkpt>
      <trkpt lat="50.118857" lon="10.831830">
        <ele>285.171811</ele>
        <time>2025-08-14T16:00:36.674Z</time>
      </trkpt>
      <trkpt lat="50.119048" lon="10.833978">
        <ele>282.596261</ele>
        <time>2025-08-14T16:01:20.437Z</time>
      </trkpt>
      <trkpt lat="50.119322" lon="10.836178">
        <ele>280.568951</ele>
        <time>2025-08-14T16:02:09.020Z</time>
      </trkpt>
      <trkpt lat="50.119287" lon="10.836728">
        <ele>280.639897</ele>
        <time>2025-08-14T16:02:21.882Z</time>
      </trkpt>
      <trkpt lat="50.119178" lon="10.836950">
        <ele>280.675789</ele>
        <time>2025-08-14T16:02:28.519Z</time>
      </trkpt>
      <trkpt lat="50.119106" lon="10.837020">
        <ele>280.692774</ele>
        <time>2025-08-14T16:02:30.527Z</time>
      </trkpt>
      <trkpt lat="50.118848" lon="10.837125">
        <ele>280.746154</ele>
        <time>2025-08-14T16:02:37.158Z</time>
      </trkpt>
      <trkpt lat="50.118555" lon="10.837087">
        <ele>280.805013</ele>
        <time>2025-08-14T16:02:44.995Z</time>
      </trkpt>
      <trkpt lat="50.118446" lon="10.837186">
        <ele>280.830265</ele>
        <time>2025-08-14T16:02:48.521Z</time>
      </trkpt>
      <trkpt lat="50.118401" lon="10.837269">
        <ele>280.844218</ele>
        <time>2025-08-14T16:02:50.520Z</time>
      </trkpt>
      <trkpt lat="50.118329" lon="10.837422">
        <ele>280.868579</ele>
        <time>2025-08-14T16:02:54.096Z</time>
      </trkpt>
      <trkpt lat="50.118203" lon="10.837514">
        <ele>280.894275</ele>
        <time>2025-08-14T16:02:58.311Z</time>
      </trkpt>
      <trkpt lat="50.117929" lon="10.837669">
        <ele>280.939944</ele>
        <time>2025-08-14T16:03:09.237Z</time>
      </trkpt>
      <trkpt lat="50.117619" lon="10.837784">
        <ele>280.989873</ele>
        <time>2025-08-14T16:03:20.662Z</time>
      </trkpt>
      <trkpt lat="50.117292" lon="10.837782">
        <ele>281.041110</ele>
        <time>2025-08-14T16:03:31.541Z</time>
      </trkpt>
      <trkpt lat="50.116980" lon="10.837661">
        <ele>281.091486</ele>
        <time>2025-08-14T16:03:41.297Z</time>
      </trkpt>
      <trkpt lat="50.116925" lon="10.837726">
        <ele>281.102299</ele>
        <time>2025-08-14T16:03:43.300Z</time>
      </trkpt>
      <trkpt lat="50.117252" lon="10.842816">
        <ele>276.763472</ele>
        <time>2025-08-14T16:05:05.987Z</time>
      </trkpt>
      <trkpt lat="50.117253" lon="10.843342">
        <ele>276.400685</ele>
        <time>2025-08-14T16:05:14.816Z</time>
      </trkpt>
      <trkpt lat="50.117169" lon="10.844243">
        <ele>276.439702</ele>
        <time>2025-08-14T16:05:33.143Z</time>
      </trkpt>
      <trkpt lat="50.117120" lon="10.844469">
        <ele>276.834161</ele>
        <time>2025-08-14T16:05:37.411Z</time>
      </trkpt>
      <trkpt lat="50.117001" lon="10.844433">
        <ele>277.146730</ele>
        <time>2025-08-14T16:05:41.014Z</time>
      </trkpt>
      <trkpt lat="50.116900" lon="10.844453">
        <ele>277.409257</ele>
        <time>2025-08-14T16:05:44.207Z</time>
      </trkpt>
      <trkpt lat="50.116741" lon="10.844555">
        <ele>277.852582</ele>
        <time>2025-08-14T16:05:49.918Z</time>
      </trkpt>
      <trkpt lat="50.116518" lon="10.843984">
        <ele>278.958028</ele>
        <time>2025-08-14T16:06:05.461Z</time>
      </trkpt>
      <trkpt lat="50.116394" lon="10.843823">
        <ele>279.374082</ele>
        <time>2025-08-14T16:06:11.750Z</time>
      </trkpt>
      <trkpt lat="50.116270" lon="10.843740">
        <ele>279.722032</ele>
        <time>2025-08-14T16:06:17.178Z</time>
      </trkpt>
      <trkpt lat="50.115940" lon="10.843621">
        <ele>280.595413</ele>
        <time>2025-08-14T16:06:31.827Z</time>
      </trkpt>
      <trkpt lat="50.115713" lon="10.843637">
        <ele>282.384924</ele>
        <time>2025-08-14T16:06:41.692Z</time>
      </trkpt>
      <trkpt lat="50.115206" lon="10.843939">
        <ele>286.716917</ele>
        <time>2025-08-14T16:07:08.872Z</time>
      </trkpt>
      <trkpt lat="50.114918" lon="10.843887">
        <ele>289.031066</ele>
        <time>2025-08-14T16:07:26.705Z</time>
      </trkpt>
      <trkpt lat="50.114539" lon="10.843682">
        <ele>292.233017</ele>
        <time>2025-08-14T16:07:54.823Z</time>
      </trkpt>
      <trkpt lat="50.114410" lon="10.843553">
        <ele>293.456203</ele>
        <time>2025-08-14T16:08:06.824Z</time>
      </trkpt>
      <trkpt lat="50.114107" lon="10.843161">
        <ele>297.377637</ele>
        <time>2025-08-14T16:08:40.571Z</time>
      </trkpt>
      <trkpt lat="50.113825" lon="10.842665">
        <ele>302.387014</ele>
        <time>2025-08-14T16:09:18.418Z</time>
      </trkpt>
      <trkpt lat="50.113753" lon="10.842582">
        <ele>303.442178</ele>
        <time>2025-08-14T16:09:26.308Z</time>
      </trkpt>
      <trkpt lat="50.113604" lon="10.842508">
        <ele>305.284991</ele>
        <time>2025-08-14T16:09:39.935Z</time>
      </trkpt>
      <trkpt lat="50.113428" lon="10.842507">
        <ele>307.359102</ele>
        <time>2025-08-14T16:09:55.026Z</time>
      </trkpt>
      <trkpt lat="50.113196" lon="10.842612">
        <ele>310.205961</ele>
        <time>2025-08-14T16:10:15.054Z</time>
      </trkpt>
      <trkpt lat="50.113017" lon="10.842821">
        <ele>312.841195</ele>
        <time>2025-08-14T16:10:32.815Z</time>
      </trkpt>
      <trkpt lat="50.112874" lon="10.843190">
        <ele>316.099456</ele>
        <time>2025-08-14T16:10:53.686Z</time>
      </trkpt>
      <trkpt lat="50.112506" lon="10.844596">
        <ele>325.136123</ele>
        <time>2025-08-14T16:11:58.931Z</time>
      </trkpt>
      <trkpt lat="50.112374" lon="10.844818">
        <ele>326.935071</ele>
        <time>2025-08-14T16:12:11.795Z</time>
      </trkpt>
      <trkpt lat="50.112240" lon="10.844933">
        <ele>328.352348</ele>
        <time>2025-08-14T16:12:21.914Z</time>
      </trkpt>
      <trkpt lat="50.112171" lon="10.844951">
        <ele>329.000592</ele>
        <time>2025-08-14T16:12:26.331Z</time>
      </trkpt>
      <trkpt lat="50.112034" lon="10.844887">
        <ele>330.325786</ele>
        <time>2025-08-14T16:12:35.899Z</time>
      </trkpt>
      <trkpt lat="50.111981" lon="10.844785">
        <ele>331.105880</ele>
        <time>2025-08-14T16:12:41.673Z</time>
      </trkpt>
      <trkpt lat="50.111934" lon="10.844591">
        <ele>332.338194</ele>
        <time>2025-08-14T16:12:50.483Z</time>
      </trkpt>
      <trkpt lat="50.111864" lon="10.844033">
        <ele>336.064547</ele>
        <time>2025-08-14T16:13:15.134Z</time>
      </trkpt>
      <trkpt lat="50.111806" lon="10.843756">
        <ele>338.004375</ele>
        <time>2025-08-14T16:13:28.485Z</time>
      </trkpt>
      <trkpt lat="50.111754" lon="10.843575">
        <ele>339.324704</ele>
        <time>2025-08-14T16:13:38.108Z</time>
      </trkpt>
      <trkpt lat="50.111585" lon="10.843201">
        <ele>342.370478</ele>
        <time>2025-08-14T16:14:01.293Z</time>
      </trkpt>
      <trkpt lat="50.111400" lon="10.842936">
        <ele>344.978228</ele>
        <time>2025-08-14T16:14:20.632Z</time>
      </trkpt>
      <trkpt lat="50.111258" lon="10.842817">
        <ele>346.651695</ele>
        <time>2025-08-14T16:14:32.922Z</time>
      </trkpt>
      <trkpt lat="50.110630" lon="10.842686">
        <ele>353.153907</ele>
        <time>2025-08-14T16:15:20.986Z</time>
      </trkpt>
      <trkpt lat="50.110426" lon="10.842541">
        <ele>355.380385</ele>
        <time>2025-08-14T16:15:38.197Z</time>
      </trkpt>
      <trkpt lat="50.110288" lon="10.842356">
        <ele>357.187722</ele>
        <time>2025-08-14T16:15:52.235Z</time>
      </trkpt>
      <trkpt lat="50.110053" lon="10.842008">
        <ele>360.406245</ele>
        <time>2025-08-14T16:16:16.675Z</time>
      </trkpt>
      <trkpt lat="50.109709" lon="10.841596">
        <ele>364.713945</ele>
        <time>2025-08-14T16:16:47.468Z</time>
      </trkpt>
      <trkpt lat="50.109033" lon="10.841061">
        <ele>371.504582</ele>
        <time>2025-08-14T16:17:38.243Z</time>
      </trkpt>
      <trkpt lat="50.109033" lon="10.841061">
        <ele>371.504582</ele>
        <time>2025-08-14T16:17:38.267Z</time>
      </trkpt>
      <trkpt lat="50.107949" lon="10.840013">
        <ele>380.928344</ele>
        <time>2025-08-14T16:18:55.286Z</time>
      </trkpt>
      <trkpt lat="50.107470" lon="10.839659">
        <ele>383.404951</ele>
        <time>2025-08-14T16:19:21.183Z</time>
      </trkpt>
      <trkpt lat="50.106861" lon="10.839365">
        <ele>385.026027</ele>
        <time>2025-08-14T16:19:46.355Z</time>
      </trkpt>
      <trkpt lat="50.106858" lon="10.838690">
        <ele>386.126862</ele>
        <time>2025-08-14T16:19:59.616Z</time>
      </trkpt>
      <trkpt lat="50.106815" lon="10.835102">
        <ele>385.768897</ele>
        <time>2025-08-14T16:20:47.398Z</time>
      </trkpt>
      <trkpt lat="50.106353" lon="10.834503">
        <ele>384.150249</ele>
        <time>2025-08-14T16:20:58.074Z</time>
      </trkpt>
      <trkpt lat="50.106035" lon="10.834117">
        <ele>383.064600</ele>
        <time>2025-08-14T16:21:04.958Z</time>
      </trkpt>
      <trkpt lat="50.104978" lon="10.833067">
        <ele>380.080166</ele>
        <time>2025-08-14T16:21:26.192Z</time>
      </trkpt>
      <trkpt lat="50.104941" lon="10.832970">
        <ele>379.938639</ele>
        <time>2025-08-14T16:21:27.488Z</time>
      </trkpt>
      <trkpt lat="50.104989" lon="10.832680">
        <ele>379.563054</ele>
        <time>2025-08-14T16:21:31.021Z</time>
      </trkpt>
      <trkpt lat="50.105046" lon="10.832260">
        <ele>379.024698</ele>
        <time>2025-08-14T16:21:36.268Z</time>
      </trkpt>
      <trkpt lat="50.105063" lon="10.831241">
        <ele>377.746407</ele>
        <time>2025-08-14T16:21:49.451Z</time>
      </trkpt>
      <trkpt lat="50.105102" lon="10.830863">
        <ele>377.091758</ele>
        <time>2025-08-14T16:21:54.463Z</time>
      </trkpt>
      <trkpt lat="50.105179" lon="10.830535">
        <ele>376.425059</ele>
        <time>2025-08-14T16:21:58.895Z</time>
      </trkpt>
      <trkpt lat="50.105405" lon="10.830001">
        <ele>375.203867</ele>
        <time>2025-08-14T16:22:06.549Z</time>
      </trkpt>
      <trkpt lat="50.106770" lon="10.827017">
        <ele>365.946206</ele>
        <time>2025-08-14T16:22:44.718Z</time>
      </trkpt>
      <trkpt lat="50.106963" lon="10.826664">
        <ele>364.565150</ele>
        <time>2025-08-14T16:22:49.375Z</time>
      </trkpt>
      <trkpt lat="50.107168" lon="10.826409">
        <ele>363.372043</ele>
        <time>2025-08-14T16:22:53.486Z</time>
      </trkpt>
      <trkpt lat="50.107473" lon="10.826123">
        <ele>361.792773</ele>
        <time>2025-08-14T16:22:59.079Z</time>
      </trkpt>
      <trkpt lat="50.107741" lon="10.825928">
        <ele>360.480466</ele>
        <time>2025-08-14T16:23:03.765Z</time>
      </trkpt>
      <trkpt lat="50.108387" lon="10.825417">
        <ele>357.266192</ele>
        <time>2025-08-14T16:23:15.573Z</time>
      </trkpt>
      <trkpt lat="50.108730" lon="10.825063">
        <ele>355.656573</ele>
        <time>2025-08-14T16:23:22.478Z</time>
      </trkpt>
      <trkpt lat="50.108944" lon="10.824762">
        <ele>354.957030</ele>
        <time>2025-08-14T16:23:27.415Z</time>
      </trkpt>
      <trkpt lat="50.109489" lon="10.823713">
        <ele>352.855493</ele>
        <time>2025-08-14T16:23:42.499Z</time>
      </trkpt>
      <trkpt lat="50.109570" lon="10.823427">
        <ele>352.368809</ele>
        <time>2025-08-14T16:23:46.415Z</time>
      </trkpt>
      <trkpt lat="50.109567" lon="10.823113">
        <ele>351.879965</ele>
        <time>2025-08-14T16:23:50.449Z</time>
      </trkpt>
      <trkpt lat="50.109539" lon="10.822898">
        <ele>351.554543</ele>
        <time>2025-08-14T16:23:53.343Z</time>
      </trkpt>
      <trkpt lat="50.109584" lon="10.822888">
        <ele>351.584349</ele>
        <time>2025-08-14T16:23:54.288Z</time>
      </trkpt>
      <trkpt lat="50.109681" lon="10.822796">
        <ele>351.658797</ele>
        <time>2025-08-14T16:23:56.862Z</time>
      </trkpt>
      <trkpt lat="50.109788" lon="10.822571">
        <ele>351.776591</ele>
        <time>2025-08-14T16:24:01.133Z</time>
      </trkpt>
      <trkpt lat="50.110226" lon="10.821064">
        <ele>352.472369</ele>
        <time>2025-08-14T16:24:30.823Z</time>
      </trkpt>
      <trkpt lat="50.110333" lon="10.820544">
        <ele>352.702022</ele>
        <time>2025-08-14T16:24:42.842Z</time>
      </trkpt>
      <trkpt lat="50.110490" lon="10.819766">
        <ele>354.335347</ele>
        <time>2025-08-14T16:25:01.849Z</time>
      </trkpt>
      <trkpt lat="50.110843" lon="10.817389">
        <ele>359.841604</ele>
        <time>2025-08-14T16:26:10.611Z</time>
      </trkpt>
      <trkpt lat="50.110971" lon="10.816778">
        <ele>361.674352</ele>
        <time>2025-08-14T16:26:30.262Z</time>
      </trkpt>
      <trkpt lat="50.111050" lon="10.816211">
        <ele>363.328756</ele>
        <time>2025-08-14T16:26:48.030Z</time>
      </trkpt>
      <trkpt lat="50.111090" lon="10.813915">
        <ele>369.673631</ele>
        <time>2025-08-14T16:27:58.527Z</time>
      </trkpt>
      <trkpt lat="50.111075" lon="10.812350">
        <ele>373.845498</ele>
        <time>2025-08-14T16:28:45.078Z</time>
      </trkpt>
      <trkpt lat="50.111042" lon="10.811984">
        <ele>374.316425</ele>
        <time>2025-08-14T16:28:54.765Z</time>
      </trkpt>
      <trkpt lat="50.110995" lon="10.811813">
        <ele>374.393323</ele>
        <time>2025-08-14T16:28:59.284Z</time>
      </trkpt>
      <trkpt lat="50.110555" lon="10.810944">
        <ele>374.850965</ele>
        <time>2025-08-14T16:29:20.952Z</time>
      </trkpt>
      <trkpt lat="50.108658" lon="10.807759">
        <ele>374.781126</ele>
        <time>2025-08-14T16:30:22.549Z</time>
      </trkpt>
      <trkpt lat="50.108520" lon="10.807379">
        <ele>375.905883</ele>
        <time>2025-08-14T16:30:33.919Z</time>
      </trkpt>
      <trkpt lat="50.108428" lon="10.806890">
        <ele>377.218441</ele>
        <time>2025-08-14T16:30:49.431Z</time>
      </trkpt>
      <trkpt lat="50.108419" lon="10.806553">
        <ele>378.087181</ele>
        <time>2025-08-14T16:31:00.944Z</time>
      </trkpt>
      <trkpt lat="50.108447" lon="10.805943">
        <ele>379.662335</ele>
        <time>2025-08-14T16:31:23.597Z</time>
      </trkpt>
      <trkpt lat="50.108477" lon="10.805397">
        <ele>381.073780</ele>
        <time>2025-08-14T16:31:43.118Z</time>
      </trkpt>
      <trkpt lat="50.108544" lon="10.804832">
        <ele>381.514217</ele>
        <time>2025-08-14T16:32:00.985Z</time>
      </trkpt>
      <trkpt lat="50.108682" lon="10.804343">
        <ele>381.714296</ele>
        <time>2025-08-14T16:32:14.465Z</time>
      </trkpt>
      <trkpt lat="50.107835" lon="10.803898">
        <ele>382.236221</ele>
        <time>2025-08-14T16:32:35.730Z</time>
      </trkpt>
      <trkpt lat="50.107333" lon="10.803596">
        <ele>380.384485</ele>
        <time>2025-08-14T16:32:45.757Z</time>
      </trkpt>
      <trkpt lat="50.106988" lon="10.803628">
        <ele>377.900491</ele>
        <time>2025-08-14T16:32:51.874Z</time>
      </trkpt>
      <trkpt lat="50.106630" lon="10.803726">
        <ele>375.288092</ele>
        <time>2025-08-14T16:32:58.098Z</time>
      </trkpt>
      <trkpt lat="50.106281" lon="10.803778">
        <ele>372.768306</ele>
        <time>2025-08-14T16:33:03.891Z</time>
      </trkpt>
      <trkpt lat="50.105740" lon="10.804075">
        <ele>368.001879</ele>
        <time>2025-08-14T16:33:13.057Z</time>
      </trkpt>
      <trkpt lat="50.104776" lon="10.804331">
        <ele>355.414219</ele>
        <time>2025-08-14T16:33:28.222Z</time>
      </trkpt>
      <trkpt lat="50.103955" lon="10.804901">
        <ele>343.761886</ele>
        <time>2025-08-14T16:33:41.937Z</time>
      </trkpt>
      <trkpt lat="50.103707" lon="10.805127">
        <ele>339.938544</ele>
        <time>2025-08-14T16:33:46.300Z</time>
      </trkpt>
      <trkpt lat="50.103256" lon="10.805751">
        <ele>331.912915</ele>
        <time>2025-08-14T16:33:55.503Z</time>
      </trkpt>
      <trkpt lat="50.103031" lon="10.805996">
        <ele>328.260105</ele>
        <time>2025-08-14T16:33:59.738Z</time>
      </trkpt>
      <trkpt lat="50.102850" lon="10.806145">
        <ele>325.535819</ele>
        <time>2025-08-14T16:34:02.915Z</time>
      </trkpt>
      <trkpt lat="50.102677" lon="10.806224">
        <ele>323.136475</ele>
        <time>2025-08-14T16:34:05.734Z</time>
      </trkpt>
      <trkpt lat="50.102354" lon="10.806253">
        <ele>320.260285</ele>
        <time>2025-08-14T16:34:10.855Z</time>
      </trkpt>
      <trkpt lat="50.102215" lon="10.806271">
        <ele>319.154281</ele>
        <time>2025-08-14T16:34:12.842Z</time>
      </trkpt>
      <trkpt lat="50.101936" lon="10.806588">
        <ele>316.416751</ele>
        <time>2025-08-14T16:34:17.828Z</time>
      </trkpt>
      <trkpt lat="50.101841" lon="10.806751">
        <ele>315.296572</ele>
        <time>2025-08-14T16:34:19.909Z</time>
      </trkpt>
      <trkpt lat="50.101652" lon="10.806409">
        <ele>313.000513</ele>
        <time>2025-08-14T16:34:24.248Z</time>
      </trkpt>
      <trkpt lat="50.100676" lon="10.804705">
        <ele>303.214634</ele>
        <time>2025-08-14T16:34:47.227Z</time>
      </trkpt>
      <trkpt lat="50.100536" lon="10.804396">
        <ele>301.815127</ele>
        <time>2025-08-14T16:34:51.001Z</time>
      </trkpt>
      <trkpt lat="50.100490" lon="10.804234">
        <ele>301.159732</ele>
        <time>2025-08-14T16:34:52.770Z</time>
      </trkpt>
      <trkpt lat="50.100405" lon="10.803736">
        <ele>299.253330</ele>
        <time>2025-08-14T16:34:57.859Z</time>
      </trkpt>
      <trkpt lat="50.100321" lon="10.802505">
        <ele>294.217743</ele>
        <time>2025-08-14T16:35:09.921Z</time>
      </trkpt>
      <trkpt lat="50.100191" lon="10.801858">
        <ele>291.335644</ele>
        <time>2025-08-14T16:35:16.450Z</time>
      </trkpt>
      <trkpt lat="50.100181" lon="10.801812">
        <ele>291.129178</ele>
        <time>2025-08-14T16:35:16.911Z</time>
      </trkpt>
      <trkpt lat="50.099909" lon="10.800548">
        <ele>285.531511</ele>
        <time>2025-08-14T16:35:29.816Z</time>
      </trkpt>
      <trkpt lat="50.099852" lon="10.800019">
        <ele>283.704939</ele>
        <time>2025-08-14T16:35:35.076Z</time>
      </trkpt>
      <trkpt lat="50.099782" lon="10.799280">
        <ele>281.161226</ele>
        <time>2025-08-14T16:35:42.515Z</time>
      </trkpt>
      <trkpt lat="50.099594" lon="10.797949">
        <ele>276.520347</ele>
        <time>2025-08-14T16:35:56.601Z</time>
      </trkpt>
      <trkpt lat="50.099465" lon="10.797018">
        <ele>273.895887</ele>
        <time>2025-08-14T16:36:06.491Z</time>
      </trkpt>
      <trkpt lat="50.099376" lon="10.796413">
        <ele>272.220153</ele>
        <time>2025-08-14T16:36:12.958Z</time>
      </trkpt>
      <trkpt lat="50.099257" lon="10.795753">
        <ele>270.369280</ele>
        <time>2025-08-14T16:36:20.139Z</time>
      </trkpt>
      <trkpt lat="50.099195" lon="10.795407">
        <ele>269.399409</ele>
        <time>2025-08-14T16:36:23.931Z</time>
      </trkpt>
      <trkpt lat="50.099241" lon="10.795305">
        <ele>269.062791</ele>
        <time>2025-08-14T16:36:25.243Z</time>
      </trkpt>
      <trkpt lat="50.099240" lon="10.795229">
        <ele>268.857568</ele>
        <time>2025-08-14T16:36:26.039Z</time>
      </trkpt>
      <trkpt lat="50.099220" lon="10.795169">
        <ele>268.687194</ele>
        <time>2025-08-14T16:36:26.754Z</time>
      </trkpt>
      <trkpt lat="50.099136" lon="10.795109">
        <ele>268.544358</ele>
        <time>2025-08-14T16:36:28.272Z</time>
      </trkpt>
      <trkpt lat="50.099096" lon="10.794733">
        <ele>268.166414</ele>
        <time>2025-08-14T16:36:32.329Z</time>
      </trkpt>
      <trkpt lat="50.099055" lon="10.794457">
        <ele>267.885483</ele>
        <time>2025-08-14T16:36:35.485Z</time>
      </trkpt>
      <trkpt lat="50.099001" lon="10.793997">
        <ele>267.421759</ele>
        <time>2025-08-14T16:36:41.026Z</time>
      </trkpt>
      <trkpt lat="50.099006" lon="10.793838">
        <ele>267.263901</ele>
        <time>2025-08-14T16:36:43.022Z</time>
      </trkpt>
      <trkpt lat="50.099009" lon="10.793720">
        <ele>267.146797</ele>
        <time>2025-08-14T16:36:44.541Z</time>
      </trkpt>
      <trkpt lat="50.099084" lon="10.793659">
        <ele>267.016025</ele>
        <time>2025-08-14T16:36:46.269Z</time>
      </trkpt>
      <trkpt lat="50.099105" lon="10.793547">
        <ele>266.900316</ele>
        <time>2025-08-14T16:36:47.833Z</time>
      </trkpt>
      <trkpt lat="50.099095" lon="10.793493">
        <ele>266.844582</ele>
        <time>2025-08-14T16:36:48.588Z</time>
      </trkpt>
      <trkpt lat="50.099040" lon="10.793416">
        <ele>266.730305</ele>
        <time>2025-08-14T16:36:50.141Z</time>
      </trkpt>
      <trkpt lat="50.098961" lon="10.793421">
        <ele>266.608080</ele>
        <time>2025-08-14T16:36:51.841Z</time>
      </trkpt>
      <trkpt lat="50.098916" lon="10.793487">
        <ele>266.512567</ele>
        <time>2025-08-14T16:36:53.211Z</time>
      </trkpt>
      <trkpt lat="50.098906" lon="10.793594">
        <ele>266.405343</ele>
        <time>2025-08-14T16:36:54.784Z</time>
      </trkpt>
      <trkpt lat="50.098830" lon="10.793603">
        <ele>266.287517</ele>
        <time>2025-08-14T16:36:56.575Z</time>
      </trkpt>
      <trkpt lat="50.098567" lon="10.793635">
        <ele>265.916491</ele>
        <time>2025-08-14T16:37:03.154Z</time>
      </trkpt>
      <trkpt lat="50.098220" lon="10.793670">
        <ele>265.959444</ele>
        <time>2025-08-14T16:37:11.535Z</time>
      </trkpt>
      <trkpt lat="50.097664" lon="10.793733">
        <ele>266.028304</ele>
        <time>2025-08-14T16:37:24.252Z</time>
      </trkpt>
      <trkpt lat="50.097642" lon="10.793736">
        <ele>266.031032</ele>
        <time>2025-08-14T16:37:24.721Z</time>
      </trkpt>
      <trkpt lat="50.097316" lon="10.793954">
        <ele>266.074849</ele>
        <time>2025-08-14T16:37:32.326Z</time>
      </trkpt>
      <trkpt lat="50.097148" lon="10.794000">
        <ele>266.095919</ele>
        <time>2025-08-14T16:37:36.081Z</time>
      </trkpt>
      <trkpt lat="50.097104" lon="10.794017">
        <ele>266.101519</ele>
        <time>2025-08-14T16:37:37.109Z</time>
      </trkpt>
      <trkpt lat="50.096864" lon="10.794095">
        <ele>266.131802</ele>
        <time>2025-08-14T16:37:42.771Z</time>
      </trkpt>
      <trkpt lat="50.096806" lon="10.794114">
        <ele>266.170642</ele>
        <time>2025-08-14T16:37:44.202Z</time>
      </trkpt>
      <trkpt lat="50.096590" lon="10.794163">
        <ele>266.465074</ele>
        <time>2025-08-14T16:37:49.362Z</time>
      </trkpt>
      <trkpt lat="50.096551" lon="10.794170">
        <ele>266.518029</ele>
        <time>2025-08-14T16:37:50.221Z</time>
      </trkpt>
      <trkpt lat="50.096362" lon="10.794208">
        <ele>266.775083</ele>
        <time>2025-08-14T16:37:54.766Z</time>
      </trkpt>
      <trkpt lat="50.096314" lon="10.794209">
        <ele>266.839836</ele>
        <time>2025-08-14T16:37:56.032Z</time>
      </trkpt>
      <trkpt lat="50.096166" lon="10.794211">
        <ele>267.039481</ele>
        <time>2025-08-14T16:38:00.181Z</time>
      </trkpt>
      <trkpt lat="50.095996" lon="10.794213">
        <ele>267.268801</ele>
        <time>2025-08-14T16:38:05.194Z</time>
      </trkpt>
      <trkpt lat="50.095906" lon="10.794165">
        <ele>267.397111</ele>
        <time>2025-08-14T16:38:08.234Z</time>
      </trkpt>
      <trkpt lat="50.095847" lon="10.794090">
        <ele>267.499804</ele>
        <time>2025-08-14T16:38:10.771Z</time>
      </trkpt>
      <trkpt lat="50.095766" lon="10.793987">
        <ele>267.640807</ele>
        <time>2025-08-14T16:38:14.577Z</time>
      </trkpt>
      <trkpt lat="50.095736" lon="10.793933">
        <ele>267.702622</ele>
        <time>2025-08-14T16:38:16.250Z</time>
      </trkpt>
      <trkpt lat="50.095688" lon="10.793809">
        <ele>267.827945</ele>
        <time>2025-08-14T16:38:19.753Z</time>
      </trkpt>
      <trkpt lat="50.095608" lon="10.793491">
        <ele>268.123523</ele>
        <time>2025-08-14T16:38:27.666Z</time>
      </trkpt>
      <trkpt lat="50.095369" lon="10.793492">
        <ele>268.445912</ele>
        <time>2025-08-14T16:38:35.471Z</time>
      </trkpt>
      <trkpt lat="50.095259" lon="10.793493">
        <ele>268.542029</ele>
        <time>2025-08-14T16:38:38.866Z</time>
      </trkpt>
      <trkpt lat="50.095134" lon="10.793494">
        <ele>268.436567</ele>
        <time>2025-08-14T16:38:42.438Z</time>
      </trkpt>
      <trkpt lat="50.094982" lon="10.793515">
        <ele>268.307825</ele>
        <time>2025-08-14T16:38:46.317Z</time>
      </trkpt>
      <trkpt lat="50.094817" lon="10.793548">
        <ele>268.167475</ele>
        <time>2025-08-14T16:38:50.318Z</time>
      </trkpt>
      <trkpt lat="50.094798" lon="10.793458">
        <ele>268.116194</ele>
        <time>2025-08-14T16:38:54.578Z</time>
      </trkpt>
      <trkpt lat="50.094817" lon="10.793548">
        <ele>268.064913</ele>
        <time>2025-08-14T16:38:58.839Z</time>
      </trkpt>
      <trkpt lat="50.094982" lon="10.793515">
        <ele>267.924564</ele>
        <time>2025-08-14T16:39:02.492Z</time>
      </trkpt>
      <trkpt lat="50.095134" lon="10.793494">
        <ele>267.795821</ele>
        <time>2025-08-14T16:39:05.731Z</time>
      </trkpt>
      <trkpt lat="50.095259" lon="10.793493">
        <ele>267.690359</ele>
        <time>2025-08-14T16:39:08.199Z</time>
      </trkpt>
      <trkpt lat="50.095369" lon="10.793492">
        <ele>267.597552</ele>
        <time>2025-08-14T16:39:10.251Z</time>
      </trkpt>
      <trkpt lat="50.095608" lon="10.793491">
        <ele>267.395911</ele>
        <time>2025-08-14T16:39:14.609Z</time>
      </trkpt>
      <trkpt lat="50.095536" lon="10.793188">
        <ele>267.221029</ele>
        <time>2025-08-14T16:39:18.225Z</time>
      </trkpt>
      <trkpt lat="50.095526" lon="10.793145">
        <ele>267.196274</ele>
        <time>2025-08-14T16:39:18.737Z</time>
      </trkpt>
      <trkpt lat="50.095426" lon="10.792786">
        <ele>266.831539</ele>
        <time>2025-08-14T16:39:23.046Z</time>
      </trkpt>
      <trkpt lat="50.095403" lon="10.792701">
        <ele>266.654806</ele>
        <time>2025-08-14T16:39:24.062Z</time>
      </trkpt>
      <trkpt lat="50.095285" lon="10.792326">
        <ele>265.854622</ele>
        <time>2025-08-14T16:39:28.618Z</time>
      </trkpt>
      <trkpt lat="50.095162" lon="10.792171">
        <ele>265.382288</ele>
        <time>2025-08-14T16:39:31.284Z</time>
      </trkpt>
      <trkpt lat="50.095097" lon="10.792148">
        <ele>265.183238</ele>
        <time>2025-08-14T16:39:32.416Z</time>
      </trkpt>
      <trkpt lat="50.094833" lon="10.792199">
        <ele>264.388814</ele>
        <time>2025-08-14T16:39:36.979Z</time>
      </trkpt>
      <trkpt lat="50.094714" lon="10.792181">
        <ele>264.031771</ele>
        <time>2025-08-14T16:39:39.014Z</time>
      </trkpt>
      <trkpt lat="50.094668" lon="10.792166">
        <ele>263.891426</ele>
        <time>2025-08-14T16:39:39.809Z</time>
      </trkpt>
      <trkpt lat="50.094574" lon="10.791948">
        <ele>263.388209</ele>
        <time>2025-08-14T16:39:42.703Z</time>
      </trkpt>
      <trkpt lat="50.094463" lon="10.791679">
        <ele>262.775455</ele>
        <time>2025-08-14T16:39:46.268Z</time>
      </trkpt>
      <trkpt lat="50.094200" lon="10.791226">
        <ele>261.639143</ele>
        <time>2025-08-14T16:39:53.236Z</time>
      </trkpt>
      <trkpt lat="50.094141" lon="10.791123">
        <ele>261.506906</ele>
        <time>2025-08-14T16:39:54.781Z</time>
      </trkpt>
      <trkpt lat="50.094123" lon="10.791091">
        <ele>261.466150</ele>
        <time>2025-08-14T16:39:55.263Z</time>
      </trkpt>
      <trkpt lat="50.094046" lon="10.790954">
        <ele>261.291722</ele>
        <time>2025-08-14T16:39:57.288Z</time>
      </trkpt>
      <trkpt lat="50.094013" lon="10.790894">
        <ele>261.216036</ele>
        <time>2025-08-14T16:39:58.180Z</time>
      </trkpt>
      <trkpt lat="50.093896" lon="10.790544">
        <ele>260.838081</ele>
        <time>2025-08-14T16:40:02.602Z</time>
      </trkpt>
      <trkpt lat="50.093866" lon="10.790442">
        <ele>260.730623</ele>
        <time>2025-08-14T16:40:03.895Z</time>
      </trkpt>
      <trkpt lat="50.093854" lon="10.790400">
        <ele>260.686592</ele>
        <time>2025-08-14T16:40:04.427Z</time>
      </trkpt>
      <trkpt lat="50.093835" lon="10.790332">
        <ele>260.615563</ele>
        <time>2025-08-14T16:40:05.281Z</time>
      </trkpt>
      <trkpt lat="50.093738" lon="10.789972">
        <ele>260.241631</ele>
        <time>2025-08-14T16:40:09.951Z</time>
      </trkpt>
      <trkpt lat="50.093719" lon="10.789903">
        <ele>260.169722</ele>
        <time>2025-08-14T16:40:10.867Z</time>
      </trkpt>
      <trkpt lat="50.093649" lon="10.789644">
        <ele>259.900575</ele>
        <time>2025-08-14T16:40:14.341Z</time>
      </trkpt>
      <trkpt lat="50.093626" lon="10.789557">
        <ele>259.810461</ele>
        <time>2025-08-14T16:40:15.551Z</time>
      </trkpt>
      <trkpt lat="50.093603" lon="10.789474">
        <ele>259.723876</ele>
        <time>2025-08-14T16:40:16.686Z</time>
      </trkpt>
      <trkpt lat="50.093312" lon="10.788405">
        <ele>259.356503</ele>
        <time>2025-08-14T16:40:32.891Z</time>
      </trkpt>
      <trkpt lat="50.093245" lon="10.788075">
        <ele>259.680595</ele>
        <time>2025-08-14T16:40:38.443Z</time>
      </trkpt>
      <trkpt lat="50.093213" lon="10.787734">
        <ele>260.003280</ele>
        <time>2025-08-14T16:40:44.615Z</time>
      </trkpt>
      <trkpt lat="50.093198" lon="10.787528">
        <ele>260.197402</ele>
        <time>2025-08-14T16:40:48.589Z</time>
      </trkpt>
      <trkpt lat="50.093197" lon="10.787495">
        <ele>260.228336</ele>
        <time>2025-08-14T16:40:49.229Z</time>
      </trkpt>
      <trkpt lat="50.093162" lon="10.786847">
        <ele>260.837223</ele>
        <time>2025-08-14T16:41:02.380Z</time>
      </trkpt>
      <trkpt lat="50.093154" lon="10.786667">
        <ele>261.006166</ele>
        <time>2025-08-14T16:41:06.193Z</time>
      </trkpt>
      <trkpt lat="50.093142" lon="10.786443">
        <ele>261.216634</ele>
        <time>2025-08-14T16:41:11.032Z</time>
      </trkpt>
      <trkpt lat="50.093257" lon="10.786406">
        <ele>261.388015</ele>
        <time>2025-08-14T16:41:14.997Z</time>
      </trkpt>
      <trkpt lat="50.094120" lon="10.786077">
        <ele>263.461349</ele>
        <time>2025-08-14T16:41:48.067Z</time>
      </trkpt>
      <trkpt lat="50.094214" lon="10.786041">
        <ele>263.705048</ele>
        <time>2025-08-14T16:41:52.040Z</time>
      </trkpt>
      <trkpt lat="50.094311" lon="10.786006">
        <ele>263.955719</ele>
        <time>2025-08-14T16:41:56.884Z</time>
      </trkpt>
      <trkpt lat="50.094360" lon="10.785661">
        <ele>264.526437</ele>
        <time>2025-08-14T16:42:05.944Z</time>
      </trkpt>
      <trkpt lat="50.094423" lon="10.785414">
        <ele>264.955753</ele>
        <time>2025-08-14T16:42:12.167Z</time>
      </trkpt>
      <trkpt lat="50.094582" lon="10.785062">
        <ele>265.651075</ele>
        <time>2025-08-14T16:42:21.056Z</time>
      </trkpt>
      <trkpt lat="50.094507" lon="10.784747">
        <ele>266.145135</ele>
        <time>2025-08-14T16:42:27.144Z</time>
      </trkpt>
      <trkpt lat="50.094594" lon="10.784710">
        <ele>266.159545</ele>
        <time>2025-08-14T16:42:29.400Z</time>
      </trkpt>
      <trkpt lat="50.094556" lon="10.784548">
        <ele>266.177228</ele>
        <time>2025-08-14T16:42:32.322Z</time>
      </trkpt>
      <trkpt lat="50.094618" lon="10.784520">
        <ele>266.187543</ele>
        <time>2025-08-14T16:42:36.841Z</time>
      </trkpt>
      <trkpt lat="50.094654" lon="10.784545">
        <ele>266.193841</ele>
        <time>2025-08-14T16:42:39.578Z</time>
      </trkpt>
      <trkpt lat="50.094779" lon="10.784867">
        <ele>266.232423</ele>
        <time>2025-08-14T16:42:56.317Z</time>
      </trkpt>
      <trkpt lat="50.094831" lon="10.784897">
        <ele>266.241284</ele>
        <time>2025-08-14T16:43:00.168Z</time>
      </trkpt>
      <trkpt lat="50.095067" lon="10.785635">
        <ele>266.325817</ele>
        <time>2025-08-14T16:43:11.232Z</time>
      </trkpt>
      <trkpt lat="50.095126" lon="10.785739">
        <ele>266.340049</ele>
        <time>2025-08-14T16:43:13.044Z</time>
      </trkpt>
      <trkpt lat="50.095447" lon="10.785691">
        <ele>266.391580</ele>
        <time>2025-08-14T16:43:19.519Z</time>
      </trkpt>
      <trkpt lat="50.095964" lon="10.785822">
        <ele>266.802093</ele>
        <time>2025-08-14T16:43:31.437Z</time>
      </trkpt>
      <trkpt lat="50.096634" lon="10.785864">
        <ele>267.670182</ele>
        <time>2025-08-14T16:43:51.746Z</time>
      </trkpt>
      <trkpt lat="50.096706" lon="10.785951">
        <ele>267.788118</ele>
        <time>2025-08-14T16:43:54.690Z</time>
      </trkpt>
      <trkpt lat="50.097153" lon="10.785839">
        <ele>268.374236</ele>
        <time>2025-08-14T16:44:09.385Z</time>
      </trkpt>
      <trkpt lat="50.097829" lon="10.785644">
        <ele>269.038352</ele>
        <time>2025-08-14T16:44:31.677Z</time>
      </trkpt>
      <trkpt lat="50.098528" lon="10.785212">
        <ele>269.577605</ele>
        <time>2025-08-14T16:44:52.599Z</time>
      </trkpt>
      <trkpt lat="50.099678" lon="10.784640">
        <ele>269.703541</ele>
        <time>2025-08-14T16:45:18.476Z</time>
      </trkpt>
      <trkpt lat="50.100256" lon="10.784206">
        <ele>269.303240</ele>
        <time>2025-08-14T16:45:41.163Z</time>
      </trkpt>
      <trkpt lat="50.100380" lon="10.784114">
        <ele>269.217554</ele>
        <time>2025-08-14T16:45:43.963Z</time>
      </trkpt>
      <trkpt lat="50.100502" lon="10.783784">
        <ele>269.065109</ele>
        <time>2025-08-14T16:45:52.429Z</time>
      </trkpt>
      <trkpt lat="50.100544" lon="10.783493">
        <ele>268.945729</ele>
        <time>2025-08-14T16:45:58.975Z</time>
      </trkpt>
      <trkpt lat="50.100544" lon="10.783246">
        <ele>268.794450</ele>
        <time>2025-08-14T16:46:04.406Z</time>
      </trkpt>
      <trkpt lat="50.100505" lon="10.782920">
        <ele>268.573163</ele>
        <time>2025-08-14T16:46:11.701Z</time>
      </trkpt>
      <trkpt lat="50.100505" lon="10.782920">
        <ele>268.573163</ele>
        <time>2025-08-14T16:46:11.713Z</time>
      </trkpt>
      <trkpt lat="50.100200" lon="10.781776">
        <ele>267.746468</ele>
        <time>2025-08-14T16:46:39.125Z</time>
      </trkpt>
      <trkpt lat="50.100109" lon="10.781543">
        <ele>267.564436</ele>
        <time>2025-08-14T16:46:45.207Z</time>
      </trkpt>
      <trkpt lat="50.099954" lon="10.781251">
        <ele>267.311519</ele>
        <time>2025-08-14T16:46:53.734Z</time>
      </trkpt>
      <trkpt lat="50.099535" lon="10.780096">
        <ele>266.796677</ele>
        <time>2025-08-14T16:47:22.278Z</time>
      </trkpt>
      <trkpt lat="50.099484" lon="10.779898">
        <ele>266.738288</ele>
        <time>2025-08-14T16:47:27.002Z</time>
      </trkpt>
      <trkpt lat="50.099457" lon="10.779639">
        <ele>266.666482</ele>
        <time>2025-08-14T16:47:32.870Z</time>
      </trkpt>
      <trkpt lat="50.099739" lon="10.779302">
        <ele>266.514897</ele>
        <time>2025-08-14T16:47:40.166Z</time>
      </trkpt>
      <trkpt lat="50.100069" lon="10.778987">
        <ele>266.349820</ele>
        <time>2025-08-14T16:47:48.797Z</time>
      </trkpt>
      <trkpt lat="50.100226" lon="10.778869">
        <ele>266.367631</ele>
        <time>2025-08-14T16:47:53.504Z</time>
      </trkpt>
      <trkpt lat="50.100405" lon="10.778734">
        <ele>266.961312</ele>
        <time>2025-08-14T16:47:59.267Z</time>
      </trkpt>
      <trkpt lat="50.100705" lon="10.778280">
        <ele>268.209599</ele>
        <time>2025-08-14T16:48:14.722Z</time>
      </trkpt>
      <trkpt lat="50.100811" lon="10.778154">
        <ele>268.607575</ele>
        <time>2025-08-14T16:48:20.265Z</time>
      </trkpt>
      <trkpt lat="50.100972" lon="10.777954">
        <ele>269.222201</ele>
        <time>2025-08-14T16:48:29.160Z</time>
      </trkpt>
      <trkpt lat="50.101343" lon="10.777653">
        <ele>270.470887</ele>
        <time>2025-08-14T16:48:46.643Z</time>
      </trkpt>
      <trkpt lat="50.101548" lon="10.777570">
        <ele>271.103245</ele>
        <time>2025-08-14T16:48:55.463Z</time>
      </trkpt>
      <trkpt lat="50.101944" lon="10.777506">
        <ele>272.285792</ele>
        <time>2025-08-14T16:49:11.743Z</time>
      </trkpt>
      <trkpt lat="50.102328" lon="10.777498">
        <ele>273.421361</ele>
        <time>2025-08-14T16:49:26.091Z</time>
      </trkpt>
      <trkpt lat="50.102398" lon="10.777472">
        <ele>273.634140</ele>
        <time>2025-08-14T16:49:28.669Z</time>
      </trkpt>
      <trkpt lat="50.102411" lon="10.777324">
        <ele>273.917462</ele>
        <time>2025-08-14T16:49:32.688Z</time>
      </trkpt>
      <trkpt lat="50.102578" lon="10.776784">
        <ele>275.054475</ele>
        <time>2025-08-14T16:49:48.356Z</time>
      </trkpt>
      <trkpt lat="50.102672" lon="10.776579">
        <ele>275.532419</ele>
        <time>2025-08-14T16:49:54.823Z</time>
      </trkpt>
      <trkpt lat="50.103413" lon="10.775288">
        <ele>279.796981</ele>
        <time>2025-08-14T16:50:44.313Z</time>
      </trkpt>
      <trkpt lat="50.104483" lon="10.773398">
        <ele>287.779478</ele>
        <time>2025-08-14T16:52:14.546Z</time>
      </trkpt>
      <trkpt lat="50.105351" lon="10.771492">
        <ele>296.649354</ele>
        <time>2025-08-14T16:53:47.398Z</time>
      </trkpt>
      <trkpt lat="50.105417" lon="10.771375">
        <ele>297.135179</ele>
        <time>2025-08-14T16:53:52.962Z</time>
      </trkpt>
      <trkpt lat="50.106022" lon="10.770853">
        <ele>300.496610</ele>
        <time>2025-08-14T16:54:30.039Z</time>
      </trkpt>
      <trkpt lat="50.106151" lon="10.770711">
        <ele>301.264267</ele>
        <time>2025-08-14T16:54:38.254Z</time>
      </trkpt>
      <trkpt lat="50.106527" lon="10.770105">
        <ele>303.893176</ele>
        <time>2025-08-14T16:55:05.030Z</time>
      </trkpt>
      <trkpt lat="50.106608" lon="10.769912">
        <ele>304.612316</ele>
        <time>2025-08-14T16:55:12.510Z</time>
      </trkpt>
      <trkpt lat="50.106641" lon="10.769745">
        <ele>305.055451</ele>
        <time>2025-08-14T16:55:18.356Z</time>
      </trkpt>
      <trkpt lat="50.106594" lon="10.769270">
        <ele>306.218696</ele>
        <time>2025-08-14T16:55:34.624Z</time>
      </trkpt>
      <trkpt lat="50.106366" lon="10.767784">
        <ele>309.916762</ele>
        <time>2025-08-14T16:56:23.259Z</time>
      </trkpt>
      <trkpt lat="50.106288" lon="10.767262">
        <ele>311.214004</ele>
        <time>2025-08-14T16:56:36.558Z</time>
      </trkpt>
      <trkpt lat="50.106269" lon="10.766996">
        <ele>311.691207</ele>
        <time>2025-08-14T16:56:43.034Z</time>
      </trkpt>
      <trkpt lat="50.106280" lon="10.766818">
        <ele>311.925378</ele>
        <time>2025-08-14T16:56:47.303Z</time>
      </trkpt>
      <trkpt lat="50.106350" lon="10.766478">
        <ele>312.392986</ele>
        <time>2025-08-14T16:56:55.695Z</time>
      </trkpt>
      <trkpt lat="50.106841" lon="10.764856">
        <ele>314.741683</ele>
        <time>2025-08-14T16:57:34.765Z</time>
      </trkpt>
      <trkpt lat="50.107620" lon="10.762659">
        <ele>316.950980</ele>
        <time>2025-08-14T16:58:26.592Z</time>
      </trkpt>
      <trkpt lat="50.107886" lon="10.762136">
        <ele>317.462859</ele>
        <time>2025-08-14T16:58:39.072Z</time>
      </trkpt>
      <trkpt lat="50.108642" lon="10.760911">
        <ele>317.759414</ele>
        <time>2025-08-14T16:59:06.716Z</time>
      </trkpt>
      <trkpt lat="50.108816" lon="10.760528">
        <ele>317.841288</ele>
        <time>2025-08-14T16:59:13.855Z</time>
      </trkpt>
      <trkpt lat="50.108908" lon="10.760164">
        <ele>317.909536</ele>
        <time>2025-08-14T16:59:19.993Z</time>
      </trkpt>
      <trkpt lat="50.108945" lon="10.759798">
        <ele>318.081371</ele>
        <time>2025-08-14T16:59:26.059Z</time>
      </trkpt>
      <trkpt lat="50.108979" lon="10.757051">
        <ele>320.318698</ele>
        <time>2025-08-14T17:00:21.056Z</time>
      </trkpt>
      <trkpt lat="50.108957" lon="10.755656">
        <ele>322.662163</ele>
        <time>2025-08-14T17:00:54.045Z</time>
      </trkpt>
      <trkpt lat="50.108885" lon="10.755165">
        <ele>323.508028</ele>
        <time>2025-08-14T17:01:06.992Z</time>
      </trkpt>
      <trkpt lat="50.108652" lon="10.754547">
        <ele>324.711957</ele>
        <time>2025-08-14T17:01:25.817Z</time>
      </trkpt>
      <trkpt lat="50.108329" lon="10.753697">
        <ele>326.769553</ele>
        <time>2025-08-14T17:01:51.805Z</time>
      </trkpt>
      <trkpt lat="50.108249" lon="10.753183">
        <ele>327.886559</ele>
        <time>2025-08-14T17:02:05.678Z</time>
      </trkpt>
      <trkpt lat="50.107903" lon="10.752123">
        <ele>330.398406</ele>
        <time>2025-08-14T17:02:37.182Z</time>
      </trkpt>
      <trkpt lat="50.107806" lon="10.751283">
        <ele>332.578553</ele>
        <time>2025-08-14T17:03:00.053Z</time>
      </trkpt>
      <trkpt lat="50.107807" lon="10.750166">
        <ele>335.550266</ele>
        <time>2025-08-14T17:03:30.749Z</time>
      </trkpt>
      <trkpt lat="50.107778" lon="10.749641">
        <ele>336.952167</ele>
        <time>2025-08-14T17:03:46.118Z</time>
      </trkpt>
      <trkpt lat="50.107627" lon="10.748674">
        <ele>340.832708</ele>
        <time>2025-08-14T17:04:19.889Z</time>
      </trkpt>
      <trkpt lat="50.107655" lon="10.748062">
        <ele>343.910841</ele>
        <time>2025-08-14T17:04:43.728Z</time>
      </trkpt>
      <trkpt lat="50.107744" lon="10.747245">
        <ele>348.068331</ele>
        <time>2025-08-14T17:05:19.611Z</time>
      </trkpt>
      <trkpt lat="50.107895" lon="10.747113">
        <ele>349.422486</ele>
        <time>2025-08-14T17:05:32.011Z</time>
      </trkpt>
      <trkpt lat="50.108690" lon="10.747052">
        <ele>356.114675</ele>
        <time>2025-08-14T17:06:29.486Z</time>
      </trkpt>
      <trkpt lat="50.109021" lon="10.746996">
        <ele>359.079011</ele>
        <time>2025-08-14T17:06:52.374Z</time>
      </trkpt>
      <trkpt lat="50.109284" lon="10.747034">
        <ele>361.430648</ele>
        <time>2025-08-14T17:07:10.074Z</time>
      </trkpt>
      <trkpt lat="50.109778" lon="10.746985">
        <ele>365.837839</ele>
        <time>2025-08-14T17:07:43.361Z</time>
      </trkpt>
      <trkpt lat="50.110021" lon="10.746886">
        <ele>368.074004</ele>
        <time>2025-08-14T17:08:00.526Z</time>
      </trkpt>
      <trkpt lat="50.110583" lon="10.746499">
        <ele>374.218079</ele>
        <time>2025-08-14T17:08:44.453Z</time>
      </trkpt>
      <trkpt lat="50.110687" lon="10.746315">
        <ele>375.798259</ele>
        <time>2025-08-14T17:08:56.081Z</time>
      </trkpt>
      <trkpt lat="50.110490" lon="10.745701">
        <ele>380.221573</ele>
        <time>2025-08-14T17:09:29.568Z</time>
      </trkpt>
      <trkpt lat="50.110298" lon="10.744616">
        <ele>387.484180</ele>
        <time>2025-08-14T17:10:26.528Z</time>
      </trkpt>
      <trkpt lat="50.109786" lon="10.743780">
        <ele>395.005238</ele>
        <time>2025-08-14T17:11:25.980Z</time>
      </trkpt>
      <trkpt lat="50.109233" lon="10.743230">
        <ele>401.659621</ele>
        <time>2025-08-14T17:12:16.807Z</time>
      </trkpt>
      <trkpt lat="50.109043" lon="10.742859">
        <ele>404.674721</ele>
        <time>2025-08-14T17:12:38.373Z</time>
      </trkpt>
      <trkpt lat="50.109006" lon="10.742352">
        <ele>406.233313</ele>
        <time>2025-08-14T17:12:59.017Z</time>
      </trkpt>
      <trkpt lat="50.109052" lon="10.741621">
        <ele>408.476826</ele>
        <time>2025-08-14T17:13:23.533Z</time>
      </trkpt>
      <trkpt lat="50.108872" lon="10.740825">
        <ele>411.054868</ele>
        <time>2025-08-14T17:13:45.101Z</time>
      </trkpt>
      <trkpt lat="50.108472" lon="10.739593">
        <ele>414.520610</ele>
        <time>2025-08-14T17:14:17.090Z</time>
      </trkpt>
      <trkpt lat="50.108455" lon="10.739325">
        <ele>415.048193</ele>
        <time>2025-08-14T17:14:23.640Z</time>
      </trkpt>
      <trkpt lat="50.108510" lon="10.738876">
        <ele>415.943698</ele>
        <time>2025-08-14T17:14:35.252Z</time>
      </trkpt>
      <trkpt lat="50.108726" lon="10.735689">
        <ele>421.571780</ele>
        <time>2025-08-14T17:16:02.806Z</time>
      </trkpt>
      <trkpt lat="50.108826" lon="10.734839">
        <ele>422.954893</ele>
        <time>2025-08-14T17:16:19.785Z</time>
      </trkpt>
      <trkpt lat="50.108835" lon="10.734763">
        <ele>423.078586</ele>
        <time>2025-08-14T17:16:21.207Z</time>
      </trkpt>
      <trkpt lat="50.108927" lon="10.733624">
        <ele>423.166763</ele>
        <time>2025-08-14T17:16:47.656Z</time>
      </trkpt>
      <trkpt lat="50.109040" lon="10.732717">
        <ele>423.173811</ele>
        <time>2025-08-14T17:17:09.671Z</time>
      </trkpt>
      <trkpt lat="50.109042" lon="10.732518">
        <ele>423.175330</ele>
        <time>2025-08-14T17:17:14.582Z</time>
      </trkpt>
      <trkpt lat="50.109027" lon="10.732458">
        <ele>423.175821</ele>
        <time>2025-08-14T17:17:15.955Z</time>
      </trkpt>
      <trkpt lat="50.109042" lon="10.732518">
        <ele>423.176312</ele>
        <time>2025-08-14T17:17:17.802Z</time>
      </trkpt>
      <trkpt lat="50.109040" lon="10.732717">
        <ele>423.177830</ele>
        <time>2025-08-14T17:17:22.455Z</time>
      </trkpt>
      <trkpt lat="50.108927" lon="10.733624">
        <ele>422.037973</ele>
        <time>2025-08-14T17:17:44.320Z</time>
      </trkpt>
      <trkpt lat="50.108835" lon="10.734763">
        <ele>420.076705</ele>
        <time>2025-08-14T17:18:09.325Z</time>
      </trkpt>
      <trkpt lat="50.109062" lon="10.734774">
        <ele>419.471713</ele>
        <time>2025-08-14T17:18:13.480Z</time>
      </trkpt>
      <trkpt lat="50.109334" lon="10.734876">
        <ele>418.726479</ele>
        <time>2025-08-14T17:18:18.385Z</time>
      </trkpt>
      <trkpt lat="50.109631" lon="10.734782">
        <ele>416.839922</ele>
        <time>2025-08-14T17:18:23.614Z</time>
      </trkpt>
      <trkpt lat="50.109817" lon="10.734753">
        <ele>415.196692</ele>
        <time>2025-08-14T17:18:26.761Z</time>
      </trkpt>
      <trkpt lat="50.110169" lon="10.735069">
        <ele>411.626168</ele>
        <time>2025-08-14T17:18:33.421Z</time>
      </trkpt>
      <trkpt lat="50.110435" lon="10.735260">
        <ele>409.051819</ele>
        <time>2025-08-14T17:18:38.124Z</time>
      </trkpt>
      <trkpt lat="50.110909" lon="10.736115">
        <ele>402.680340</ele>
        <time>2025-08-14T17:18:49.769Z</time>
      </trkpt>
      <trkpt lat="50.111374" lon="10.737561">
        <ele>389.753011</ele>
        <time>2025-08-14T17:19:06.243Z</time>
      </trkpt>
      <trkpt lat="50.111832" lon="10.738144">
        <ele>382.360560</ele>
        <time>2025-08-14T17:19:20.689Z</time>
      </trkpt>
      <trkpt lat="50.112917" lon="10.739597">
        <ele>360.538885</ele>
        <time>2025-08-14T17:19:54.792Z</time>
      </trkpt>
      <trkpt lat="50.113404" lon="10.740248">
        <ele>350.976816</ele>
        <time>2025-08-14T17:20:10.304Z</time>
      </trkpt>
      <trkpt lat="50.113495" lon="10.740319">
        <ele>349.921534</ele>
        <time>2025-08-14T17:20:12.793Z</time>
      </trkpt>
      <trkpt lat="50.113720" lon="10.740327">
        <ele>347.587485</ele>
        <time>2025-08-14T17:20:18.369Z</time>
      </trkpt>
      <trkpt lat="50.114028" lon="10.740143">
        <ele>344.166891</ele>
        <time>2025-08-14T17:20:26.708Z</time>
      </trkpt>
      <trkpt lat="50.114637" lon="10.739352">
        <ele>335.947257</ele>
        <time>2025-08-14T17:20:47.523Z</time>
      </trkpt>
      <trkpt lat="50.114657" lon="10.739091">
        <ele>334.199167</ele>
        <time>2025-08-14T17:20:52.058Z</time>
      </trkpt>
      <trkpt lat="50.114611" lon="10.738322">
        <ele>330.593301</ele>
        <time>2025-08-14T17:21:05.425Z</time>
      </trkpt>
      <trkpt lat="50.114660" lon="10.737963">
        <ele>329.040484</ele>
        <time>2025-08-14T17:21:11.798Z</time>
      </trkpt>
      <trkpt lat="50.114769" lon="10.737520">
        <ele>327.033093</ele>
        <time>2025-08-14T17:21:20.116Z</time>
      </trkpt>
      <trkpt lat="50.114941" lon="10.737041">
        <ele>324.710549</ele>
        <time>2025-08-14T17:21:29.762Z</time>
      </trkpt>
      <trkpt lat="50.115332" lon="10.736463">
        <ele>321.419586</ele>
        <time>2025-08-14T17:21:44.651Z</time>
      </trkpt>
      <trkpt lat="50.115557" lon="10.736042">
        <ele>321.578221</ele>
        <time>2025-08-14T17:21:55.164Z</time>
      </trkpt>
      <trkpt lat="50.116027" lon="10.735371">
        <ele>321.865853</ele>
        <time>2025-08-14T17:22:18.788Z</time>
      </trkpt>
      <trkpt lat="50.115445" lon="10.735113">
        <ele>322.138972</ele>
        <time>2025-08-14T17:22:51.473Z</time>
      </trkpt>
      <trkpt lat="50.115230" lon="10.734853">
        <ele>322.686719</ele>
        <time>2025-08-14T17:23:08.384Z</time>
      </trkpt>
      <trkpt lat="50.114970" lon="10.734362">
        <ele>324.531533</ele>
        <time>2025-08-14T17:23:35.754Z</time>
      </trkpt>
      <trkpt lat="50.113302" lon="10.732470">
        <ele>332.601541</ele>
        <time>2025-08-14T17:25:36.615Z</time>
      </trkpt>
      <trkpt lat="50.113184" lon="10.731625">
        <ele>334.215600</ele>
        <time>2025-08-14T17:26:04.307Z</time>
      </trkpt>
      <trkpt lat="50.113178" lon="10.731582">
        <ele>334.297733</ele>
        <time>2025-08-14T17:26:05.669Z</time>
      </trkpt>
      <trkpt lat="50.112801" lon="10.729804">
        <ele>335.806480</ele>
        <time>2025-08-14T17:26:56.641Z</time>
      </trkpt>
      <trkpt lat="50.111725" lon="10.725427">
        <ele>336.510381</ele>
        <time>2025-08-14T17:28:45.144Z</time>
      </trkpt>
      <trkpt lat="50.111296" lon="10.725072">
        <ele>338.190860</ele>
        <time>2025-08-14T17:29:08.838Z</time>
      </trkpt>
      <trkpt lat="50.109806" lon="10.726190">
        <ele>344.448328</ele>
        <time>2025-08-14T17:30:50.265Z</time>
      </trkpt>
      <trkpt lat="50.109190" lon="10.727081">
        <ele>348.236671</ele>
        <time>2025-08-14T17:31:43.715Z</time>
      </trkpt>
      <trkpt lat="50.109093" lon="10.727169">
        <ele>348.742657</ele>
        <time>2025-08-14T17:31:50.303Z</time>
      </trkpt>
      <trkpt lat="50.108872" lon="10.727302">
        <ele>349.810728</ele>
        <time>2025-08-14T17:32:03.493Z</time>
      </trkpt>
      <trkpt lat="50.108693" lon="10.727334">
        <ele>350.324121</ele>
        <time>2025-08-14T17:32:12.890Z</time>
      </trkpt>
      <trkpt lat="50.108573" lon="10.727297">
        <ele>350.429771</ele>
        <time>2025-08-14T17:32:18.985Z</time>
      </trkpt>
      <trkpt lat="50.108280" lon="10.726994">
        <ele>350.733431</ele>
        <time>2025-08-14T17:32:35.347Z</time>
      </trkpt>
      <trkpt lat="50.108132" lon="10.726910">
        <ele>350.869463</ele>
        <time>2025-08-14T17:32:42.099Z</time>
      </trkpt>
      <trkpt lat="50.107698" lon="10.726881">
        <ele>351.244650</ele>
        <time>2025-08-14T17:32:58.768Z</time>
      </trkpt>
      <trkpt lat="50.106546" lon="10.724220">
        <ele>350.908247</ele>
        <time>2025-08-14T17:34:11.617Z</time>
      </trkpt>
      <trkpt lat="50.106231" lon="10.723108">
        <ele>350.067789</ele>
        <time>2025-08-14T17:34:39.129Z</time>
      </trkpt>
      <trkpt lat="50.106022" lon="10.721613">
        <ele>348.576907</ele>
        <time>2025-08-14T17:35:11.517Z</time>
      </trkpt>
      <trkpt lat="50.105806" lon="10.720304">
        <ele>348.381453</ele>
        <time>2025-08-14T17:35:39.628Z</time>
      </trkpt>
      <trkpt lat="50.105490" lon="10.719574">
        <ele>348.966815</ele>
        <time>2025-08-14T17:35:59.676Z</time>
      </trkpt>
      <trkpt lat="50.105456" lon="10.719425">
        <ele>349.071929</ele>
        <time>2025-08-14T17:36:04.131Z</time>
      </trkpt>
      <trkpt lat="50.105231" lon="10.719477">
        <ele>349.307641</ele>
        <time>2025-08-14T17:36:11.740Z</time>
      </trkpt>
      <trkpt lat="50.105072" lon="10.719263">
        <ele>349.525311</ele>
        <time>2025-08-14T17:36:23.397Z</time>
      </trkpt>
      <trkpt lat="50.104919" lon="10.719145">
        <ele>349.702201</ele>
        <time>2025-08-14T17:36:33.774Z</time>
      </trkpt>
      <trkpt lat="50.104649" lon="10.719138">
        <ele>350.835919</ele>
        <time>2025-08-14T17:36:50.892Z</time>
      </trkpt>
      <trkpt lat="50.104546" lon="10.718531">
        <ele>353.114393</ele>
        <time>2025-08-14T17:37:13.529Z</time>
      </trkpt>
      <trkpt lat="50.104501" lon="10.718421">
        <ele>353.587845</ele>
        <time>2025-08-14T17:37:18.380Z</time>
      </trkpt>
      <trkpt lat="50.104420" lon="10.718338">
        <ele>354.136239</ele>
        <time>2025-08-14T17:37:24.143Z</time>
      </trkpt>
      <trkpt lat="50.104265" lon="10.718295">
        <ele>355.026965</ele>
        <time>2025-08-14T17:37:33.430Z</time>
      </trkpt>
      <trkpt lat="50.104155" lon="10.718166">
        <ele>355.805720</ele>
        <time>2025-08-14T17:37:41.569Z</time>
      </trkpt>
      <trkpt lat="50.104083" lon="10.718157">
        <ele>356.214385</ele>
        <time>2025-08-14T17:37:45.752Z</time>
      </trkpt>
      <trkpt lat="50.104022" lon="10.718198">
        <ele>356.590213</ele>
        <time>2025-08-14T17:37:49.591Z</time>
      </trkpt>
      <trkpt lat="50.103949" lon="10.718324">
        <ele>357.206368</ele>
        <time>2025-08-14T17:37:55.815Z</time>
      </trkpt>
      <trkpt lat="50.103438" lon="10.719423">
        <ele>361.059793</ele>
        <time>2025-08-14T17:38:38.806Z</time>
      </trkpt>
      <trkpt lat="50.103281" lon="10.719684">
        <ele>361.715202</ele>
        <time>2025-08-14T17:38:49.462Z</time>
      </trkpt>
      <trkpt lat="50.103035" lon="10.719953">
        <ele>362.573274</ele>
        <time>2025-08-14T17:39:02.186Z</time>
      </trkpt>
      <trkpt lat="50.102889" lon="10.720092">
        <ele>363.061799</ele>
        <time>2025-08-14T17:39:08.822Z</time>
      </trkpt>
      <trkpt lat="50.102661" lon="10.720113">
        <ele>363.714037</ele>
        <time>2025-08-14T17:39:16.811Z</time>
      </trkpt>
      <trkpt lat="50.102283" lon="10.720118">
        <ele>364.793535</ele>
        <time>2025-08-14T17:39:28.012Z</time>
      </trkpt>
      <trkpt lat="50.101974" lon="10.720431">
        <ele>364.951293</ele>
        <time>2025-08-14T17:39:37.543Z</time>
      </trkpt>
      <trkpt lat="50.101402" lon="10.721569">
        <ele>364.409365</ele>
        <time>2025-08-14T17:39:58.601Z</time>
      </trkpt>
      <trkpt lat="50.100238" lon="10.722238">
        <ele>363.370681</ele>
        <time>2025-08-14T17:40:26.146Z</time>
      </trkpt>
      <trkpt lat="50.099101" lon="10.722658">
        <ele>362.105374</ele>
        <time>2025-08-14T17:40:51.722Z</time>
      </trkpt>
      <trkpt lat="50.098307" lon="10.722907">
        <ele>361.956938</ele>
        <time>2025-08-14T17:41:10.339Z</time>
      </trkpt>
      <trkpt lat="50.097755" lon="10.722629">
        <ele>361.851152</ele>
        <time>2025-08-14T17:41:25.528Z</time>
      </trkpt>
      <trkpt lat="50.097093" lon="10.721865">
        <ele>361.770690</ele>
        <time>2025-08-14T17:41:47.668Z</time>
      </trkpt>
      <trkpt lat="50.096284" lon="10.720661">
        <ele>361.755051</ele>
        <time>2025-08-14T17:42:15.614Z</time>
      </trkpt>
      <trkpt lat="50.096106" lon="10.719877">
        <ele>361.233114</ele>
        <time>2025-08-14T17:42:28.208Z</time>
      </trkpt>
      <trkpt lat="50.096088" lon="10.719237">
        <ele>360.437154</ele>
        <time>2025-08-14T17:42:37.200Z</time>
      </trkpt>
      <trkpt lat="50.095745" lon="10.718788">
        <ele>359.569641</ele>
        <time>2025-08-14T17:42:46.315Z</time>
      </trkpt>
      <trkpt lat="50.095291" lon="10.718626">
        <ele>358.667567</ele>
        <time>2025-08-14T17:42:55.390Z</time>
      </trkpt>
      <trkpt lat="50.094782" lon="10.718262">
        <ele>357.672489</ele>
        <time>2025-08-14T17:43:06.227Z</time>
      </trkpt>
      <trkpt lat="50.094543" lon="10.717651">
        <ele>356.899627</ele>
        <time>2025-08-14T17:43:15.473Z</time>
      </trkpt>
      <trkpt lat="50.094653" lon="10.716906">
        <ele>356.074002</ele>
        <time>2025-08-14T17:43:26.097Z</time>
      </trkpt>
      <trkpt lat="50.094525" lon="10.716160">
        <ele>355.240014</ele>
        <time>2025-08-14T17:43:37.784Z</time>
      </trkpt>
      <trkpt lat="50.093973" lon="10.714823">
        <ele>354.400657</ele>
        <time>2025-08-14T17:44:01.997Z</time>
      </trkpt>
      <trkpt lat="50.092991" lon="10.712893">
        <ele>352.497056</ele>
        <time>2025-08-14T17:44:36.283Z</time>
      </trkpt>
      <trkpt lat="50.092437" lon="10.711743">
        <ele>351.043316</ele>
        <time>2025-08-14T17:45:06.572Z</time>
      </trkpt>
      <trkpt lat="50.092128" lon="10.711067">
        <ele>350.448114</ele>
        <time>2025-08-14T17:45:24.101Z</time>
      </trkpt>
      <trkpt lat="50.092030" lon="10.710609">
        <ele>350.125001</ele>
        <time>2025-08-14T17:45:34.595Z</time>
      </trkpt>
      <trkpt lat="50.091699" lon="10.710255">
        <ele>349.706252</ele>
        <time>2025-08-14T17:45:48.657Z</time>
      </trkpt>
      <trkpt lat="50.091472" lon="10.709758">
        <ele>349.297953</ele>
        <time>2025-08-14T17:46:02.439Z</time>
      </trkpt>
      <trkpt lat="50.091456" lon="10.709604">
        <ele>349.193545</ele>
        <time>2025-08-14T17:46:05.954Z</time>
      </trkpt>
      <trkpt lat="50.091374" lon="10.708793">
        <ele>349.452843</ele>
        <time>2025-08-14T17:46:24.608Z</time>
      </trkpt>
      <trkpt lat="50.091306" lon="10.707283">
        <ele>350.460476</ele>
        <time>2025-08-14T17:47:04.947Z</time>
      </trkpt>
      <trkpt lat="50.091117" lon="10.705500">
        <ele>352.083137</ele>
        <time>2025-08-14T17:48:04.126Z</time>
      </trkpt>
      <trkpt lat="50.091095" lon="10.704779">
        <ele>352.833329</ele>
        <time>2025-08-14T17:48:26.768Z</time>
      </trkpt>
      <trkpt lat="50.091117" lon="10.704076">
        <ele>353.564835</ele>
        <time>2025-08-14T17:48:45.783Z</time>
      </trkpt>
      <trkpt lat="50.091089" lon="10.703638">
        <ele>353.567521</ele>
        <time>2025-08-14T17:48:56.065Z</time>
      </trkpt>
      <trkpt lat="50.090963" lon="10.703286">
        <ele>352.998356</ele>
        <time>2025-08-14T17:49:04.858Z</time>
      </trkpt>
      <trkpt lat="50.090852" lon="10.702273">
        <ele>351.547245</ele>
        <time>2025-08-14T17:49:25.778Z</time>
      </trkpt>
      <trkpt lat="50.090792" lon="10.701372">
        <ele>350.268159</ele>
        <time>2025-08-14T17:49:43.683Z</time>
      </trkpt>
      <trkpt lat="50.090785" lon="10.700322">
        <ele>348.365178</ele>
        <time>2025-08-14T17:50:04.418Z</time>
      </trkpt>
      <trkpt lat="50.090977" lon="10.699448">
        <ele>346.555639</ele>
        <time>2025-08-14T17:50:22.305Z</time>
      </trkpt>
      <trkpt lat="50.090906" lon="10.698992">
        <ele>345.636515</ele>
        <time>2025-08-14T17:50:31.444Z</time>
      </trkpt>
      <trkpt lat="50.090895" lon="10.698544">
        <ele>344.758346</ele>
        <time>2025-08-14T17:50:40.374Z</time>
      </trkpt>
      <trkpt lat="50.091038" lon="10.697808">
        <ele>344.468311</ele>
        <time>2025-08-14T17:50:56.693Z</time>
      </trkpt>
      <trkpt lat="50.091269" lon="10.697247">
        <ele>344.571231</ele>
        <time>2025-08-14T17:51:12.003Z</time>
      </trkpt>
      <trkpt lat="50.091662" lon="10.696491">
        <ele>344.721459</ele>
        <time>2025-08-14T17:51:39.288Z</time>
      </trkpt>
      <trkpt lat="50.091906" lon="10.696100">
        <ele>344.805674</ele>
        <time>2025-08-14T17:51:56.343Z</time>
      </trkpt>
      <trkpt lat="50.092206" lon="10.695690">
        <ele>345.305439</ele>
        <time>2025-08-14T17:52:14.867Z</time>
      </trkpt>
      <trkpt lat="50.092367" lon="10.695381">
        <ele>345.644460</ele>
        <time>2025-08-14T17:52:25.663Z</time>
      </trkpt>
      <trkpt lat="50.092460" lon="10.695019">
        <ele>345.976562</ele>
        <time>2025-08-14T17:52:35.459Z</time>
      </trkpt>
      <trkpt lat="50.092479" lon="10.694788">
        <ele>346.174906</ele>
        <time>2025-08-14T17:52:41.208Z</time>
      </trkpt>
      <trkpt lat="50.092438" lon="10.694415">
        <ele>346.497205</ele>
        <time>2025-08-14T17:52:50.652Z</time>
      </trkpt>
      <trkpt lat="50.092312" lon="10.693723">
        <ele>347.109832</ele>
        <time>2025-08-14T17:53:10.399Z</time>
      </trkpt>
      <trkpt lat="50.092288" lon="10.693442">
        <ele>347.668356</ele>
        <time>2025-08-14T17:53:18.985Z</time>
      </trkpt>
      <trkpt lat="50.092288" lon="10.693294">
        <ele>348.058637</ele>
        <time>2025-08-14T17:53:23.668Z</time>
      </trkpt>
      <trkpt lat="50.092365" lon="10.692719">
        <ele>349.607611</ele>
        <time>2025-08-14T17:53:43.916Z</time>
      </trkpt>
      <trkpt lat="50.092622" lon="10.691773">
        <ele>352.316683</ele>
        <time>2025-08-14T17:54:25.255Z</time>
      </trkpt>
      <trkpt lat="50.093205" lon="10.690961">
        <ele>355.268965</ele>
        <time>2025-08-14T17:55:15.005Z</time>
      </trkpt>
      <trkpt lat="50.093603" lon="10.690349">
        <ele>356.926107</ele>
        <time>2025-08-14T17:55:45.416Z</time>
      </trkpt>
      <trkpt lat="50.093781" lon="10.689575">
        <ele>358.489646</ele>
        <time>2025-08-14T17:56:10.646Z</time>
      </trkpt>
      <trkpt lat="50.094014" lon="10.688897">
        <ele>359.942042</ele>
        <time>2025-08-14T17:56:32.626Z</time>
      </trkpt>
      <trkpt lat="50.094823" lon="10.688094">
        <ele>361.738156</ele>
        <time>2025-08-14T17:57:18.323Z</time>
      </trkpt>
      <trkpt lat="50.095166" lon="10.687884">
        <ele>362.428271</ele>
        <time>2025-08-14T17:57:37.447Z</time>
      </trkpt>
      <trkpt lat="50.095503" lon="10.687913">
        <ele>363.060341</ele>
        <time>2025-08-14T17:57:53.418Z</time>
      </trkpt>
      <trkpt lat="50.096098" lon="10.687617">
        <ele>362.650328</ele>
        <time>2025-08-14T17:58:17.966Z</time>
      </trkpt>
      <trkpt lat="50.096219" lon="10.687607">
        <ele>362.494727</ele>
        <time>2025-08-14T17:58:22.193Z</time>
      </trkpt>
      <trkpt lat="50.096237" lon="10.687345">
        <ele>362.277661</ele>
        <time>2025-08-14T17:58:27.843Z</time>
      </trkpt>
      <trkpt lat="50.096471" lon="10.686617">
        <ele>361.606875</ele>
        <time>2025-08-14T17:58:45.181Z</time>
      </trkpt>
      <trkpt lat="50.096499" lon="10.686529">
        <ele>361.525955</ele>
        <time>2025-08-14T17:58:47.197Z</time>
      </trkpt>
      <trkpt lat="50.096526" lon="10.686079">
        <ele>361.153636</ele>
        <time>2025-08-14T17:58:56.129Z</time>
      </trkpt>
      <trkpt lat="50.096576" lon="10.685811">
        <ele>360.828129</ele>
        <time>2025-08-14T17:59:01.495Z</time>
      </trkpt>
      <trkpt lat="50.096593" lon="10.685749">
        <ele>360.683273</ele>
        <time>2025-08-14T17:59:02.770Z</time>
      </trkpt>
      <trkpt lat="50.096678" lon="10.685718">
        <ele>360.390919</ele>
        <time>2025-08-14T17:59:05.396Z</time>
      </trkpt>
      <trkpt lat="50.096759" lon="10.685787">
        <ele>360.081788</ele>
        <time>2025-08-14T17:59:06.929Z</time>
      </trkpt>
      <trkpt lat="50.096849" lon="10.685776">
        <ele>359.779451</ele>
        <time>2025-08-14T17:59:08.445Z</time>
      </trkpt>
      <trkpt lat="50.096960" lon="10.685657">
        <ele>359.328285</ele>
        <time>2025-08-14T17:59:11.008Z</time>
      </trkpt>
      <trkpt lat="50.096993" lon="10.685486">
        <ele>358.944651</ele>
        <time>2025-08-14T17:59:13.170Z</time>
      </trkpt>
      <trkpt lat="50.097434" lon="10.680829">
        <ele>349.871985</ele>
        <time>2025-08-14T18:00:11.182Z</time>
      </trkpt>
      <trkpt lat="50.097535" lon="10.680382">
        <ele>350.097184</ele>
        <time>2025-08-14T18:00:18.703Z</time>
      </trkpt>
      <trkpt lat="50.098214" lon="10.677871">
        <ele>351.070911</ele>
        <time>2025-08-14T18:01:17.187Z</time>
      </trkpt>
      <trkpt lat="50.098185" lon="10.677740">
        <ele>351.036442</ele>
        <time>2025-08-14T18:01:20.910Z</time>
      </trkpt>
      <trkpt lat="50.096364" lon="10.675199">
        <ele>347.348385</ele>
        <time>2025-08-14T18:02:44.876Z</time>
      </trkpt>
      <trkpt lat="50.097566" lon="10.670692">
        <ele>333.581013</ele>
        <time>2025-08-14T18:03:51.932Z</time>
      </trkpt>
      <trkpt lat="50.097615" lon="10.670273">
        <ele>332.953894</ele>
        <time>2025-08-14T18:03:58.513Z</time>
      </trkpt>
      <trkpt lat="50.097741" lon="10.667747">
        <ele>330.089702</ele>
        <time>2025-08-14T18:04:45.371Z</time>
      </trkpt>
      <trkpt lat="50.097716" lon="10.667537">
        <ele>329.957152</ele>
        <time>2025-08-14T18:04:48.367Z</time>
      </trkpt>
      <trkpt lat="50.097691" lon="10.667344">
        <ele>329.834959</ele>
        <time>2025-08-14T18:04:50.926Z</time>
      </trkpt>
      <trkpt lat="50.097667" lon="10.667130">
        <ele>329.700137</ele>
        <time>2025-08-14T18:04:53.707Z</time>
      </trkpt>
      <trkpt lat="50.097471" lon="10.665599">
        <ele>328.740425</ele>
        <time>2025-08-14T18:05:12.337Z</time>
      </trkpt>
      <trkpt lat="50.097412" lon="10.665081">
        <ele>328.425909</ele>
        <time>2025-08-14T18:05:18.510Z</time>
      </trkpt>
      <trkpt lat="50.097474" lon="10.664915">
        <ele>328.311075</ele>
        <time>2025-08-14T18:05:20.898Z</time>
      </trkpt>
      <trkpt lat="50.098002" lon="10.664144">
        <ele>327.636855</ele>
        <time>2025-08-14T18:05:36.741Z</time>
      </trkpt>
      <trkpt lat="50.098151" lon="10.663829">
        <ele>327.402882</ele>
        <time>2025-08-14T18:05:42.107Z</time>
      </trkpt>
      <trkpt lat="50.098269" lon="10.663400">
        <ele>327.064618</ele>
        <time>2025-08-14T18:05:48.170Z</time>
      </trkpt>
      <trkpt lat="50.098443" lon="10.662925">
        <ele>326.630491</ele>
        <time>2025-08-14T18:05:55.110Z</time>
      </trkpt>
      <trkpt lat="50.098563" lon="10.662641">
        <ele>326.360587</ele>
        <time>2025-08-14T18:05:59.450Z</time>
      </trkpt>
      <trkpt lat="50.098674" lon="10.662506">
        <ele>326.186401</ele>
        <time>2025-08-14T18:06:02.217Z</time>
      </trkpt>
      <trkpt lat="50.098754" lon="10.661734">
        <ele>325.565756</ele>
        <time>2025-08-14T18:06:11.930Z</time>
      </trkpt>
      <trkpt lat="50.098889" lon="10.660419">
        <ele>325.121393</ele>
        <time>2025-08-14T18:06:33.743Z</time>
      </trkpt>
      <trkpt lat="50.099006" lon="10.659678">
        <ele>325.166163</ele>
        <time>2025-08-14T18:06:48.691Z</time>
      </trkpt>
      <trkpt lat="50.099175" lon="10.658940">
        <ele>325.212136</ele>
        <time>2025-08-14T18:07:05.635Z</time>
      </trkpt>
      <trkpt lat="50.099352" lon="10.658339">
        <ele>325.366880</ele>
        <time>2025-08-14T18:07:20.907Z</time>
      </trkpt>
      <trkpt lat="50.099634" lon="10.657574">
        <ele>326.251781</ele>
        <time>2025-08-14T18:07:41.585Z</time>
      </trkpt>
      <trkpt lat="50.100055" lon="10.656424">
        <ele>327.579747</ele>
        <time>2025-08-14T18:08:12.734Z</time>
      </trkpt>
      <trkpt lat="50.100186" lon="10.655970">
        <ele>328.088380</ele>
        <time>2025-08-14T18:08:24.829Z</time>
      </trkpt>
      <trkpt lat="50.100771" lon="10.653231">
        <ele>332.233037</ele>
        <time>2025-08-14T18:09:38.739Z</time>
      </trkpt>
      <trkpt lat="50.101360" lon="10.650410">
        <ele>338.708885</ele>
        <time>2025-08-14T18:11:06.794Z</time>
      </trkpt>
      <trkpt lat="50.101453" lon="10.649565">
        <ele>341.124481</ele>
        <time>2025-08-14T18:11:34.914Z</time>
      </trkpt>
      <trkpt lat="50.101523" lon="10.648604">
        <ele>343.849515</ele>
        <time>2025-08-14T18:12:07.326Z</time>
      </trkpt>
      <trkpt lat="50.101601" lon="10.646743">
        <ele>348.100223</ele>
        <time>2025-08-14T18:13:11.628Z</time>
      </trkpt>
      <trkpt lat="50.101531" lon="10.644518">
        <ele>350.320638</ele>
        <time>2025-08-14T18:14:08.981Z</time>
      </trkpt>
      <trkpt lat="50.101550" lon="10.644432">
        <ele>350.164113</ele>
        <time>2025-08-14T18:14:10.373Z</time>
      </trkpt>
      <trkpt lat="50.101585" lon="10.644400">
        <ele>350.055258</ele>
        <time>2025-08-14T18:14:11.122Z</time>
      </trkpt>
      <trkpt lat="50.102533" lon="10.644339">
        <ele>347.509766</ele>
        <time>2025-08-14T18:14:28.437Z</time>
      </trkpt>
      <trkpt lat="50.102649" lon="10.644316">
        <ele>347.196050</ele>
        <time>2025-08-14T18:14:30.494Z</time>
      </trkpt>
      <trkpt lat="50.102745" lon="10.644233">
        <ele>346.901546</ele>
        <time>2025-08-14T18:14:32.414Z</time>
      </trkpt>
      <trkpt lat="50.102868" lon="10.644058">
        <ele>346.478230</ele>
        <time>2025-08-14T18:14:35.395Z</time>
      </trkpt>
      <trkpt lat="50.103414" lon="10.643139">
        <ele>345.812185</ele>
        <time>2025-08-14T18:14:51.618Z</time>
      </trkpt>
      <trkpt lat="50.103469" lon="10.643308">
        <ele>345.711424</ele>
        <time>2025-08-14T18:14:54.583Z</time>
      </trkpt>
      <trkpt lat="50.103685" lon="10.644971">
        <ele>346.188011</ele>
        <time>2025-08-14T18:15:26.253Z</time>
      </trkpt>
      <trkpt lat="50.103770" lon="10.645271">
        <ele>347.289488</ele>
        <time>2025-08-14T18:15:34.871Z</time>
      </trkpt>
      <trkpt lat="50.103971" lon="10.645618">
        <ele>348.859793</ele>
        <time>2025-08-14T18:15:48.868Z</time>
      </trkpt>
      <trkpt lat="50.104022" lon="10.645692">
        <ele>349.224594</ele>
        <time>2025-08-14T18:15:52.376Z</time>
      </trkpt>
      <trkpt lat="50.104358" lon="10.645049">
        <ele>352.010054</ele>
        <time>2025-08-14T18:16:21.159Z</time>
      </trkpt>
      <trkpt lat="50.104761" lon="10.644523">
        <ele>354.933116</ele>
        <time>2025-08-14T18:16:53.940Z</time>
      </trkpt>
      <trkpt lat="50.105017" lon="10.644301">
        <ele>357.224621</ele>
        <time>2025-08-14T18:17:12.965Z</time>
      </trkpt>
      <trkpt lat="50.105983" lon="10.643689">
        <ele>365.381280</ele>
        <time>2025-08-14T18:18:17.844Z</time>
      </trkpt>
      <trkpt lat="50.106268" lon="10.643513">
        <ele>367.779226</ele>
        <time>2025-08-14T18:18:36.273Z</time>
      </trkpt>
      <trkpt lat="50.107047" lon="10.643101">
        <ele>373.723608</ele>
        <time>2025-08-14T18:19:24.437Z</time>
      </trkpt>
      <trkpt lat="50.107718" lon="10.642826">
        <ele>378.686177</ele>
        <time>2025-08-14T18:20:03.940Z</time>
      </trkpt>
      <trkpt lat="50.108013" lon="10.642753">
        <ele>380.822667</ele>
        <time>2025-08-14T18:20:21.291Z</time>
      </trkpt>
      <trkpt lat="50.108162" lon="10.642760">
        <ele>381.839031</ele>
        <time>2025-08-14T18:20:29.963Z</time>
      </trkpt>
      <trkpt lat="50.108288" lon="10.642825">
        <ele>382.700251</ele>
        <time>2025-08-14T18:20:37.522Z</time>
      </trkpt>
      <trkpt lat="50.108470" lon="10.642985">
        <ele>384.056058</ele>
        <time>2025-08-14T18:20:49.591Z</time>
      </trkpt>
      <trkpt lat="50.109016" lon="10.643657">
        <ele>388.569894</ele>
        <time>2025-08-14T18:21:29.420Z</time>
      </trkpt>
      <trkpt lat="50.109305" lon="10.643819">
        <ele>390.562762</ele>
        <time>2025-08-14T18:21:46.828Z</time>
      </trkpt>
      <trkpt lat="50.109394" lon="10.643821">
        <ele>391.140356</ele>
        <time>2025-08-14T18:21:51.549Z</time>
      </trkpt>
      <trkpt lat="50.109492" lon="10.643752">
        <ele>391.838118</ele>
        <time>2025-08-14T18:21:57.010Z</time>
      </trkpt>
      <trkpt lat="50.109321" lon="10.642353">
        <ele>396.546680</ele>
        <time>2025-08-14T18:22:40.381Z</time>
      </trkpt>
      <trkpt lat="50.109063" lon="10.640788">
        <ele>401.543671</ele>
        <time>2025-08-14T18:23:25.588Z</time>
      </trkpt>
      <trkpt lat="50.109078" lon="10.640486">
        <ele>403.476577</ele>
        <time>2025-08-14T18:23:36.659Z</time>
      </trkpt>
      <trkpt lat="50.109097" lon="10.640369">
        <ele>404.323719</ele>
        <time>2025-08-14T18:23:41.369Z</time>
      </trkpt>
      <trkpt lat="50.109133" lon="10.640176">
        <ele>405.734521</ele>
        <time>2025-08-14T18:23:49.557Z</time>
      </trkpt>
      <trkpt lat="50.109171" lon="10.639953">
        <ele>407.354068</ele>
        <time>2025-08-14T18:23:59.569Z</time>
      </trkpt>
      <trkpt lat="50.109577" lon="10.637606">
        <ele>424.937841</ele>
        <time>2025-08-14T18:26:19.258Z</time>
      </trkpt>
      <trkpt lat="50.109790" lon="10.637008">
        <ele>430.563988</ele>
        <time>2025-08-14T18:27:02.323Z</time>
      </trkpt>
      <trkpt lat="50.109869" lon="10.636573">
        <ele>434.282481</ele>
        <time>2025-08-14T18:27:30.240Z</time>
      </trkpt>
      <trkpt lat="50.109877" lon="10.636403">
        <ele>435.684461</ele>
        <time>2025-08-14T18:27:40.652Z</time>
      </trkpt>
      <trkpt lat="50.109808" lon="10.636171">
        <ele>437.787830</ele>
        <time>2025-08-14T18:27:55.683Z</time>
      </trkpt>
      <trkpt lat="50.109777" lon="10.636145">
        <ele>438.239265</ele>
        <time>2025-08-14T18:27:58.828Z</time>
      </trkpt>
      <trkpt lat="50.109565" lon="10.636169">
        <ele>440.965299</ele>
        <time>2025-08-14T18:28:17.342Z</time>
      </trkpt>
      <trkpt lat="50.109206" lon="10.636080">
        <ele>445.032895</ele>
        <time>2025-08-14T18:28:46.372Z</time>
      </trkpt>
      <trkpt lat="50.108858" lon="10.635943">
        <ele>447.315036</ele>
        <time>2025-08-14T18:29:11.007Z</time>
      </trkpt>
      <trkpt lat="50.108643" lon="10.635919">
        <ele>448.685581</ele>
        <time>2025-08-14T18:29:23.951Z</time>
      </trkpt>
      <trkpt lat="50.108339" lon="10.635946">
        <ele>450.621653</ele>
        <time>2025-08-14T18:29:39.577Z</time>
      </trkpt>
      <trkpt lat="50.108060" lon="10.635866">
        <ele>452.425380</ele>
        <time>2025-08-14T18:29:52.208Z</time>
      </trkpt>
      <trkpt lat="50.107871" lon="10.635748">
        <ele>453.719866</ele>
        <time>2025-08-14T18:30:01.056Z</time>
      </trkpt>
      <trkpt lat="50.107645" lon="10.635482">
        <ele>455.520298</ele>
        <time>2025-08-14T18:30:13.699Z</time>
      </trkpt>
      <trkpt lat="50.107523" lon="10.635249">
        <ele>456.131896</ele>
        <time>2025-08-14T18:30:22.793Z</time>
      </trkpt>
      <trkpt lat="50.107486" lon="10.635072">
        <ele>456.349443</ele>
        <time>2025-08-14T18:30:28.821Z</time>
      </trkpt>
      <trkpt lat="50.107496" lon="10.634935">
        <ele>456.510572</ele>
        <time>2025-08-14T18:30:33.316Z</time>
      </trkpt>
      <trkpt lat="50.107546" lon="10.634737">
        <ele>456.759239</ele>
        <time>2025-08-14T18:30:39.903Z</time>
      </trkpt>
      <trkpt lat="50.107651" lon="10.634439">
        <ele>457.156567</ele>
        <time>2025-08-14T18:30:49.384Z</time>
      </trkpt>
      <trkpt lat="50.107799" lon="10.634224">
        <ele>457.525134</ele>
        <time>2025-08-14T18:30:57.028Z</time>
      </trkpt>
      <trkpt lat="50.107940" lon="10.634111">
        <ele>457.813993</ele>
        <time>2025-08-14T18:31:02.412Z</time>
      </trkpt>
      <trkpt lat="50.108094" lon="10.634095">
        <ele>458.095212</ele>
        <time>2025-08-14T18:31:07.088Z</time>
      </trkpt>
      <trkpt lat="50.108199" lon="10.634128">
        <ele>458.290376</ele>
        <time>2025-08-14T18:31:10.050Z</time>
      </trkpt>
      <trkpt lat="50.108299" lon="10.634224">
        <ele>458.504347</ele>
        <time>2025-08-14T18:31:13.272Z</time>
      </trkpt>
      <trkpt lat="50.108302" lon="10.634230">
        <ele>458.513238</ele>
        <time>2025-08-14T18:31:13.404Z</time>
      </trkpt>
      <trkpt lat="50.108299" lon="10.634224">
        <ele>458.522128</ele>
        <time>2025-08-14T18:31:13.523Z</time>
      </trkpt>
      <trkpt lat="50.108199" lon="10.634128">
        <ele>458.736099</ele>
        <time>2025-08-14T18:31:16.260Z</time>
      </trkpt>
      <trkpt lat="50.108094" lon="10.634095">
        <ele>458.931263</ele>
        <time>2025-08-14T18:31:18.730Z</time>
      </trkpt>
      <trkpt lat="50.107940" lon="10.634111">
        <ele>459.060755</ele>
        <time>2025-08-14T18:31:22.164Z</time>
      </trkpt>
      <trkpt lat="50.107799" lon="10.634224">
        <ele>458.479573</ele>
        <time>2025-08-14T18:31:25.475Z</time>
      </trkpt>
      <trkpt lat="50.107651" lon="10.634439">
        <ele>457.738018</ele>
        <time>2025-08-14T18:31:29.496Z</time>
      </trkpt>
      <trkpt lat="50.107546" lon="10.634737">
        <ele>456.938598</ele>
        <time>2025-08-14T18:31:33.600Z</time>
      </trkpt>
      <trkpt lat="50.107496" lon="10.634935">
        <ele>456.438281</ele>
        <time>2025-08-14T18:31:36.081Z</time>
      </trkpt>
      <trkpt lat="50.107486" lon="10.635072">
        <ele>456.114092</ele>
        <time>2025-08-14T18:31:37.653Z</time>
      </trkpt>
      <trkpt lat="50.107523" lon="10.635249">
        <ele>455.676388</ele>
        <time>2025-08-14T18:31:39.796Z</time>
      </trkpt>
      <trkpt lat="50.107645" lon="10.635482">
        <ele>454.969184</ele>
        <time>2025-08-14T18:31:43.327Z</time>
      </trkpt>
      <trkpt lat="50.107871" lon="10.635748">
        <ele>453.931128</ele>
        <time>2025-08-14T18:31:48.594Z</time>
      </trkpt>
      <trkpt lat="50.108060" lon="10.635866">
        <ele>453.184780</ele>
        <time>2025-08-14T18:31:52.433Z</time>
      </trkpt>
      <trkpt lat="50.108339" lon="10.635946">
        <ele>451.508663</ele>
        <time>2025-08-14T18:31:57.722Z</time>
      </trkpt>
      <trkpt lat="50.108643" lon="10.635919">
        <ele>448.715677</ele>
        <time>2025-08-14T18:32:03.146Z</time>
      </trkpt>
      <trkpt lat="50.108858" lon="10.635943">
        <ele>446.738524</ele>
        <time>2025-08-14T18:32:06.799Z</time>
      </trkpt>
      <trkpt lat="50.109206" lon="10.636080">
        <ele>443.446297</ele>
        <time>2025-08-14T18:32:12.661Z</time>
      </trkpt>
      <trkpt lat="50.109565" lon="10.636169">
        <ele>440.111979</ele>
        <time>2025-08-14T18:32:18.416Z</time>
      </trkpt>
      <trkpt lat="50.109777" lon="10.636145">
        <ele>438.162273</ele>
        <time>2025-08-14T18:32:21.709Z</time>
      </trkpt>
      <trkpt lat="50.109808" lon="10.636171">
        <ele>437.839399</ele>
        <time>2025-08-14T18:32:22.259Z</time>
      </trkpt>
      <trkpt lat="50.109877" lon="10.636403">
        <ele>436.335033</ele>
        <time>2025-08-14T18:32:24.776Z</time>
      </trkpt>
      <trkpt lat="50.109869" lon="10.636573">
        <ele>434.998815</ele>
        <time>2025-08-14T18:32:26.452Z</time>
      </trkpt>
      <trkpt lat="50.109790" lon="10.637008">
        <ele>431.137163</ele>
        <time>2025-08-14T18:32:30.870Z</time>
      </trkpt>
      <trkpt lat="50.109577" lon="10.637606">
        <ele>425.294414</ele>
        <time>2025-08-14T18:32:37.550Z</time>
      </trkpt>
      <trkpt lat="50.109171" lon="10.639953">
        <ele>407.620180</ele>
        <time>2025-08-14T18:33:01.645Z</time>
      </trkpt>
      <trkpt lat="50.109133" lon="10.640176">
        <ele>406.452158</ele>
        <time>2025-08-14T18:33:04.070Z</time>
      </trkpt>
      <trkpt lat="50.109097" lon="10.640369">
        <ele>405.434684</ele>
        <time>2025-08-14T18:33:06.222Z</time>
      </trkpt>
      <trkpt lat="50.109078" lon="10.640486">
        <ele>404.823722</ele>
        <time>2025-08-14T18:33:07.535Z</time>
      </trkpt>
      <trkpt lat="50.109063" lon="10.640788">
        <ele>403.290380</ele>
        <time>2025-08-14T18:33:10.865Z</time>
      </trkpt>
      <trkpt lat="50.109321" lon="10.642353">
        <ele>396.123207</ele>
        <time>2025-08-14T18:33:30.370Z</time>
      </trkpt>
      <trkpt lat="50.109492" lon="10.643752">
        <ele>391.514574</ele>
        <time>2025-08-14T18:33:47.021Z</time>
      </trkpt>
      <trkpt lat="50.109394" lon="10.643821">
        <ele>390.972012</ele>
        <time>2025-08-14T18:33:48.694Z</time>
      </trkpt>
      <trkpt lat="50.109305" lon="10.643819">
        <ele>390.522890</ele>
        <time>2025-08-14T18:33:50.046Z</time>
      </trkpt>
      <trkpt lat="50.109016" lon="10.643657">
        <ele>388.973289</ele>
        <time>2025-08-14T18:33:54.676Z</time>
      </trkpt>
      <trkpt lat="50.108470" lon="10.642985">
        <ele>384.185430</ele>
        <time>2025-08-14T18:34:05.117Z</time>
      </trkpt>
      <trkpt lat="50.108288" lon="10.642825">
        <ele>382.732399</ele>
        <time>2025-08-14T18:34:08.249Z</time>
      </trkpt>
      <trkpt lat="50.108162" lon="10.642760">
        <ele>381.809422</ele>
        <time>2025-08-14T18:34:10.236Z</time>
      </trkpt>
      <trkpt lat="50.108013" lon="10.642753">
        <ele>380.772734</ele>
        <time>2025-08-14T18:34:12.470Z</time>
      </trkpt>
      <trkpt lat="50.107718" lon="10.642826">
        <ele>378.695487</ele>
        <time>2025-08-14T18:34:16.930Z</time>
      </trkpt>
      <trkpt lat="50.107047" lon="10.643101">
        <ele>373.715448</ele>
        <time>2025-08-14T18:34:27.349Z</time>
      </trkpt>
      <trkpt lat="50.106268" lon="10.643513">
        <ele>367.634514</ele>
        <time>2025-08-14T18:34:39.617Z</time>
      </trkpt>
      <trkpt lat="50.105983" lon="10.643689">
        <ele>365.368454</ele>
        <time>2025-08-14T18:34:44.172Z</time>
      </trkpt>
      <trkpt lat="50.105017" lon="10.644301">
        <ele>357.509378</ele>
        <time>2025-08-14T18:34:59.482Z</time>
      </trkpt>
      <trkpt lat="50.104761" lon="10.644523">
        <ele>355.283077</ele>
        <time>2025-08-14T18:35:03.738Z</time>
      </trkpt>
      <trkpt lat="50.104452" lon="10.644926">
        <ele>352.221368</ele>
        <time>2025-08-14T18:35:09.635Z</time>
      </trkpt>
      <trkpt lat="50.104358" lon="10.645049">
        <ele>351.288706</ele>
        <time>2025-08-14T18:35:11.456Z</time>
      </trkpt>
      <trkpt lat="50.104022" lon="10.645692">
        <ele>348.634441</ele>
        <time>2025-08-14T18:35:19.564Z</time>
      </trkpt>
      <trkpt lat="50.103971" lon="10.645618">
        <ele>348.451513</ele>
        <time>2025-08-14T18:35:20.809Z</time>
      </trkpt>
      <trkpt lat="50.103770" lon="10.645271">
        <ele>347.664088</ele>
        <time>2025-08-14T18:35:26.301Z</time>
      </trkpt>
      <trkpt lat="50.103685" lon="10.644971">
        <ele>347.111755</ele>
        <time>2025-08-14T18:35:30.369Z</time>
      </trkpt>
      <trkpt lat="50.103469" lon="10.643308">
        <ele>344.898775</ele>
        <time>2025-08-14T18:35:55.735Z</time>
      </trkpt>
      <trkpt lat="50.103414" lon="10.643139">
        <ele>345.106347</ele>
        <time>2025-08-14T18:35:59.272Z</time>
      </trkpt>
      <trkpt lat="50.102874" lon="10.642094">
        <ele>346.576200</ele>
        <time>2025-08-14T18:36:26.939Z</time>
      </trkpt>
      <trkpt lat="50.102614" lon="10.641528">
        <ele>347.338745</ele>
        <time>2025-08-14T18:36:43.514Z</time>
      </trkpt>
      <trkpt lat="50.102204" lon="10.640003">
        <ele>350.413355</ele>
        <time>2025-08-14T18:37:28.450Z</time>
      </trkpt>
      <trkpt lat="50.101885" lon="10.639340">
        <ele>352.121198</ele>
        <time>2025-08-14T18:37:50.078Z</time>
      </trkpt>
      <trkpt lat="50.101661" lon="10.638877">
        <ele>353.316233</ele>
        <time>2025-08-14T18:38:04.890Z</time>
      </trkpt>
      <trkpt lat="50.101429" lon="10.638242">
        <ele>354.994640</ele>
        <time>2025-08-14T18:38:23.804Z</time>
      </trkpt>
      <trkpt lat="50.101257" lon="10.637662">
        <ele>356.482483</ele>
        <time>2025-08-14T18:38:40.013Z</time>
      </trkpt>
      <trkpt lat="50.100967" lon="10.636519">
        <ele>359.344541</ele>
        <time>2025-08-14T18:39:14.988Z</time>
      </trkpt>
      <trkpt lat="50.100753" lon="10.635968">
        <ele>360.856713</ele>
        <time>2025-08-14T18:39:34.828Z</time>
      </trkpt>
      <trkpt lat="50.100225" lon="10.634885">
        <ele>364.071780</ele>
        <time>2025-08-14T18:40:15.315Z</time>
      </trkpt>
      <trkpt lat="50.099558" lon="10.633810">
        <ele>366.940513</ele>
        <time>2025-08-14T18:40:52.992Z</time>
      </trkpt>
      <trkpt lat="50.099293" lon="10.633168">
        <ele>367.487041</ele>
        <time>2025-08-14T18:41:08.447Z</time>
      </trkpt>
      <trkpt lat="50.099052" lon="10.631152">
        <ele>368.913375</ele>
        <time>2025-08-14T18:41:43.569Z</time>
      </trkpt>
      <trkpt lat="50.099008" lon="10.630345">
        <ele>369.411626</ele>
        <time>2025-08-14T18:41:56.450Z</time>
      </trkpt>
      <trkpt lat="50.099041" lon="10.629737">
        <ele>369.787000</ele>
        <time>2025-08-14T18:42:07.354Z</time>
      </trkpt>
      <trkpt lat="50.099011" lon="10.629534">
        <ele>369.915156</ele>
        <time>2025-08-14T18:42:11.392Z</time>
      </trkpt>
      <trkpt lat="50.098889" lon="10.629302">
        <ele>370.099710</ele>
        <time>2025-08-14T18:42:17.452Z</time>
      </trkpt>
      <trkpt lat="50.098750" lon="10.628781">
        <ele>370.673670</ele>
        <time>2025-08-14T18:42:30.120Z</time>
      </trkpt>
      <trkpt lat="50.098606" lon="10.627965">
        <ele>373.055187</ele>
        <time>2025-08-14T18:42:51.786Z</time>
      </trkpt>
      <trkpt lat="50.098408" lon="10.626239">
        <ele>377.989192</ele>
        <time>2025-08-14T18:43:48.904Z</time>
      </trkpt>
      <trkpt lat="50.098109" lon="10.624448">
        <ele>384.773059</ele>
        <time>2025-08-14T18:44:54.851Z</time>
      </trkpt>
      <trkpt lat="50.098005" lon="10.623515">
        <ele>388.290970</ele>
        <time>2025-08-14T18:45:27.457Z</time>
      </trkpt>
      <trkpt lat="50.098000" lon="10.623291">
        <ele>389.035084</ele>
        <time>2025-08-14T18:45:34.828Z</time>
      </trkpt>
      <trkpt lat="50.097993" lon="10.623015">
        <ele>389.851795</ele>
        <time>2025-08-14T18:45:43.754Z</time>
      </trkpt>
      <trkpt lat="50.098055" lon="10.622489">
        <ele>391.433103</ele>
        <time>2025-08-14T18:46:00.417Z</time>
      </trkpt>
      <trkpt lat="50.098315" lon="10.621047">
        <ele>395.862000</ele>
        <time>2025-08-14T18:46:44.479Z</time>
      </trkpt>
      <trkpt lat="50.098318" lon="10.620708">
        <ele>396.864440</ele>
        <time>2025-08-14T18:46:54.412Z</time>
      </trkpt>
      <trkpt lat="50.098223" lon="10.620317">
        <ele>398.130241</ele>
        <time>2025-08-14T18:47:06.868Z</time>
      </trkpt>
      <trkpt lat="50.098166" lon="10.619883">
        <ele>399.474656</ele>
        <time>2025-08-14T18:47:20.352Z</time>
      </trkpt>
      <trkpt lat="50.098184" lon="10.619304">
        <ele>401.233854</ele>
        <time>2025-08-14T18:47:38.130Z</time>
      </trkpt>
      <trkpt lat="50.098288" lon="10.618597">
        <ele>403.435131</ele>
        <time>2025-08-14T18:48:00.554Z</time>
      </trkpt>
      <trkpt lat="50.098419" lon="10.618027">
        <ele>405.272618</ele>
        <time>2025-08-14T18:48:19.638Z</time>
      </trkpt>
      <trkpt lat="50.098513" lon="10.617344">
        <ele>408.278833</ele>
        <time>2025-08-14T18:48:42.750Z</time>
      </trkpt>
      <trkpt lat="50.098616" lon="10.616914">
        <ele>410.320596</ele>
        <time>2025-08-14T18:48:58.753Z</time>
      </trkpt>
      <trkpt lat="50.098786" lon="10.616352">
        <ele>413.084529</ele>
        <time>2025-08-14T18:49:22.031Z</time>
      </trkpt>
      <trkpt lat="50.098888" lon="10.615315">
        <ele>417.751273</ele>
        <time>2025-08-14T18:50:06.133Z</time>
      </trkpt>
      <trkpt lat="50.098941" lon="10.614262">
        <ele>423.430930</ele>
        <time>2025-08-14T18:50:54.897Z</time>
      </trkpt>
      <trkpt lat="50.098888" lon="10.612849">
        <ele>431.103837</ele>
        <time>2025-08-14T18:51:58.560Z</time>
      </trkpt>
      <trkpt lat="50.098745" lon="10.612077">
        <ele>434.255992</ele>
        <time>2025-08-14T18:52:28.687Z</time>
      </trkpt>
      <trkpt lat="50.098610" lon="10.611827">
        <ele>435.099181</ele>
        <time>2025-08-14T18:52:39.386Z</time>
      </trkpt>
      <trkpt lat="50.098251" lon="10.611509">
        <ele>436.760048</ele>
        <time>2025-08-14T18:52:58.108Z</time>
      </trkpt>
      <trkpt lat="50.097992" lon="10.611280">
        <ele>437.957743</ele>
        <time>2025-08-14T18:53:10.058Z</time>
      </trkpt>
      <trkpt lat="50.097790" lon="10.610969">
        <ele>439.099731</ele>
        <time>2025-08-14T18:53:20.555Z</time>
      </trkpt>
      <trkpt lat="50.097486" lon="10.610292">
        <ele>440.795780</ele>
        <time>2025-08-14T18:53:38.300Z</time>
      </trkpt>
      <trkpt lat="50.097157" lon="10.609210">
        <ele>442.270509</ele>
        <time>2025-08-14T18:54:04.533Z</time>
      </trkpt>
      <trkpt lat="50.096841" lon="10.607383">
        <ele>444.725932</ele>
        <time>2025-08-14T18:54:45.930Z</time>
      </trkpt>
      <trkpt lat="50.096626" lon="10.606383">
        <ele>446.241103</ele>
        <time>2025-08-14T18:55:08.872Z</time>
      </trkpt>
      <trkpt lat="50.096416" lon="10.605566">
        <ele>447.505551</ele>
        <time>2025-08-14T18:55:30.189Z</time>
      </trkpt>
      <trkpt lat="50.096280" lon="10.605137">
        <ele>448.231107</ele>
        <time>2025-08-14T18:55:42.306Z</time>
      </trkpt>
      <trkpt lat="50.095996" lon="10.604444">
        <ele>449.555698</ele>
        <time>2025-08-14T18:56:03.740Z</time>
      </trkpt>
      <trkpt lat="50.095863" lon="10.604282">
        <ele>449.979509</ele>
        <time>2025-08-14T18:56:10.486Z</time>
      </trkpt>
      <trkpt lat="50.095202" lon="10.603841">
        <ele>451.784853</ele>
        <time>2025-08-14T18:56:37.302Z</time>
      </trkpt>
      <trkpt lat="50.094613" lon="10.603402">
        <ele>452.839140</ele>
        <time>2025-08-14T18:56:57.897Z</time>
      </trkpt>
      <trkpt lat="50.094241" lon="10.603253">
        <ele>453.255336</ele>
        <time>2025-08-14T18:57:10.053Z</time>
      </trkpt>
      <trkpt lat="50.094095" lon="10.603150">
        <ele>453.428992</ele>
        <time>2025-08-14T18:57:15.000Z</time>
      </trkpt>
      <trkpt lat="50.093825" lon="10.602823">
        <ele>453.799496</ele>
        <time>2025-08-14T18:57:25.218Z</time>
      </trkpt>
      <trkpt lat="50.093739" lon="10.602626">
        <ele>453.965144</ele>
        <time>2025-08-14T18:57:29.582Z</time>
      </trkpt>
      <trkpt lat="50.093758" lon="10.602323">
        <ele>454.176785</ele>
        <time>2025-08-14T18:57:35.038Z</time>
      </trkpt>
      <trkpt lat="50.093770" lon="10.602269">
        <ele>454.216512</ele>
        <time>2025-08-14T18:57:36.057Z</time>
      </trkpt>
      <trkpt lat="50.094061" lon="10.601755">
        <ele>454.119298</ele>
        <time>2025-08-14T18:57:47.558Z</time>
      </trkpt>
      <trkpt lat="50.094391" lon="10.600980">
        <ele>453.702974</ele>
        <time>2025-08-14T18:58:01.812Z</time>
      </trkpt>
      <trkpt lat="50.094479" lon="10.600860">
        <ele>453.621402</ele>
        <time>2025-08-14T18:58:04.381Z</time>
      </trkpt>
      <trkpt lat="50.094584" lon="10.600795">
        <ele>453.542582</ele>
        <time>2025-08-14T18:58:06.820Z</time>
      </trkpt>
      <trkpt lat="50.094678" lon="10.600787">
        <ele>453.476903</ele>
        <time>2025-08-14T18:58:08.855Z</time>
      </trkpt>
      <trkpt lat="50.094945" lon="10.600876">
        <ele>453.286413</ele>
        <time>2025-08-14T18:58:14.638Z</time>
      </trkpt>
      <trkpt lat="50.095053" lon="10.600870">
        <ele>453.211017</ele>
        <time>2025-08-14T18:58:16.937Z</time>
      </trkpt>
      <trkpt lat="50.095339" lon="10.600702">
        <ele>452.907827</ele>
        <time>2025-08-14T18:58:23.439Z</time>
      </trkpt>
      <trkpt lat="50.095635" lon="10.600440">
        <ele>452.436558</ele>
        <time>2025-08-14T18:58:30.850Z</time>
      </trkpt>
      <trkpt lat="50.096167" lon="10.599879">
        <ele>451.547305</ele>
        <time>2025-08-14T18:58:45.012Z</time>
      </trkpt>
      <trkpt lat="50.096483" lon="10.599482">
        <ele>450.985405</ele>
        <time>2025-08-14T18:58:53.853Z</time>
      </trkpt>
      <trkpt lat="50.096604" lon="10.599267">
        <ele>450.731383</ele>
        <time>2025-08-14T18:58:57.763Z</time>
      </trkpt>
      <trkpt lat="50.096745" lon="10.598878">
        <ele>450.170670</ele>
        <time>2025-08-14T18:59:03.779Z</time>
      </trkpt>
      <trkpt lat="50.096828" lon="10.598554">
        <ele>449.668747</ele>
        <time>2025-08-14T18:59:08.426Z</time>
      </trkpt>
      <trkpt lat="50.096805" lon="10.597996">
        <ele>448.864312</ele>
        <time>2025-08-14T18:59:15.750Z</time>
      </trkpt>
      <trkpt lat="50.096871" lon="10.597403">
        <ele>447.998435</ele>
        <time>2025-08-14T18:59:23.441Z</time>
      </trkpt>
      <trkpt lat="50.096865" lon="10.596891">
        <ele>447.261713</ele>
        <time>2025-08-14T18:59:29.948Z</time>
      </trkpt>
      <trkpt lat="50.097031" lon="10.596060">
        <ele>446.311368</ele>
        <time>2025-08-14T18:59:41.134Z</time>
      </trkpt>
      <trkpt lat="50.097112" lon="10.594995">
        <ele>445.606617</ele>
        <time>2025-08-14T18:59:55.850Z</time>
      </trkpt>
      <trkpt lat="50.097163" lon="10.594098">
        <ele>445.014857</ele>
        <time>2025-08-14T19:00:09.546Z</time>
      </trkpt>
      <trkpt lat="50.097191" lon="10.593310">
        <ele>444.610128</ele>
        <time>2025-08-14T19:00:22.646Z</time>
      </trkpt>
      <trkpt lat="50.097264" lon="10.593146">
        <ele>444.544943</ele>
        <time>2025-08-14T19:00:25.984Z</time>
      </trkpt>
      <trkpt lat="50.097307" lon="10.593273">
        <ele>444.498049</ele>
        <time>2025-08-14T19:00:28.143Z</time>
      </trkpt>
      <trkpt lat="50.097616" lon="10.592761">
        <ele>444.268491</ele>
        <time>2025-08-14T19:00:45.234Z</time>
      </trkpt>
      <trkpt lat="50.099540" lon="10.589147">
        <ele>441.830418</ele>
        <time>2025-08-14T19:02:28.415Z</time>
      </trkpt>
      <trkpt lat="50.100020" lon="10.588232">
        <ele>441.741624</ele>
        <time>2025-08-14T19:02:45.586Z</time>
      </trkpt>
      <trkpt lat="50.100527" lon="10.587269">
        <ele>441.764165</ele>
        <time>2025-08-14T19:03:08.640Z</time>
      </trkpt>
      <trkpt lat="50.100891" lon="10.586561">
        <ele>442.717038</ele>
        <time>2025-08-14T19:03:27.832Z</time>
      </trkpt>
      <trkpt lat="50.101057" lon="10.586299">
        <ele>443.103775</ele>
        <time>2025-08-14T19:03:36.097Z</time>
      </trkpt>
      <trkpt lat="50.102579" lon="10.584721">
        <ele>445.566767</ele>
        <time>2025-08-14T19:04:37.389Z</time>
      </trkpt>
      <trkpt lat="50.103076" lon="10.584226">
        <ele>446.190491</ele>
        <time>2025-08-14T19:04:54.456Z</time>
      </trkpt>
      <trkpt lat="50.103699" lon="10.583605">
        <ele>446.009014</ele>
        <time>2025-08-14T19:05:12.354Z</time>
      </trkpt>
      <trkpt lat="50.103818" lon="10.583475">
        <ele>445.847491</ele>
        <time>2025-08-14T19:05:17.443Z</time>
      </trkpt>
      <trkpt lat="50.105333" lon="10.580901">
        <ele>442.877480</ele>
        <time>2025-08-14T19:06:31.731Z</time>
      </trkpt>
      <trkpt lat="50.106176" lon="10.579441">
        <ele>441.234107</ele>
        <time>2025-08-14T19:07:13.820Z</time>
      </trkpt>
      <trkpt lat="50.106262" lon="10.579237">
        <ele>441.096135</ele>
        <time>2025-08-14T19:07:19.302Z</time>
      </trkpt>
      <trkpt lat="50.106665" lon="10.578484">
        <ele>440.541853</ele>
        <time>2025-08-14T19:07:41.828Z</time>
      </trkpt>
      <trkpt lat="50.107154" lon="10.577771">
        <ele>439.892655</ele>
        <time>2025-08-14T19:08:06.054Z</time>
      </trkpt>
      <trkpt lat="50.108039" lon="10.576116">
        <ele>438.126629</ele>
        <time>2025-08-14T19:08:52.604Z</time>
      </trkpt>
      <trkpt lat="50.108973" lon="10.575290">
        <ele>436.781567</ele>
        <time>2025-08-14T19:09:27.896Z</time>
      </trkpt>
      <trkpt lat="50.110088" lon="10.574571">
        <ele>435.522035</ele>
        <time>2025-08-14T19:10:09.621Z</time>
      </trkpt>
      <trkpt lat="50.110253" lon="10.574514">
        <ele>435.502391</ele>
        <time>2025-08-14T19:10:15.823Z</time>
      </trkpt>
      <trkpt lat="50.110493" lon="10.574621">
        <ele>435.473376</ele>
        <time>2025-08-14T19:10:25.097Z</time>
      </trkpt>
      <trkpt lat="50.111736" lon="10.575821">
        <ele>434.996098</ele>
        <time>2025-08-14T19:11:20.838Z</time>
      </trkpt>
      <trkpt lat="50.111982" lon="10.576132">
        <ele>434.630756</ele>
        <time>2025-08-14T19:11:31.920Z</time>
      </trkpt>
      <trkpt lat="50.112268" lon="10.576652">
        <ele>434.123952</ele>
        <time>2025-08-14T19:11:46.708Z</time>
      </trkpt>
      <trkpt lat="50.112467" lon="10.576802">
        <ele>433.868967</ele>
        <time>2025-08-14T19:11:53.894Z</time>
      </trkpt>
      <trkpt lat="50.113558" lon="10.577159">
        <ele>433.030427</ele>
        <time>2025-08-14T19:12:30.398Z</time>
      </trkpt>
      <trkpt lat="50.113958" lon="10.577242">
        <ele>432.871257</ele>
        <time>2025-08-14T19:12:44.895Z</time>
      </trkpt>
      <trkpt lat="50.114463" lon="10.577412">
        <ele>432.667472</ele>
        <time>2025-08-14T19:13:05.442Z</time>
      </trkpt>
      <trkpt lat="50.114527" lon="10.577509">
        <ele>432.632269</ele>
        <time>2025-08-14T19:13:09.327Z</time>
      </trkpt>
      <trkpt lat="50.114584" lon="10.577680">
        <ele>432.583521</ele>
        <time>2025-08-14T19:13:14.611Z</time>
      </trkpt>
      <trkpt lat="50.114929" lon="10.578942">
        <ele>432.461608</ele>
        <time>2025-08-14T19:13:50.751Z</time>
      </trkpt>
      <trkpt lat="50.115276" lon="10.579982">
        <ele>432.375676</ele>
        <time>2025-08-14T19:14:17.522Z</time>
      </trkpt>
      <trkpt lat="50.116008" lon="10.582835">
        <ele>430.099619</ele>
        <time>2025-08-14T19:15:23.690Z</time>
      </trkpt>
      <trkpt lat="50.116854" lon="10.585633">
        <ele>428.056477</ele>
        <time>2025-08-14T19:16:32.143Z</time>
      </trkpt>
      <trkpt lat="50.117357" lon="10.588038">
        <ele>427.023484</ele>
        <time>2025-08-14T19:17:28.366Z</time>
      </trkpt>
      <trkpt lat="50.117395" lon="10.587977">
        <ele>426.988756</ele>
        <time>2025-08-14T19:17:30.548Z</time>
      </trkpt>
      <trkpt lat="50.117528" lon="10.587762">
        <ele>427.261260</ele>
        <time>2025-08-14T19:17:38.317Z</time>
      </trkpt>
      <trkpt lat="50.117626" lon="10.587361">
        <ele>427.679311</ele>
        <time>2025-08-14T19:17:50.122Z</time>
      </trkpt>
      <trkpt lat="50.117997" lon="10.584109">
        <ele>430.182953</ele>
        <time>2025-08-14T19:19:30.034Z</time>
      </trkpt>
      <trkpt lat="50.118103" lon="10.583659">
        <ele>430.367631</ele>
        <time>2025-08-14T19:19:42.526Z</time>
      </trkpt>
      <trkpt lat="50.118323" lon="10.583147">
        <ele>430.605055</ele>
        <time>2025-08-14T19:19:57.001Z</time>
      </trkpt>
      <trkpt lat="50.118761" lon="10.582626">
        <ele>430.353213</ele>
        <time>2025-08-14T19:20:15.558Z</time>
      </trkpt>
      <trkpt lat="50.119220" lon="10.581871">
        <ele>429.080142</ele>
        <time>2025-08-14T19:20:36.936Z</time>
      </trkpt>
      <trkpt lat="50.119418" lon="10.581746">
        <ele>428.672508</ele>
        <time>2025-08-14T19:20:43.701Z</time>
      </trkpt>
      <trkpt lat="50.119708" lon="10.581737">
        <ele>428.118981</ele>
        <time>2025-08-14T19:20:52.989Z</time>
      </trkpt>
      <trkpt lat="50.120302" lon="10.582048">
        <ele>426.914259</ele>
        <time>2025-08-14T19:21:13.565Z</time>
      </trkpt>
      <trkpt lat="50.120565" lon="10.582138">
        <ele>426.389934</ele>
        <time>2025-08-14T19:21:22.642Z</time>
      </trkpt>
      <trkpt lat="50.120940" lon="10.582112">
        <ele>425.658973</ele>
        <time>2025-08-14T19:21:35.620Z</time>
      </trkpt>
      <trkpt lat="50.122117" lon="10.581526">
        <ele>422.235478</ele>
        <time>2025-08-14T19:22:15.709Z</time>
      </trkpt>
      <trkpt lat="50.123048" lon="10.581617">
        <ele>417.381225</ele>
        <time>2025-08-14T19:22:41.942Z</time>
      </trkpt>
      <trkpt lat="50.123389" lon="10.581426">
        <ele>415.495772</ele>
        <time>2025-08-14T19:22:51.825Z</time>
      </trkpt>
      <trkpt lat="50.123613" lon="10.581347">
        <ele>414.276612</ele>
        <time>2025-08-14T19:22:58.118Z</time>
      </trkpt>
      <trkpt lat="50.125250" lon="10.582270">
        <ele>404.133568</ele>
        <time>2025-08-14T19:23:28.735Z</time>
      </trkpt>
      <trkpt lat="50.130825" lon="10.585602">
        <ele>369.163143</ele>
        <time>2025-08-14T19:25:12.895Z</time>
      </trkpt>
      <trkpt lat="50.132330" lon="10.586526">
        <ele>361.239235</ele>
        <time>2025-08-14T19:25:59.435Z</time>
      </trkpt>
      <trkpt lat="50.133128" lon="10.586966">
        <ele>358.295078</ele>
        <time>2025-08-14T19:26:24.166Z</time>
      </trkpt>
      <trkpt lat="50.133328" lon="10.587112">
        <ele>357.526970</ele>
        <time>2025-08-14T19:26:31.138Z</time>
      </trkpt>
      <trkpt lat="50.133387" lon="10.587156">
        <ele>357.299491</ele>
        <time>2025-08-14T19:26:33.251Z</time>
      </trkpt>
      <trkpt lat="50.133728" lon="10.587290">
        <ele>356.298862</ele>
        <time>2025-08-14T19:26:45.286Z</time>
      </trkpt>
      <trkpt lat="50.133800" lon="10.587284">
        <ele>356.318940</ele>
        <time>2025-08-14T19:26:47.884Z</time>
      </trkpt>
      <trkpt lat="50.133865" lon="10.587226">
        <ele>356.339792</ele>
        <time>2025-08-14T19:26:50.644Z</time>
      </trkpt>
      <trkpt lat="50.134386" lon="10.586673">
        <ele>356.515266</ele>
        <time>2025-08-14T19:27:08.428Z</time>
      </trkpt>
      <trkpt lat="50.134568" lon="10.586597">
        <ele>356.567730</ele>
        <time>2025-08-14T19:27:14.146Z</time>
      </trkpt>
      <trkpt lat="50.135284" lon="10.586829">
        <ele>356.771365</ele>
        <time>2025-08-14T19:27:33.789Z</time>
      </trkpt>
      <trkpt lat="50.135570" lon="10.586980">
        <ele>356.464542</ele>
        <time>2025-08-14T19:27:39.969Z</time>
      </trkpt>
      <trkpt lat="50.136131" lon="10.587487">
        <ele>355.667942</ele>
        <time>2025-08-14T19:27:52.295Z</time>
      </trkpt>
      <trkpt lat="50.136392" lon="10.587554">
        <ele>355.342940</ele>
        <time>2025-08-14T19:27:57.254Z</time>
      </trkpt>
      <trkpt lat="50.136562" lon="10.587494">
        <ele>355.128782</ele>
        <time>2025-08-14T19:28:00.528Z</time>
      </trkpt>
      <trkpt lat="50.136613" lon="10.587889">
        <ele>354.811452</ele>
        <time>2025-08-14T19:28:05.444Z</time>
      </trkpt>
      <trkpt lat="50.136752" lon="10.589653">
        <ele>352.778016</ele>
        <time>2025-08-14T19:28:26.768Z</time>
      </trkpt>
      <trkpt lat="50.136941" lon="10.589871">
        <ele>352.331638</ele>
        <time>2025-08-14T19:28:31.473Z</time>
      </trkpt>
      <trkpt lat="50.137791" lon="10.590819">
        <ele>351.226198</ele>
        <time>2025-08-14T19:28:52.667Z</time>
      </trkpt>
      <trkpt lat="50.138484" lon="10.591543">
        <ele>351.360806</ele>
        <time>2025-08-14T19:29:15.242Z</time>
      </trkpt>
      <trkpt lat="50.138705" lon="10.591771">
        <ele>351.403568</ele>
        <time>2025-08-14T19:29:24.314Z</time>
      </trkpt>
      <trkpt lat="50.139123" lon="10.592122">
        <ele>351.940211</ele>
        <time>2025-08-14T19:29:40.901Z</time>
      </trkpt>
      <trkpt lat="50.139915" lon="10.592376">
        <ele>353.916366</ele>
        <time>2025-08-14T19:30:07.921Z</time>
      </trkpt>
      <trkpt lat="50.140146" lon="10.592442">
        <ele>354.490329</ele>
        <time>2025-08-14T19:30:15.722Z</time>
      </trkpt>
      <trkpt lat="50.140462" lon="10.592622">
        <ele>355.312507</ele>
        <time>2025-08-14T19:30:27.949Z</time>
      </trkpt>
      <trkpt lat="50.140580" lon="10.592750">
        <ele>355.663753</ele>
        <time>2025-08-14T19:30:33.637Z</time>
      </trkpt>
      <trkpt lat="50.141364" lon="10.593932">
        <ele>362.300673</ele>
        <time>2025-08-14T19:31:31.354Z</time>
      </trkpt>
      <trkpt lat="50.141987" lon="10.595044">
        <ele>368.228772</ele>
        <time>2025-08-14T19:32:34.459Z</time>
      </trkpt>
      <trkpt lat="50.143394" lon="10.596289">
        <ele>377.674176</ele>
        <time>2025-08-14T19:34:07.561Z</time>
      </trkpt>
      <trkpt lat="50.143755" lon="10.596604">
        <ele>376.201914</ele>
        <time>2025-08-14T19:34:24.243Z</time>
      </trkpt>
      <trkpt lat="50.145014" lon="10.598284">
        <ele>368.068065</ele>
        <time>2025-08-14T19:35:10.498Z</time>
      </trkpt>
      <trkpt lat="50.147362" lon="10.599749">
        <ele>343.401082</ele>
        <time>2025-08-14T19:36:14.344Z</time>
      </trkpt>
      <trkpt lat="50.147988" lon="10.600060">
        <ele>337.424145</ele>
        <time>2025-08-14T19:36:32.031Z</time>
      </trkpt>
      <trkpt lat="50.148243" lon="10.600173">
        <ele>335.601338</ele>
        <time>2025-08-14T19:36:39.504Z</time>
      </trkpt>
      <trkpt lat="50.148994" lon="10.600393">
        <ele>332.799876</ele>
        <time>2025-08-14T19:37:02.236Z</time>
      </trkpt>
      <trkpt lat="50.149269" lon="10.600509">
        <ele>331.755469</ele>
        <time>2025-08-14T19:37:10.919Z</time>
      </trkpt>
      <trkpt lat="50.149890" lon="10.600947">
        <ele>329.259459</ele>
        <time>2025-08-14T19:37:32.880Z</time>
      </trkpt>
      <trkpt lat="50.150226" lon="10.601227">
        <ele>327.886408</ele>
        <time>2025-08-14T19:37:45.547Z</time>
      </trkpt>
      <trkpt lat="50.150421" lon="10.601446">
        <ele>327.020391</ele>
        <time>2025-08-14T19:37:53.274Z</time>
      </trkpt>
      <trkpt lat="50.150488" lon="10.601568">
        <ele>326.649258</ele>
        <time>2025-08-14T19:37:56.616Z</time>
      </trkpt>
      <trkpt lat="50.150575" lon="10.601764">
        <ele>326.098521</ele>
        <time>2025-08-14T19:38:01.404Z</time>
      </trkpt>
      <trkpt lat="50.150986" lon="10.602807">
        <ele>323.270300</ele>
        <time>2025-08-14T19:38:24.779Z</time>
      </trkpt>
      <trkpt lat="50.152024" lon="10.604946">
        <ele>311.632620</ele>
        <time>2025-08-14T19:39:11.097Z</time>
      </trkpt>
      <trkpt lat="50.152155" lon="10.605107">
        <ele>310.472431</ele>
        <time>2025-08-14T19:39:15.617Z</time>
      </trkpt>
      <trkpt lat="50.153020" lon="10.605779">
        <ele>305.087172</ele>
        <time>2025-08-14T19:39:42.800Z</time>
      </trkpt>
      <trkpt lat="50.153105" lon="10.605878">
        <ele>304.497520</ele>
        <time>2025-08-14T19:39:45.851Z</time>
      </trkpt>
      <trkpt lat="50.153661" lon="10.606468">
        <ele>300.759569</ele>
        <time>2025-08-14T19:39:56.525Z</time>
      </trkpt>
      <trkpt lat="50.154256" lon="10.607474">
        <ele>297.279496</ele>
        <time>2025-08-14T19:40:10.698Z</time>
      </trkpt>
      <trkpt lat="50.154403" lon="10.607833">
        <ele>296.230476</ele>
        <time>2025-08-14T19:40:15.191Z</time>
      </trkpt>
      <trkpt lat="50.154541" lon="10.607726">
        <ele>295.638327</ele>
        <time>2025-08-14T19:40:17.739Z</time>
      </trkpt>
      <trkpt lat="50.154760" lon="10.607684">
        <ele>294.790412</ele>
        <time>2025-08-14T19:40:21.399Z</time>
      </trkpt>
      <trkpt lat="50.154819" lon="10.607732">
        <ele>294.534730</ele>
        <time>2025-08-14T19:40:22.495Z</time>
      </trkpt>
      <trkpt lat="50.154988" lon="10.608085">
        <ele>293.496491</ele>
        <time>2025-08-14T19:40:27.334Z</time>
      </trkpt>
      <trkpt lat="50.155052" lon="10.608080">
        <ele>293.508142</ele>
        <time>2025-08-14T19:40:28.482Z</time>
      </trkpt>
      <trkpt lat="50.155178" lon="10.608619">
        <ele>293.574980</ele>
        <time>2025-08-14T19:40:35.673Z</time>
      </trkpt>
      <trkpt lat="50.155205" lon="10.608734">
        <ele>293.589248</ele>
        <time>2025-08-14T19:40:37.393Z</time>
      </trkpt>
      <trkpt lat="50.155243" lon="10.608894">
        <ele>293.609126</ele>
        <time>2025-08-14T19:40:39.880Z</time>
      </trkpt>
      <trkpt lat="50.155265" lon="10.608987">
        <ele>293.620674</ele>
        <time>2025-08-14T19:40:41.403Z</time>
      </trkpt>
      <trkpt lat="50.155324" lon="10.609241">
        <ele>293.652148</ele>
        <time>2025-08-14T19:40:45.758Z</time>
      </trkpt>
      <trkpt lat="50.155380" lon="10.609475">
        <ele>293.681246</ele>
        <time>2025-08-14T19:40:49.984Z</time>
      </trkpt>
      <trkpt lat="50.155409" lon="10.609745">
        <ele>293.713138</ele>
        <time>2025-08-14T19:40:54.727Z</time>
      </trkpt>
      <trkpt lat="50.156064" lon="10.609684">
        <ele>293.846395</ele>
        <time>2025-08-14T19:41:14.913Z</time>
      </trkpt>
      <trkpt lat="50.156531" lon="10.609485">
        <ele>294.045699</ele>
        <time>2025-08-14T19:41:38.230Z</time>
      </trkpt>
      <trkpt lat="50.157001" lon="10.609328">
        <ele>294.243583</ele>
        <time>2025-08-14T19:41:57.939Z</time>
      </trkpt>
      <trkpt lat="50.157236" lon="10.609177">
        <ele>294.348211</ele>
        <time>2025-08-14T19:42:07.060Z</time>
      </trkpt>
      <trkpt lat="50.157646" lon="10.608816">
        <ele>294.542017</ele>
        <time>2025-08-14T19:42:23.288Z</time>
      </trkpt>
      <trkpt lat="50.157918" lon="10.608456">
        <ele>294.344226</ele>
        <time>2025-08-14T19:42:35.331Z</time>
      </trkpt>
      <trkpt lat="50.158276" lon="10.608060">
        <ele>294.034387</ele>
        <time>2025-08-14T19:42:50.052Z</time>
      </trkpt>
      <trkpt lat="50.158509" lon="10.607692">
        <ele>293.800324</ele>
        <time>2025-08-14T19:43:01.687Z</time>
      </trkpt>
      <trkpt lat="50.158639" lon="10.607330">
        <ele>293.612584</ele>
        <time>2025-08-14T19:43:11.355Z</time>
      </trkpt>
      <trkpt lat="50.158796" lon="10.606699">
        <ele>293.306353</ele>
        <time>2025-08-14T19:43:27.659Z</time>
      </trkpt>
      <trkpt lat="50.159023" lon="10.606181">
        <ele>292.947408</ele>
        <time>2025-08-14T19:43:42.391Z</time>
      </trkpt>
      <trkpt lat="50.159135" lon="10.605733">
        <ele>292.669263</ele>
        <time>2025-08-14T19:43:53.235Z</time>
      </trkpt>
      <trkpt lat="50.159201" lon="10.605473">
        <ele>292.507509</ele>
        <time>2025-08-14T19:43:59.405Z</time>
      </trkpt>
      <trkpt lat="50.159245" lon="10.605119">
        <ele>292.298945</ele>
        <time>2025-08-14T19:44:07.299Z</time>
      </trkpt>
      <trkpt lat="50.159254" lon="10.604863">
        <ele>292.150657</ele>
        <time>2025-08-14T19:44:12.888Z</time>
      </trkpt>
      <trkpt lat="50.159235" lon="10.604486">
        <ele>291.931934</ele>
        <time>2025-08-14T19:44:20.985Z</time>
      </trkpt>
      <trkpt lat="50.159145" lon="10.603766">
        <ele>291.627914</ele>
        <time>2025-08-14T19:44:36.505Z</time>
      </trkpt>
      <trkpt lat="50.158912" lon="10.602461">
        <ele>291.431909</ele>
        <time>2025-08-14T19:45:06.591Z</time>
      </trkpt>
      <trkpt lat="50.158852" lon="10.602021">
        <ele>291.366822</ele>
        <time>2025-08-14T19:45:17.885Z</time>
      </trkpt>
      <trkpt lat="50.158856" lon="10.601540">
        <ele>291.297224</ele>
        <time>2025-08-14T19:45:30.779Z</time>
      </trkpt>
      <trkpt lat="50.159027" lon="10.600131">
        <ele>291.958308</ele>
        <time>2025-08-14T19:46:11.697Z</time>
      </trkpt>
      <trkpt lat="50.159132" lon="10.599776">
        <ele>292.187246</ele>
        <time>2025-08-14T19:46:22.677Z</time>
      </trkpt>
      <trkpt lat="50.159391" lon="10.599312">
        <ele>292.547574</ele>
        <time>2025-08-14T19:46:39.467Z</time>
      </trkpt>
      <trkpt lat="50.159560" lon="10.599046">
        <ele>292.766917</ele>
        <time>2025-08-14T19:46:49.257Z</time>
      </trkpt>
      <trkpt lat="50.160497" lon="10.597831">
        <ele>292.275733</ele>
        <time>2025-08-14T19:47:32.658Z</time>
      </trkpt>
      <trkpt lat="50.161244" lon="10.597095">
        <ele>291.843132</ele>
        <time>2025-08-14T19:48:02.956Z</time>
      </trkpt>
      <trkpt lat="50.161345" lon="10.596949">
        <ele>291.843132</ele>
        <time>2025-08-14T19:48:07.745Z</time>
      </trkpt>
      <trkpt lat="50.161414" lon="10.596751">
        <ele>291.843132</ele>
        <time>2025-08-14T19:48:12.822Z</time>
      </trkpt>
      <trkpt lat="50.161533" lon="10.596208">
        <ele>291.843132</ele>
        <time>2025-08-14T19:48:26.027Z</time>
      </trkpt>
      <trkpt lat="50.161658" lon="10.595718">
        <ele>291.843132</ele>
        <time>2025-08-14T19:48:33.492Z</time>
      </trkpt>
      <trkpt lat="50.161719" lon="10.595379">
        <ele>291.843132</ele>
        <time>2025-08-14T19:48:38.814Z</time>
      </trkpt>
      <trkpt lat="50.161805" lon="10.594599">
        <ele>291.843132</ele>
        <time>2025-08-14T19:48:51.460Z</time>
      </trkpt>
      <trkpt lat="50.161774" lon="10.594457">
        <ele>291.843132</ele>
        <time>2025-08-14T19:48:53.790Z</time>
      </trkpt>
    </trkseg>
  </trk>
</gpx>