<?xml version='1.0' encoding='UTF-8'?>
<gpx version="1.1" creator="https://www.komoot.de" xmlns="http://www.topografix.com/GPX/1/1" xmlns:xsi="http://www.w3.org/2001/XMLSchema-instance" xsi:schemaLocation="http://www.topografix.com/GPX/1/1 http://www.topografix.com/GPX/1/1/gpx.xsd">
  <metadata>
    <name>Graveltour in den Haßbergen – Wald, Wasser, Wein - GravelDeluxe</name>
    <author>
      <link href="https://www.komoot.de">
        <text>komoot</text>
        <type>text/html</type>
      </link>
    </author>
  </metadata>
  <wpt lat="50.179972" lon="10.574141">
    <name>Bank mit Blick auf die Schwedenschanze und die Höhen des Rennwegs</name>
    <sym>Flag, Blue</sym>
  </wpt>
  <wpt lat="50.183625" lon="10.558659">
    <name>Bank mit Blick auf den Großen Gleichberg und den Bayernturm</name>
    <sym>Flag, Blue</sym>
  </wpt>
  <wpt lat="50.179111" lon="10.504760">
    <name>Rennweg-Waldweg</name>
    <sym>Flag, Blue</sym>
  </wpt>
  <wpt lat="50.200561" lon="10.413873">
    <name>Schloss Craheim</name>
    <sym>Flag, Blue</sym>
  </wpt>
  <wpt lat="50.080496" lon="10.415089">
    <name>Biergarten Güller im Wässernachtal</name>
    <sym>Restaurant</sym>
  </wpt>
  <wpt lat="50.056010" lon="10.441323">
    <name>Wiese im Wässernachtal</name>
    <sym>Flag, Blue</sym>
  </wpt>
  <wpt lat="50.120872" lon="10.582232">
    <name>Rennweg im Naturpark Haßberge</name>
    <sym>Flag, Blue</sym>
  </wpt>
  <wpt lat="50.152312" lon="10.635753">
    <name>Kleines Hofcafé</name>
    <sym>Restaurant</sym>
  </wpt>
  <trk>
    <name>Graveltour in den Haßbergen – Wald, Wasser, Wein - GravelDeluxe</name>
    <type>mtb_easy</type>
    <trkseg>
      <trkpt lat="50.162030" lon="10.594123">
        <ele>293.772033</ele>
        <time>2025-08-18T12:57:33.753Z</time>
      </trkpt>
      <trkpt lat="50.161991" lon="10.594369">
        <ele>293.772033</ele>
        <time>2025-08-18T12:57:37.788Z</time>
      </trkpt>
      <trkpt lat="50.162219" lon="10.594489">
        <ele>293.772033</ele>
        <time>2025-08-18T12:57:43.975Z</time>
      </trkpt>
      <trkpt lat="50.162423" lon="10.594456">
        <ele>293.772033</ele>
        <time>2025-08-18T12:57:49.342Z</time>
      </trkpt>
      <trkpt lat="50.163148" lon="10.594253">
        <ele>294.340193</ele>
        <time>2025-08-18T12:58:09.785Z</time>
      </trkpt>
      <trkpt lat="50.163287" lon="10.594143">
        <ele>294.539032</ele>
        <time>2025-08-18T12:58:14.340Z</time>
      </trkpt>
      <trkpt lat="50.163842" lon="10.593572">
        <ele>295.387124</ele>
        <time>2025-08-18T12:58:34.460Z</time>
      </trkpt>
      <trkpt lat="50.164198" lon="10.593226">
        <ele>295.922188</ele>
        <time>2025-08-18T12:58:46.652Z</time>
      </trkpt>
      <trkpt lat="50.164663" lon="10.592883">
        <ele>296.425259</ele>
        <time>2025-08-18T12:59:00.250Z</time>
      </trkpt>
      <trkpt lat="50.165009" lon="10.592571">
        <ele>296.782443</ele>
        <time>2025-08-18T12:59:10.735Z</time>
      </trkpt>
      <trkpt lat="50.165394" lon="10.592236">
        <ele>297.176447</ele>
        <time>2025-08-18T12:59:22.864Z</time>
      </trkpt>
      <trkpt lat="50.165622" lon="10.592134">
        <ele>297.388461</ele>
        <time>2025-08-18T12:59:29.357Z</time>
      </trkpt>
      <trkpt lat="50.165984" lon="10.592121">
        <ele>297.665756</ele>
        <time>2025-08-18T12:59:39.035Z</time>
      </trkpt>
      <trkpt lat="50.166384" lon="10.592140">
        <ele>297.579642</ele>
        <time>2025-08-18T12:59:49.349Z</time>
      </trkpt>
      <trkpt lat="50.166702" lon="10.592067">
        <ele>297.510477</ele>
        <time>2025-08-18T12:59:57.324Z</time>
      </trkpt>
      <trkpt lat="50.167020" lon="10.591880">
        <ele>297.437355</ele>
        <time>2025-08-18T13:00:05.074Z</time>
      </trkpt>
      <trkpt lat="50.168021" lon="10.591202">
        <ele>297.366740</ele>
        <time>2025-08-18T13:00:27.416Z</time>
      </trkpt>
      <trkpt lat="50.168191" lon="10.591002">
        <ele>297.409246</ele>
        <time>2025-08-18T13:00:31.889Z</time>
      </trkpt>
      <trkpt lat="50.168321" lon="10.590763">
        <ele>297.449351</ele>
        <time>2025-08-18T13:00:36.384Z</time>
      </trkpt>
      <trkpt lat="50.168517" lon="10.590406">
        <ele>297.509492</ele>
        <time>2025-08-18T13:00:43.823Z</time>
      </trkpt>
      <trkpt lat="50.168743" lon="10.590119">
        <ele>297.567666</ele>
        <time>2025-08-18T13:00:52.006Z</time>
      </trkpt>
      <trkpt lat="50.168877" lon="10.590023">
        <ele>297.597107</ele>
        <time>2025-08-18T13:00:56.516Z</time>
      </trkpt>
      <trkpt lat="50.169144" lon="10.589923">
        <ele>297.673662</ele>
        <time>2025-08-18T13:01:05.197Z</time>
      </trkpt>
      <trkpt lat="50.169272" lon="10.589938">
        <ele>297.809447</ele>
        <time>2025-08-18T13:01:09.346Z</time>
      </trkpt>
      <trkpt lat="50.169906" lon="10.590208">
        <ele>298.504628</ele>
        <time>2025-08-18T13:01:31.022Z</time>
      </trkpt>
      <trkpt lat="50.170662" lon="10.590150">
        <ele>299.305327</ele>
        <time>2025-08-18T13:01:52.164Z</time>
      </trkpt>
      <trkpt lat="50.170816" lon="10.590157">
        <ele>299.468305</ele>
        <time>2025-08-18T13:01:55.781Z</time>
      </trkpt>
      <trkpt lat="50.172030" lon="10.590447">
        <ele>299.302157</ele>
        <time>2025-08-18T13:02:22.070Z</time>
      </trkpt>
      <trkpt lat="50.172229" lon="10.589675">
        <ele>299.187614</ele>
        <time>2025-08-18T13:02:34.071Z</time>
      </trkpt>
      <trkpt lat="50.172277" lon="10.589525">
        <ele>299.164534</ele>
        <time>2025-08-18T13:02:36.769Z</time>
      </trkpt>
      <trkpt lat="50.172516" lon="10.588888">
        <ele>299.721442</ele>
        <time>2025-08-18T13:02:49.003Z</time>
      </trkpt>
      <trkpt lat="50.172600" lon="10.588827">
        <ele>299.832479</ele>
        <time>2025-08-18T13:02:51.591Z</time>
      </trkpt>
      <trkpt lat="50.173157" lon="10.589031">
        <ele>300.518209</ele>
        <time>2025-08-18T13:03:08.715Z</time>
      </trkpt>
      <trkpt lat="50.173418" lon="10.589031">
        <ele>300.831039</ele>
        <time>2025-08-18T13:03:16.837Z</time>
      </trkpt>
      <trkpt lat="50.173812" lon="10.588841">
        <ele>301.328787</ele>
        <time>2025-08-18T13:03:29.501Z</time>
      </trkpt>
      <trkpt lat="50.173907" lon="10.588714">
        <ele>301.560198</ele>
        <time>2025-08-18T13:03:33.184Z</time>
      </trkpt>
      <trkpt lat="50.174223" lon="10.588125">
        <ele>302.470741</ele>
        <time>2025-08-18T13:03:47.322Z</time>
      </trkpt>
      <trkpt lat="50.174348" lon="10.587974">
        <ele>302.763175</ele>
        <time>2025-08-18T13:03:51.854Z</time>
      </trkpt>
      <trkpt lat="50.174476" lon="10.587897">
        <ele>303.016988</ele>
        <time>2025-08-18T13:03:55.841Z</time>
      </trkpt>
      <trkpt lat="50.174626" lon="10.587860">
        <ele>303.297981</ele>
        <time>2025-08-18T13:04:00.308Z</time>
      </trkpt>
      <trkpt lat="50.175087" lon="10.587884">
        <ele>304.151462</ele>
        <time>2025-08-18T13:04:14.885Z</time>
      </trkpt>
      <trkpt lat="50.175623" lon="10.587851">
        <ele>306.041538</ele>
        <time>2025-08-18T13:04:33.834Z</time>
      </trkpt>
      <trkpt lat="50.176194" lon="10.587690">
        <ele>309.053806</ele>
        <time>2025-08-18T13:04:58.550Z</time>
      </trkpt>
      <trkpt lat="50.176716" lon="10.587486">
        <ele>311.847337</ele>
        <time>2025-08-18T13:05:26.337Z</time>
      </trkpt>
      <trkpt lat="50.176913" lon="10.587274">
        <ele>313.089413</ele>
        <time>2025-08-18T13:05:39.863Z</time>
      </trkpt>
      <trkpt lat="50.177323" lon="10.586649">
        <ele>317.678250</ele>
        <time>2025-08-18T13:06:15.114Z</time>
      </trkpt>
      <trkpt lat="50.178029" lon="10.585673">
        <ele>326.373352</ele>
        <time>2025-08-18T13:07:22.455Z</time>
      </trkpt>
      <trkpt lat="50.178131" lon="10.585383">
        <ele>328.327219</ele>
        <time>2025-08-18T13:07:38.226Z</time>
      </trkpt>
      <trkpt lat="50.178308" lon="10.584547">
        <ele>332.970660</ele>
        <time>2025-08-18T13:08:19.498Z</time>
      </trkpt>
      <trkpt lat="50.178379" lon="10.584193">
        <ele>334.749094</ele>
        <time>2025-08-18T13:08:36.619Z</time>
      </trkpt>
      <trkpt lat="50.178584" lon="10.581723">
        <ele>343.871958</ele>
        <time>2025-08-18T13:10:05.129Z</time>
      </trkpt>
      <trkpt lat="50.178601" lon="10.581521">
        <ele>343.811709</ele>
        <time>2025-08-18T13:10:08.877Z</time>
      </trkpt>
      <trkpt lat="50.178753" lon="10.581391">
        <ele>343.731682</ele>
        <time>2025-08-18T13:10:13.006Z</time>
      </trkpt>
      <trkpt lat="50.178850" lon="10.581193">
        <ele>343.657962</ele>
        <time>2025-08-18T13:10:16.277Z</time>
      </trkpt>
      <trkpt lat="50.178991" lon="10.580558">
        <ele>343.459214</ele>
        <time>2025-08-18T13:10:23.955Z</time>
      </trkpt>
      <trkpt lat="50.179250" lon="10.579146">
        <ele>341.822588</ele>
        <time>2025-08-18T13:10:38.875Z</time>
      </trkpt>
      <trkpt lat="50.179300" lon="10.578766">
        <ele>340.942604</ele>
        <time>2025-08-18T13:10:42.864Z</time>
      </trkpt>
      <trkpt lat="50.179276" lon="10.576829">
        <ele>336.696218</ele>
        <time>2025-08-18T13:11:04.225Z</time>
      </trkpt>
      <trkpt lat="50.179377" lon="10.575300">
        <ele>335.016642</ele>
        <time>2025-08-18T13:11:22.925Z</time>
      </trkpt>
      <trkpt lat="50.179417" lon="10.575066">
        <ele>334.752002</ele>
        <time>2025-08-18T13:11:25.922Z</time>
      </trkpt>
      <trkpt lat="50.179471" lon="10.574883">
        <ele>334.531835</ele>
        <time>2025-08-18T13:11:28.377Z</time>
      </trkpt>
      <trkpt lat="50.179556" lon="10.574700">
        <ele>334.284815</ele>
        <time>2025-08-18T13:11:31.177Z</time>
      </trkpt>
      <trkpt lat="50.179657" lon="10.574558">
        <ele>334.052923</ele>
        <time>2025-08-18T13:11:33.880Z</time>
      </trkpt>
      <trkpt lat="50.180185" lon="10.574071">
        <ele>332.398730</ele>
        <time>2025-08-18T13:11:45.582Z</time>
      </trkpt>
      <trkpt lat="50.180006" lon="10.574090">
        <ele>331.847243</ele>
        <time>2025-08-18T13:11:51.446Z</time>
      </trkpt>
      <trkpt lat="50.179966" lon="10.574105">
        <ele>331.720794</ele>
        <time>2025-08-18T13:11:52.728Z</time>
      </trkpt>
      <trkpt lat="50.180006" lon="10.574090">
        <ele>331.594344</ele>
        <time>2025-08-18T13:11:54.044Z</time>
      </trkpt>
      <trkpt lat="50.180185" lon="10.574071">
        <ele>331.042858</ele>
        <time>2025-08-18T13:11:59.777Z</time>
      </trkpt>
      <trkpt lat="50.180896" lon="10.573659">
        <ele>328.711743</ele>
        <time>2025-08-18T13:12:13.084Z</time>
      </trkpt>
      <trkpt lat="50.181458" lon="10.573407">
        <ele>325.498077</ele>
        <time>2025-08-18T13:12:22.687Z</time>
      </trkpt>
      <trkpt lat="50.181611" lon="10.573382">
        <ele>324.518528</ele>
        <time>2025-08-18T13:12:25.133Z</time>
      </trkpt>
      <trkpt lat="50.181787" lon="10.573393">
        <ele>323.396947</ele>
        <time>2025-08-18T13:12:27.925Z</time>
      </trkpt>
      <trkpt lat="50.183479" lon="10.574000">
        <ele>313.361532</ele>
        <time>2025-08-18T13:12:55.233Z</time>
      </trkpt>
      <trkpt lat="50.183914" lon="10.574114">
        <ele>311.197422</ele>
        <time>2025-08-18T13:13:02.609Z</time>
      </trkpt>
      <trkpt lat="50.185259" lon="10.574453">
        <ele>306.634949</ele>
        <time>2025-08-18T13:13:27.658Z</time>
      </trkpt>
      <trkpt lat="50.186207" lon="10.571718">
        <ele>303.865081</ele>
        <time>2025-08-18T13:14:07.888Z</time>
      </trkpt>
      <trkpt lat="50.186055" lon="10.570241">
        <ele>303.171746</ele>
        <time>2025-08-18T13:14:29.049Z</time>
      </trkpt>
      <trkpt lat="50.186047" lon="10.569985">
        <ele>303.223041</ele>
        <time>2025-08-18T13:14:32.980Z</time>
      </trkpt>
      <trkpt lat="50.186067" lon="10.569759">
        <ele>303.268701</ele>
        <time>2025-08-18T13:14:36.599Z</time>
      </trkpt>
      <trkpt lat="50.186168" lon="10.569554">
        <ele>303.320468</ele>
        <time>2025-08-18T13:14:40.659Z</time>
      </trkpt>
      <trkpt lat="50.186332" lon="10.569429">
        <ele>303.377507</ele>
        <time>2025-08-18T13:14:45.024Z</time>
      </trkpt>
      <trkpt lat="50.186423" lon="10.569445">
        <ele>303.406130</ele>
        <time>2025-08-18T13:14:47.147Z</time>
      </trkpt>
      <trkpt lat="50.186514" lon="10.569507">
        <ele>303.437162</ele>
        <time>2025-08-18T13:14:49.428Z</time>
      </trkpt>
      <trkpt lat="50.186733" lon="10.569718">
        <ele>303.517591</ele>
        <time>2025-08-18T13:14:55.394Z</time>
      </trkpt>
      <trkpt lat="50.186983" lon="10.570021">
        <ele>303.616501</ele>
        <time>2025-08-18T13:15:02.870Z</time>
      </trkpt>
      <trkpt lat="50.186950" lon="10.569574">
        <ele>303.706552</ele>
        <time>2025-08-18T13:15:09.974Z</time>
      </trkpt>
      <trkpt lat="50.186880" lon="10.569166">
        <ele>304.529783</ele>
        <time>2025-08-18T13:15:17.447Z</time>
      </trkpt>
      <trkpt lat="50.186849" lon="10.568997">
        <ele>304.915760</ele>
        <time>2025-08-18T13:15:21.012Z</time>
      </trkpt>
      <trkpt lat="50.186804" lon="10.568767">
        <ele>305.443791</ele>
        <time>2025-08-18T13:15:26.443Z</time>
      </trkpt>
      <trkpt lat="50.186712" lon="10.568490">
        <ele>306.128916</ele>
        <time>2025-08-18T13:15:34.097Z</time>
      </trkpt>
      <trkpt lat="50.186559" lon="10.568155">
        <ele>307.032375</ele>
        <time>2025-08-18T13:15:44.718Z</time>
      </trkpt>
      <trkpt lat="50.186385" lon="10.567918">
        <ele>307.824059</ele>
        <time>2025-08-18T13:15:54.787Z</time>
      </trkpt>
      <trkpt lat="50.186287" lon="10.567732">
        <ele>308.352926</ele>
        <time>2025-08-18T13:16:01.880Z</time>
      </trkpt>
      <trkpt lat="50.186061" lon="10.567380">
        <ele>309.447397</ele>
        <time>2025-08-18T13:16:17.226Z</time>
      </trkpt>
      <trkpt lat="50.185707" lon="10.566539">
        <ele>312.001919</ele>
        <time>2025-08-18T13:16:49.045Z</time>
      </trkpt>
      <trkpt lat="50.184906" lon="10.563110">
        <ele>320.685918</ele>
        <time>2025-08-18T13:18:22.470Z</time>
      </trkpt>
      <trkpt lat="50.184435" lon="10.561300">
        <ele>324.771267</ele>
        <time>2025-08-18T13:19:08.123Z</time>
      </trkpt>
      <trkpt lat="50.183719" lon="10.558917">
        <ele>330.141043</ele>
        <time>2025-08-18T13:20:15.144Z</time>
      </trkpt>
      <trkpt lat="50.183638" lon="10.558649">
        <ele>330.685288</ele>
        <time>2025-08-18T13:20:22.551Z</time>
      </trkpt>
      <trkpt lat="50.183161" lon="10.557072">
        <ele>333.888270</ele>
        <time>2025-08-18T13:21:03.531Z</time>
      </trkpt>
      <trkpt lat="50.182914" lon="10.556511">
        <ele>334.309984</ele>
        <time>2025-08-18T13:21:16.721Z</time>
      </trkpt>
      <trkpt lat="50.182799" lon="10.556345">
        <ele>334.375856</ele>
        <time>2025-08-18T13:21:21.033Z</time>
      </trkpt>
      <trkpt lat="50.182676" lon="10.556278">
        <ele>334.430652</ele>
        <time>2025-08-18T13:21:24.456Z</time>
      </trkpt>
      <trkpt lat="50.182195" lon="10.556423">
        <ele>334.636714</ele>
        <time>2025-08-18T13:21:35.871Z</time>
      </trkpt>
      <trkpt lat="50.180872" lon="10.556482">
        <ele>334.418054</ele>
        <time>2025-08-18T13:22:03.156Z</time>
      </trkpt>
      <trkpt lat="50.180271" lon="10.556463">
        <ele>333.942861</ele>
        <time>2025-08-18T13:22:15.525Z</time>
      </trkpt>
      <trkpt lat="50.179900" lon="10.556375">
        <ele>333.646219</ele>
        <time>2025-08-18T13:22:23.084Z</time>
      </trkpt>
      <trkpt lat="50.179484" lon="10.556166">
        <ele>333.202458</ele>
        <time>2025-08-18T13:22:31.665Z</time>
      </trkpt>
      <trkpt lat="50.178128" lon="10.555117">
        <ele>331.422674</ele>
        <time>2025-08-18T13:23:00.546Z</time>
      </trkpt>
      <trkpt lat="50.176966" lon="10.554143">
        <ele>330.584923</ele>
        <time>2025-08-18T13:23:29.449Z</time>
      </trkpt>
      <trkpt lat="50.176458" lon="10.553762">
        <ele>330.230659</ele>
        <time>2025-08-18T13:23:40.614Z</time>
      </trkpt>
      <trkpt lat="50.176210" lon="10.553507">
        <ele>330.026486</ele>
        <time>2025-08-18T13:23:46.141Z</time>
      </trkpt>
      <trkpt lat="50.175597" lon="10.552724">
        <ele>329.481929</ele>
        <time>2025-08-18T13:24:01.092Z</time>
      </trkpt>
      <trkpt lat="50.175497" lon="10.552499">
        <ele>329.361327</ele>
        <time>2025-08-18T13:24:04.579Z</time>
      </trkpt>
      <trkpt lat="50.175432" lon="10.552266">
        <ele>329.249412</ele>
        <time>2025-08-18T13:24:07.966Z</time>
      </trkpt>
      <trkpt lat="50.174503" lon="10.548202">
        <ele>332.874480</ele>
        <time>2025-08-18T13:25:30.719Z</time>
      </trkpt>
      <trkpt lat="50.174367" lon="10.547687">
        <ele>333.579785</ele>
        <time>2025-08-18T13:25:41.990Z</time>
      </trkpt>
      <trkpt lat="50.174194" lon="10.547159">
        <ele>334.330701</ele>
        <time>2025-08-18T13:25:54.368Z</time>
      </trkpt>
      <trkpt lat="50.173779" lon="10.546177">
        <ele>336.265167</ele>
        <time>2025-08-18T13:26:20.599Z</time>
      </trkpt>
      <trkpt lat="50.173160" lon="10.544888">
        <ele>339.662227</ele>
        <time>2025-08-18T13:27:00.856Z</time>
      </trkpt>
      <trkpt lat="50.171473" lon="10.541374">
        <ele>351.030488</ele>
        <time>2025-08-18T13:28:57.493Z</time>
      </trkpt>
      <trkpt lat="50.171518" lon="10.541285">
        <ele>351.407483</ele>
        <time>2025-08-18T13:29:02.068Z</time>
      </trkpt>
      <trkpt lat="50.171597" lon="10.541464">
        <ele>352.130223</ele>
        <time>2025-08-18T13:29:08.715Z</time>
      </trkpt>
      <trkpt lat="50.172023" lon="10.541090">
        <ele>354.667199</ele>
        <time>2025-08-18T13:29:40.610Z</time>
      </trkpt>
      <trkpt lat="50.172841" lon="10.540628">
        <ele>359.359235</ele>
        <time>2025-08-18T13:30:40.746Z</time>
      </trkpt>
      <trkpt lat="50.173370" lon="10.540371">
        <ele>362.508864</ele>
        <time>2025-08-18T13:31:18.724Z</time>
      </trkpt>
      <trkpt lat="50.173583" lon="10.540081">
        <ele>364.115505</ele>
        <time>2025-08-18T13:31:37.035Z</time>
      </trkpt>
      <trkpt lat="50.173672" lon="10.539577">
        <ele>366.019087</ele>
        <time>2025-08-18T13:31:58.262Z</time>
      </trkpt>
      <trkpt lat="50.173769" lon="10.539201">
        <ele>367.495022</ele>
        <time>2025-08-18T13:32:14.463Z</time>
      </trkpt>
      <trkpt lat="50.173528" lon="10.538601">
        <ele>369.088930</ele>
        <time>2025-08-18T13:32:41.602Z</time>
      </trkpt>
      <trkpt lat="50.173150" lon="10.537774">
        <ele>371.342794</ele>
        <time>2025-08-18T13:33:16.854Z</time>
      </trkpt>
      <trkpt lat="50.172992" lon="10.537302">
        <ele>372.524260</ele>
        <time>2025-08-18T13:33:34.110Z</time>
      </trkpt>
      <trkpt lat="50.173013" lon="10.536787">
        <ele>373.669040</ele>
        <time>2025-08-18T13:33:50.577Z</time>
      </trkpt>
      <trkpt lat="50.173432" lon="10.535511">
        <ele>375.516767</ele>
        <time>2025-08-18T13:34:35.491Z</time>
      </trkpt>
      <trkpt lat="50.173741" lon="10.535114">
        <ele>376.300226</ele>
        <time>2025-08-18T13:34:54.713Z</time>
      </trkpt>
      <trkpt lat="50.174092" lon="10.534835">
        <ele>377.071355</ele>
        <time>2025-08-18T13:35:12.546Z</time>
      </trkpt>
      <trkpt lat="50.174414" lon="10.534728">
        <ele>377.362140</ele>
        <time>2025-08-18T13:35:26.337Z</time>
      </trkpt>
      <trkpt lat="50.174703" lon="10.534803">
        <ele>377.442218</ele>
        <time>2025-08-18T13:35:37.390Z</time>
      </trkpt>
      <trkpt lat="50.174943" lon="10.535049">
        <ele>377.520691</ele>
        <time>2025-08-18T13:35:47.657Z</time>
      </trkpt>
      <trkpt lat="50.175102" lon="10.535607">
        <ele>377.627605</ele>
        <time>2025-08-18T13:36:01.242Z</time>
      </trkpt>
      <trkpt lat="50.175287" lon="10.536036">
        <ele>377.718141</ele>
        <time>2025-08-18T13:36:13.105Z</time>
      </trkpt>
      <trkpt lat="50.175596" lon="10.536509">
        <ele>378.226964</ele>
        <time>2025-08-18T13:36:30.724Z</time>
      </trkpt>
      <trkpt lat="50.175954" lon="10.536648">
        <ele>379.311143</ele>
        <time>2025-08-18T13:36:48.373Z</time>
      </trkpt>
      <trkpt lat="50.176235" lon="10.536637">
        <ele>380.137244</ele>
        <time>2025-08-18T13:37:03.608Z</time>
      </trkpt>
      <trkpt lat="50.176441" lon="10.536294">
        <ele>381.022295</ele>
        <time>2025-08-18T13:37:21.058Z</time>
      </trkpt>
      <trkpt lat="50.176641" lon="10.535693">
        <ele>382.297075</ele>
        <time>2025-08-18T13:37:46.394Z</time>
      </trkpt>
      <trkpt lat="50.176806" lon="10.535500">
        <ele>382.902969</ele>
        <time>2025-08-18T13:37:58.110Z</time>
      </trkpt>
      <trkpt lat="50.176991" lon="10.535521">
        <ele>383.353022</ele>
        <time>2025-08-18T13:38:08.214Z</time>
      </trkpt>
      <trkpt lat="50.177197" lon="10.535714">
        <ele>383.875453</ele>
        <time>2025-08-18T13:38:20.427Z</time>
      </trkpt>
      <trkpt lat="50.177362" lon="10.536208">
        <ele>384.651389</ele>
        <time>2025-08-18T13:38:37.310Z</time>
      </trkpt>
      <trkpt lat="50.177458" lon="10.536744">
        <ele>385.426509</ele>
        <time>2025-08-18T13:38:53.239Z</time>
      </trkpt>
      <trkpt lat="50.177596" lon="10.537335">
        <ele>386.302586</ele>
        <time>2025-08-18T13:39:10.856Z</time>
      </trkpt>
      <trkpt lat="50.177960" lon="10.538107">
        <ele>387.570284</ele>
        <time>2025-08-18T13:39:39.485Z</time>
      </trkpt>
      <trkpt lat="50.178317" lon="10.538225">
        <ele>388.280744</ele>
        <time>2025-08-18T13:39:57.108Z</time>
      </trkpt>
      <trkpt lat="50.178674" lon="10.538086">
        <ele>388.997083</ele>
        <time>2025-08-18T13:40:15.186Z</time>
      </trkpt>
      <trkpt lat="50.178894" lon="10.537753">
        <ele>389.593611</ele>
        <time>2025-08-18T13:40:29.821Z</time>
      </trkpt>
      <trkpt lat="50.179300" lon="10.536841">
        <ele>390.781457</ele>
        <time>2025-08-18T13:41:01.920Z</time>
      </trkpt>
      <trkpt lat="50.179492" lon="10.536498">
        <ele>391.117641</ele>
        <time>2025-08-18T13:41:14.483Z</time>
      </trkpt>
      <trkpt lat="50.179939" lon="10.535983">
        <ele>391.757765</ele>
        <time>2025-08-18T13:41:38.605Z</time>
      </trkpt>
      <trkpt lat="50.180069" lon="10.535704">
        <ele>392.012382</ele>
        <time>2025-08-18T13:41:48.628Z</time>
      </trkpt>
      <trkpt lat="50.180117" lon="10.535511">
        <ele>392.165168</ele>
        <time>2025-08-18T13:41:54.553Z</time>
      </trkpt>
      <trkpt lat="50.180090" lon="10.535285">
        <ele>392.334819</ele>
        <time>2025-08-18T13:42:00.994Z</time>
      </trkpt>
      <trkpt lat="50.179712" lon="10.534770">
        <ele>391.994942</ele>
        <time>2025-08-18T13:42:20.532Z</time>
      </trkpt>
      <trkpt lat="50.179506" lon="10.534406">
        <ele>391.398123</ele>
        <time>2025-08-18T13:42:31.339Z</time>
      </trkpt>
      <trkpt lat="50.179396" lon="10.534062">
        <ele>390.925724</ele>
        <time>2025-08-18T13:42:39.361Z</time>
      </trkpt>
      <trkpt lat="50.179361" lon="10.533751">
        <ele>390.537773</ele>
        <time>2025-08-18T13:42:45.762Z</time>
      </trkpt>
      <trkpt lat="50.179361" lon="10.533515">
        <ele>390.247822</ele>
        <time>2025-08-18T13:42:50.497Z</time>
      </trkpt>
      <trkpt lat="50.179684" lon="10.532796">
        <ele>389.168776</ele>
        <time>2025-08-18T13:43:07.696Z</time>
      </trkpt>
      <trkpt lat="50.179664" lon="10.532421">
        <ele>388.286735</ele>
        <time>2025-08-18T13:43:14.860Z</time>
      </trkpt>
      <trkpt lat="50.179595" lon="10.532228">
        <ele>387.737978</ele>
        <time>2025-08-18T13:43:19.057Z</time>
      </trkpt>
      <trkpt lat="50.179636" lon="10.531916">
        <ele>386.947262</ele>
        <time>2025-08-18T13:43:25.125Z</time>
      </trkpt>
      <trkpt lat="50.179691" lon="10.531702">
        <ele>386.374793</ele>
        <time>2025-08-18T13:43:29.554Z</time>
      </trkpt>
      <trkpt lat="50.179918" lon="10.531498">
        <ele>385.359441</ele>
        <time>2025-08-18T13:43:37.367Z</time>
      </trkpt>
      <trkpt lat="50.180681" lon="10.531455">
        <ele>382.399543</ele>
        <time>2025-08-18T13:44:00.093Z</time>
      </trkpt>
      <trkpt lat="50.180990" lon="10.531273">
        <ele>381.913404</ele>
        <time>2025-08-18T13:44:09.848Z</time>
      </trkpt>
      <trkpt lat="50.181430" lon="10.530554">
        <ele>381.356426</ele>
        <time>2025-08-18T13:44:29.650Z</time>
      </trkpt>
      <trkpt lat="50.181860" lon="10.529917">
        <ele>380.838070</ele>
        <time>2025-08-18T13:44:52.228Z</time>
      </trkpt>
      <trkpt lat="50.181288" lon="10.528185">
        <ele>383.237484</ele>
        <time>2025-08-18T13:45:59.832Z</time>
      </trkpt>
      <trkpt lat="50.181029" lon="10.527520">
        <ele>384.645954</ele>
        <time>2025-08-18T13:46:25.655Z</time>
      </trkpt>
      <trkpt lat="50.180770" lon="10.526537">
        <ele>386.589233</ele>
        <time>2025-08-18T13:46:57.814Z</time>
      </trkpt>
      <trkpt lat="50.180224" lon="10.523976">
        <ele>392.150168</ele>
        <time>2025-08-18T13:48:27.496Z</time>
      </trkpt>
      <trkpt lat="50.180038" lon="10.523601">
        <ele>393.710773</ele>
        <time>2025-08-18T13:48:45.348Z</time>
      </trkpt>
      <trkpt lat="50.179257" lon="10.522091">
        <ele>400.105766</ele>
        <time>2025-08-18T13:50:05.563Z</time>
      </trkpt>
      <trkpt lat="50.178908" lon="10.521346">
        <ele>406.129818</ele>
        <time>2025-08-18T13:50:49.934Z</time>
      </trkpt>
      <trkpt lat="50.178522" lon="10.520544">
        <ele>412.677313</ele>
        <time>2025-08-18T13:51:46.708Z</time>
      </trkpt>
      <trkpt lat="50.177796" lon="10.519241">
        <ele>426.041500</ele>
        <time>2025-08-18T13:53:43.103Z</time>
      </trkpt>
      <trkpt lat="50.177574" lon="10.518755">
        <ele>431.411288</ele>
        <time>2025-08-18T13:54:27.213Z</time>
      </trkpt>
      <trkpt lat="50.176705" lon="10.517159">
        <ele>447.950659</ele>
        <time>2025-08-18T13:56:51.717Z</time>
      </trkpt>
      <trkpt lat="50.176527" lon="10.516792">
        <ele>450.640015</ele>
        <time>2025-08-18T13:57:17.588Z</time>
      </trkpt>
      <trkpt lat="50.176326" lon="10.516483">
        <ele>453.212942</ele>
        <time>2025-08-18T13:57:40.262Z</time>
      </trkpt>
      <trkpt lat="50.176194" lon="10.516343">
        <ele>454.668497</ele>
        <time>2025-08-18T13:57:52.264Z</time>
      </trkpt>
      <trkpt lat="50.177949" lon="10.514385">
        <ele>467.437342</ele>
        <time>2025-08-18T14:00:07.621Z</time>
      </trkpt>
      <trkpt lat="50.178116" lon="10.514097">
        <ele>468.569508</ele>
        <time>2025-08-18T14:00:21.374Z</time>
      </trkpt>
      <trkpt lat="50.178180" lon="10.513788">
        <ele>468.938272</ele>
        <time>2025-08-18T14:00:32.509Z</time>
      </trkpt>
      <trkpt lat="50.178401" lon="10.511912">
        <ele>471.104205</ele>
        <time>2025-08-18T14:01:27.281Z</time>
      </trkpt>
      <trkpt lat="50.178596" lon="10.509923">
        <ele>473.077394</ele>
        <time>2025-08-18T14:02:17.947Z</time>
      </trkpt>
      <trkpt lat="50.179063" lon="10.504750">
        <ele>481.328922</ele>
        <time>2025-08-18T14:05:03.010Z</time>
      </trkpt>
      <trkpt lat="50.179085" lon="10.504510">
        <ele>481.915053</ele>
        <time>2025-08-18T14:05:12.232Z</time>
      </trkpt>
      <trkpt lat="50.179954" lon="10.502775">
        <ele>486.335389</ele>
        <time>2025-08-18T14:06:38.298Z</time>
      </trkpt>
      <trkpt lat="50.183683" lon="10.495618">
        <ele>496.905690</ele>
        <time>2025-08-18T14:09:46.847Z</time>
      </trkpt>
      <trkpt lat="50.186019" lon="10.491214">
        <ele>503.676645</ele>
        <time>2025-08-18T14:12:04.620Z</time>
      </trkpt>
      <trkpt lat="50.187001" lon="10.487665">
        <ele>500.454466</ele>
        <time>2025-08-18T14:12:55.007Z</time>
      </trkpt>
      <trkpt lat="50.187220" lon="10.486878">
        <ele>500.065045</ele>
        <time>2025-08-18T14:13:06.380Z</time>
      </trkpt>
      <trkpt lat="50.189324" lon="10.479241">
        <ele>496.835899</ele>
        <time>2025-08-18T14:16:21.797Z</time>
      </trkpt>
      <trkpt lat="50.190858" lon="10.473856">
        <ele>480.453897</ele>
        <time>2025-08-18T14:18:11.321Z</time>
      </trkpt>
      <trkpt lat="50.192153" lon="10.469435">
        <ele>465.721166</ele>
        <time>2025-08-18T14:19:41.251Z</time>
      </trkpt>
      <trkpt lat="50.192180" lon="10.469344">
        <ele>465.512781</ele>
        <time>2025-08-18T14:19:43.203Z</time>
      </trkpt>
      <trkpt lat="50.191879" lon="10.469470">
        <ele>464.501480</ele>
        <time>2025-08-18T14:19:52.739Z</time>
      </trkpt>
      <trkpt lat="50.191339" lon="10.469809">
        <ele>462.612780</ele>
        <time>2025-08-18T14:20:10.789Z</time>
      </trkpt>
      <trkpt lat="50.190743" lon="10.470366">
        <ele>460.358803</ele>
        <time>2025-08-18T14:20:32.510Z</time>
      </trkpt>
      <trkpt lat="50.189617" lon="10.472046">
        <ele>456.291814</ele>
        <time>2025-08-18T14:21:21.228Z</time>
      </trkpt>
      <trkpt lat="50.189380" lon="10.472656">
        <ele>454.885901</ele>
        <time>2025-08-18T14:21:36.300Z</time>
      </trkpt>
      <trkpt lat="50.188989" lon="10.473804">
        <ele>451.389689</ele>
        <time>2025-08-18T14:22:03.287Z</time>
      </trkpt>
      <trkpt lat="50.188753" lon="10.474308">
        <ele>449.710827</ele>
        <time>2025-08-18T14:22:14.800Z</time>
      </trkpt>
      <trkpt lat="50.188570" lon="10.474502">
        <ele>448.782024</ele>
        <time>2025-08-18T14:22:20.914Z</time>
      </trkpt>
      <trkpt lat="50.188365" lon="10.474653">
        <ele>447.763986</ele>
        <time>2025-08-18T14:22:27.051Z</time>
      </trkpt>
      <trkpt lat="50.188153" lon="10.474837">
        <ele>446.012120</ele>
        <time>2025-08-18T14:22:33.478Z</time>
      </trkpt>
      <trkpt lat="50.187768" lon="10.475074">
        <ele>443.022994</ele>
        <time>2025-08-18T14:22:44.189Z</time>
      </trkpt>
      <trkpt lat="50.187026" lon="10.475923">
        <ele>436.379017</ele>
        <time>2025-08-18T14:23:08.628Z</time>
      </trkpt>
      <trkpt lat="50.186872" lon="10.476210">
        <ele>434.785752</ele>
        <time>2025-08-18T14:23:15.666Z</time>
      </trkpt>
      <trkpt lat="50.186439" lon="10.477295">
        <ele>431.766891</ele>
        <time>2025-08-18T14:23:42.423Z</time>
      </trkpt>
      <trkpt lat="50.186290" lon="10.477857">
        <ele>430.330590</ele>
        <time>2025-08-18T14:23:54.973Z</time>
      </trkpt>
      <trkpt lat="50.186211" lon="10.478423">
        <ele>428.962720</ele>
        <time>2025-08-18T14:24:06.218Z</time>
      </trkpt>
      <trkpt lat="50.186167" lon="10.478290">
        <ele>428.609226</ele>
        <time>2025-08-18T14:24:08.971Z</time>
      </trkpt>
      <trkpt lat="50.186154" lon="10.478094">
        <ele>427.953994</ele>
        <time>2025-08-18T14:24:12.558Z</time>
      </trkpt>
      <trkpt lat="50.186221" lon="10.477461">
        <ele>424.561793</ele>
        <time>2025-08-18T14:24:23.853Z</time>
      </trkpt>
      <trkpt lat="50.186474" lon="10.476075">
        <ele>416.941819</ele>
        <time>2025-08-18T14:24:47.712Z</time>
      </trkpt>
      <trkpt lat="50.186536" lon="10.475608">
        <ele>414.420207</ele>
        <time>2025-08-18T14:24:55.673Z</time>
      </trkpt>
      <trkpt lat="50.186695" lon="10.475005">
        <ele>410.985889</ele>
        <time>2025-08-18T14:25:06.680Z</time>
      </trkpt>
      <trkpt lat="50.186880" lon="10.474523">
        <ele>408.031029</ele>
        <time>2025-08-18T14:25:16.208Z</time>
      </trkpt>
      <trkpt lat="50.187082" lon="10.473853">
        <ele>404.137121</ele>
        <time>2025-08-18T14:25:28.878Z</time>
      </trkpt>
      <trkpt lat="50.187114" lon="10.473275">
        <ele>401.086635</ele>
        <time>2025-08-18T14:25:38.850Z</time>
      </trkpt>
      <trkpt lat="50.187113" lon="10.472874">
        <ele>398.978146</ele>
        <time>2025-08-18T14:25:45.746Z</time>
      </trkpt>
      <trkpt lat="50.187062" lon="10.471959">
        <ele>393.624929</ele>
        <time>2025-08-18T14:26:01.398Z</time>
      </trkpt>
      <trkpt lat="50.186991" lon="10.471186">
        <ele>389.043514</ele>
        <time>2025-08-18T14:26:08.968Z</time>
      </trkpt>
      <trkpt lat="50.187022" lon="10.470799">
        <ele>386.755385</ele>
        <time>2025-08-18T14:26:12.718Z</time>
      </trkpt>
      <trkpt lat="50.187502" lon="10.468690">
        <ele>373.472421</ele>
        <time>2025-08-18T14:26:33.877Z</time>
      </trkpt>
      <trkpt lat="50.187599" lon="10.468329">
        <ele>371.134978</ele>
        <time>2025-08-18T14:26:37.584Z</time>
      </trkpt>
      <trkpt lat="50.187638" lon="10.468181">
        <ele>370.179439</ele>
        <time>2025-08-18T14:26:39.132Z</time>
      </trkpt>
      <trkpt lat="50.187873" lon="10.467612">
        <ele>366.136812</ele>
        <time>2025-08-18T14:26:45.868Z</time>
      </trkpt>
      <trkpt lat="50.188126" lon="10.467152">
        <ele>363.326719</ele>
        <time>2025-08-18T14:26:52.084Z</time>
      </trkpt>
      <trkpt lat="50.188559" lon="10.466667">
        <ele>359.743916</ele>
        <time>2025-08-18T14:27:00.634Z</time>
      </trkpt>
      <trkpt lat="50.188650" lon="10.466575">
        <ele>359.015031</ele>
        <time>2025-08-18T14:27:02.409Z</time>
      </trkpt>
      <trkpt lat="50.188777" lon="10.466362">
        <ele>357.761998</ele>
        <time>2025-08-18T14:27:05.500Z</time>
      </trkpt>
      <trkpt lat="50.188908" lon="10.465810">
        <ele>355.227591</ele>
        <time>2025-08-18T14:27:11.609Z</time>
      </trkpt>
      <trkpt lat="50.188957" lon="10.465384">
        <ele>353.364263</ele>
        <time>2025-08-18T14:27:15.929Z</time>
      </trkpt>
      <trkpt lat="50.188973" lon="10.464847">
        <ele>350.374393</ele>
        <time>2025-08-18T14:27:21.134Z</time>
      </trkpt>
      <trkpt lat="50.188865" lon="10.463974">
        <ele>345.411402</ele>
        <time>2025-08-18T14:27:29.629Z</time>
      </trkpt>
      <trkpt lat="50.188633" lon="10.462844">
        <ele>338.787660</ele>
        <time>2025-08-18T14:27:41.070Z</time>
      </trkpt>
      <trkpt lat="50.188406" lon="10.462249">
        <ele>336.033011</ele>
        <time>2025-08-18T14:27:47.942Z</time>
      </trkpt>
      <trkpt lat="50.188353" lon="10.461873">
        <ele>334.760210</ele>
        <time>2025-08-18T14:27:51.834Z</time>
      </trkpt>
      <trkpt lat="50.188341" lon="10.461474">
        <ele>333.439685</ele>
        <time>2025-08-18T14:27:55.949Z</time>
      </trkpt>
      <trkpt lat="50.188301" lon="10.461122">
        <ele>332.257807</ele>
        <time>2025-08-18T14:27:59.728Z</time>
      </trkpt>
      <trkpt lat="50.188267" lon="10.460895">
        <ele>331.487096</ele>
        <time>2025-08-18T14:28:02.251Z</time>
      </trkpt>
      <trkpt lat="50.188198" lon="10.460726">
        <ele>330.824463</ele>
        <time>2025-08-18T14:28:04.463Z</time>
      </trkpt>
      <trkpt lat="50.187966" lon="10.460332">
        <ele>329.054827</ele>
        <time>2025-08-18T14:28:10.645Z</time>
      </trkpt>
      <trkpt lat="50.187811" lon="10.460100">
        <ele>328.396669</ele>
        <time>2025-08-18T14:28:14.733Z</time>
      </trkpt>
      <trkpt lat="50.187495" lon="10.459771">
        <ele>328.568572</ele>
        <time>2025-08-18T14:28:22.555Z</time>
      </trkpt>
      <trkpt lat="50.187426" lon="10.459628">
        <ele>328.620467</ele>
        <time>2025-08-18T14:28:25.158Z</time>
      </trkpt>
      <trkpt lat="50.187579" lon="10.459307">
        <ele>328.736445</ele>
        <time>2025-08-18T14:28:31.903Z</time>
      </trkpt>
      <trkpt lat="50.187916" lon="10.458857">
        <ele>328.937137</ele>
        <time>2025-08-18T14:28:45.219Z</time>
      </trkpt>
      <trkpt lat="50.188350" lon="10.458417">
        <ele>329.171342</ele>
        <time>2025-08-18T14:29:02.190Z</time>
      </trkpt>
      <trkpt lat="50.188740" lon="10.458100">
        <ele>330.176450</ele>
        <time>2025-08-18T14:29:17.752Z</time>
      </trkpt>
      <trkpt lat="50.188795" lon="10.458044">
        <ele>330.328497</ele>
        <time>2025-08-18T14:29:20.104Z</time>
      </trkpt>
      <trkpt lat="50.188864" lon="10.457966">
        <ele>330.525752</ele>
        <time>2025-08-18T14:29:23.249Z</time>
      </trkpt>
      <trkpt lat="50.188896" lon="10.457926">
        <ele>330.620670</ele>
        <time>2025-08-18T14:29:24.710Z</time>
      </trkpt>
      <trkpt lat="50.189125" lon="10.457614">
        <ele>331.324417</ele>
        <time>2025-08-18T14:29:35.939Z</time>
      </trkpt>
      <trkpt lat="50.189502" lon="10.456960">
        <ele>332.629247</ele>
        <time>2025-08-18T14:29:57.005Z</time>
      </trkpt>
      <trkpt lat="50.189620" lon="10.456710">
        <ele>333.089769</ele>
        <time>2025-08-18T14:30:03.822Z</time>
      </trkpt>
      <trkpt lat="50.189651" lon="10.456600">
        <ele>333.267968</ele>
        <time>2025-08-18T14:30:06.365Z</time>
      </trkpt>
      <trkpt lat="50.189654" lon="10.456453">
        <ele>333.325834</ele>
        <time>2025-08-18T14:30:09.341Z</time>
      </trkpt>
      <trkpt lat="50.189450" lon="10.455792">
        <ele>333.221168</ele>
        <time>2025-08-18T14:30:22.713Z</time>
      </trkpt>
      <trkpt lat="50.189266" lon="10.455283">
        <ele>333.137791</ele>
        <time>2025-08-18T14:30:31.221Z</time>
      </trkpt>
      <trkpt lat="50.188815" lon="10.454184">
        <ele>332.951593</ele>
        <time>2025-08-18T14:30:47.810Z</time>
      </trkpt>
      <trkpt lat="50.188715" lon="10.453756">
        <ele>333.299669</ele>
        <time>2025-08-18T14:30:53.520Z</time>
      </trkpt>
      <trkpt lat="50.188733" lon="10.453108">
        <ele>333.934023</ele>
        <time>2025-08-18T14:31:02.438Z</time>
      </trkpt>
      <trkpt lat="50.188822" lon="10.452757">
        <ele>334.303248</ele>
        <time>2025-08-18T14:31:08.885Z</time>
      </trkpt>
      <trkpt lat="50.188916" lon="10.452520">
        <ele>334.575909</ele>
        <time>2025-08-18T14:31:14.540Z</time>
      </trkpt>
      <trkpt lat="50.189038" lon="10.452336">
        <ele>334.834972</ele>
        <time>2025-08-18T14:31:20.669Z</time>
      </trkpt>
      <trkpt lat="50.189210" lon="10.452013">
        <ele>335.245851</ele>
        <time>2025-08-18T14:31:31.634Z</time>
      </trkpt>
      <trkpt lat="50.189452" lon="10.451599">
        <ele>336.031430</ele>
        <time>2025-08-18T14:31:48.374Z</time>
      </trkpt>
      <trkpt lat="50.189900" lon="10.450406">
        <ele>340.371742</ele>
        <time>2025-08-18T14:32:33.608Z</time>
      </trkpt>
      <trkpt lat="50.190519" lon="10.447458">
        <ele>349.395153</ele>
        <time>2025-08-18T14:34:05.544Z</time>
      </trkpt>
      <trkpt lat="50.190776" lon="10.447012">
        <ele>351.038738</ele>
        <time>2025-08-18T14:34:22.825Z</time>
      </trkpt>
      <trkpt lat="50.191411" lon="10.446521">
        <ele>352.736195</ele>
        <time>2025-08-18T14:34:51.438Z</time>
      </trkpt>
      <trkpt lat="50.192096" lon="10.445925">
        <ele>353.700737</ele>
        <time>2025-08-18T14:35:16.132Z</time>
      </trkpt>
      <trkpt lat="50.192138" lon="10.445879">
        <ele>353.763837</ele>
        <time>2025-08-18T14:35:17.409Z</time>
      </trkpt>
      <trkpt lat="50.192855" lon="10.445129">
        <ele>353.683303</ele>
        <time>2025-08-18T14:35:34.950Z</time>
      </trkpt>
      <trkpt lat="50.193113" lon="10.444945">
        <ele>353.071903</ele>
        <time>2025-08-18T14:35:40.329Z</time>
      </trkpt>
      <trkpt lat="50.193357" lon="10.444842">
        <ele>352.527042</ele>
        <time>2025-08-18T14:35:45.016Z</time>
      </trkpt>
      <trkpt lat="50.193914" lon="10.444679">
        <ele>351.305425</ele>
        <time>2025-08-18T14:35:55.453Z</time>
      </trkpt>
      <trkpt lat="50.194823" lon="10.444020">
        <ele>349.229831</ele>
        <time>2025-08-18T14:36:14.140Z</time>
      </trkpt>
      <trkpt lat="50.195843" lon="10.443297">
        <ele>346.962580</ele>
        <time>2025-08-18T14:36:36.111Z</time>
      </trkpt>
      <trkpt lat="50.196103" lon="10.443006">
        <ele>346.423186</ele>
        <time>2025-08-18T14:36:42.325Z</time>
      </trkpt>
      <trkpt lat="50.196345" lon="10.442590">
        <ele>345.831139</ele>
        <time>2025-08-18T14:36:49.321Z</time>
      </trkpt>
      <trkpt lat="50.196484" lon="10.442223">
        <ele>345.382004</ele>
        <time>2025-08-18T14:36:54.624Z</time>
      </trkpt>
      <trkpt lat="50.196626" lon="10.441530">
        <ele>344.615616</ele>
        <time>2025-08-18T14:37:03.728Z</time>
      </trkpt>
      <trkpt lat="50.196812" lon="10.440263">
        <ele>343.690928</ele>
        <time>2025-08-18T14:37:20.459Z</time>
      </trkpt>
      <trkpt lat="50.196986" lon="10.439651">
        <ele>343.442211</ele>
        <time>2025-08-18T14:37:29.993Z</time>
      </trkpt>
      <trkpt lat="50.197075" lon="10.439343">
        <ele>343.316701</ele>
        <time>2025-08-18T14:37:35.083Z</time>
      </trkpt>
      <trkpt lat="50.197717" lon="10.437205">
        <ele>341.232969</ele>
        <time>2025-08-18T14:38:08.862Z</time>
      </trkpt>
      <trkpt lat="50.197953" lon="10.435495">
        <ele>338.803055</ele>
        <time>2025-08-18T14:38:28.647Z</time>
      </trkpt>
      <trkpt lat="50.198052" lon="10.435128">
        <ele>338.159243</ele>
        <time>2025-08-18T14:38:33.003Z</time>
      </trkpt>
      <trkpt lat="50.198218" lon="10.434710">
        <ele>337.364039</ele>
        <time>2025-08-18T14:38:38.549Z</time>
      </trkpt>
      <trkpt lat="50.198514" lon="10.434340">
        <ele>336.406682</ele>
        <time>2025-08-18T14:38:45.542Z</time>
      </trkpt>
      <trkpt lat="50.198689" lon="10.433960">
        <ele>335.649933</ele>
        <time>2025-08-18T14:38:51.327Z</time>
      </trkpt>
      <trkpt lat="50.198763" lon="10.433640">
        <ele>335.099914</ele>
        <time>2025-08-18T14:38:55.695Z</time>
      </trkpt>
      <trkpt lat="50.198903" lon="10.432657">
        <ele>334.381573</ele>
        <time>2025-08-18T14:39:09.062Z</time>
      </trkpt>
      <trkpt lat="50.199033" lon="10.431531">
        <ele>334.161429</ele>
        <time>2025-08-18T14:39:24.733Z</time>
      </trkpt>
      <trkpt lat="50.199121" lon="10.431279">
        <ele>334.106198</ele>
        <time>2025-08-18T14:39:28.933Z</time>
      </trkpt>
      <trkpt lat="50.199148" lon="10.431200">
        <ele>334.088967</ele>
        <time>2025-08-18T14:39:30.290Z</time>
      </trkpt>
      <trkpt lat="50.199477" lon="10.430985">
        <ele>333.981774</ele>
        <time>2025-08-18T14:39:39.456Z</time>
      </trkpt>
      <trkpt lat="50.199680" lon="10.430987">
        <ele>333.965793</ele>
        <time>2025-08-18T14:39:45.454Z</time>
      </trkpt>
      <trkpt lat="50.200030" lon="10.431196">
        <ele>333.970917</ele>
        <time>2025-08-18T14:39:57.528Z</time>
      </trkpt>
      <trkpt lat="50.200462" lon="10.431530">
        <ele>333.977509</ele>
        <time>2025-08-18T14:40:10.070Z</time>
      </trkpt>
      <trkpt lat="50.200895" lon="10.431864">
        <ele>333.984113</ele>
        <time>2025-08-18T14:40:20.706Z</time>
      </trkpt>
      <trkpt lat="50.200965" lon="10.431769">
        <ele>333.985381</ele>
        <time>2025-08-18T14:40:22.497Z</time>
      </trkpt>
      <trkpt lat="50.200976" lon="10.431332">
        <ele>333.873933</ele>
        <time>2025-08-18T14:40:27.891Z</time>
      </trkpt>
      <trkpt lat="50.200985" lon="10.431218">
        <ele>333.726101</ele>
        <time>2025-08-18T14:40:29.307Z</time>
      </trkpt>
      <trkpt lat="50.201009" lon="10.430752">
        <ele>333.124410</ele>
        <time>2025-08-18T14:40:34.780Z</time>
      </trkpt>
      <trkpt lat="50.201034" lon="10.430467">
        <ele>332.754181</ele>
        <time>2025-08-18T14:40:38.022Z</time>
      </trkpt>
      <trkpt lat="50.201076" lon="10.430097">
        <ele>332.270553</ele>
        <time>2025-08-18T14:40:42.092Z</time>
      </trkpt>
      <trkpt lat="50.201084" lon="10.429832">
        <ele>331.929114</ele>
        <time>2025-08-18T14:40:45.004Z</time>
      </trkpt>
      <trkpt lat="50.201061" lon="10.429568">
        <ele>331.586208</ele>
        <time>2025-08-18T14:40:48.049Z</time>
      </trkpt>
      <trkpt lat="50.201023" lon="10.429290">
        <ele>331.220349</ele>
        <time>2025-08-18T14:40:51.429Z</time>
      </trkpt>
      <trkpt lat="50.200958" lon="10.429056">
        <ele>330.892050</ele>
        <time>2025-08-18T14:40:54.518Z</time>
      </trkpt>
      <trkpt lat="50.200906" lon="10.428906">
        <ele>330.672502</ele>
        <time>2025-08-18T14:40:56.625Z</time>
      </trkpt>
      <trkpt lat="50.200583" lon="10.428412">
        <ele>330.127408</ele>
        <time>2025-08-18T14:41:05.482Z</time>
      </trkpt>
      <trkpt lat="50.200512" lon="10.428200">
        <ele>330.003612</ele>
        <time>2025-08-18T14:41:08.474Z</time>
      </trkpt>
      <trkpt lat="50.200359" lon="10.427740">
        <ele>329.735392</ele>
        <time>2025-08-18T14:41:14.900Z</time>
      </trkpt>
      <trkpt lat="50.200296" lon="10.427425">
        <ele>329.564639</ele>
        <time>2025-08-18T14:41:19.021Z</time>
      </trkpt>
      <trkpt lat="50.200266" lon="10.427192">
        <ele>329.441668</ele>
        <time>2025-08-18T14:41:22.067Z</time>
      </trkpt>
      <trkpt lat="50.200272" lon="10.426972">
        <ele>329.327735</ele>
        <time>2025-08-18T14:41:24.986Z</time>
      </trkpt>
      <trkpt lat="50.200372" lon="10.426720">
        <ele>329.174326</ele>
        <time>2025-08-18T14:41:29.173Z</time>
      </trkpt>
      <trkpt lat="50.200454" lon="10.425971">
        <ele>329.061096</ele>
        <time>2025-08-18T14:41:40.419Z</time>
      </trkpt>
      <trkpt lat="50.200541" lon="10.425579">
        <ele>329.285311</ele>
        <time>2025-08-18T14:41:47.076Z</time>
      </trkpt>
      <trkpt lat="50.200580" lon="10.425509">
        <ele>329.335463</ele>
        <time>2025-08-18T14:41:48.628Z</time>
      </trkpt>
      <trkpt lat="50.201072" lon="10.423941">
        <ele>330.279164</ele>
        <time>2025-08-18T14:42:20.086Z</time>
      </trkpt>
      <trkpt lat="50.201185" lon="10.423571">
        <ele>330.604886</ele>
        <time>2025-08-18T14:42:28.159Z</time>
      </trkpt>
      <trkpt lat="50.201284" lon="10.423278">
        <ele>331.074954</ele>
        <time>2025-08-18T14:42:34.846Z</time>
      </trkpt>
      <trkpt lat="50.201460" lon="10.422769">
        <ele>331.895750</ele>
        <time>2025-08-18T14:42:47.001Z</time>
      </trkpt>
      <trkpt lat="50.201935" lon="10.421431">
        <ele>334.066497</ele>
        <time>2025-08-18T14:43:21.539Z</time>
      </trkpt>
      <trkpt lat="50.201959" lon="10.421390">
        <ele>334.145323</ele>
        <time>2025-08-18T14:43:22.855Z</time>
      </trkpt>
      <trkpt lat="50.202372" lon="10.420544">
        <ele>336.523409</ele>
        <time>2025-08-18T14:43:49.016Z</time>
      </trkpt>
      <trkpt lat="50.202442" lon="10.420222">
        <ele>337.346165</ele>
        <time>2025-08-18T14:43:57.871Z</time>
      </trkpt>
      <trkpt lat="50.202532" lon="10.418842">
        <ele>340.702229</ele>
        <time>2025-08-18T14:44:36.545Z</time>
      </trkpt>
      <trkpt lat="50.202754" lon="10.416176">
        <ele>348.667147</ele>
        <time>2025-08-18T14:45:58.984Z</time>
      </trkpt>
      <trkpt lat="50.202513" lon="10.416007">
        <ele>349.838590</ele>
        <time>2025-08-18T14:46:10.628Z</time>
      </trkpt>
      <trkpt lat="50.201853" lon="10.415762">
        <ele>352.045800</ele>
        <time>2025-08-18T14:46:38.929Z</time>
      </trkpt>
      <trkpt lat="50.201338" lon="10.415509">
        <ele>353.802333</ele>
        <time>2025-08-18T14:46:59.923Z</time>
      </trkpt>
      <trkpt lat="50.201203" lon="10.415397">
        <ele>354.299672</ele>
        <time>2025-08-18T14:47:05.497Z</time>
      </trkpt>
      <trkpt lat="50.201251" lon="10.415103">
        <ele>354.931576</ele>
        <time>2025-08-18T14:47:13.833Z</time>
      </trkpt>
      <trkpt lat="50.201236" lon="10.415015">
        <ele>355.121236</ele>
        <time>2025-08-18T14:47:16.143Z</time>
      </trkpt>
      <trkpt lat="50.201138" lon="10.414827">
        <ele>355.499241</ele>
        <time>2025-08-18T14:47:22.141Z</time>
      </trkpt>
      <trkpt lat="50.201123" lon="10.414803">
        <ele>355.475013</ele>
        <time>2025-08-18T14:47:22.927Z</time>
      </trkpt>
      <trkpt lat="50.201066" lon="10.414675">
        <ele>355.362389</ele>
        <time>2025-08-18T14:47:26.631Z</time>
      </trkpt>
      <trkpt lat="50.200777" lon="10.413714">
        <ele>354.595483</ele>
        <time>2025-08-18T14:47:50.156Z</time>
      </trkpt>
      <trkpt lat="50.201066" lon="10.414675">
        <ele>353.828578</ele>
        <time>2025-08-18T14:48:07.167Z</time>
      </trkpt>
      <trkpt lat="50.201123" lon="10.414803">
        <ele>353.715953</ele>
        <time>2025-08-18T14:48:09.422Z</time>
      </trkpt>
      <trkpt lat="50.201138" lon="10.414827">
        <ele>353.691726</ele>
        <time>2025-08-18T14:48:09.915Z</time>
      </trkpt>
      <trkpt lat="50.201236" lon="10.415015">
        <ele>353.516605</ele>
        <time>2025-08-18T14:48:13.346Z</time>
      </trkpt>
      <trkpt lat="50.201251" lon="10.415103">
        <ele>353.206388</ele>
        <time>2025-08-18T14:48:14.630Z</time>
      </trkpt>
      <trkpt lat="50.201203" lon="10.415397">
        <ele>351.947314</ele>
        <time>2025-08-18T14:48:18.759Z</time>
      </trkpt>
      <trkpt lat="50.200768" lon="10.415194">
        <ele>349.004093</ele>
        <time>2025-08-18T14:48:25.617Z</time>
      </trkpt>
      <trkpt lat="50.200362" lon="10.415131">
        <ele>346.359055</ele>
        <time>2025-08-18T14:48:31.699Z</time>
      </trkpt>
      <trkpt lat="50.200189" lon="10.415066">
        <ele>345.205521</ele>
        <time>2025-08-18T14:48:34.319Z</time>
      </trkpt>
      <trkpt lat="50.199769" lon="10.414682">
        <ele>342.050646</ele>
        <time>2025-08-18T14:48:41.609Z</time>
      </trkpt>
      <trkpt lat="50.198725" lon="10.413444">
        <ele>333.265303</ele>
        <time>2025-08-18T14:49:01.471Z</time>
      </trkpt>
      <trkpt lat="50.198678" lon="10.413284">
        <ele>332.509347</ele>
        <time>2025-08-18T14:49:03.160Z</time>
      </trkpt>
      <trkpt lat="50.198366" lon="10.412667">
        <ele>329.339218</ele>
        <time>2025-08-18T14:49:10.751Z</time>
      </trkpt>
      <trkpt lat="50.198176" lon="10.412362">
        <ele>328.098083</ele>
        <time>2025-08-18T14:49:14.868Z</time>
      </trkpt>
      <trkpt lat="50.197913" lon="10.412075">
        <ele>326.636526</ele>
        <time>2025-08-18T14:49:19.742Z</time>
      </trkpt>
      <trkpt lat="50.197516" lon="10.411750">
        <ele>324.594584</ele>
        <time>2025-08-18T14:49:26.756Z</time>
      </trkpt>
      <trkpt lat="50.197407" lon="10.411654">
        <ele>324.024519</ele>
        <time>2025-08-18T14:49:28.804Z</time>
      </trkpt>
      <trkpt lat="50.197195" lon="10.411343">
        <ele>322.699588</ele>
        <time>2025-08-18T14:49:33.853Z</time>
      </trkpt>
      <trkpt lat="50.197141" lon="10.411327">
        <ele>322.449190</ele>
        <time>2025-08-18T14:49:34.853Z</time>
      </trkpt>
      <trkpt lat="50.197075" lon="10.411362">
        <ele>322.131655</ele>
        <time>2025-08-18T14:49:36.163Z</time>
      </trkpt>
      <trkpt lat="50.196982" lon="10.411451">
        <ele>321.634784</ele>
        <time>2025-08-18T14:49:38.299Z</time>
      </trkpt>
      <trkpt lat="50.196520" lon="10.411323">
        <ele>321.816784</ele>
        <time>2025-08-18T14:49:48.550Z</time>
      </trkpt>
      <trkpt lat="50.196520" lon="10.411238">
        <ele>321.844737</ele>
        <time>2025-08-18T14:49:49.897Z</time>
      </trkpt>
      <trkpt lat="50.196365" lon="10.411219">
        <ele>321.924610</ele>
        <time>2025-08-18T14:49:53.928Z</time>
      </trkpt>
      <trkpt lat="50.195957" lon="10.411327">
        <ele>322.137200</ele>
        <time>2025-08-18T14:50:05.753Z</time>
      </trkpt>
      <trkpt lat="50.195824" lon="10.411357">
        <ele>322.206235</ele>
        <time>2025-08-18T14:50:09.815Z</time>
      </trkpt>
      <trkpt lat="50.195332" lon="10.411394">
        <ele>322.459283</ele>
        <time>2025-08-18T14:50:24.679Z</time>
      </trkpt>
      <trkpt lat="50.195240" lon="10.411356">
        <ele>322.504359</ele>
        <time>2025-08-18T14:50:27.396Z</time>
      </trkpt>
      <trkpt lat="50.195143" lon="10.411268">
        <ele>322.471715</ele>
        <time>2025-08-18T14:50:30.514Z</time>
      </trkpt>
      <trkpt lat="50.194994" lon="10.411056">
        <ele>322.413062</ele>
        <time>2025-08-18T14:50:35.780Z</time>
      </trkpt>
      <trkpt lat="50.194891" lon="10.410958">
        <ele>322.377965</ele>
        <time>2025-08-18T14:50:38.740Z</time>
      </trkpt>
      <trkpt lat="50.194899" lon="10.410725">
        <ele>322.334494</ele>
        <time>2025-08-18T14:50:42.298Z</time>
      </trkpt>
      <trkpt lat="50.194764" lon="10.410305">
        <ele>322.246938</ele>
        <time>2025-08-18T14:50:49.106Z</time>
      </trkpt>
      <trkpt lat="50.194697" lon="10.410099">
        <ele>322.203890</ele>
        <time>2025-08-18T14:50:52.325Z</time>
      </trkpt>
      <trkpt lat="50.194615" lon="10.409928">
        <ele>322.164086</ele>
        <time>2025-08-18T14:50:55.225Z</time>
      </trkpt>
      <trkpt lat="50.194503" lon="10.409774">
        <ele>322.120663</ele>
        <time>2025-08-18T14:50:58.343Z</time>
      </trkpt>
      <trkpt lat="50.194283" lon="10.409230">
        <ele>322.000785</ele>
        <time>2025-08-18T14:51:06.676Z</time>
      </trkpt>
      <trkpt lat="50.194174" lon="10.409115">
        <ele>321.925848</ele>
        <time>2025-08-18T14:51:09.248Z</time>
      </trkpt>
      <trkpt lat="50.194033" lon="10.409036">
        <ele>321.801528</ele>
        <time>2025-08-18T14:51:12.184Z</time>
      </trkpt>
      <trkpt lat="50.193851" lon="10.408377">
        <ele>321.420201</ele>
        <time>2025-08-18T14:51:21.376Z</time>
      </trkpt>
      <trkpt lat="50.193804" lon="10.408286">
        <ele>321.358078</ele>
        <time>2025-08-18T14:51:22.877Z</time>
      </trkpt>
      <trkpt lat="50.193487" lon="10.408680">
        <ele>321.021867</ele>
        <time>2025-08-18T14:51:30.693Z</time>
      </trkpt>
      <trkpt lat="50.193358" lon="10.408785">
        <ele>320.901142</ele>
        <time>2025-08-18T14:51:33.697Z</time>
      </trkpt>
      <trkpt lat="50.193288" lon="10.408854">
        <ele>320.832446</ele>
        <time>2025-08-18T14:51:35.458Z</time>
      </trkpt>
      <trkpt lat="50.193155" lon="10.408976">
        <ele>320.704440</ele>
        <time>2025-08-18T14:51:38.820Z</time>
      </trkpt>
      <trkpt lat="50.193065" lon="10.408777">
        <ele>320.574984</ele>
        <time>2025-08-18T14:51:42.465Z</time>
      </trkpt>
      <trkpt lat="50.192990" lon="10.408832">
        <ele>320.506221</ele>
        <time>2025-08-18T14:51:44.617Z</time>
      </trkpt>
      <trkpt lat="50.192943" lon="10.408811">
        <ele>320.458320</ele>
        <time>2025-08-18T14:51:45.904Z</time>
      </trkpt>
      <trkpt lat="50.192736" lon="10.408607">
        <ele>320.192904</ele>
        <time>2025-08-18T14:51:52.530Z</time>
      </trkpt>
      <trkpt lat="50.192635" lon="10.408558">
        <ele>320.078217</ele>
        <time>2025-08-18T14:51:55.433Z</time>
      </trkpt>
      <trkpt lat="50.192444" lon="10.408413">
        <ele>319.847928</ele>
        <time>2025-08-18T14:52:01.281Z</time>
      </trkpt>
      <trkpt lat="50.192187" lon="10.408236">
        <ele>319.543346</ele>
        <time>2025-08-18T14:52:12.099Z</time>
      </trkpt>
      <trkpt lat="50.192070" lon="10.408155">
        <ele>319.404566</ele>
        <time>2025-08-18T14:52:16.718Z</time>
      </trkpt>
      <trkpt lat="50.191853" lon="10.408079">
        <ele>319.163406</ele>
        <time>2025-08-18T14:52:24.529Z</time>
      </trkpt>
      <trkpt lat="50.191701" lon="10.408094">
        <ele>318.998247</ele>
        <time>2025-08-18T14:52:29.672Z</time>
      </trkpt>
      <trkpt lat="50.191563" lon="10.408136">
        <ele>318.845784</ele>
        <time>2025-08-18T14:52:34.302Z</time>
      </trkpt>
      <trkpt lat="50.191099" lon="10.408409">
        <ele>317.255827</ele>
        <time>2025-08-18T14:52:49.202Z</time>
      </trkpt>
      <trkpt lat="50.190891" lon="10.408419">
        <ele>316.002114</ele>
        <time>2025-08-18T14:52:55.053Z</time>
      </trkpt>
      <trkpt lat="50.190719" lon="10.408348">
        <ele>314.930304</ele>
        <time>2025-08-18T14:52:59.932Z</time>
      </trkpt>
      <trkpt lat="50.190551" lon="10.408218">
        <ele>313.800769</ele>
        <time>2025-08-18T14:53:05.032Z</time>
      </trkpt>
      <trkpt lat="50.189823" lon="10.407609">
        <ele>308.825407</ele>
        <time>2025-08-18T14:53:27.367Z</time>
      </trkpt>
      <trkpt lat="50.189669" lon="10.407521">
        <ele>307.837474</ele>
        <time>2025-08-18T14:53:31.867Z</time>
      </trkpt>
      <trkpt lat="50.189502" lon="10.407494">
        <ele>307.077037</ele>
        <time>2025-08-18T14:53:36.470Z</time>
      </trkpt>
      <trkpt lat="50.187882" lon="10.407787">
        <ele>300.064536</ele>
        <time>2025-08-18T14:54:24.576Z</time>
      </trkpt>
      <trkpt lat="50.185981" lon="10.407854">
        <ele>298.014304</ele>
        <time>2025-08-18T14:55:30.151Z</time>
      </trkpt>
      <trkpt lat="50.185934" lon="10.407848">
        <ele>298.088972</ele>
        <time>2025-08-18T14:55:32.017Z</time>
      </trkpt>
      <trkpt lat="50.185708" lon="10.407788">
        <ele>298.451952</ele>
        <time>2025-08-18T14:55:41.174Z</time>
      </trkpt>
      <trkpt lat="50.183382" lon="10.407145">
        <ele>303.610806</ele>
        <time>2025-08-18T14:57:35.016Z</time>
      </trkpt>
      <trkpt lat="50.182375" lon="10.406944">
        <ele>306.735705</ele>
        <time>2025-08-18T14:58:33.581Z</time>
      </trkpt>
      <trkpt lat="50.182185" lon="10.406958">
        <ele>307.264648</ele>
        <time>2025-08-18T14:58:44.630Z</time>
      </trkpt>
      <trkpt lat="50.182304" lon="10.406421">
        <ele>308.276519</ele>
        <time>2025-08-18T14:59:05.014Z</time>
      </trkpt>
      <trkpt lat="50.182333" lon="10.404133">
        <ele>311.216130</ele>
        <time>2025-08-18T15:00:14.950Z</time>
      </trkpt>
      <trkpt lat="50.182367" lon="10.403683">
        <ele>311.102502</ele>
        <time>2025-08-18T15:00:26.437Z</time>
      </trkpt>
      <trkpt lat="50.182484" lon="10.402827">
        <ele>310.883011</ele>
        <time>2025-08-18T15:00:46.615Z</time>
      </trkpt>
      <trkpt lat="50.182606" lon="10.401518">
        <ele>309.774040</ele>
        <time>2025-08-18T15:01:13.836Z</time>
      </trkpt>
      <trkpt lat="50.182462" lon="10.398871">
        <ele>303.918315</ele>
        <time>2025-08-18T15:02:05.000Z</time>
      </trkpt>
      <trkpt lat="50.182449" lon="10.396771">
        <ele>298.956597</ele>
        <time>2025-08-18T15:02:45.507Z</time>
      </trkpt>
      <trkpt lat="50.182419" lon="10.396445">
        <ele>298.178472</ele>
        <time>2025-08-18T15:02:51.863Z</time>
      </trkpt>
      <trkpt lat="50.182286" lon="10.395586">
        <ele>296.691837</ele>
        <time>2025-08-18T15:03:09.065Z</time>
      </trkpt>
      <trkpt lat="50.182176" lon="10.394881">
        <ele>295.556748</ele>
        <time>2025-08-18T15:03:23.434Z</time>
      </trkpt>
      <trkpt lat="50.182066" lon="10.394370">
        <ele>294.713437</ele>
        <time>2025-08-18T15:03:34.421Z</time>
      </trkpt>
      <trkpt lat="50.181940" lon="10.393954">
        <ele>293.993567</ele>
        <time>2025-08-18T15:03:44.178Z</time>
      </trkpt>
      <trkpt lat="50.181879" lon="10.393835">
        <ele>293.755118</ele>
        <time>2025-08-18T15:03:47.488Z</time>
      </trkpt>
      <trkpt lat="50.181729" lon="10.393664">
        <ele>293.478175</ele>
        <time>2025-08-18T15:03:53.967Z</time>
      </trkpt>
      <trkpt lat="50.181659" lon="10.393540">
        <ele>293.481000</ele>
        <time>2025-08-18T15:03:57.721Z</time>
      </trkpt>
      <trkpt lat="50.181568" lon="10.393206">
        <ele>293.487203</ele>
        <time>2025-08-18T15:04:06.260Z</time>
      </trkpt>
      <trkpt lat="50.181503" lon="10.392817">
        <ele>293.494074</ele>
        <time>2025-08-18T15:04:16.201Z</time>
      </trkpt>
      <trkpt lat="50.181520" lon="10.392160">
        <ele>293.505311</ele>
        <time>2025-08-18T15:04:33.131Z</time>
      </trkpt>
      <trkpt lat="50.181540" lon="10.391328">
        <ele>293.519541</ele>
        <time>2025-08-18T15:04:54.194Z</time>
      </trkpt>
      <trkpt lat="50.181523" lon="10.390899">
        <ele>293.515176</ele>
        <time>2025-08-18T15:05:04.544Z</time>
      </trkpt>
      <trkpt lat="50.181482" lon="10.390581">
        <ele>293.495924</ele>
        <time>2025-08-18T15:05:12.123Z</time>
      </trkpt>
      <trkpt lat="50.181286" lon="10.389657">
        <ele>293.438155</ele>
        <time>2025-08-18T15:05:34.504Z</time>
      </trkpt>
      <trkpt lat="50.181232" lon="10.388885">
        <ele>293.392064</ele>
        <time>2025-08-18T15:05:52.313Z</time>
      </trkpt>
      <trkpt lat="50.180766" lon="10.387027">
        <ele>293.412909</ele>
        <time>2025-08-18T15:06:42.675Z</time>
      </trkpt>
      <trkpt lat="50.180738" lon="10.386714">
        <ele>293.425277</ele>
        <time>2025-08-18T15:06:50.670Z</time>
      </trkpt>
      <trkpt lat="50.180673" lon="10.386550">
        <ele>293.432824</ele>
        <time>2025-08-18T15:06:55.447Z</time>
      </trkpt>
      <trkpt lat="50.180784" lon="10.385928">
        <ele>293.458093</ele>
        <time>2025-08-18T15:07:04.581Z</time>
      </trkpt>
      <trkpt lat="50.181137" lon="10.383307">
        <ele>292.005228</ele>
        <time>2025-08-18T15:07:38.174Z</time>
      </trkpt>
      <trkpt lat="50.181196" lon="10.383042">
        <ele>291.836979</ele>
        <time>2025-08-18T15:07:41.775Z</time>
      </trkpt>
      <trkpt lat="50.181372" lon="10.382695">
        <ele>291.700549</ele>
        <time>2025-08-18T15:07:47.519Z</time>
      </trkpt>
      <trkpt lat="50.181223" lon="10.382506">
        <ele>291.630417</ele>
        <time>2025-08-18T15:07:51.698Z</time>
      </trkpt>
      <trkpt lat="50.181306" lon="10.378574">
        <ele>290.690349</ele>
        <time>2025-08-18T15:09:23.729Z</time>
      </trkpt>
      <trkpt lat="50.181307" lon="10.378538">
        <ele>290.681520</ele>
        <time>2025-08-18T15:09:24.524Z</time>
      </trkpt>
      <trkpt lat="50.181328" lon="10.376563">
        <ele>290.063632</ele>
        <time>2025-08-18T15:09:50.449Z</time>
      </trkpt>
      <trkpt lat="50.181332" lon="10.375584">
        <ele>289.690029</ele>
        <time>2025-08-18T15:10:03.419Z</time>
      </trkpt>
      <trkpt lat="50.181335" lon="10.375402">
        <ele>289.620553</ele>
        <time>2025-08-18T15:10:05.854Z</time>
      </trkpt>
      <trkpt lat="50.181193" lon="10.375314">
        <ele>289.529511</ele>
        <time>2025-08-18T15:10:09.045Z</time>
      </trkpt>
      <trkpt lat="50.181151" lon="10.375090">
        <ele>289.440442</ele>
        <time>2025-08-18T15:10:12.184Z</time>
      </trkpt>
      <trkpt lat="50.181074" lon="10.374289">
        <ele>290.001056</ele>
        <time>2025-08-18T15:10:23.085Z</time>
      </trkpt>
      <trkpt lat="50.180988" lon="10.373484">
        <ele>290.844415</ele>
        <time>2025-08-18T15:10:33.961Z</time>
      </trkpt>
      <trkpt lat="50.180835" lon="10.372030">
        <ele>292.694912</ele>
        <time>2025-08-18T15:11:08.295Z</time>
      </trkpt>
      <trkpt lat="50.180558" lon="10.371949">
        <ele>294.660514</ele>
        <time>2025-08-18T15:11:27.799Z</time>
      </trkpt>
      <trkpt lat="50.180332" lon="10.371937">
        <ele>296.237731</ele>
        <time>2025-08-18T15:11:45.107Z</time>
      </trkpt>
      <trkpt lat="50.179834" lon="10.372000">
        <ele>299.722563</ele>
        <time>2025-08-18T15:12:26.766Z</time>
      </trkpt>
      <trkpt lat="50.179122" lon="10.372090">
        <ele>304.704867</ele>
        <time>2025-08-18T15:13:25.091Z</time>
      </trkpt>
      <trkpt lat="50.178569" lon="10.372190">
        <ele>303.589530</ele>
        <time>2025-08-18T15:13:55.237Z</time>
      </trkpt>
      <trkpt lat="50.178207" lon="10.372195">
        <ele>302.770599</ele>
        <time>2025-08-18T15:14:07.523Z</time>
      </trkpt>
      <trkpt lat="50.177342" lon="10.372139">
        <ele>300.812156</ele>
        <time>2025-08-18T15:14:31.113Z</time>
      </trkpt>
      <trkpt lat="50.176949" lon="10.371883">
        <ele>298.434185</ele>
        <time>2025-08-18T15:14:42.032Z</time>
      </trkpt>
      <trkpt lat="50.176004" lon="10.371678">
        <ele>292.867935</ele>
        <time>2025-08-18T15:15:07.844Z</time>
      </trkpt>
      <trkpt lat="50.175900" lon="10.371582">
        <ele>292.163085</ele>
        <time>2025-08-18T15:15:11.505Z</time>
      </trkpt>
      <trkpt lat="50.175857" lon="10.371686">
        <ele>291.700555</ele>
        <time>2025-08-18T15:15:14.025Z</time>
      </trkpt>
      <trkpt lat="50.175778" lon="10.371670">
        <ele>291.235794</ele>
        <time>2025-08-18T15:15:16.635Z</time>
      </trkpt>
      <trkpt lat="50.175560" lon="10.371618">
        <ele>290.397810</ele>
        <time>2025-08-18T15:15:21.100Z</time>
      </trkpt>
      <trkpt lat="50.175506" lon="10.371590">
        <ele>290.558982</ele>
        <time>2025-08-18T15:15:22.334Z</time>
      </trkpt>
      <trkpt lat="50.175058" lon="10.371508">
        <ele>291.836661</ele>
        <time>2025-08-18T15:15:35.952Z</time>
      </trkpt>
      <trkpt lat="50.174557" lon="10.371438">
        <ele>293.261448</ele>
        <time>2025-08-18T15:16:04.797Z</time>
      </trkpt>
      <trkpt lat="50.174430" lon="10.371380">
        <ele>293.636256</ele>
        <time>2025-08-18T15:16:12.756Z</time>
      </trkpt>
      <trkpt lat="50.174337" lon="10.371372">
        <ele>293.900085</ele>
        <time>2025-08-18T15:16:17.069Z</time>
      </trkpt>
      <trkpt lat="50.173598" lon="10.371259">
        <ele>296.314990</ele>
        <time>2025-08-18T15:17:02.842Z</time>
      </trkpt>
      <trkpt lat="50.173350" lon="10.371128">
        <ele>297.408110</ele>
        <time>2025-08-18T15:17:17.858Z</time>
      </trkpt>
      <trkpt lat="50.173225" lon="10.371017">
        <ele>298.008524</ele>
        <time>2025-08-18T15:17:26.011Z</time>
      </trkpt>
      <trkpt lat="50.172341" lon="10.370537">
        <ele>301.916294</ele>
        <time>2025-08-18T15:18:17.944Z</time>
      </trkpt>
      <trkpt lat="50.172044" lon="10.370408">
        <ele>303.247134</ele>
        <time>2025-08-18T15:18:36.093Z</time>
      </trkpt>
      <trkpt lat="50.171794" lon="10.370375">
        <ele>304.426337</ele>
        <time>2025-08-18T15:18:51.508Z</time>
      </trkpt>
      <trkpt lat="50.171377" lon="10.370354">
        <ele>306.387274</ele>
        <time>2025-08-18T15:19:17.798Z</time>
      </trkpt>
      <trkpt lat="50.170616" lon="10.370396">
        <ele>309.966241</ele>
        <time>2025-08-18T15:20:05.013Z</time>
      </trkpt>
      <trkpt lat="50.169878" lon="10.370147">
        <ele>312.632640</ele>
        <time>2025-08-18T15:20:49.413Z</time>
      </trkpt>
      <trkpt lat="50.169398" lon="10.370136">
        <ele>313.986271</ele>
        <time>2025-08-18T15:21:14.609Z</time>
      </trkpt>
      <trkpt lat="50.168653" lon="10.369646">
        <ele>316.265802</ele>
        <time>2025-08-18T15:21:52.851Z</time>
      </trkpt>
      <trkpt lat="50.167869" lon="10.369445">
        <ele>316.805021</ele>
        <time>2025-08-18T15:22:25.847Z</time>
      </trkpt>
      <trkpt lat="50.167381" lon="10.369539">
        <ele>317.081540</ele>
        <time>2025-08-18T15:22:44.306Z</time>
      </trkpt>
      <trkpt lat="50.167161" lon="10.369685">
        <ele>317.215976</ele>
        <time>2025-08-18T15:22:53.258Z</time>
      </trkpt>
      <trkpt lat="50.166974" lon="10.369900">
        <ele>317.346582</ele>
        <time>2025-08-18T15:23:02.085Z</time>
      </trkpt>
      <trkpt lat="50.166221" lon="10.370768">
        <ele>317.231817</ele>
        <time>2025-08-18T15:23:36.657Z</time>
      </trkpt>
      <trkpt lat="50.166113" lon="10.370839">
        <ele>317.209733</ele>
        <time>2025-08-18T15:23:40.896Z</time>
      </trkpt>
      <trkpt lat="50.166020" lon="10.370821">
        <ele>317.192072</ele>
        <time>2025-08-18T15:23:44.307Z</time>
      </trkpt>
      <trkpt lat="50.165209" lon="10.370368">
        <ele>316.999826</ele>
        <time>2025-08-18T15:24:15.261Z</time>
      </trkpt>
      <trkpt lat="50.164181" lon="10.369967">
        <ele>316.551564</ele>
        <time>2025-08-18T15:24:53.826Z</time>
      </trkpt>
      <trkpt lat="50.163715" lon="10.369632">
        <ele>316.334525</ele>
        <time>2025-08-18T15:25:12.498Z</time>
      </trkpt>
      <trkpt lat="50.163258" lon="10.369206">
        <ele>315.655185</ele>
        <time>2025-08-18T15:25:30.754Z</time>
      </trkpt>
      <trkpt lat="50.163049" lon="10.368943">
        <ele>315.260584</ele>
        <time>2025-08-18T15:25:39.595Z</time>
      </trkpt>
      <trkpt lat="50.162423" lon="10.367831">
        <ele>313.866618</ele>
        <time>2025-08-18T15:26:09.935Z</time>
      </trkpt>
      <trkpt lat="50.162233" lon="10.367541">
        <ele>313.883774</ele>
        <time>2025-08-18T15:26:18.818Z</time>
      </trkpt>
      <trkpt lat="50.161572" lon="10.366612">
        <ele>315.657821</ele>
        <time>2025-08-18T15:26:43.799Z</time>
      </trkpt>
      <trkpt lat="50.161365" lon="10.366202">
        <ele>316.324845</ele>
        <time>2025-08-18T15:26:57.572Z</time>
      </trkpt>
      <trkpt lat="50.161279" lon="10.365905">
        <ele>316.741309</ele>
        <time>2025-08-18T15:27:06.881Z</time>
      </trkpt>
      <trkpt lat="50.161281" lon="10.365768">
        <ele>316.916409</ele>
        <time>2025-08-18T15:27:10.807Z</time>
      </trkpt>
      <trkpt lat="50.160836" lon="10.365093">
        <ele>319.288090</ele>
        <time>2025-08-18T15:27:40.710Z</time>
      </trkpt>
      <trkpt lat="50.160428" lon="10.364652">
        <ele>321.501388</ele>
        <time>2025-08-18T15:28:04.065Z</time>
      </trkpt>
      <trkpt lat="50.160403" lon="10.364697">
        <ele>321.671572</ele>
        <time>2025-08-18T15:28:05.899Z</time>
      </trkpt>
      <trkpt lat="50.160249" lon="10.364976">
        <ele>322.723799</ele>
        <time>2025-08-18T15:28:17.083Z</time>
      </trkpt>
      <trkpt lat="50.159978" lon="10.365318">
        <ele>324.278028</ele>
        <time>2025-08-18T15:28:32.434Z</time>
      </trkpt>
      <trkpt lat="50.159951" lon="10.365354">
        <ele>324.436396</ele>
        <time>2025-08-18T15:28:33.871Z</time>
      </trkpt>
      <trkpt lat="50.159917" lon="10.365399">
        <ele>324.635204</ele>
        <time>2025-08-18T15:28:35.689Z</time>
      </trkpt>
      <trkpt lat="50.159784" lon="10.365595">
        <ele>325.433924</ele>
        <time>2025-08-18T15:28:43.277Z</time>
      </trkpt>
      <trkpt lat="50.159530" lon="10.365964">
        <ele>326.844625</ele>
        <time>2025-08-18T15:28:57.665Z</time>
      </trkpt>
      <trkpt lat="50.159108" lon="10.366561">
        <ele>329.160096</ele>
        <time>2025-08-18T15:29:20.294Z</time>
      </trkpt>
      <trkpt lat="50.158844" lon="10.366753">
        <ele>330.344191</ele>
        <time>2025-08-18T15:29:33.090Z</time>
      </trkpt>
      <trkpt lat="50.158655" lon="10.366849">
        <ele>331.152242</ele>
        <time>2025-08-18T15:29:41.904Z</time>
      </trkpt>
      <trkpt lat="50.158420" lon="10.366912">
        <ele>332.121638</ele>
        <time>2025-08-18T15:29:52.395Z</time>
      </trkpt>
      <trkpt lat="50.158126" lon="10.366948">
        <ele>333.720252</ele>
        <time>2025-08-18T15:30:06.497Z</time>
      </trkpt>
      <trkpt lat="50.157867" lon="10.366984">
        <ele>335.340866</ele>
        <time>2025-08-18T15:30:19.959Z</time>
      </trkpt>
      <trkpt lat="50.156679" lon="10.367138">
        <ele>342.770608</ele>
        <time>2025-08-18T15:31:29.991Z</time>
      </trkpt>
      <trkpt lat="50.156347" lon="10.367231">
        <ele>344.324815</ele>
        <time>2025-08-18T15:31:48.351Z</time>
      </trkpt>
      <trkpt lat="50.156094" lon="10.367352">
        <ele>345.146321</ele>
        <time>2025-08-18T15:32:01.544Z</time>
      </trkpt>
      <trkpt lat="50.155789" lon="10.367532">
        <ele>346.158648</ele>
        <time>2025-08-18T15:32:16.316Z</time>
      </trkpt>
      <trkpt lat="50.154722" lon="10.368331">
        <ele>349.296758</ele>
        <time>2025-08-18T15:32:53.383Z</time>
      </trkpt>
      <trkpt lat="50.154722" lon="10.368331">
        <ele>349.296758</ele>
        <time>2025-08-18T15:32:53.385Z</time>
      </trkpt>
      <trkpt lat="50.154202" lon="10.368593">
        <ele>349.049740</ele>
        <time>2025-08-18T15:33:04.809Z</time>
      </trkpt>
      <trkpt lat="50.152794" lon="10.369207">
        <ele>348.568800</ele>
        <time>2025-08-18T15:33:35.339Z</time>
      </trkpt>
      <trkpt lat="50.152005" lon="10.369588">
        <ele>348.607785</ele>
        <time>2025-08-18T15:33:55.944Z</time>
      </trkpt>
      <trkpt lat="50.151252" lon="10.370112">
        <ele>348.286229</ele>
        <time>2025-08-18T15:34:17.563Z</time>
      </trkpt>
      <trkpt lat="50.150696" lon="10.370651">
        <ele>347.204934</ele>
        <time>2025-08-18T15:34:31.875Z</time>
      </trkpt>
      <trkpt lat="50.150318" lon="10.371045">
        <ele>346.454006</ele>
        <time>2025-08-18T15:34:40.589Z</time>
      </trkpt>
      <trkpt lat="50.150035" lon="10.371072">
        <ele>345.985617</ele>
        <time>2025-08-18T15:34:49.294Z</time>
      </trkpt>
      <trkpt lat="50.149838" lon="10.371161">
        <ele>345.625266</ele>
        <time>2025-08-18T15:34:55.400Z</time>
      </trkpt>
      <trkpt lat="50.149627" lon="10.371306">
        <ele>344.801336</ele>
        <time>2025-08-18T15:35:02.176Z</time>
      </trkpt>
      <trkpt lat="50.149212" lon="10.372081">
        <ele>342.488472</ele>
        <time>2025-08-18T15:35:21.008Z</time>
      </trkpt>
      <trkpt lat="50.149002" lon="10.372252">
        <ele>341.641966</ele>
        <time>2025-08-18T15:35:27.866Z</time>
      </trkpt>
      <trkpt lat="50.148824" lon="10.372181">
        <ele>340.985390</ele>
        <time>2025-08-18T15:35:33.254Z</time>
      </trkpt>
      <trkpt lat="50.148675" lon="10.371904">
        <ele>340.157181</ele>
        <time>2025-08-18T15:35:40.220Z</time>
      </trkpt>
      <trkpt lat="50.148167" lon="10.370377">
        <ele>339.225650</ele>
        <time>2025-08-18T15:36:19.193Z</time>
      </trkpt>
      <trkpt lat="50.148102" lon="10.370301">
        <ele>339.224515</ele>
        <time>2025-08-18T15:36:22.321Z</time>
      </trkpt>
      <trkpt lat="50.148188" lon="10.369177">
        <ele>339.214384</ele>
        <time>2025-08-18T15:36:43.331Z</time>
      </trkpt>
      <trkpt lat="50.148156" lon="10.368889">
        <ele>339.212356</ele>
        <time>2025-08-18T15:36:48.010Z</time>
      </trkpt>
      <trkpt lat="50.148058" lon="10.368666">
        <ele>339.212455</ele>
        <time>2025-08-18T15:36:52.321Z</time>
      </trkpt>
      <trkpt lat="50.147895" lon="10.368562">
        <ele>339.212556</ele>
        <time>2025-08-18T15:36:56.755Z</time>
      </trkpt>
      <trkpt lat="50.147328" lon="10.368634">
        <ele>339.212883</ele>
        <time>2025-08-18T15:37:09.773Z</time>
      </trkpt>
      <trkpt lat="50.147187" lon="10.368523">
        <ele>339.212974</ele>
        <time>2025-08-18T15:37:13.172Z</time>
      </trkpt>
      <trkpt lat="50.147101" lon="10.368402">
        <ele>339.213040</ele>
        <time>2025-08-18T15:37:15.589Z</time>
      </trkpt>
      <trkpt lat="50.147034" lon="10.368241">
        <ele>339.213111</ele>
        <time>2025-08-18T15:37:18.137Z</time>
      </trkpt>
      <trkpt lat="50.146566" lon="10.366972">
        <ele>339.284239</ele>
        <time>2025-08-18T15:37:40.213Z</time>
      </trkpt>
      <trkpt lat="50.145962" lon="10.365744">
        <ele>339.426269</ele>
        <time>2025-08-18T15:38:03.730Z</time>
      </trkpt>
      <trkpt lat="50.145800" lon="10.365497">
        <ele>339.458696</ele>
        <time>2025-08-18T15:38:09.950Z</time>
      </trkpt>
      <trkpt lat="50.145647" lon="10.365569">
        <ele>339.433559</ele>
        <time>2025-08-18T15:38:16.654Z</time>
      </trkpt>
      <trkpt lat="50.145349" lon="10.365780">
        <ele>339.270016</ele>
        <time>2025-08-18T15:38:29.295Z</time>
      </trkpt>
      <trkpt lat="50.145087" lon="10.366060">
        <ele>339.111313</ele>
        <time>2025-08-18T15:38:40.581Z</time>
      </trkpt>
      <trkpt lat="50.144970" lon="10.366284">
        <ele>339.018762</ele>
        <time>2025-08-18T15:38:46.971Z</time>
      </trkpt>
      <trkpt lat="50.144954" lon="10.366492">
        <ele>338.951667</ele>
        <time>2025-08-18T15:38:51.593Z</time>
      </trkpt>
      <trkpt lat="50.145227" lon="10.367479">
        <ele>338.607373</ele>
        <time>2025-08-18T15:39:15.901Z</time>
      </trkpt>
      <trkpt lat="50.145356" lon="10.368099">
        <ele>338.551148</ele>
        <time>2025-08-18T15:39:30.159Z</time>
      </trkpt>
      <trkpt lat="50.145370" lon="10.368273">
        <ele>338.544398</ele>
        <time>2025-08-18T15:39:33.800Z</time>
      </trkpt>
      <trkpt lat="50.145340" lon="10.368633">
        <ele>338.530423</ele>
        <time>2025-08-18T15:39:41.574Z</time>
      </trkpt>
      <trkpt lat="50.145286" lon="10.369000">
        <ele>338.515928</ele>
        <time>2025-08-18T15:39:50.091Z</time>
      </trkpt>
      <trkpt lat="50.145229" lon="10.369162">
        <ele>338.508814</ele>
        <time>2025-08-18T15:39:54.461Z</time>
      </trkpt>
      <trkpt lat="50.145021" lon="10.369421">
        <ele>338.492829</ele>
        <time>2025-08-18T15:40:04.939Z</time>
      </trkpt>
      <trkpt lat="50.144811" lon="10.369574">
        <ele>338.478908</ele>
        <time>2025-08-18T15:40:14.767Z</time>
      </trkpt>
      <trkpt lat="50.143374" lon="10.370197">
        <ele>340.265192</ele>
        <time>2025-08-18T15:41:22.889Z</time>
      </trkpt>
      <trkpt lat="50.142880" lon="10.370612">
        <ele>341.085239</ele>
        <time>2025-08-18T15:41:46.139Z</time>
      </trkpt>
      <trkpt lat="50.142201" lon="10.371665">
        <ele>343.801227</ele>
        <time>2025-08-18T15:42:28.132Z</time>
      </trkpt>
      <trkpt lat="50.142009" lon="10.372011">
        <ele>344.633393</ele>
        <time>2025-08-18T15:42:43.245Z</time>
      </trkpt>
      <trkpt lat="50.141525" lon="10.370673">
        <ele>349.017060</ele>
        <time>2025-08-18T15:43:45.726Z</time>
      </trkpt>
      <trkpt lat="50.141329" lon="10.370202">
        <ele>351.334573</ele>
        <time>2025-08-18T15:44:12.202Z</time>
      </trkpt>
      <trkpt lat="50.141216" lon="10.369765">
        <ele>353.279244</ele>
        <time>2025-08-18T15:44:34.511Z</time>
      </trkpt>
      <trkpt lat="50.141175" lon="10.369278">
        <ele>355.306270</ele>
        <time>2025-08-18T15:44:57.465Z</time>
      </trkpt>
      <trkpt lat="50.141241" lon="10.368835">
        <ele>357.183196</ele>
        <time>2025-08-18T15:45:18.309Z</time>
      </trkpt>
      <trkpt lat="50.141421" lon="10.368496">
        <ele>358.731731</ele>
        <time>2025-08-18T15:45:37.756Z</time>
      </trkpt>
      <trkpt lat="50.141679" lon="10.368100">
        <ele>360.559523</ele>
        <time>2025-08-18T15:46:01.492Z</time>
      </trkpt>
      <trkpt lat="50.141828" lon="10.367657">
        <ele>362.178895</ele>
        <time>2025-08-18T15:46:21.529Z</time>
      </trkpt>
      <trkpt lat="50.141908" lon="10.367164">
        <ele>363.824990</ele>
        <time>2025-08-18T15:46:41.138Z</time>
      </trkpt>
      <trkpt lat="50.141867" lon="10.366530">
        <ele>365.887536</ele>
        <time>2025-08-18T15:47:05.024Z</time>
      </trkpt>
      <trkpt lat="50.141494" lon="10.365416">
        <ele>368.927870</ele>
        <time>2025-08-18T15:47:50.725Z</time>
      </trkpt>
      <trkpt lat="50.141313" lon="10.365172">
        <ele>369.737348</ele>
        <time>2025-08-18T15:48:03.878Z</time>
      </trkpt>
      <trkpt lat="50.141162" lon="10.365077">
        <ele>370.288331</ele>
        <time>2025-08-18T15:48:12.753Z</time>
      </trkpt>
      <trkpt lat="50.139900" lon="10.362256">
        <ele>377.036934</ele>
        <time>2025-08-18T15:50:05.610Z</time>
      </trkpt>
      <trkpt lat="50.139852" lon="10.362154">
        <ele>377.270820</ele>
        <time>2025-08-18T15:50:09.732Z</time>
      </trkpt>
      <trkpt lat="50.137861" lon="10.362886">
        <ele>383.327884</ele>
        <time>2025-08-18T15:51:56.819Z</time>
      </trkpt>
      <trkpt lat="50.136690" lon="10.363354">
        <ele>386.561257</ele>
        <time>2025-08-18T15:52:57.755Z</time>
      </trkpt>
      <trkpt lat="50.135134" lon="10.362095">
        <ele>390.340076</ele>
        <time>2025-08-18T15:54:24.529Z</time>
      </trkpt>
      <trkpt lat="50.133703" lon="10.360924">
        <ele>392.428058</ele>
        <time>2025-08-18T15:55:31.726Z</time>
      </trkpt>
      <trkpt lat="50.132218" lon="10.359788">
        <ele>394.223145</ele>
        <time>2025-08-18T15:56:39.763Z</time>
      </trkpt>
      <trkpt lat="50.129750" lon="10.357850">
        <ele>398.202069</ele>
        <time>2025-08-18T15:58:46.083Z</time>
      </trkpt>
      <trkpt lat="50.129295" lon="10.356897">
        <ele>397.970705</ele>
        <time>2025-08-18T15:59:15.031Z</time>
      </trkpt>
      <trkpt lat="50.128247" lon="10.358309">
        <ele>396.916907</ele>
        <time>2025-08-18T16:00:02.573Z</time>
      </trkpt>
      <trkpt lat="50.127951" lon="10.358521">
        <ele>396.268529</ele>
        <time>2025-08-18T16:00:13.354Z</time>
      </trkpt>
      <trkpt lat="50.127358" lon="10.358478">
        <ele>395.086793</ele>
        <time>2025-08-18T16:00:32.621Z</time>
      </trkpt>
      <trkpt lat="50.125793" lon="10.357907">
        <ele>391.233963</ele>
        <time>2025-08-18T16:01:23.211Z</time>
      </trkpt>
      <trkpt lat="50.125032" lon="10.358267">
        <ele>389.168282</ele>
        <time>2025-08-18T16:01:48.344Z</time>
      </trkpt>
      <trkpt lat="50.124313" lon="10.358901">
        <ele>387.616581</ele>
        <time>2025-08-18T16:02:14.645Z</time>
      </trkpt>
      <trkpt lat="50.123741" lon="10.359896">
        <ele>386.006880</ele>
        <time>2025-08-18T16:02:42.862Z</time>
      </trkpt>
      <trkpt lat="50.122176" lon="10.362011">
        <ele>385.037684</ele>
        <time>2025-08-18T16:03:57.824Z</time>
      </trkpt>
      <trkpt lat="50.121338" lon="10.362574">
        <ele>384.679010</ele>
        <time>2025-08-18T16:04:32.054Z</time>
      </trkpt>
      <trkpt lat="50.119484" lon="10.363498">
        <ele>383.974323</ele>
        <time>2025-08-18T16:05:39.308Z</time>
      </trkpt>
      <trkpt lat="50.117928" lon="10.362411">
        <ele>384.547462</ele>
        <time>2025-08-18T16:06:50.341Z</time>
      </trkpt>
      <trkpt lat="50.117669" lon="10.362486">
        <ele>384.722347</ele>
        <time>2025-08-18T16:07:00.749Z</time>
      </trkpt>
      <trkpt lat="50.117273" lon="10.363412">
        <ele>385.111274</ele>
        <time>2025-08-18T16:07:28.346Z</time>
      </trkpt>
      <trkpt lat="50.117082" lon="10.363618">
        <ele>385.205592</ele>
        <time>2025-08-18T16:07:37.096Z</time>
      </trkpt>
      <trkpt lat="50.116444" lon="10.364306">
        <ele>385.520629</ele>
        <time>2025-08-18T16:08:07.334Z</time>
      </trkpt>
      <trkpt lat="50.115412" lon="10.364254">
        <ele>385.696039</ele>
        <time>2025-08-18T16:08:48.721Z</time>
      </trkpt>
      <trkpt lat="50.115095" lon="10.364411">
        <ele>385.689064</ele>
        <time>2025-08-18T16:09:01.190Z</time>
      </trkpt>
      <trkpt lat="50.113166" lon="10.365635">
        <ele>385.506349</ele>
        <time>2025-08-18T16:10:15.684Z</time>
      </trkpt>
      <trkpt lat="50.112896" lon="10.365512">
        <ele>385.467520</ele>
        <time>2025-08-18T16:10:26.256Z</time>
      </trkpt>
      <trkpt lat="50.111630" lon="10.364779">
        <ele>386.102108</ele>
        <time>2025-08-18T16:11:20.827Z</time>
      </trkpt>
      <trkpt lat="50.110948" lon="10.364857">
        <ele>386.557708</ele>
        <time>2025-08-18T16:11:48.751Z</time>
      </trkpt>
      <trkpt lat="50.110101" lon="10.365301">
        <ele>386.843008</ele>
        <time>2025-08-18T16:12:24.333Z</time>
      </trkpt>
      <trkpt lat="50.109286" lon="10.366305">
        <ele>387.091903</ele>
        <time>2025-08-18T16:13:03.397Z</time>
      </trkpt>
      <trkpt lat="50.109427" lon="10.367101">
        <ele>386.699421</ele>
        <time>2025-08-18T16:13:22.737Z</time>
      </trkpt>
      <trkpt lat="50.109357" lon="10.368379">
        <ele>386.089813</ele>
        <time>2025-08-18T16:13:51.643Z</time>
      </trkpt>
      <trkpt lat="50.109461" lon="10.371485">
        <ele>383.241241</ele>
        <time>2025-08-18T16:14:57.976Z</time>
      </trkpt>
      <trkpt lat="50.109509" lon="10.372781">
        <ele>381.943543</ele>
        <time>2025-08-18T16:15:25.389Z</time>
      </trkpt>
      <trkpt lat="50.109955" lon="10.375274">
        <ele>379.192698</ele>
        <time>2025-08-18T16:16:21.181Z</time>
      </trkpt>
      <trkpt lat="50.110335" lon="10.377332">
        <ele>376.594510</ele>
        <time>2025-08-18T16:17:05.380Z</time>
      </trkpt>
      <trkpt lat="50.110436" lon="10.377896">
        <ele>376.254912</ele>
        <time>2025-08-18T16:17:17.705Z</time>
      </trkpt>
      <trkpt lat="50.110236" lon="10.377979">
        <ele>376.067756</ele>
        <time>2025-08-18T16:17:24.646Z</time>
      </trkpt>
      <trkpt lat="50.110136" lon="10.378049">
        <ele>375.968632</ele>
        <time>2025-08-18T16:17:26.774Z</time>
      </trkpt>
      <trkpt lat="50.108285" lon="10.378203">
        <ele>374.892788</ele>
        <time>2025-08-18T16:18:06.685Z</time>
      </trkpt>
      <trkpt lat="50.108191" lon="10.378268">
        <ele>374.876512</ele>
        <time>2025-08-18T16:18:09.137Z</time>
      </trkpt>
      <trkpt lat="50.108131" lon="10.378414">
        <ele>374.858909</ele>
        <time>2025-08-18T16:18:11.817Z</time>
      </trkpt>
      <trkpt lat="50.107996" lon="10.378376">
        <ele>374.837196</ele>
        <time>2025-08-18T16:18:15.152Z</time>
      </trkpt>
      <trkpt lat="50.107979" lon="10.378741">
        <ele>374.800046</ele>
        <time>2025-08-18T16:18:24.047Z</time>
      </trkpt>
      <trkpt lat="50.107148" lon="10.378714">
        <ele>374.169474</ele>
        <time>2025-08-18T16:18:54.118Z</time>
      </trkpt>
      <trkpt lat="50.107413" lon="10.380635">
        <ele>372.484267</ele>
        <time>2025-08-18T16:19:36.190Z</time>
      </trkpt>
      <trkpt lat="50.107623" lon="10.381548">
        <ele>370.842501</ele>
        <time>2025-08-18T16:19:55.971Z</time>
      </trkpt>
      <trkpt lat="50.108226" lon="10.385222">
        <ele>363.109614</ele>
        <time>2025-08-18T16:21:10.571Z</time>
      </trkpt>
      <trkpt lat="50.108365" lon="10.386240">
        <ele>360.804906</ele>
        <time>2025-08-18T16:21:30.717Z</time>
      </trkpt>
      <trkpt lat="50.107834" lon="10.386534">
        <ele>358.995218</ele>
        <time>2025-08-18T16:21:40.448Z</time>
      </trkpt>
      <trkpt lat="50.107434" lon="10.386822">
        <ele>357.580225</ele>
        <time>2025-08-18T16:21:48.161Z</time>
      </trkpt>
      <trkpt lat="50.107106" lon="10.387163">
        <ele>356.314126</ele>
        <time>2025-08-18T16:21:55.119Z</time>
      </trkpt>
      <trkpt lat="50.106941" lon="10.387397">
        <ele>355.597799</ele>
        <time>2025-08-18T16:21:59.205Z</time>
      </trkpt>
      <trkpt lat="50.106887" lon="10.387654">
        <ele>355.054922</ele>
        <time>2025-08-18T16:22:02.451Z</time>
      </trkpt>
      <trkpt lat="50.106888" lon="10.387813">
        <ele>354.989691</ele>
        <time>2025-08-18T16:22:04.401Z</time>
      </trkpt>
      <trkpt lat="50.107293" lon="10.391374">
        <ele>354.625843</ele>
        <time>2025-08-18T16:22:56.230Z</time>
      </trkpt>
      <trkpt lat="50.107333" lon="10.393672">
        <ele>356.464438</ele>
        <time>2025-08-18T16:23:45.115Z</time>
      </trkpt>
      <trkpt lat="50.105106" lon="10.393561">
        <ele>358.544817</ele>
        <time>2025-08-18T16:25:25.334Z</time>
      </trkpt>
      <trkpt lat="50.104861" lon="10.394009">
        <ele>358.346726</ele>
        <time>2025-08-18T16:25:38.422Z</time>
      </trkpt>
      <trkpt lat="50.104664" lon="10.396143">
        <ele>356.164458</ele>
        <time>2025-08-18T16:26:22.124Z</time>
      </trkpt>
      <trkpt lat="50.104451" lon="10.396221">
        <ele>355.591273</ele>
        <time>2025-08-18T16:26:28.922Z</time>
      </trkpt>
      <trkpt lat="50.104390" lon="10.397540">
        <ele>353.369253</ele>
        <time>2025-08-18T16:26:55.520Z</time>
      </trkpt>
      <trkpt lat="50.104125" lon="10.398887">
        <ele>351.207241</ele>
        <time>2025-08-18T16:27:24.677Z</time>
      </trkpt>
      <trkpt lat="50.104125" lon="10.398887">
        <ele>351.207241</ele>
        <time>2025-08-18T16:27:24.682Z</time>
      </trkpt>
      <trkpt lat="50.103732" lon="10.400555">
        <ele>348.268902</ele>
        <time>2025-08-18T16:28:01.281Z</time>
      </trkpt>
      <trkpt lat="50.102488" lon="10.402554">
        <ele>342.323971</ele>
        <time>2025-08-18T16:28:55.117Z</time>
      </trkpt>
      <trkpt lat="50.102476" lon="10.402776">
        <ele>341.989556</ele>
        <time>2025-08-18T16:28:57.441Z</time>
      </trkpt>
      <trkpt lat="50.102313" lon="10.403534">
        <ele>340.789516</ele>
        <time>2025-08-18T16:29:05.950Z</time>
      </trkpt>
      <trkpt lat="50.102085" lon="10.404377">
        <ele>339.416228</ele>
        <time>2025-08-18T16:29:16.970Z</time>
      </trkpt>
      <trkpt lat="50.102015" lon="10.404451">
        <ele>339.218304</ele>
        <time>2025-08-18T16:29:18.719Z</time>
      </trkpt>
      <trkpt lat="50.101858" lon="10.404431">
        <ele>338.849666</ele>
        <time>2025-08-18T16:29:21.977Z</time>
      </trkpt>
      <trkpt lat="50.101852" lon="10.404507">
        <ele>338.734723</ele>
        <time>2025-08-18T16:29:22.980Z</time>
      </trkpt>
      <trkpt lat="50.101759" lon="10.404380">
        <ele>338.547477</ele>
        <time>2025-08-18T16:29:25.778Z</time>
      </trkpt>
      <trkpt lat="50.101405" lon="10.403653">
        <ele>338.263273</ele>
        <time>2025-08-18T16:29:40.161Z</time>
      </trkpt>
      <trkpt lat="50.100500" lon="10.405003">
        <ele>337.607034</ele>
        <time>2025-08-18T16:30:07.527Z</time>
      </trkpt>
      <trkpt lat="50.100150" lon="10.405474">
        <ele>337.146460</ele>
        <time>2025-08-18T16:30:16.548Z</time>
      </trkpt>
      <trkpt lat="50.099897" lon="10.405722">
        <ele>336.848758</ele>
        <time>2025-08-18T16:30:22.495Z</time>
      </trkpt>
      <trkpt lat="50.097986" lon="10.406871">
        <ele>334.550392</ele>
        <time>2025-08-18T16:31:34.495Z</time>
      </trkpt>
      <trkpt lat="50.097755" lon="10.406917">
        <ele>334.264035</ele>
        <time>2025-08-18T16:31:42.414Z</time>
      </trkpt>
      <trkpt lat="50.097064" lon="10.406570">
        <ele>333.104429</ele>
        <time>2025-08-18T16:32:05.888Z</time>
      </trkpt>
      <trkpt lat="50.096461" lon="10.406542">
        <ele>331.755869</ele>
        <time>2025-08-18T16:32:24.586Z</time>
      </trkpt>
      <trkpt lat="50.096020" lon="10.406660">
        <ele>330.755629</ele>
        <time>2025-08-18T16:32:38.603Z</time>
      </trkpt>
      <trkpt lat="50.095598" lon="10.406570">
        <ele>329.803491</ele>
        <time>2025-08-18T16:32:52.449Z</time>
      </trkpt>
      <trkpt lat="50.095240" lon="10.406602">
        <ele>329.873942</ele>
        <time>2025-08-18T16:33:04.851Z</time>
      </trkpt>
      <trkpt lat="50.094841" lon="10.406839">
        <ele>330.152482</ele>
        <time>2025-08-18T16:33:20.857Z</time>
      </trkpt>
      <trkpt lat="50.094518" lon="10.407225">
        <ele>330.417983</ele>
        <time>2025-08-18T16:33:38.284Z</time>
      </trkpt>
      <trkpt lat="50.094245" lon="10.407636">
        <ele>330.665570</ele>
        <time>2025-08-18T16:33:55.662Z</time>
      </trkpt>
      <trkpt lat="50.094008" lon="10.407568">
        <ele>330.822772</ele>
        <time>2025-08-18T16:34:07.159Z</time>
      </trkpt>
      <trkpt lat="50.093884" lon="10.407901">
        <ele>331.057034</ele>
        <time>2025-08-18T16:34:19.374Z</time>
      </trkpt>
      <trkpt lat="50.093485" lon="10.408341">
        <ele>331.550344</ele>
        <time>2025-08-18T16:34:42.585Z</time>
      </trkpt>
      <trkpt lat="50.093045" lon="10.407868">
        <ele>332.089817</ele>
        <time>2025-08-18T16:35:05.185Z</time>
      </trkpt>
      <trkpt lat="50.092824" lon="10.407740">
        <ele>332.327778</ele>
        <time>2025-08-18T16:35:13.945Z</time>
      </trkpt>
      <trkpt lat="50.092666" lon="10.407836">
        <ele>332.498938</ele>
        <time>2025-08-18T16:35:20.134Z</time>
      </trkpt>
      <trkpt lat="50.092535" lon="10.408040">
        <ele>332.668343</ele>
        <time>2025-08-18T16:35:26.755Z</time>
      </trkpt>
      <trkpt lat="50.092391" lon="10.408416">
        <ele>332.705770</ele>
        <time>2025-08-18T16:35:36.673Z</time>
      </trkpt>
      <trkpt lat="50.092129" lon="10.408620">
        <ele>332.744786</ele>
        <time>2025-08-18T16:35:46.855Z</time>
      </trkpt>
      <trkpt lat="50.091578" lon="10.408620">
        <ele>332.818192</ele>
        <time>2025-08-18T16:36:06.459Z</time>
      </trkpt>
      <trkpt lat="50.090711" lon="10.408298">
        <ele>333.162083</ele>
        <time>2025-08-18T16:36:44.148Z</time>
      </trkpt>
      <trkpt lat="50.090374" lon="10.408298">
        <ele>333.526592</ele>
        <time>2025-08-18T16:37:00.034Z</time>
      </trkpt>
      <trkpt lat="50.090044" lon="10.408491">
        <ele>333.907830</ele>
        <time>2025-08-18T16:37:16.437Z</time>
      </trkpt>
      <trkpt lat="50.088433" lon="10.410057">
        <ele>333.952645</ele>
        <time>2025-08-18T16:38:32.629Z</time>
      </trkpt>
      <trkpt lat="50.088178" lon="10.410615">
        <ele>333.568208</ele>
        <time>2025-08-18T16:38:46.898Z</time>
      </trkpt>
      <trkpt lat="50.088027" lon="10.411109">
        <ele>333.222338</ele>
        <time>2025-08-18T16:38:57.705Z</time>
      </trkpt>
      <trkpt lat="50.087922" lon="10.411600">
        <ele>332.248394</ele>
        <time>2025-08-18T16:39:07.648Z</time>
      </trkpt>
      <trkpt lat="50.087781" lon="10.412185">
        <ele>331.072414</ele>
        <time>2025-08-18T16:39:19.623Z</time>
      </trkpt>
      <trkpt lat="50.087476" lon="10.412568">
        <ele>329.923634</ele>
        <time>2025-08-18T16:39:31.432Z</time>
      </trkpt>
      <trkpt lat="50.087207" lon="10.412761">
        <ele>329.055084</ele>
        <time>2025-08-18T16:39:40.592Z</time>
      </trkpt>
      <trkpt lat="50.086340" lon="10.413083">
        <ele>327.541645</ele>
        <time>2025-08-18T16:40:10.646Z</time>
      </trkpt>
      <trkpt lat="50.085670" lon="10.413189">
        <ele>326.958895</ele>
        <time>2025-08-18T16:40:35.250Z</time>
      </trkpt>
      <trkpt lat="50.085390" lon="10.413233">
        <ele>326.715374</ele>
        <time>2025-08-18T16:40:45.429Z</time>
      </trkpt>
      <trkpt lat="50.085204" lon="10.413329">
        <ele>326.545827</ele>
        <time>2025-08-18T16:40:52.383Z</time>
      </trkpt>
      <trkpt lat="50.084952" lon="10.413676">
        <ele>326.179572</ele>
        <time>2025-08-18T16:41:04.030Z</time>
      </trkpt>
      <trkpt lat="50.084612" lon="10.413866">
        <ele>325.743857</ele>
        <time>2025-08-18T16:41:16.165Z</time>
      </trkpt>
      <trkpt lat="50.084434" lon="10.413909">
        <ele>325.526570</ele>
        <time>2025-08-18T16:41:22.216Z</time>
      </trkpt>
      <trkpt lat="50.084006" lon="10.413850">
        <ele>325.008253</ele>
        <time>2025-08-18T16:41:36.600Z</time>
      </trkpt>
      <trkpt lat="50.083710" lon="10.413912">
        <ele>324.647975</ele>
        <time>2025-08-18T16:41:46.638Z</time>
      </trkpt>
      <trkpt lat="50.083060" lon="10.413905">
        <ele>323.993139</ele>
        <time>2025-08-18T16:42:08.792Z</time>
      </trkpt>
      <trkpt lat="50.082854" lon="10.413960">
        <ele>323.820079</ele>
        <time>2025-08-18T16:42:16.076Z</time>
      </trkpt>
      <trkpt lat="50.082086" lon="10.414402">
        <ele>323.142170</ele>
        <time>2025-08-18T16:42:45.433Z</time>
      </trkpt>
      <trkpt lat="50.081563" lon="10.414798">
        <ele>322.786853</ele>
        <time>2025-08-18T16:43:05.716Z</time>
      </trkpt>
      <trkpt lat="50.081257" lon="10.414972">
        <ele>322.786966</ele>
        <time>2025-08-18T16:43:16.572Z</time>
      </trkpt>
      <trkpt lat="50.081161" lon="10.414972">
        <ele>322.786999</ele>
        <time>2025-08-18T16:43:18.387Z</time>
      </trkpt>
      <trkpt lat="50.080619" lon="10.414919">
        <ele>322.787186</ele>
        <time>2025-08-18T16:43:28.689Z</time>
      </trkpt>
      <trkpt lat="50.080515" lon="10.414932">
        <ele>322.787222</ele>
        <time>2025-08-18T16:43:30.873Z</time>
      </trkpt>
      <trkpt lat="50.080455" lon="10.414974">
        <ele>322.787244</ele>
        <time>2025-08-18T16:43:32.334Z</time>
      </trkpt>
      <trkpt lat="50.080474" lon="10.415097">
        <ele>322.787272</ele>
        <time>2025-08-18T16:43:34.368Z</time>
      </trkpt>
      <trkpt lat="50.080532" lon="10.415466">
        <ele>322.787356</ele>
        <time>2025-08-18T16:43:41.373Z</time>
      </trkpt>
      <trkpt lat="50.080556" lon="10.415746">
        <ele>322.787419</ele>
        <time>2025-08-18T16:43:47.637Z</time>
      </trkpt>
      <trkpt lat="50.080588" lon="10.416092">
        <ele>324.039130</ele>
        <time>2025-08-18T16:43:56.766Z</time>
      </trkpt>
      <trkpt lat="50.080598" lon="10.416226">
        <ele>324.533612</ele>
        <time>2025-08-18T16:44:00.568Z</time>
      </trkpt>
      <trkpt lat="50.080601" lon="10.416321">
        <ele>324.882252</ele>
        <time>2025-08-18T16:44:03.323Z</time>
      </trkpt>
      <trkpt lat="50.080599" lon="10.416434">
        <ele>325.296607</ele>
        <time>2025-08-18T16:44:06.530Z</time>
      </trkpt>
      <trkpt lat="50.080580" lon="10.416690">
        <ele>326.241220</ele>
        <time>2025-08-18T16:44:14.218Z</time>
      </trkpt>
      <trkpt lat="50.080395" lon="10.417642">
        <ele>329.887240</ele>
        <time>2025-08-18T16:44:49.300Z</time>
      </trkpt>
      <trkpt lat="50.080383" lon="10.417932">
        <ele>330.952436</ele>
        <time>2025-08-18T16:45:00.684Z</time>
      </trkpt>
      <trkpt lat="50.080450" lon="10.418291">
        <ele>332.322863</ele>
        <time>2025-08-18T16:45:15.723Z</time>
      </trkpt>
      <trkpt lat="50.080842" lon="10.419134">
        <ele>336.968670</ele>
        <time>2025-08-18T16:45:55.082Z</time>
      </trkpt>
      <trkpt lat="50.080900" lon="10.419388">
        <ele>338.223347</ele>
        <time>2025-08-18T16:46:04.449Z</time>
      </trkpt>
      <trkpt lat="50.080881" lon="10.419627">
        <ele>339.344110</ele>
        <time>2025-08-18T16:46:12.853Z</time>
      </trkpt>
      <trkpt lat="50.080672" lon="10.420106">
        <ele>342.039782</ele>
        <time>2025-08-18T16:46:34.148Z</time>
      </trkpt>
      <trkpt lat="50.080612" lon="10.420361">
        <ele>343.303769</ele>
        <time>2025-08-18T16:46:44.357Z</time>
      </trkpt>
      <trkpt lat="50.080606" lon="10.420414">
        <ele>343.554231</ele>
        <time>2025-08-18T16:46:46.378Z</time>
      </trkpt>
      <trkpt lat="50.080815" lon="10.423211">
        <ele>357.685775</ele>
        <time>2025-08-18T16:48:37.154Z</time>
      </trkpt>
      <trkpt lat="50.080860" lon="10.423689">
        <ele>360.152872</ele>
        <time>2025-08-18T16:48:58.354Z</time>
      </trkpt>
      <trkpt lat="50.080918" lon="10.423952">
        <ele>361.221976</ele>
        <time>2025-08-18T16:49:10.064Z</time>
      </trkpt>
      <trkpt lat="50.081261" lon="10.424836">
        <ele>364.892690</ele>
        <time>2025-08-18T16:49:50.656Z</time>
      </trkpt>
      <trkpt lat="50.081271" lon="10.424862">
        <ele>365.000400</ele>
        <time>2025-08-18T16:49:52.154Z</time>
      </trkpt>
      <trkpt lat="50.082731" lon="10.428719">
        <ele>376.227314</ele>
        <time>2025-08-18T16:52:26.983Z</time>
      </trkpt>
      <trkpt lat="50.082421" lon="10.429134">
        <ele>376.620921</ele>
        <time>2025-08-18T16:52:46.089Z</time>
      </trkpt>
      <trkpt lat="50.080713" lon="10.431926">
        <ele>375.177032</ele>
        <time>2025-08-18T16:54:20.578Z</time>
      </trkpt>
      <trkpt lat="50.080625" lon="10.432069">
        <ele>374.890151</ele>
        <time>2025-08-18T16:54:24.416Z</time>
      </trkpt>
      <trkpt lat="50.078589" lon="10.435431">
        <ele>357.268250</ele>
        <time>2025-08-18T16:55:44.495Z</time>
      </trkpt>
      <trkpt lat="50.078141" lon="10.436170">
        <ele>354.034369</ele>
        <time>2025-08-18T16:56:03.470Z</time>
      </trkpt>
      <trkpt lat="50.077783" lon="10.436761">
        <ele>351.729750</ele>
        <time>2025-08-18T16:56:19.926Z</time>
      </trkpt>
      <trkpt lat="50.077619" lon="10.437031">
        <ele>351.652259</ele>
        <time>2025-08-18T16:56:27.933Z</time>
      </trkpt>
      <trkpt lat="50.077408" lon="10.436729">
        <ele>351.559203</ele>
        <time>2025-08-18T16:56:34.832Z</time>
      </trkpt>
      <trkpt lat="50.077080" lon="10.435769">
        <ele>351.332504</ele>
        <time>2025-08-18T16:56:54.787Z</time>
      </trkpt>
      <trkpt lat="50.076338" lon="10.434076">
        <ele>350.171928</ele>
        <time>2025-08-18T16:57:27.263Z</time>
      </trkpt>
      <trkpt lat="50.075966" lon="10.432447">
        <ele>348.495051</ele>
        <time>2025-08-18T16:57:50.212Z</time>
      </trkpt>
      <trkpt lat="50.075908" lon="10.432310">
        <ele>348.081204</ele>
        <time>2025-08-18T16:57:52.246Z</time>
      </trkpt>
      <trkpt lat="50.075333" lon="10.430947">
        <ele>343.968264</ele>
        <time>2025-08-18T16:58:11.889Z</time>
      </trkpt>
      <trkpt lat="50.074695" lon="10.428952">
        <ele>337.907730</ele>
        <time>2025-08-18T16:58:37.495Z</time>
      </trkpt>
      <trkpt lat="50.074329" lon="10.428525">
        <ele>335.886663</ele>
        <time>2025-08-18T16:58:45.952Z</time>
      </trkpt>
      <trkpt lat="50.073917" lon="10.428118">
        <ele>333.657073</ele>
        <time>2025-08-18T16:58:55.294Z</time>
      </trkpt>
      <trkpt lat="50.073752" lon="10.427518">
        <ele>331.076227</ele>
        <time>2025-08-18T16:59:03.281Z</time>
      </trkpt>
      <trkpt lat="50.073642" lon="10.426982">
        <ele>328.851306</ele>
        <time>2025-08-18T16:59:09.850Z</time>
      </trkpt>
      <trkpt lat="50.073650" lon="10.426237">
        <ele>325.905340</ele>
        <time>2025-08-18T16:59:18.048Z</time>
      </trkpt>
      <trkpt lat="50.073685" lon="10.425922">
        <ele>324.641379</ele>
        <time>2025-08-18T16:59:21.432Z</time>
      </trkpt>
      <trkpt lat="50.073668" lon="10.425874">
        <ele>324.424620</ele>
        <time>2025-08-18T16:59:22.001Z</time>
      </trkpt>
      <trkpt lat="50.073194" lon="10.424587">
        <ele>318.011888</ele>
        <time>2025-08-18T16:59:37.382Z</time>
      </trkpt>
      <trkpt lat="50.073065" lon="10.424231">
        <ele>316.189234</ele>
        <time>2025-08-18T16:59:41.714Z</time>
      </trkpt>
      <trkpt lat="50.072775" lon="10.423997">
        <ele>313.920644</ele>
        <time>2025-08-18T16:59:47.293Z</time>
      </trkpt>
      <trkpt lat="50.072141" lon="10.423923">
        <ele>310.164597</ele>
        <time>2025-08-18T16:59:59.024Z</time>
      </trkpt>
      <trkpt lat="50.071855" lon="10.424144">
        <ele>309.695374</ele>
        <time>2025-08-18T17:00:05.698Z</time>
      </trkpt>
      <trkpt lat="50.071523" lon="10.424337">
        <ele>309.174541</ele>
        <time>2025-08-18T17:00:13.290Z</time>
      </trkpt>
      <trkpt lat="50.071343" lon="10.424441">
        <ele>308.892371</ele>
        <time>2025-08-18T17:00:17.390Z</time>
      </trkpt>
      <trkpt lat="50.070481" lon="10.425456">
        <ele>308.268885</ele>
        <time>2025-08-18T17:00:42.293Z</time>
      </trkpt>
      <trkpt lat="50.070110" lon="10.425972">
        <ele>309.327951</ele>
        <time>2025-08-18T17:01:00.054Z</time>
      </trkpt>
      <trkpt lat="50.069989" lon="10.426394">
        <ele>309.959698</ele>
        <time>2025-08-18T17:01:12.677Z</time>
      </trkpt>
      <trkpt lat="50.070019" lon="10.427284">
        <ele>311.177866</ele>
        <time>2025-08-18T17:01:37.389Z</time>
      </trkpt>
      <trkpt lat="50.069879" lon="10.427956">
        <ele>311.548397</ele>
        <time>2025-08-18T17:01:54.161Z</time>
      </trkpt>
      <trkpt lat="50.069749" lon="10.428081">
        <ele>311.558947</ele>
        <time>2025-08-18T17:01:59.205Z</time>
      </trkpt>
      <trkpt lat="50.069658" lon="10.428112">
        <ele>311.565381</ele>
        <time>2025-08-18T17:02:02.012Z</time>
      </trkpt>
      <trkpt lat="50.069337" lon="10.427566">
        <ele>311.598203</ele>
        <time>2025-08-18T17:02:14.034Z</time>
      </trkpt>
      <trkpt lat="50.069177" lon="10.427487">
        <ele>311.609794</ele>
        <time>2025-08-18T17:02:17.750Z</time>
      </trkpt>
      <trkpt lat="50.069047" lon="10.427519">
        <ele>311.618884</ele>
        <time>2025-08-18T17:02:20.544Z</time>
      </trkpt>
      <trkpt lat="50.067843" lon="10.428394">
        <ele>311.136170</ele>
        <time>2025-08-18T17:02:48.214Z</time>
      </trkpt>
      <trkpt lat="50.066660" lon="10.428862">
        <ele>311.715776</ele>
        <time>2025-08-18T17:03:18.879Z</time>
      </trkpt>
      <trkpt lat="50.066499" lon="10.429018">
        <ele>312.564720</ele>
        <time>2025-08-18T17:03:26.243Z</time>
      </trkpt>
      <trkpt lat="50.066369" lon="10.429222">
        <ele>313.390912</ele>
        <time>2025-08-18T17:03:34.208Z</time>
      </trkpt>
      <trkpt lat="50.066249" lon="10.429519">
        <ele>314.399557</ele>
        <time>2025-08-18T17:03:44.923Z</time>
      </trkpt>
      <trkpt lat="50.065928" lon="10.430800">
        <ele>318.351950</ele>
        <time>2025-08-18T17:04:36.491Z</time>
      </trkpt>
      <trkpt lat="50.065687" lon="10.431550">
        <ele>319.139538</ele>
        <time>2025-08-18T17:05:08.134Z</time>
      </trkpt>
      <trkpt lat="50.065688" lon="10.432049">
        <ele>319.497652</ele>
        <time>2025-08-18T17:05:22.055Z</time>
      </trkpt>
      <trkpt lat="50.065646" lon="10.432591">
        <ele>319.889448</ele>
        <time>2025-08-18T17:05:32.811Z</time>
      </trkpt>
      <trkpt lat="50.064935" lon="10.433471">
        <ele>318.640713</ele>
        <time>2025-08-18T17:05:50.013Z</time>
      </trkpt>
      <trkpt lat="50.063671" lon="10.434753">
        <ele>307.358533</ele>
        <time>2025-08-18T17:06:14.727Z</time>
      </trkpt>
      <trkpt lat="50.062899" lon="10.435346">
        <ele>300.935903</ele>
        <time>2025-08-18T17:06:28.970Z</time>
      </trkpt>
      <trkpt lat="50.062578" lon="10.435690">
        <ele>298.028897</ele>
        <time>2025-08-18T17:06:35.519Z</time>
      </trkpt>
      <trkpt lat="50.062307" lon="10.436752">
        <ele>293.024037</ele>
        <time>2025-08-18T17:06:48.096Z</time>
      </trkpt>
      <trkpt lat="50.062201" lon="10.436974">
        <ele>292.224820</ele>
        <time>2025-08-18T17:06:51.202Z</time>
      </trkpt>
      <trkpt lat="50.062046" lon="10.437252">
        <ele>291.161173</ele>
        <time>2025-08-18T17:06:55.387Z</time>
      </trkpt>
      <trkpt lat="50.061414" lon="10.437377">
        <ele>288.294480</ele>
        <time>2025-08-18T17:07:06.949Z</time>
      </trkpt>
      <trkpt lat="50.061214" lon="10.437565">
        <ele>287.243360</ele>
        <time>2025-08-18T17:07:11.345Z</time>
      </trkpt>
      <trkpt lat="50.060762" lon="10.438221">
        <ele>285.271619</ele>
        <time>2025-08-18T17:07:23.552Z</time>
      </trkpt>
      <trkpt lat="50.059950" lon="10.439627">
        <ele>283.551467</ele>
        <time>2025-08-18T17:07:50.874Z</time>
      </trkpt>
      <trkpt lat="50.059789" lon="10.439737">
        <ele>283.302384</ele>
        <time>2025-08-18T17:07:54.992Z</time>
      </trkpt>
      <trkpt lat="50.059629" lon="10.439784">
        <ele>283.066582</ele>
        <time>2025-08-18T17:07:58.811Z</time>
      </trkpt>
      <trkpt lat="50.058435" lon="10.439377">
        <ele>280.949404</ele>
        <time>2025-08-18T17:08:24.524Z</time>
      </trkpt>
      <trkpt lat="50.058004" lon="10.439049">
        <ele>280.118487</ele>
        <time>2025-08-18T17:08:33.971Z</time>
      </trkpt>
      <trkpt lat="50.057852" lon="10.438682">
        <ele>279.829526</ele>
        <time>2025-08-18T17:08:39.660Z</time>
      </trkpt>
      <trkpt lat="50.057713" lon="10.438284">
        <ele>279.611894</ele>
        <time>2025-08-18T17:08:46.262Z</time>
      </trkpt>
      <trkpt lat="50.057382" lon="10.437190">
        <ele>279.030967</ele>
        <time>2025-08-18T17:09:05.271Z</time>
      </trkpt>
      <trkpt lat="50.057351" lon="10.437031">
        <ele>278.951148</ele>
        <time>2025-08-18T17:09:08.031Z</time>
      </trkpt>
      <trkpt lat="50.057237" lon="10.437165">
        <ele>278.844294</ele>
        <time>2025-08-18T17:09:11.726Z</time>
      </trkpt>
      <trkpt lat="50.057189" lon="10.437514">
        <ele>278.672849</ele>
        <time>2025-08-18T17:09:17.398Z</time>
      </trkpt>
      <trkpt lat="50.057168" lon="10.438245">
        <ele>277.652504</ele>
        <time>2025-08-18T17:09:27.920Z</time>
      </trkpt>
      <trkpt lat="50.057118" lon="10.438890">
        <ele>276.671492</ele>
        <time>2025-08-18T17:09:36.474Z</time>
      </trkpt>
      <trkpt lat="50.056971" lon="10.439503">
        <ele>275.683410</ele>
        <time>2025-08-18T17:09:44.268Z</time>
      </trkpt>
      <trkpt lat="50.056838" lon="10.439837">
        <ele>275.089944</ele>
        <time>2025-08-18T17:09:48.998Z</time>
      </trkpt>
      <trkpt lat="50.056022" lon="10.441338">
        <ele>272.822758</ele>
        <time>2025-08-18T17:10:14.610Z</time>
      </trkpt>
      <trkpt lat="50.055952" lon="10.441466">
        <ele>272.647009</ele>
        <time>2025-08-18T17:10:17.014Z</time>
      </trkpt>
      <trkpt lat="50.054872" lon="10.444105">
        <ele>270.225019</ele>
        <time>2025-08-18T17:11:03.500Z</time>
      </trkpt>
      <trkpt lat="50.054052" lon="10.444834">
        <ele>269.210973</ele>
        <time>2025-08-18T17:11:23.291Z</time>
      </trkpt>
      <trkpt lat="50.053721" lon="10.445286">
        <ele>268.684271</ele>
        <time>2025-08-18T17:11:32.516Z</time>
      </trkpt>
      <trkpt lat="50.052768" lon="10.447299">
        <ele>267.931291</ele>
        <time>2025-08-18T17:12:09.412Z</time>
      </trkpt>
      <trkpt lat="50.052627" lon="10.447961">
        <ele>268.162345</ele>
        <time>2025-08-18T17:12:20.536Z</time>
      </trkpt>
      <trkpt lat="50.052514" lon="10.448172">
        <ele>268.253367</ele>
        <time>2025-08-18T17:12:25.333Z</time>
      </trkpt>
      <trkpt lat="50.052144" lon="10.447917">
        <ele>268.462119</ele>
        <time>2025-08-18T17:12:38.166Z</time>
      </trkpt>
      <trkpt lat="50.051955" lon="10.447799">
        <ele>269.017049</ele>
        <time>2025-08-18T17:12:48.084Z</time>
      </trkpt>
      <trkpt lat="50.051879" lon="10.447738">
        <ele>269.392335</ele>
        <time>2025-08-18T17:12:52.456Z</time>
      </trkpt>
      <trkpt lat="50.051634" lon="10.447956">
        <ele>270.630865</ele>
        <time>2025-08-18T17:13:07.727Z</time>
      </trkpt>
      <trkpt lat="50.050320" lon="10.448874">
        <ele>276.722539</ele>
        <time>2025-08-18T17:14:40.123Z</time>
      </trkpt>
      <trkpt lat="50.049417" lon="10.449627">
        <ele>279.341399</ele>
        <time>2025-08-18T17:15:38.975Z</time>
      </trkpt>
      <trkpt lat="50.048955" lon="10.450111">
        <ele>280.765002</ele>
        <time>2025-08-18T17:16:02.641Z</time>
      </trkpt>
      <trkpt lat="50.048894" lon="10.450200">
        <ele>280.978715</ele>
        <time>2025-08-18T17:16:05.554Z</time>
      </trkpt>
      <trkpt lat="50.048494" lon="10.450783">
        <ele>278.399241</ele>
        <time>2025-08-18T17:16:22.544Z</time>
      </trkpt>
      <trkpt lat="50.048263" lon="10.451252">
        <ele>276.568124</ele>
        <time>2025-08-18T17:16:33.237Z</time>
      </trkpt>
      <trkpt lat="50.047982" lon="10.452158">
        <ele>273.451129</ele>
        <time>2025-08-18T17:16:50.779Z</time>
      </trkpt>
      <trkpt lat="50.047997" lon="10.453019">
        <ele>271.782040</ele>
        <time>2025-08-18T17:17:06.057Z</time>
      </trkpt>
      <trkpt lat="50.047879" lon="10.453343">
        <ele>271.376562</ele>
        <time>2025-08-18T17:17:13.058Z</time>
      </trkpt>
      <trkpt lat="50.047728" lon="10.453532">
        <ele>271.048149</ele>
        <time>2025-08-18T17:17:19.095Z</time>
      </trkpt>
      <trkpt lat="50.047528" lon="10.453644">
        <ele>270.687848</ele>
        <time>2025-08-18T17:17:26.266Z</time>
      </trkpt>
      <trkpt lat="50.046959" lon="10.453673">
        <ele>269.722748</ele>
        <time>2025-08-18T17:17:50.474Z</time>
      </trkpt>
      <trkpt lat="50.046658" lon="10.453611">
        <ele>269.234962</ele>
        <time>2025-08-18T17:18:05.631Z</time>
      </trkpt>
      <trkpt lat="50.046327" lon="10.453470">
        <ele>268.889680</ele>
        <time>2025-08-18T17:18:22.150Z</time>
      </trkpt>
      <trkpt lat="50.045995" lon="10.453595">
        <ele>268.546004</ele>
        <time>2025-08-18T17:18:36.436Z</time>
      </trkpt>
      <trkpt lat="50.045735" lon="10.453814">
        <ele>268.248579</ele>
        <time>2025-08-18T17:18:47.064Z</time>
      </trkpt>
      <trkpt lat="50.045454" lon="10.454345">
        <ele>267.803990</ele>
        <time>2025-08-18T17:19:01.218Z</time>
      </trkpt>
      <trkpt lat="50.045193" lon="10.455001">
        <ele>266.927801</ele>
        <time>2025-08-18T17:19:15.587Z</time>
      </trkpt>
      <trkpt lat="50.044842" lon="10.456517">
        <ele>263.416378</ele>
        <time>2025-08-18T17:19:45.703Z</time>
      </trkpt>
      <trkpt lat="50.044731" lon="10.456704">
        <ele>262.861513</ele>
        <time>2025-08-18T17:19:51.101Z</time>
      </trkpt>
      <trkpt lat="50.044611" lon="10.456814">
        <ele>262.389040</ele>
        <time>2025-08-18T17:19:55.922Z</time>
      </trkpt>
      <trkpt lat="50.044500" lon="10.456798">
        <ele>262.010804</ele>
        <time>2025-08-18T17:19:59.749Z</time>
      </trkpt>
      <trkpt lat="50.044260" lon="10.456611">
        <ele>261.080814</ele>
        <time>2025-08-18T17:20:09.016Z</time>
      </trkpt>
      <trkpt lat="50.044169" lon="10.456392">
        <ele>260.470243</ele>
        <time>2025-08-18T17:20:14.707Z</time>
      </trkpt>
      <trkpt lat="50.044131" lon="10.456217">
        <ele>260.037830</ele>
        <time>2025-08-18T17:20:18.712Z</time>
      </trkpt>
      <trkpt lat="50.044069" lon="10.455939">
        <ele>259.348979</ele>
        <time>2025-08-18T17:20:24.918Z</time>
      </trkpt>
      <trkpt lat="50.043891" lon="10.455749">
        <ele>258.562386</ele>
        <time>2025-08-18T17:20:31.680Z</time>
      </trkpt>
      <trkpt lat="50.043778" lon="10.455892">
        <ele>258.031647</ele>
        <time>2025-08-18T17:20:36.119Z</time>
      </trkpt>
      <trkpt lat="50.043543" lon="10.456657">
        <ele>256.046641</ele>
        <time>2025-08-18T17:20:52.122Z</time>
      </trkpt>
      <trkpt lat="50.043480" lon="10.457228">
        <ele>254.699194</ele>
        <time>2025-08-18T17:21:02.431Z</time>
      </trkpt>
      <trkpt lat="50.043201" lon="10.457954">
        <ele>252.868484</ele>
        <time>2025-08-18T17:21:17.470Z</time>
      </trkpt>
      <trkpt lat="50.042904" lon="10.458227">
        <ele>251.706442</ele>
        <time>2025-08-18T17:21:27.473Z</time>
      </trkpt>
      <trkpt lat="50.042801" lon="10.458315">
        <ele>251.310592</ele>
        <time>2025-08-18T17:21:31.087Z</time>
      </trkpt>
      <trkpt lat="50.042784" lon="10.458407">
        <ele>251.103443</ele>
        <time>2025-08-18T17:21:33.028Z</time>
      </trkpt>
      <trkpt lat="50.042556" lon="10.458477">
        <ele>250.320444</ele>
        <time>2025-08-18T17:21:40.702Z</time>
      </trkpt>
      <trkpt lat="50.042131" lon="10.458493">
        <ele>248.888058</ele>
        <time>2025-08-18T17:21:55.572Z</time>
      </trkpt>
      <trkpt lat="50.041174" lon="10.458306">
        <ele>248.875992</ele>
        <time>2025-08-18T17:22:35.053Z</time>
      </trkpt>
      <trkpt lat="50.040995" lon="10.458344">
        <ele>248.901542</ele>
        <time>2025-08-18T17:22:42.825Z</time>
      </trkpt>
      <trkpt lat="50.040675" lon="10.458378">
        <ele>248.946904</ele>
        <time>2025-08-18T17:22:55.762Z</time>
      </trkpt>
      <trkpt lat="50.040355" lon="10.458562">
        <ele>248.995148</ele>
        <time>2025-08-18T17:23:08.275Z</time>
      </trkpt>
      <trkpt lat="50.040063" lon="10.458917">
        <ele>248.146561</ele>
        <time>2025-08-18T17:23:21.071Z</time>
      </trkpt>
      <trkpt lat="50.039058" lon="10.461221">
        <ele>243.500107</ele>
        <time>2025-08-18T17:24:16.070Z</time>
      </trkpt>
      <trkpt lat="50.038574" lon="10.462636">
        <ele>240.539871</ele>
        <time>2025-08-18T17:24:47.828Z</time>
      </trkpt>
      <trkpt lat="50.038235" lon="10.463953">
        <ele>238.729390</ele>
        <time>2025-08-18T17:25:17.281Z</time>
      </trkpt>
      <trkpt lat="50.038133" lon="10.464275">
        <ele>238.464410</ele>
        <time>2025-08-18T17:25:24.928Z</time>
      </trkpt>
      <trkpt lat="50.038024" lon="10.464512">
        <ele>238.249274</ele>
        <time>2025-08-18T17:25:31.282Z</time>
      </trkpt>
      <trkpt lat="50.037939" lon="10.464636">
        <ele>238.115425</ele>
        <time>2025-08-18T17:25:35.312Z</time>
      </trkpt>
      <trkpt lat="50.037619" lon="10.465022">
        <ele>237.650269</ele>
        <time>2025-08-18T17:25:49.921Z</time>
      </trkpt>
      <trkpt lat="50.037274" lon="10.465451">
        <ele>237.142867</ele>
        <time>2025-08-18T17:26:06.027Z</time>
      </trkpt>
      <trkpt lat="50.036948" lon="10.465796">
        <ele>236.689588</ele>
        <time>2025-08-18T17:26:20.186Z</time>
      </trkpt>
      <trkpt lat="50.036274" lon="10.466237">
        <ele>235.848877</ele>
        <time>2025-08-18T17:26:45.383Z</time>
      </trkpt>
      <trkpt lat="50.035898" lon="10.466658">
        <ele>235.316301</ele>
        <time>2025-08-18T17:27:00.749Z</time>
      </trkpt>
      <trkpt lat="50.035650" lon="10.466954">
        <ele>234.888330</ele>
        <time>2025-08-18T17:27:06.641Z</time>
      </trkpt>
      <trkpt lat="50.035571" lon="10.467101">
        <ele>234.691631</ele>
        <time>2025-08-18T17:27:08.950Z</time>
      </trkpt>
      <trkpt lat="50.035508" lon="10.467308">
        <ele>234.456554</ele>
        <time>2025-08-18T17:27:11.687Z</time>
      </trkpt>
      <trkpt lat="50.035196" lon="10.469696">
        <ele>232.185558</ele>
        <time>2025-08-18T17:27:42.592Z</time>
      </trkpt>
      <trkpt lat="50.035130" lon="10.470074">
        <ele>232.087839</ele>
        <time>2025-08-18T17:27:48.869Z</time>
      </trkpt>
      <trkpt lat="50.034919" lon="10.470708">
        <ele>231.909710</ele>
        <time>2025-08-18T17:27:59.894Z</time>
      </trkpt>
      <trkpt lat="50.034792" lon="10.470982">
        <ele>231.825418</ele>
        <time>2025-08-18T17:28:05.028Z</time>
      </trkpt>
      <trkpt lat="50.034613" lon="10.471274">
        <ele>231.724724</ele>
        <time>2025-08-18T17:28:11.158Z</time>
      </trkpt>
      <trkpt lat="50.034399" lon="10.471454">
        <ele>231.630256</ele>
        <time>2025-08-18T17:28:16.755Z</time>
      </trkpt>
      <trkpt lat="50.033598" lon="10.471854">
        <ele>230.372018</ele>
        <time>2025-08-18T17:28:34.313Z</time>
      </trkpt>
      <trkpt lat="50.033422" lon="10.471969">
        <ele>230.029480</ele>
        <time>2025-08-18T17:28:37.897Z</time>
      </trkpt>
      <trkpt lat="50.033235" lon="10.472154">
        <ele>229.631867</ele>
        <time>2025-08-18T17:28:42.111Z</time>
      </trkpt>
      <trkpt lat="50.032822" lon="10.472713">
        <ele>228.649752</ele>
        <time>2025-08-18T17:28:52.529Z</time>
      </trkpt>
      <trkpt lat="50.032545" lon="10.473288">
        <ele>227.557667</ele>
        <time>2025-08-18T17:29:01.015Z</time>
      </trkpt>
      <trkpt lat="50.032362" lon="10.473813">
        <ele>226.514517</ele>
        <time>2025-08-18T17:29:07.806Z</time>
      </trkpt>
      <trkpt lat="50.032223" lon="10.474385">
        <ele>225.446485</ele>
        <time>2025-08-18T17:29:14.902Z</time>
      </trkpt>
      <trkpt lat="50.031767" lon="10.474922">
        <ele>223.891981</ele>
        <time>2025-08-18T17:29:24.874Z</time>
      </trkpt>
      <trkpt lat="50.031653" lon="10.475041">
        <ele>223.518817</ele>
        <time>2025-08-18T17:29:27.329Z</time>
      </trkpt>
      <trkpt lat="50.031537" lon="10.475122">
        <ele>223.356281</ele>
        <time>2025-08-18T17:29:29.612Z</time>
      </trkpt>
      <trkpt lat="50.031138" lon="10.475694">
        <ele>222.882431</ele>
        <time>2025-08-18T17:29:39.862Z</time>
      </trkpt>
      <trkpt lat="50.030817" lon="10.476224">
        <ele>222.473652</ele>
        <time>2025-08-18T17:29:50.718Z</time>
      </trkpt>
      <trkpt lat="50.030249" lon="10.475645">
        <ele>221.880528</ele>
        <time>2025-08-18T17:30:06.070Z</time>
      </trkpt>
      <trkpt lat="50.030217" lon="10.475609">
        <ele>221.824703</ele>
        <time>2025-08-18T17:30:06.871Z</time>
      </trkpt>
      <trkpt lat="50.030153" lon="10.475536">
        <ele>221.697727</ele>
        <time>2025-08-18T17:30:08.580Z</time>
      </trkpt>
      <trkpt lat="50.030127" lon="10.475533">
        <ele>221.656003</ele>
        <time>2025-08-18T17:30:09.140Z</time>
      </trkpt>
      <trkpt lat="50.029839" lon="10.476001">
        <ele>220.989726</ele>
        <time>2025-08-18T17:30:17.659Z</time>
      </trkpt>
      <trkpt lat="50.029496" lon="10.476461">
        <ele>220.265179</ele>
        <time>2025-08-18T17:30:26.736Z</time>
      </trkpt>
      <trkpt lat="50.029291" lon="10.476934">
        <ele>219.678577</ele>
        <time>2025-08-18T17:30:33.833Z</time>
      </trkpt>
      <trkpt lat="50.029237" lon="10.476958">
        <ele>219.588704</ele>
        <time>2025-08-18T17:30:34.851Z</time>
      </trkpt>
      <trkpt lat="50.028992" lon="10.476924">
        <ele>219.195056</ele>
        <time>2025-08-18T17:30:39.280Z</time>
      </trkpt>
      <trkpt lat="50.028877" lon="10.477028">
        <ele>218.985090</ele>
        <time>2025-08-18T17:30:41.707Z</time>
      </trkpt>
      <trkpt lat="50.028812" lon="10.477091">
        <ele>218.894751</ele>
        <time>2025-08-18T17:30:43.083Z</time>
      </trkpt>
      <trkpt lat="50.028720" lon="10.477111">
        <ele>218.785154</ele>
        <time>2025-08-18T17:30:46.060Z</time>
      </trkpt>
      <trkpt lat="50.028589" lon="10.476883">
        <ele>218.553313</ele>
        <time>2025-08-18T17:30:52.473Z</time>
      </trkpt>
      <trkpt lat="50.028517" lon="10.476895">
        <ele>218.467880</ele>
        <time>2025-08-18T17:30:54.828Z</time>
      </trkpt>
      <trkpt lat="50.028438" lon="10.477007">
        <ele>218.341811</ele>
        <time>2025-08-18T17:30:56.832Z</time>
      </trkpt>
      <trkpt lat="50.028186" lon="10.477436">
        <ele>217.901219</ele>
        <time>2025-08-18T17:31:04.133Z</time>
      </trkpt>
      <trkpt lat="50.028486" lon="10.477625">
        <ele>217.519382</ele>
        <time>2025-08-18T17:31:10.691Z</time>
      </trkpt>
      <trkpt lat="50.028626" lon="10.477866">
        <ele>217.273114</ele>
        <time>2025-08-18T17:31:15.020Z</time>
      </trkpt>
      <trkpt lat="50.028697" lon="10.478027">
        <ele>217.125103</ele>
        <time>2025-08-18T17:31:17.556Z</time>
      </trkpt>
      <trkpt lat="50.028748" lon="10.478149">
        <ele>217.014782</ele>
        <time>2025-08-18T17:31:19.482Z</time>
      </trkpt>
      <trkpt lat="50.028942" lon="10.478326">
        <ele>216.886253</ele>
        <time>2025-08-18T17:31:24.494Z</time>
      </trkpt>
      <trkpt lat="50.028980" lon="10.478422">
        <ele>216.896911</ele>
        <time>2025-08-18T17:31:26.206Z</time>
      </trkpt>
      <trkpt lat="50.030222" lon="10.481991">
        <ele>217.179007</ele>
        <time>2025-08-18T17:32:27.445Z</time>
      </trkpt>
      <trkpt lat="50.030602" lon="10.483570">
        <ele>217.125827</ele>
        <time>2025-08-18T17:32:50.868Z</time>
      </trkpt>
      <trkpt lat="50.030800" lon="10.484798">
        <ele>216.856708</ele>
        <time>2025-08-18T17:33:07.883Z</time>
      </trkpt>
      <trkpt lat="50.030916" lon="10.485819">
        <ele>216.636318</ele>
        <time>2025-08-18T17:33:22.023Z</time>
      </trkpt>
      <trkpt lat="50.031217" lon="10.491179">
        <ele>216.730565</ele>
        <time>2025-08-18T17:34:41.001Z</time>
      </trkpt>
      <trkpt lat="50.031201" lon="10.491375">
        <ele>216.731874</ele>
        <time>2025-08-18T17:34:43.684Z</time>
      </trkpt>
      <trkpt lat="50.031139" lon="10.491681">
        <ele>216.683059</ele>
        <time>2025-08-18T17:34:48.008Z</time>
      </trkpt>
      <trkpt lat="50.031096" lon="10.491798">
        <ele>216.652798</ele>
        <time>2025-08-18T17:34:49.825Z</time>
      </trkpt>
      <trkpt lat="50.030872" lon="10.492115">
        <ele>216.547000</ele>
        <time>2025-08-18T17:34:56.082Z</time>
      </trkpt>
      <trkpt lat="50.030843" lon="10.492261">
        <ele>216.512691</ele>
        <time>2025-08-18T17:34:58.083Z</time>
      </trkpt>
      <trkpt lat="50.030817" lon="10.492999">
        <ele>216.346760</ele>
        <time>2025-08-18T17:35:07.757Z</time>
      </trkpt>
      <trkpt lat="50.030695" lon="10.494296">
        <ele>216.268029</ele>
        <time>2025-08-18T17:35:25.727Z</time>
      </trkpt>
      <trkpt lat="50.030741" lon="10.495151">
        <ele>216.882222</ele>
        <time>2025-08-18T17:35:40.429Z</time>
      </trkpt>
      <trkpt lat="50.030783" lon="10.495326">
        <ele>217.015953</ele>
        <time>2025-08-18T17:35:43.941Z</time>
      </trkpt>
      <trkpt lat="50.030874" lon="10.495456">
        <ele>217.153590</ele>
        <time>2025-08-18T17:35:47.612Z</time>
      </trkpt>
      <trkpt lat="50.030981" lon="10.495548">
        <ele>217.289807</ele>
        <time>2025-08-18T17:35:51.265Z</time>
      </trkpt>
      <trkpt lat="50.031208" lon="10.495688">
        <ele>217.561898</ele>
        <time>2025-08-18T17:35:58.779Z</time>
      </trkpt>
      <trkpt lat="50.031391" lon="10.495733">
        <ele>217.768357</ele>
        <time>2025-08-18T17:36:04.562Z</time>
      </trkpt>
      <trkpt lat="50.031583" lon="10.495719">
        <ele>217.982552</ele>
        <time>2025-08-18T17:36:10.663Z</time>
      </trkpt>
      <trkpt lat="50.031723" lon="10.497599">
        <ele>219.159941</ele>
        <time>2025-08-18T17:36:46.682Z</time>
      </trkpt>
      <trkpt lat="50.031845" lon="10.499746">
        <ele>220.118389</ele>
        <time>2025-08-18T17:37:17.848Z</time>
      </trkpt>
      <trkpt lat="50.031848" lon="10.499854">
        <ele>220.148133</ele>
        <time>2025-08-18T17:37:19.325Z</time>
      </trkpt>
      <trkpt lat="50.031926" lon="10.499982">
        <ele>220.196677</ele>
        <time>2025-08-18T17:37:21.729Z</time>
      </trkpt>
      <trkpt lat="50.031866" lon="10.500282">
        <ele>220.283128</ele>
        <time>2025-08-18T17:37:26.077Z</time>
      </trkpt>
      <trkpt lat="50.031834" lon="10.500444">
        <ele>220.329760</ele>
        <time>2025-08-18T17:37:28.535Z</time>
      </trkpt>
      <trkpt lat="50.031779" lon="10.500720">
        <ele>220.409270</ele>
        <time>2025-08-18T17:37:33.104Z</time>
      </trkpt>
      <trkpt lat="50.031707" lon="10.501109">
        <ele>220.520655</ele>
        <time>2025-08-18T17:37:40.236Z</time>
      </trkpt>
      <trkpt lat="50.031639" lon="10.501629">
        <ele>221.033514</ele>
        <time>2025-08-18T17:37:50.386Z</time>
      </trkpt>
      <trkpt lat="50.031609" lon="10.501890">
        <ele>221.473634</ele>
        <time>2025-08-18T17:37:55.723Z</time>
      </trkpt>
      <trkpt lat="50.031601" lon="10.501963">
        <ele>221.596559</ele>
        <time>2025-08-18T17:37:57.281Z</time>
      </trkpt>
      <trkpt lat="50.031574" lon="10.502277">
        <ele>222.122423</ele>
        <time>2025-08-18T17:38:04.050Z</time>
      </trkpt>
      <trkpt lat="50.031558" lon="10.502466">
        <ele>222.438861</ele>
        <time>2025-08-18T17:38:08.442Z</time>
      </trkpt>
      <trkpt lat="50.031544" lon="10.502692">
        <ele>222.815743</ele>
        <time>2025-08-18T17:38:13.827Z</time>
      </trkpt>
      <trkpt lat="50.031525" lon="10.502769">
        <ele>222.952663</ele>
        <time>2025-08-18T17:38:15.794Z</time>
      </trkpt>
      <trkpt lat="50.031489" lon="10.502870">
        <ele>223.144395</ele>
        <time>2025-08-18T17:38:18.630Z</time>
      </trkpt>
      <trkpt lat="50.031479" lon="10.502994">
        <ele>223.351842</ele>
        <time>2025-08-18T17:38:21.763Z</time>
      </trkpt>
      <trkpt lat="50.031494" lon="10.503120">
        <ele>223.564553</ele>
        <time>2025-08-18T17:38:25.597Z</time>
      </trkpt>
      <trkpt lat="50.031487" lon="10.503224">
        <ele>223.738130</ele>
        <time>2025-08-18T17:38:28.292Z</time>
      </trkpt>
      <trkpt lat="50.031445" lon="10.503797">
        <ele>224.695439</ele>
        <time>2025-08-18T17:38:43.448Z</time>
      </trkpt>
      <trkpt lat="50.031444" lon="10.503836">
        <ele>224.760228</ele>
        <time>2025-08-18T17:38:44.474Z</time>
      </trkpt>
      <trkpt lat="50.031447" lon="10.504105">
        <ele>225.206815</ele>
        <time>2025-08-18T17:38:51.174Z</time>
      </trkpt>
      <trkpt lat="50.031440" lon="10.504735">
        <ele>225.914519</ele>
        <time>2025-08-18T17:39:05.142Z</time>
      </trkpt>
      <trkpt lat="50.031440" lon="10.504803">
        <ele>225.989639</ele>
        <time>2025-08-18T17:39:06.559Z</time>
      </trkpt>
      <trkpt lat="50.031449" lon="10.505238">
        <ele>226.470434</ele>
        <time>2025-08-18T17:39:15.248Z</time>
      </trkpt>
      <trkpt lat="50.031458" lon="10.505523">
        <ele>226.785655</ele>
        <time>2025-08-18T17:39:20.849Z</time>
      </trkpt>
      <trkpt lat="50.031475" lon="10.505853">
        <ele>227.151377</ele>
        <time>2025-08-18T17:39:27.254Z</time>
      </trkpt>
      <trkpt lat="50.031481" lon="10.505995">
        <ele>227.308584</ele>
        <time>2025-08-18T17:39:29.915Z</time>
      </trkpt>
      <trkpt lat="50.031487" lon="10.506189">
        <ele>227.523145</ele>
        <time>2025-08-18T17:39:33.463Z</time>
      </trkpt>
      <trkpt lat="50.031493" lon="10.506323">
        <ele>227.671534</ele>
        <time>2025-08-18T17:39:35.835Z</time>
      </trkpt>
      <trkpt lat="50.031502" lon="10.506748">
        <ele>228.141288</ele>
        <time>2025-08-18T17:39:43.265Z</time>
      </trkpt>
      <trkpt lat="50.031504" lon="10.506913">
        <ele>228.323596</ele>
        <time>2025-08-18T17:39:46.069Z</time>
      </trkpt>
      <trkpt lat="50.031503" lon="10.506986">
        <ele>228.340415</ele>
        <time>2025-08-18T17:39:47.269Z</time>
      </trkpt>
      <trkpt lat="50.031503" lon="10.507084">
        <ele>228.349164</ele>
        <time>2025-08-18T17:39:48.865Z</time>
      </trkpt>
      <trkpt lat="50.031492" lon="10.507588">
        <ele>228.394189</ele>
        <time>2025-08-18T17:39:57.136Z</time>
      </trkpt>
      <trkpt lat="50.031491" lon="10.507814">
        <ele>228.414367</ele>
        <time>2025-08-18T17:40:00.691Z</time>
      </trkpt>
      <trkpt lat="50.031491" lon="10.508054">
        <ele>228.435795</ele>
        <time>2025-08-18T17:40:04.330Z</time>
      </trkpt>
      <trkpt lat="50.031493" lon="10.508266">
        <ele>228.454726</ele>
        <time>2025-08-18T17:40:07.403Z</time>
      </trkpt>
      <trkpt lat="50.031494" lon="10.508323">
        <ele>228.459817</ele>
        <time>2025-08-18T17:40:08.217Z</time>
      </trkpt>
      <trkpt lat="50.031499" lon="10.508608">
        <ele>228.485272</ele>
        <time>2025-08-18T17:40:12.191Z</time>
      </trkpt>
      <trkpt lat="50.031500" lon="10.509099">
        <ele>228.529110</ele>
        <time>2025-08-18T17:40:19.081Z</time>
      </trkpt>
      <trkpt lat="50.031503" lon="10.509339">
        <ele>228.550542</ele>
        <time>2025-08-18T17:40:22.663Z</time>
      </trkpt>
      <trkpt lat="50.031506" lon="10.509500">
        <ele>228.564923</ele>
        <time>2025-08-18T17:40:25.043Z</time>
      </trkpt>
      <trkpt lat="50.031557" lon="10.509607">
        <ele>228.576819</ele>
        <time>2025-08-18T17:40:27.045Z</time>
      </trkpt>
      <trkpt lat="50.031571" lon="10.509910">
        <ele>228.403594</ele>
        <time>2025-08-18T17:40:31.431Z</time>
      </trkpt>
      <trkpt lat="50.031578" lon="10.510025">
        <ele>228.305979</ele>
        <time>2025-08-18T17:40:32.958Z</time>
      </trkpt>
      <trkpt lat="50.031581" lon="10.510190">
        <ele>228.166492</ele>
        <time>2025-08-18T17:40:35.106Z</time>
      </trkpt>
      <trkpt lat="50.031557" lon="10.510322">
        <ele>228.050564</ele>
        <time>2025-08-18T17:40:36.827Z</time>
      </trkpt>
      <trkpt lat="50.031557" lon="10.510375">
        <ele>228.005777</ele>
        <time>2025-08-18T17:40:37.498Z</time>
      </trkpt>
      <trkpt lat="50.031555" lon="10.510447">
        <ele>227.944877</ele>
        <time>2025-08-18T17:40:38.394Z</time>
      </trkpt>
      <trkpt lat="50.031552" lon="10.510832">
        <ele>227.619512</ele>
        <time>2025-08-18T17:40:43.131Z</time>
      </trkpt>
      <trkpt lat="50.031508" lon="10.511343">
        <ele>227.183833</ele>
        <time>2025-08-18T17:40:49.375Z</time>
      </trkpt>
      <trkpt lat="50.031468" lon="10.511856">
        <ele>226.747144</ele>
        <time>2025-08-18T17:40:55.576Z</time>
      </trkpt>
      <trkpt lat="50.031455" lon="10.512023">
        <ele>226.604990</ele>
        <time>2025-08-18T17:40:57.650Z</time>
      </trkpt>
      <trkpt lat="50.031454" lon="10.512163">
        <ele>226.486676</ele>
        <time>2025-08-18T17:40:59.408Z</time>
      </trkpt>
      <trkpt lat="50.031453" lon="10.512227">
        <ele>226.432577</ele>
        <time>2025-08-18T17:41:00.200Z</time>
      </trkpt>
      <trkpt lat="50.031464" lon="10.512332">
        <ele>226.342676</ele>
        <time>2025-08-18T17:41:01.504Z</time>
      </trkpt>
      <trkpt lat="50.031527" lon="10.512614">
        <ele>226.032891</ele>
        <time>2025-08-18T17:41:05.115Z</time>
      </trkpt>
      <trkpt lat="50.031444" lon="10.512709">
        <ele>225.836640</ele>
        <time>2025-08-18T17:41:06.985Z</time>
      </trkpt>
      <trkpt lat="50.031350" lon="10.512909">
        <ele>225.533384</ele>
        <time>2025-08-18T17:41:09.872Z</time>
      </trkpt>
      <trkpt lat="50.031304" lon="10.513074">
        <ele>225.313276</ele>
        <time>2025-08-18T17:41:11.927Z</time>
      </trkpt>
      <trkpt lat="50.031262" lon="10.513220">
        <ele>225.117518</ele>
        <time>2025-08-18T17:41:13.788Z</time>
      </trkpt>
      <trkpt lat="50.031234" lon="10.513307">
        <ele>224.998440</ele>
        <time>2025-08-18T17:41:14.908Z</time>
      </trkpt>
      <trkpt lat="50.031115" lon="10.513654">
        <ele>224.517089</ele>
        <time>2025-08-18T17:41:19.517Z</time>
      </trkpt>
      <trkpt lat="50.030833" lon="10.514401">
        <ele>223.456806</ele>
        <time>2025-08-18T17:41:29.701Z</time>
      </trkpt>
      <trkpt lat="50.030452" lon="10.515326">
        <ele>222.531339</ele>
        <time>2025-08-18T17:41:42.994Z</time>
      </trkpt>
      <trkpt lat="50.030242" lon="10.515878">
        <ele>222.230153</ele>
        <time>2025-08-18T17:41:51.112Z</time>
      </trkpt>
      <trkpt lat="50.030153" lon="10.516540">
        <ele>221.912627</ele>
        <time>2025-08-18T17:42:00.268Z</time>
      </trkpt>
      <trkpt lat="50.030081" lon="10.517160">
        <ele>221.616833</ele>
        <time>2025-08-18T17:42:09.194Z</time>
      </trkpt>
      <trkpt lat="50.029931" lon="10.517767">
        <ele>221.321964</ele>
        <time>2025-08-18T17:42:18.705Z</time>
      </trkpt>
      <trkpt lat="50.029579" lon="10.518773">
        <ele>220.817994</ele>
        <time>2025-08-18T17:42:34.417Z</time>
      </trkpt>
      <trkpt lat="50.029473" lon="10.519083">
        <ele>220.663497</ele>
        <time>2025-08-18T17:42:38.934Z</time>
      </trkpt>
      <trkpt lat="50.029402" lon="10.519286">
        <ele>220.561810</ele>
        <time>2025-08-18T17:42:41.817Z</time>
      </trkpt>
      <trkpt lat="50.029332" lon="10.519514">
        <ele>220.450637</ele>
        <time>2025-08-18T17:42:44.968Z</time>
      </trkpt>
      <trkpt lat="50.029257" lon="10.520058">
        <ele>220.201176</ele>
        <time>2025-08-18T17:42:51.852Z</time>
      </trkpt>
      <trkpt lat="50.029282" lon="10.520979">
        <ele>219.748260</ele>
        <time>2025-08-18T17:43:03.172Z</time>
      </trkpt>
      <trkpt lat="50.029222" lon="10.521289">
        <ele>219.589185</ele>
        <time>2025-08-18T17:43:07.314Z</time>
      </trkpt>
      <trkpt lat="50.029098" lon="10.521615">
        <ele>219.403040</ele>
        <time>2025-08-18T17:43:12.280Z</time>
      </trkpt>
      <trkpt lat="50.029068" lon="10.521783">
        <ele>219.317367</ele>
        <time>2025-08-18T17:43:14.643Z</time>
      </trkpt>
      <trkpt lat="50.028922" lon="10.521839">
        <ele>219.202361</ele>
        <time>2025-08-18T17:43:17.987Z</time>
      </trkpt>
      <trkpt lat="50.028789" lon="10.522027">
        <ele>219.064956</ele>
        <time>2025-08-18T17:43:22.028Z</time>
      </trkpt>
      <trkpt lat="50.028525" lon="10.522582">
        <ele>218.888856</ele>
        <time>2025-08-18T17:43:32.285Z</time>
      </trkpt>
      <trkpt lat="50.028143" lon="10.523475">
        <ele>218.956520</ele>
        <time>2025-08-18T17:43:48.705Z</time>
      </trkpt>
      <trkpt lat="50.027568" lon="10.524741">
        <ele>219.045484</ele>
        <time>2025-08-18T17:44:12.522Z</time>
      </trkpt>
      <trkpt lat="50.027326" lon="10.525274">
        <ele>219.037803</ele>
        <time>2025-08-18T17:44:22.321Z</time>
      </trkpt>
      <trkpt lat="50.027120" lon="10.525724">
        <ele>219.031299</ele>
        <time>2025-08-18T17:44:30.571Z</time>
      </trkpt>
      <trkpt lat="50.025670" lon="10.530349">
        <ele>218.568931</ele>
        <time>2025-08-18T17:45:46.469Z</time>
      </trkpt>
      <trkpt lat="50.025605" lon="10.530498">
        <ele>218.512590</ele>
        <time>2025-08-18T17:45:48.949Z</time>
      </trkpt>
      <trkpt lat="50.025524" lon="10.530610">
        <ele>218.459835</ele>
        <time>2025-08-18T17:45:51.246Z</time>
      </trkpt>
      <trkpt lat="50.025413" lon="10.530689">
        <ele>218.400405</ele>
        <time>2025-08-18T17:45:53.818Z</time>
      </trkpt>
      <trkpt lat="50.024285" lon="10.530967">
        <ele>217.968020</ele>
        <time>2025-08-18T17:46:18.107Z</time>
      </trkpt>
      <trkpt lat="50.024128" lon="10.531106">
        <ele>217.970019</ele>
        <time>2025-08-18T17:46:22.029Z</time>
      </trkpt>
      <trkpt lat="50.021490" lon="10.538573">
        <ele>218.343311</ele>
        <time>2025-08-18T17:48:32.280Z</time>
      </trkpt>
      <trkpt lat="50.018494" lon="10.545692">
        <ele>219.576205</ele>
        <time>2025-08-18T17:50:45.059Z</time>
      </trkpt>
      <trkpt lat="50.017795" lon="10.547369">
        <ele>220.008012</ele>
        <time>2025-08-18T17:51:17.386Z</time>
      </trkpt>
      <trkpt lat="50.017983" lon="10.547535">
        <ele>220.055207</ele>
        <time>2025-08-18T17:51:25.827Z</time>
      </trkpt>
      <trkpt lat="50.018396" lon="10.548182">
        <ele>220.183156</ele>
        <time>2025-08-18T17:51:48.747Z</time>
      </trkpt>
      <trkpt lat="50.019198" lon="10.549901">
        <ele>220.257183</ele>
        <time>2025-08-18T17:52:39.665Z</time>
      </trkpt>
      <trkpt lat="50.019609" lon="10.549643">
        <ele>220.125337</ele>
        <time>2025-08-18T17:52:49.112Z</time>
      </trkpt>
      <trkpt lat="50.019906" lon="10.549547">
        <ele>220.035092</ele>
        <time>2025-08-18T17:52:55.506Z</time>
      </trkpt>
      <trkpt lat="50.020381" lon="10.549557">
        <ele>219.893763</ele>
        <time>2025-08-18T17:53:05.385Z</time>
      </trkpt>
      <trkpt lat="50.020600" lon="10.549648">
        <ele>219.839036</ele>
        <time>2025-08-18T17:53:10.116Z</time>
      </trkpt>
      <trkpt lat="50.020848" lon="10.549804">
        <ele>219.800010</ele>
        <time>2025-08-18T17:53:15.823Z</time>
      </trkpt>
      <trkpt lat="50.020699" lon="10.550122">
        <ele>219.763116</ele>
        <time>2025-08-18T17:53:25.011Z</time>
      </trkpt>
      <trkpt lat="50.020522" lon="10.550506">
        <ele>219.718814</ele>
        <time>2025-08-18T17:53:36.083Z</time>
      </trkpt>
      <trkpt lat="50.020393" lon="10.550882">
        <ele>219.678857</ele>
        <time>2025-08-18T17:53:46.110Z</time>
      </trkpt>
      <trkpt lat="50.019980" lon="10.552247">
        <ele>219.656664</ele>
        <time>2025-08-18T17:54:22.676Z</time>
      </trkpt>
      <trkpt lat="50.019397" lon="10.554090">
        <ele>219.910608</ele>
        <time>2025-08-18T17:55:13.770Z</time>
      </trkpt>
      <trkpt lat="50.018643" lon="10.556491">
        <ele>219.588802</ele>
        <time>2025-08-18T17:56:15.787Z</time>
      </trkpt>
      <trkpt lat="50.018473" lon="10.557031">
        <ele>219.582791</ele>
        <time>2025-08-18T17:56:29.970Z</time>
      </trkpt>
      <trkpt lat="50.017418" lon="10.560401">
        <ele>220.227883</ele>
        <time>2025-08-18T17:58:02.905Z</time>
      </trkpt>
      <trkpt lat="50.016304" lon="10.563941">
        <ele>221.135095</ele>
        <time>2025-08-18T17:59:42.154Z</time>
      </trkpt>
      <trkpt lat="50.016156" lon="10.564383">
        <ele>221.228766</ele>
        <time>2025-08-18T17:59:54.536Z</time>
      </trkpt>
      <trkpt lat="50.016035" lon="10.564739">
        <ele>221.208598</ele>
        <time>2025-08-18T18:00:04.389Z</time>
      </trkpt>
      <trkpt lat="50.015265" lon="10.567283">
        <ele>221.089498</ele>
        <time>2025-08-18T18:01:10.282Z</time>
      </trkpt>
      <trkpt lat="50.012929" lon="10.574612">
        <ele>221.190951</ele>
        <time>2025-08-18T18:04:25.537Z</time>
      </trkpt>
      <trkpt lat="50.012793" lon="10.575062">
        <ele>221.280252</ele>
        <time>2025-08-18T18:04:33.368Z</time>
      </trkpt>
      <trkpt lat="50.012557" lon="10.575808">
        <ele>221.429571</ele>
        <time>2025-08-18T18:04:46.701Z</time>
      </trkpt>
      <trkpt lat="50.012502" lon="10.576121">
        <ele>221.487843</ele>
        <time>2025-08-18T18:04:51.909Z</time>
      </trkpt>
      <trkpt lat="50.012507" lon="10.576993">
        <ele>221.644443</ele>
        <time>2025-08-18T18:05:06.017Z</time>
      </trkpt>
      <trkpt lat="50.012477" lon="10.578243">
        <ele>221.783194</ele>
        <time>2025-08-18T18:05:25.245Z</time>
      </trkpt>
      <trkpt lat="50.012486" lon="10.579794">
        <ele>221.954838</ele>
        <time>2025-08-18T18:05:49.182Z</time>
      </trkpt>
      <trkpt lat="50.012443" lon="10.580770">
        <ele>221.989736</ele>
        <time>2025-08-18T18:06:03.747Z</time>
      </trkpt>
      <trkpt lat="50.012420" lon="10.581155">
        <ele>222.003477</ele>
        <time>2025-08-18T18:06:09.593Z</time>
      </trkpt>
      <trkpt lat="50.012391" lon="10.581904">
        <ele>222.030144</ele>
        <time>2025-08-18T18:06:21.075Z</time>
      </trkpt>
      <trkpt lat="50.012386" lon="10.582218">
        <ele>222.041307</ele>
        <time>2025-08-18T18:06:25.792Z</time>
      </trkpt>
      <trkpt lat="50.012361" lon="10.583867">
        <ele>222.186626</ele>
        <time>2025-08-18T18:06:50.081Z</time>
      </trkpt>
      <trkpt lat="50.012359" lon="10.584465">
        <ele>222.248440</ele>
        <time>2025-08-18T18:06:59.399Z</time>
      </trkpt>
      <trkpt lat="50.012437" lon="10.585290">
        <ele>222.334636</ele>
        <time>2025-08-18T18:07:12.530Z</time>
      </trkpt>
      <trkpt lat="50.012617" lon="10.586372">
        <ele>223.070883</ele>
        <time>2025-08-18T18:07:31.659Z</time>
      </trkpt>
      <trkpt lat="50.012629" lon="10.586670">
        <ele>223.281883</ele>
        <time>2025-08-18T18:07:37.124Z</time>
      </trkpt>
      <trkpt lat="50.012608" lon="10.587207">
        <ele>223.662067</ele>
        <time>2025-08-18T18:07:46.764Z</time>
      </trkpt>
      <trkpt lat="50.012553" lon="10.587566">
        <ele>223.922872</ele>
        <time>2025-08-18T18:07:53.504Z</time>
      </trkpt>
      <trkpt lat="50.012347" lon="10.588170">
        <ele>224.482551</ele>
        <time>2025-08-18T18:08:06.815Z</time>
      </trkpt>
      <trkpt lat="50.012093" lon="10.588849">
        <ele>225.540987</ele>
        <time>2025-08-18T18:08:23.688Z</time>
      </trkpt>
      <trkpt lat="50.011712" lon="10.589883">
        <ele>227.146731</ele>
        <time>2025-08-18T18:08:49.572Z</time>
      </trkpt>
      <trkpt lat="50.011414" lon="10.590609">
        <ele>228.228664</ele>
        <time>2025-08-18T18:09:07.483Z</time>
      </trkpt>
      <trkpt lat="50.011172" lon="10.591003">
        <ele>228.694281</ele>
        <time>2025-08-18T18:09:18.657Z</time>
      </trkpt>
      <trkpt lat="50.011012" lon="10.591269">
        <ele>229.005544</ele>
        <time>2025-08-18T18:09:26.501Z</time>
      </trkpt>
      <trkpt lat="50.010996" lon="10.591388">
        <ele>229.109410</ele>
        <time>2025-08-18T18:09:29.279Z</time>
      </trkpt>
      <trkpt lat="50.011052" lon="10.591518">
        <ele>229.243114</ele>
        <time>2025-08-18T18:09:32.793Z</time>
      </trkpt>
      <trkpt lat="50.010681" lon="10.592222">
        <ele>230.020923</ele>
        <time>2025-08-18T18:09:47.982Z</time>
      </trkpt>
      <trkpt lat="50.010605" lon="10.592419">
        <ele>230.217223</ele>
        <time>2025-08-18T18:09:51.464Z</time>
      </trkpt>
      <trkpt lat="50.010461" lon="10.592831">
        <ele>230.397849</ele>
        <time>2025-08-18T18:09:59.002Z</time>
      </trkpt>
      <trkpt lat="50.010353" lon="10.593057">
        <ele>230.244550</ele>
        <time>2025-08-18T18:10:03.318Z</time>
      </trkpt>
      <trkpt lat="50.010171" lon="10.593438">
        <ele>229.986148</ele>
        <time>2025-08-18T18:10:10.169Z</time>
      </trkpt>
      <trkpt lat="50.009988" lon="10.593878">
        <ele>229.700867</ele>
        <time>2025-08-18T18:10:17.182Z</time>
      </trkpt>
      <trkpt lat="50.009930" lon="10.594141">
        <ele>229.549516</ele>
        <time>2025-08-18T18:10:20.578Z</time>
      </trkpt>
      <trkpt lat="50.009908" lon="10.594250">
        <ele>229.487327</ele>
        <time>2025-08-18T18:10:21.937Z</time>
      </trkpt>
      <trkpt lat="50.009836" lon="10.594505">
        <ele>229.335719</ele>
        <time>2025-08-18T18:10:25.111Z</time>
      </trkpt>
      <trkpt lat="50.009867" lon="10.594678">
        <ele>229.237959</ele>
        <time>2025-08-18T18:10:27.265Z</time>
      </trkpt>
      <trkpt lat="50.009878" lon="10.595645">
        <ele>228.822892</ele>
        <time>2025-08-18T18:10:39.064Z</time>
      </trkpt>
      <trkpt lat="50.009813" lon="10.596149">
        <ele>228.668474</ele>
        <time>2025-08-18T18:10:45.532Z</time>
      </trkpt>
      <trkpt lat="50.009773" lon="10.596700">
        <ele>228.501902</ele>
        <time>2025-08-18T18:10:52.489Z</time>
      </trkpt>
      <trkpt lat="50.009904" lon="10.596928">
        <ele>228.410030</ele>
        <time>2025-08-18T18:10:56.710Z</time>
      </trkpt>
      <trkpt lat="50.010146" lon="10.597084">
        <ele>228.287589</ele>
        <time>2025-08-18T18:11:02.656Z</time>
      </trkpt>
      <trkpt lat="50.010414" lon="10.597172">
        <ele>228.159559</ele>
        <time>2025-08-18T18:11:09.864Z</time>
      </trkpt>
      <trkpt lat="50.010414" lon="10.597172">
        <ele>228.159559</ele>
        <time>2025-08-18T18:11:09.871Z</time>
      </trkpt>
      <trkpt lat="50.010476" lon="10.597150">
        <ele>228.129834</ele>
        <time>2025-08-18T18:11:11.731Z</time>
      </trkpt>
      <trkpt lat="50.010581" lon="10.597171">
        <ele>228.397916</ele>
        <time>2025-08-18T18:11:15.113Z</time>
      </trkpt>
      <trkpt lat="50.010633" lon="10.596886">
        <ele>229.034303</ele>
        <time>2025-08-18T18:11:21.332Z</time>
      </trkpt>
      <trkpt lat="50.010643" lon="10.596222">
        <ele>230.460994</ele>
        <time>2025-08-18T18:11:36.517Z</time>
      </trkpt>
      <trkpt lat="50.010635" lon="10.595681">
        <ele>231.623392</ele>
        <time>2025-08-18T18:11:50.590Z</time>
      </trkpt>
      <trkpt lat="50.010635" lon="10.595597">
        <ele>231.803827</ele>
        <time>2025-08-18T18:11:52.991Z</time>
      </trkpt>
      <trkpt lat="50.010634" lon="10.595543">
        <ele>231.919869</ele>
        <time>2025-08-18T18:11:54.526Z</time>
      </trkpt>
      <trkpt lat="50.011186" lon="10.595622">
        <ele>233.772715</ele>
        <time>2025-08-18T18:12:20.248Z</time>
      </trkpt>
      <trkpt lat="50.011187" lon="10.595299">
        <ele>234.586084</ele>
        <time>2025-08-18T18:12:30.421Z</time>
      </trkpt>
      <trkpt lat="50.011135" lon="10.594828">
        <ele>235.978679</ele>
        <time>2025-08-18T18:12:45.569Z</time>
      </trkpt>
      <trkpt lat="50.011386" lon="10.594640">
        <ele>237.241799</ele>
        <time>2025-08-18T18:12:58.888Z</time>
      </trkpt>
      <trkpt lat="50.011910" lon="10.594191">
        <ele>239.954242</ele>
        <time>2025-08-18T18:13:26.595Z</time>
      </trkpt>
      <trkpt lat="50.012016" lon="10.594093">
        <ele>240.513321</ele>
        <time>2025-08-18T18:13:31.890Z</time>
      </trkpt>
      <trkpt lat="50.012087" lon="10.594027">
        <ele>240.888333</ele>
        <time>2025-08-18T18:13:35.396Z</time>
      </trkpt>
      <trkpt lat="50.012287" lon="10.593895">
        <ele>241.873413</ele>
        <time>2025-08-18T18:13:44.433Z</time>
      </trkpt>
      <trkpt lat="50.012632" lon="10.593818">
        <ele>242.883665</ele>
        <time>2025-08-18T18:13:58.104Z</time>
      </trkpt>
      <trkpt lat="50.012762" lon="10.593708">
        <ele>243.226770</ele>
        <time>2025-08-18T18:14:03.597Z</time>
      </trkpt>
      <trkpt lat="50.012795" lon="10.593680">
        <ele>243.313920</ele>
        <time>2025-08-18T18:14:04.946Z</time>
      </trkpt>
      <trkpt lat="50.013002" lon="10.593506">
        <ele>243.859429</ele>
        <time>2025-08-18T18:14:13.233Z</time>
      </trkpt>
      <trkpt lat="50.013141" lon="10.593389">
        <ele>244.225849</ele>
        <time>2025-08-18T18:14:18.605Z</time>
      </trkpt>
      <trkpt lat="50.013233" lon="10.593311">
        <ele>244.468771</ele>
        <time>2025-08-18T18:14:22.066Z</time>
      </trkpt>
      <trkpt lat="50.014052" lon="10.592622">
        <ele>246.518284</ele>
        <time>2025-08-18T18:14:50.684Z</time>
      </trkpt>
      <trkpt lat="50.014400" lon="10.592391">
        <ele>246.831995</ele>
        <time>2025-08-18T18:15:01.188Z</time>
      </trkpt>
      <trkpt lat="50.014554" lon="10.592295">
        <ele>246.969553</ele>
        <time>2025-08-18T18:15:05.768Z</time>
      </trkpt>
      <trkpt lat="50.014858" lon="10.592126">
        <ele>247.237226</ele>
        <time>2025-08-18T18:15:14.672Z</time>
      </trkpt>
      <trkpt lat="50.015224" lon="10.591993">
        <ele>247.548871</ele>
        <time>2025-08-18T18:15:23.587Z</time>
      </trkpt>
      <trkpt lat="50.015309" lon="10.591960">
        <ele>247.621512</ele>
        <time>2025-08-18T18:15:25.504Z</time>
      </trkpt>
      <trkpt lat="50.015437" lon="10.591909">
        <ele>247.731071</ele>
        <time>2025-08-18T18:15:28.454Z</time>
      </trkpt>
      <trkpt lat="50.015524" lon="10.591864">
        <ele>247.807090</ele>
        <time>2025-08-18T18:15:30.596Z</time>
      </trkpt>
      <trkpt lat="50.015620" lon="10.591740">
        <ele>247.910539</ele>
        <time>2025-08-18T18:15:33.483Z</time>
      </trkpt>
      <trkpt lat="50.015665" lon="10.591654">
        <ele>247.986639</ele>
        <time>2025-08-18T18:15:35.127Z</time>
      </trkpt>
      <trkpt lat="50.015771" lon="10.591667">
        <ele>248.147140</ele>
        <time>2025-08-18T18:15:37.758Z</time>
      </trkpt>
      <trkpt lat="50.015822" lon="10.591588">
        <ele>248.255759</ele>
        <time>2025-08-18T18:15:39.512Z</time>
      </trkpt>
      <trkpt lat="50.015832" lon="10.591484">
        <ele>248.357757</ele>
        <time>2025-08-18T18:15:41.316Z</time>
      </trkpt>
      <trkpt lat="50.015773" lon="10.591361">
        <ele>248.506636</ele>
        <time>2025-08-18T18:15:43.891Z</time>
      </trkpt>
      <trkpt lat="50.015820" lon="10.591230">
        <ele>248.652165</ele>
        <time>2025-08-18T18:15:46.502Z</time>
      </trkpt>
      <trkpt lat="50.015856" lon="10.591137">
        <ele>248.757474</ele>
        <time>2025-08-18T18:15:48.380Z</time>
      </trkpt>
      <trkpt lat="50.015921" lon="10.590968">
        <ele>248.948516</ele>
        <time>2025-08-18T18:15:51.759Z</time>
      </trkpt>
      <trkpt lat="50.015991" lon="10.590814">
        <ele>249.131483</ele>
        <time>2025-08-18T18:15:55.019Z</time>
      </trkpt>
      <trkpt lat="50.016042" lon="10.590702">
        <ele>249.264629</ele>
        <time>2025-08-18T18:15:57.447Z</time>
      </trkpt>
      <trkpt lat="50.016157" lon="10.590422">
        <ele>249.586952</ele>
        <time>2025-08-18T18:16:03.568Z</time>
      </trkpt>
      <trkpt lat="50.016278" lon="10.590201">
        <ele>249.868571</ele>
        <time>2025-08-18T18:16:09.117Z</time>
      </trkpt>
      <trkpt lat="50.016535" lon="10.589914">
        <ele>250.346050</ele>
        <time>2025-08-18T18:16:19.467Z</time>
      </trkpt>
      <trkpt lat="50.016658" lon="10.589802">
        <ele>250.561161</ele>
        <time>2025-08-18T18:16:24.711Z</time>
      </trkpt>
      <trkpt lat="50.016844" lon="10.589622">
        <ele>251.289184</ele>
        <time>2025-08-18T18:16:33.416Z</time>
      </trkpt>
      <trkpt lat="50.016888" lon="10.589573">
        <ele>251.513288</ele>
        <time>2025-08-18T18:16:35.603Z</time>
      </trkpt>
      <trkpt lat="50.016986" lon="10.589461">
        <ele>252.016901</ele>
        <time>2025-08-18T18:16:40.593Z</time>
      </trkpt>
      <trkpt lat="50.017001" lon="10.589444">
        <ele>252.093761</ele>
        <time>2025-08-18T18:16:41.365Z</time>
      </trkpt>
      <trkpt lat="50.017331" lon="10.588989">
        <ele>253.919904</ele>
        <time>2025-08-18T18:16:59.707Z</time>
      </trkpt>
      <trkpt lat="50.017407" lon="10.588873">
        <ele>254.360824</ele>
        <time>2025-08-18T18:17:04.206Z</time>
      </trkpt>
      <trkpt lat="50.017447" lon="10.588811">
        <ele>254.594660</ele>
        <time>2025-08-18T18:17:06.616Z</time>
      </trkpt>
      <trkpt lat="50.017554" lon="10.588639">
        <ele>255.231826</ele>
        <time>2025-08-18T18:17:13.346Z</time>
      </trkpt>
      <trkpt lat="50.017608" lon="10.588550">
        <ele>255.557610</ele>
        <time>2025-08-18T18:17:16.892Z</time>
      </trkpt>
      <trkpt lat="50.017661" lon="10.588471">
        <ele>255.861584</ele>
        <time>2025-08-18T18:17:20.278Z</time>
      </trkpt>
      <trkpt lat="50.017805" lon="10.588248">
        <ele>256.703013</ele>
        <time>2025-08-18T18:17:29.906Z</time>
      </trkpt>
      <trkpt lat="50.017828" lon="10.588212">
        <ele>256.838127</ele>
        <time>2025-08-18T18:17:31.405Z</time>
      </trkpt>
      <trkpt lat="50.018100" lon="10.587867">
        <ele>258.313274</ele>
        <time>2025-08-18T18:17:47.971Z</time>
      </trkpt>
      <trkpt lat="50.018327" lon="10.587635">
        <ele>259.575832</ele>
        <time>2025-08-18T18:18:00.669Z</time>
      </trkpt>
      <trkpt lat="50.018398" lon="10.587563">
        <ele>259.969807</ele>
        <time>2025-08-18T18:18:04.751Z</time>
      </trkpt>
      <trkpt lat="50.018505" lon="10.587483">
        <ele>260.521685</ele>
        <time>2025-08-18T18:18:10.513Z</time>
      </trkpt>
      <trkpt lat="50.018906" lon="10.587204">
        <ele>262.563784</ele>
        <time>2025-08-18T18:18:31.959Z</time>
      </trkpt>
      <trkpt lat="50.019168" lon="10.586959">
        <ele>263.984803</ele>
        <time>2025-08-18T18:18:46.458Z</time>
      </trkpt>
      <trkpt lat="50.019236" lon="10.586886">
        <ele>264.368854</ele>
        <time>2025-08-18T18:18:50.227Z</time>
      </trkpt>
      <trkpt lat="50.019284" lon="10.586837">
        <ele>264.635731</ele>
        <time>2025-08-18T18:18:52.811Z</time>
      </trkpt>
      <trkpt lat="50.019686" lon="10.586410">
        <ele>266.656583</ele>
        <time>2025-08-18T18:19:13.226Z</time>
      </trkpt>
      <trkpt lat="50.019733" lon="10.586360">
        <ele>266.769728</ele>
        <time>2025-08-18T18:19:15.360Z</time>
      </trkpt>
      <trkpt lat="50.019808" lon="10.586266">
        <ele>266.961107</ele>
        <time>2025-08-18T18:19:19.003Z</time>
      </trkpt>
      <trkpt lat="50.019861" lon="10.586200">
        <ele>267.096008</ele>
        <time>2025-08-18T18:19:21.392Z</time>
      </trkpt>
      <trkpt lat="50.020094" lon="10.585918">
        <ele>267.682613</ele>
        <time>2025-08-18T18:19:31.814Z</time>
      </trkpt>
      <trkpt lat="50.020116" lon="10.585892">
        <ele>267.737513</ele>
        <time>2025-08-18T18:19:32.776Z</time>
      </trkpt>
      <trkpt lat="50.020149" lon="10.585854">
        <ele>267.819097</ele>
        <time>2025-08-18T18:19:34.228Z</time>
      </trkpt>
      <trkpt lat="50.020297" lon="10.585688">
        <ele>268.181657</ele>
        <time>2025-08-18T18:19:40.205Z</time>
      </trkpt>
      <trkpt lat="50.020365" lon="10.585612">
        <ele>268.348037</ele>
        <time>2025-08-18T18:19:42.783Z</time>
      </trkpt>
      <trkpt lat="50.020410" lon="10.585555">
        <ele>268.463346</ele>
        <time>2025-08-18T18:19:44.606Z</time>
      </trkpt>
      <trkpt lat="50.020634" lon="10.585252">
        <ele>269.053167</ele>
        <time>2025-08-18T18:19:53.035Z</time>
      </trkpt>
      <trkpt lat="50.020813" lon="10.584872">
        <ele>269.654840</ele>
        <time>2025-08-18T18:20:01.103Z</time>
      </trkpt>
      <trkpt lat="50.021265" lon="10.584340">
        <ele>270.229865</ele>
        <time>2025-08-18T18:20:15.539Z</time>
      </trkpt>
      <trkpt lat="50.021279" lon="10.584257">
        <ele>270.256750</ele>
        <time>2025-08-18T18:20:16.885Z</time>
      </trkpt>
      <trkpt lat="50.021235" lon="10.584113">
        <ele>270.306707</ele>
        <time>2025-08-18T18:20:19.388Z</time>
      </trkpt>
      <trkpt lat="50.021601" lon="10.583560">
        <ele>270.555441</ele>
        <time>2025-08-18T18:20:31.355Z</time>
      </trkpt>
      <trkpt lat="50.022228" lon="10.582645">
        <ele>271.152417</ele>
        <time>2025-08-18T18:20:51.585Z</time>
      </trkpt>
      <trkpt lat="50.022486" lon="10.582320">
        <ele>271.928774</ele>
        <time>2025-08-18T18:21:00.330Z</time>
      </trkpt>
      <trkpt lat="50.023424" lon="10.581322">
        <ele>274.586431</ele>
        <time>2025-08-18T18:21:39.150Z</time>
      </trkpt>
      <trkpt lat="50.023745" lon="10.581020">
        <ele>275.914592</ele>
        <time>2025-08-18T18:21:55.330Z</time>
      </trkpt>
      <trkpt lat="50.023914" lon="10.580901">
        <ele>276.943082</ele>
        <time>2025-08-18T18:22:03.710Z</time>
      </trkpt>
      <trkpt lat="50.024914" lon="10.580530">
        <ele>282.643159</ele>
        <time>2025-08-18T18:22:55.992Z</time>
      </trkpt>
      <trkpt lat="50.025541" lon="10.580311">
        <ele>286.373469</ele>
        <time>2025-08-18T18:23:31.944Z</time>
      </trkpt>
      <trkpt lat="50.026687" lon="10.579815">
        <ele>293.973440</ele>
        <time>2025-08-18T18:24:38.929Z</time>
      </trkpt>
      <trkpt lat="50.026964" lon="10.579668">
        <ele>295.843317</ele>
        <time>2025-08-18T18:24:54.372Z</time>
      </trkpt>
      <trkpt lat="50.027850" lon="10.578957">
        <ele>299.479806</ele>
        <time>2025-08-18T18:25:40.825Z</time>
      </trkpt>
      <trkpt lat="50.028215" lon="10.578648">
        <ele>300.842000</ele>
        <time>2025-08-18T18:25:55.477Z</time>
      </trkpt>
      <trkpt lat="50.028756" lon="10.578156">
        <ele>302.468939</ele>
        <time>2025-08-18T18:26:13.045Z</time>
      </trkpt>
      <trkpt lat="50.029180" lon="10.577678">
        <ele>302.348605</ele>
        <time>2025-08-18T18:26:24.539Z</time>
      </trkpt>
      <trkpt lat="50.029443" lon="10.577551">
        <ele>302.285310</ele>
        <time>2025-08-18T18:26:30.213Z</time>
      </trkpt>
      <trkpt lat="50.029649" lon="10.577561">
        <ele>302.237936</ele>
        <time>2025-08-18T18:26:34.455Z</time>
      </trkpt>
      <trkpt lat="50.029919" lon="10.577625">
        <ele>302.175159</ele>
        <time>2025-08-18T18:26:40.011Z</time>
      </trkpt>
      <trkpt lat="50.030552" lon="10.577871">
        <ele>302.351039</ele>
        <time>2025-08-18T18:26:53.212Z</time>
      </trkpt>
      <trkpt lat="50.030684" lon="10.577946">
        <ele>302.499247</ele>
        <time>2025-08-18T18:26:56.161Z</time>
      </trkpt>
      <trkpt lat="50.031358" lon="10.578590">
        <ele>303.333363</ele>
        <time>2025-08-18T18:27:14.734Z</time>
      </trkpt>
      <trkpt lat="50.031677" lon="10.578748">
        <ele>303.686441</ele>
        <time>2025-08-18T18:27:24.645Z</time>
      </trkpt>
      <trkpt lat="50.031859" lon="10.578797">
        <ele>303.881252</ele>
        <time>2025-08-18T18:27:30.762Z</time>
      </trkpt>
      <trkpt lat="50.032096" lon="10.578763">
        <ele>304.898578</ele>
        <time>2025-08-18T18:27:39.965Z</time>
      </trkpt>
      <trkpt lat="50.032941" lon="10.578240">
        <ele>310.702573</ele>
        <time>2025-08-18T18:28:31.151Z</time>
      </trkpt>
      <trkpt lat="50.032970" lon="10.577762">
        <ele>312.671048</ele>
        <time>2025-08-18T18:28:51.104Z</time>
      </trkpt>
      <trkpt lat="50.033070" lon="10.577513">
        <ele>313.875029</ele>
        <time>2025-08-18T18:29:03.381Z</time>
      </trkpt>
      <trkpt lat="50.033482" lon="10.576685">
        <ele>316.078220</ele>
        <time>2025-08-18T18:29:45.777Z</time>
      </trkpt>
      <trkpt lat="50.033641" lon="10.576255">
        <ele>316.541974</ele>
        <time>2025-08-18T18:30:02.019Z</time>
      </trkpt>
      <trkpt lat="50.033827" lon="10.575287">
        <ele>317.486365</ele>
        <time>2025-08-18T18:30:17.710Z</time>
      </trkpt>
      <trkpt lat="50.033900" lon="10.575133">
        <ele>317.665258</ele>
        <time>2025-08-18T18:30:20.073Z</time>
      </trkpt>
      <trkpt lat="50.033992" lon="10.575036">
        <ele>317.826942</ele>
        <time>2025-08-18T18:30:22.169Z</time>
      </trkpt>
      <trkpt lat="50.034176" lon="10.574977">
        <ele>318.000533</ele>
        <time>2025-08-18T18:30:25.561Z</time>
      </trkpt>
      <trkpt lat="50.034297" lon="10.575029">
        <ele>317.364832</ele>
        <time>2025-08-18T18:30:27.790Z</time>
      </trkpt>
      <trkpt lat="50.034566" lon="10.575242">
        <ele>315.836453</ele>
        <time>2025-08-18T18:30:32.970Z</time>
      </trkpt>
      <trkpt lat="50.034781" lon="10.575505">
        <ele>314.451728</ele>
        <time>2025-08-18T18:30:37.572Z</time>
      </trkpt>
      <trkpt lat="50.035226" lon="10.576336">
        <ele>310.932365</ele>
        <time>2025-08-18T18:30:49.384Z</time>
      </trkpt>
      <trkpt lat="50.035407" lon="10.576614">
        <ele>309.644733</ele>
        <time>2025-08-18T18:30:54.032Z</time>
      </trkpt>
      <trkpt lat="50.036838" lon="10.577957">
        <ele>308.648408</ele>
        <time>2025-08-18T18:31:33.541Z</time>
      </trkpt>
      <trkpt lat="50.036940" lon="10.577970">
        <ele>308.627059</ele>
        <time>2025-08-18T18:31:37.236Z</time>
      </trkpt>
      <trkpt lat="50.037076" lon="10.577929">
        <ele>308.598162</ele>
        <time>2025-08-18T18:31:42.409Z</time>
      </trkpt>
      <trkpt lat="50.037286" lon="10.577736">
        <ele>309.076903</ele>
        <time>2025-08-18T18:31:51.774Z</time>
      </trkpt>
      <trkpt lat="50.037820" lon="10.576792">
        <ele>310.822321</ele>
        <time>2025-08-18T18:32:24.747Z</time>
      </trkpt>
      <trkpt lat="50.038086" lon="10.576310">
        <ele>311.704076</ele>
        <time>2025-08-18T18:32:40.324Z</time>
      </trkpt>
      <trkpt lat="50.038232" lon="10.575918">
        <ele>312.332818</ele>
        <time>2025-08-18T18:32:50.002Z</time>
      </trkpt>
      <trkpt lat="50.038380" lon="10.575314">
        <ele>311.997298</ele>
        <time>2025-08-18T18:33:01.582Z</time>
      </trkpt>
      <trkpt lat="50.038569" lon="10.574086">
        <ele>310.871010</ele>
        <time>2025-08-18T18:33:18.888Z</time>
      </trkpt>
      <trkpt lat="50.038634" lon="10.573968">
        <ele>310.732357</ele>
        <time>2025-08-18T18:33:20.837Z</time>
      </trkpt>
      <trkpt lat="50.038697" lon="10.573904">
        <ele>310.627894</ele>
        <time>2025-08-18T18:33:22.361Z</time>
      </trkpt>
      <trkpt lat="50.038860" lon="10.573852">
        <ele>310.396834</ele>
        <time>2025-08-18T18:33:25.678Z</time>
      </trkpt>
      <trkpt lat="50.039237" lon="10.573858">
        <ele>309.674894</ele>
        <time>2025-08-18T18:33:33.078Z</time>
      </trkpt>
      <trkpt lat="50.039369" lon="10.573904">
        <ele>309.143699</ele>
        <time>2025-08-18T18:33:35.693Z</time>
      </trkpt>
      <trkpt lat="50.039653" lon="10.574113">
        <ele>307.910118</ele>
        <time>2025-08-18T18:33:41.617Z</time>
      </trkpt>
      <trkpt lat="50.039815" lon="10.574196">
        <ele>307.240380</ele>
        <time>2025-08-18T18:33:44.784Z</time>
      </trkpt>
      <trkpt lat="50.039945" lon="10.574219">
        <ele>306.726579</ele>
        <time>2025-08-18T18:33:47.199Z</time>
      </trkpt>
      <trkpt lat="50.040174" lon="10.574322">
        <ele>305.790515</ele>
        <time>2025-08-18T18:33:51.081Z</time>
      </trkpt>
      <trkpt lat="50.040320" lon="10.574492">
        <ele>305.074577</ele>
        <time>2025-08-18T18:33:54.054Z</time>
      </trkpt>
      <trkpt lat="50.040489" lon="10.574419">
        <ele>304.385842</ele>
        <time>2025-08-18T18:33:56.907Z</time>
      </trkpt>
      <trkpt lat="50.041172" lon="10.574279">
        <ele>302.200847</ele>
        <time>2025-08-18T18:34:08.044Z</time>
      </trkpt>
      <trkpt lat="50.041445" lon="10.574174">
        <ele>301.560700</ele>
        <time>2025-08-18T18:34:12.675Z</time>
      </trkpt>
      <trkpt lat="50.041615" lon="10.574062">
        <ele>301.140489</ele>
        <time>2025-08-18T18:34:15.820Z</time>
      </trkpt>
      <trkpt lat="50.041795" lon="10.573920">
        <ele>300.681140</ele>
        <time>2025-08-18T18:34:19.343Z</time>
      </trkpt>
      <trkpt lat="50.041903" lon="10.573862">
        <ele>300.421072</ele>
        <time>2025-08-18T18:34:21.410Z</time>
      </trkpt>
      <trkpt lat="50.041926" lon="10.573855">
        <ele>300.367723</ele>
        <time>2025-08-18T18:34:21.832Z</time>
      </trkpt>
      <trkpt lat="50.042764" lon="10.574116">
        <ele>299.248279</ele>
        <time>2025-08-18T18:34:41.684Z</time>
      </trkpt>
      <trkpt lat="50.043076" lon="10.574246">
        <ele>300.025018</ele>
        <time>2025-08-18T18:34:51.834Z</time>
      </trkpt>
      <trkpt lat="50.043202" lon="10.574362">
        <ele>300.377041</ele>
        <time>2025-08-18T18:34:56.799Z</time>
      </trkpt>
      <trkpt lat="50.043319" lon="10.574533">
        <ele>300.762948</ele>
        <time>2025-08-18T18:35:02.539Z</time>
      </trkpt>
      <trkpt lat="50.043569" lon="10.575089">
        <ele>301.811225</ele>
        <time>2025-08-18T18:35:19.538Z</time>
      </trkpt>
      <trkpt lat="50.043648" lon="10.575218">
        <ele>302.086526</ele>
        <time>2025-08-18T18:35:24.358Z</time>
      </trkpt>
      <trkpt lat="50.043885" lon="10.575459">
        <ele>302.767267</ele>
        <time>2025-08-18T18:35:36.820Z</time>
      </trkpt>
      <trkpt lat="50.044116" lon="10.575607">
        <ele>303.600741</ele>
        <time>2025-08-18T18:35:48.529Z</time>
      </trkpt>
      <trkpt lat="50.044307" lon="10.575640">
        <ele>304.555352</ele>
        <time>2025-08-18T18:35:57.903Z</time>
      </trkpt>
      <trkpt lat="50.044744" lon="10.575534">
        <ele>306.752321</ele>
        <time>2025-08-18T18:36:20.532Z</time>
      </trkpt>
      <trkpt lat="50.045115" lon="10.575498">
        <ele>308.598831</ele>
        <time>2025-08-18T18:36:40.542Z</time>
      </trkpt>
      <trkpt lat="50.045629" lon="10.575330">
        <ele>311.207755</ele>
        <time>2025-08-18T18:37:07.955Z</time>
      </trkpt>
      <trkpt lat="50.045734" lon="10.575344">
        <ele>311.731249</ele>
        <time>2025-08-18T18:37:13.000Z</time>
      </trkpt>
      <trkpt lat="50.046194" lon="10.575410">
        <ele>313.655133</ele>
        <time>2025-08-18T18:37:33.517Z</time>
      </trkpt>
      <trkpt lat="50.046448" lon="10.575384">
        <ele>314.678101</ele>
        <time>2025-08-18T18:37:44.447Z</time>
      </trkpt>
      <trkpt lat="50.046563" lon="10.575341">
        <ele>315.153394</ele>
        <time>2025-08-18T18:37:49.519Z</time>
      </trkpt>
      <trkpt lat="50.047187" lon="10.574879">
        <ele>317.930102</ele>
        <time>2025-08-18T18:38:19.474Z</time>
      </trkpt>
      <trkpt lat="50.047777" lon="10.574627">
        <ele>320.725576</ele>
        <time>2025-08-18T18:38:46.099Z</time>
      </trkpt>
      <trkpt lat="50.048068" lon="10.574346">
        <ele>322.532327</ele>
        <time>2025-08-18T18:39:03.843Z</time>
      </trkpt>
      <trkpt lat="50.048299" lon="10.574256">
        <ele>323.788805</ele>
        <time>2025-08-18T18:39:16.966Z</time>
      </trkpt>
      <trkpt lat="50.048376" lon="10.574217">
        <ele>324.216057</ele>
        <time>2025-08-18T18:39:21.685Z</time>
      </trkpt>
      <trkpt lat="50.048440" lon="10.574129">
        <ele>324.666561</ele>
        <time>2025-08-18T18:39:26.414Z</time>
      </trkpt>
      <trkpt lat="50.048501" lon="10.573665">
        <ele>326.271367</ele>
        <time>2025-08-18T18:39:43.599Z</time>
      </trkpt>
      <trkpt lat="50.048561" lon="10.573536">
        <ele>326.811079</ele>
        <time>2025-08-18T18:39:49.357Z</time>
      </trkpt>
      <trkpt lat="50.048647" lon="10.573469">
        <ele>327.318490</ele>
        <time>2025-08-18T18:39:54.703Z</time>
      </trkpt>
      <trkpt lat="50.049561" lon="10.573381">
        <ele>329.975146</ele>
        <time>2025-08-18T18:40:38.961Z</time>
      </trkpt>
      <trkpt lat="50.049715" lon="10.573265">
        <ele>330.291139</ele>
        <time>2025-08-18T18:40:45.545Z</time>
      </trkpt>
      <trkpt lat="50.049745" lon="10.573156">
        <ele>330.431801</ele>
        <time>2025-08-18T18:40:48.122Z</time>
      </trkpt>
      <trkpt lat="50.049810" lon="10.572141">
        <ele>331.641678</ele>
        <time>2025-08-18T18:41:05.071Z</time>
      </trkpt>
      <trkpt lat="50.049829" lon="10.571941">
        <ele>331.881482</ele>
        <time>2025-08-18T18:41:07.847Z</time>
      </trkpt>
      <trkpt lat="50.050812" lon="10.572412">
        <ele>331.771043</ele>
        <time>2025-08-18T18:41:33.937Z</time>
      </trkpt>
      <trkpt lat="50.051043" lon="10.572494">
        <ele>331.677245</ele>
        <time>2025-08-18T18:41:40.385Z</time>
      </trkpt>
      <trkpt lat="50.051287" lon="10.572458">
        <ele>331.580213</ele>
        <time>2025-08-18T18:41:47.490Z</time>
      </trkpt>
      <trkpt lat="50.051462" lon="10.572377">
        <ele>331.507936</ele>
        <time>2025-08-18T18:41:53.317Z</time>
      </trkpt>
      <trkpt lat="50.052374" lon="10.571808">
        <ele>333.437021</ele>
        <time>2025-08-18T18:42:32.969Z</time>
      </trkpt>
      <trkpt lat="50.052723" lon="10.571570">
        <ele>334.472289</ele>
        <time>2025-08-18T18:42:50.336Z</time>
      </trkpt>
      <trkpt lat="50.053476" lon="10.570757">
        <ele>336.809459</ele>
        <time>2025-08-18T18:43:32.681Z</time>
      </trkpt>
      <trkpt lat="50.053631" lon="10.570602">
        <ele>337.194436</ele>
        <time>2025-08-18T18:43:40.842Z</time>
      </trkpt>
      <trkpt lat="50.053741" lon="10.570540">
        <ele>337.438928</ele>
        <time>2025-08-18T18:43:45.924Z</time>
      </trkpt>
      <trkpt lat="50.053999" lon="10.570559">
        <ele>337.978750</ele>
        <time>2025-08-18T18:43:56.786Z</time>
      </trkpt>
      <trkpt lat="50.054630" lon="10.570768">
        <ele>339.327033</ele>
        <time>2025-08-18T18:44:21.840Z</time>
      </trkpt>
      <trkpt lat="50.055150" lon="10.570798">
        <ele>340.156667</ele>
        <time>2025-08-18T18:44:39.144Z</time>
      </trkpt>
      <trkpt lat="50.055482" lon="10.570709">
        <ele>340.348053</ele>
        <time>2025-08-18T18:44:49.304Z</time>
      </trkpt>
      <trkpt lat="50.055951" lon="10.570473">
        <ele>340.628058</ele>
        <time>2025-08-18T18:45:03.853Z</time>
      </trkpt>
      <trkpt lat="50.056591" lon="10.570215">
        <ele>341.003630</ele>
        <time>2025-08-18T18:45:24.474Z</time>
      </trkpt>
      <trkpt lat="50.057159" lon="10.570036">
        <ele>341.988008</ele>
        <time>2025-08-18T18:45:45.150Z</time>
      </trkpt>
      <trkpt lat="50.057419" lon="10.570014">
        <ele>342.522610</ele>
        <time>2025-08-18T18:45:55.577Z</time>
      </trkpt>
      <trkpt lat="50.058162" lon="10.570237">
        <ele>344.076150</ele>
        <time>2025-08-18T18:46:28.241Z</time>
      </trkpt>
      <trkpt lat="50.058358" lon="10.570336">
        <ele>344.499194</ele>
        <time>2025-08-18T18:46:37.178Z</time>
      </trkpt>
      <trkpt lat="50.058573" lon="10.570503">
        <ele>344.848953</ele>
        <time>2025-08-18T18:46:47.533Z</time>
      </trkpt>
      <trkpt lat="50.059777" lon="10.571755">
        <ele>345.859071</ele>
        <time>2025-08-18T18:47:37.848Z</time>
      </trkpt>
      <trkpt lat="50.060596" lon="10.572538">
        <ele>343.392245</ele>
        <time>2025-08-18T18:48:01.895Z</time>
      </trkpt>
      <trkpt lat="50.061208" lon="10.573254">
        <ele>340.571784</ele>
        <time>2025-08-18T18:48:18.717Z</time>
      </trkpt>
      <trkpt lat="50.061394" lon="10.573415">
        <ele>339.787663</ele>
        <time>2025-08-18T18:48:23.271Z</time>
      </trkpt>
      <trkpt lat="50.061507" lon="10.573951">
        <ele>338.246036</ele>
        <time>2025-08-18T18:48:30.992Z</time>
      </trkpt>
      <trkpt lat="50.061512" lon="10.574824">
        <ele>335.730249</ele>
        <time>2025-08-18T18:48:39.685Z</time>
      </trkpt>
      <trkpt lat="50.061482" lon="10.575803">
        <ele>332.905893</ele>
        <time>2025-08-18T18:48:49.881Z</time>
      </trkpt>
      <trkpt lat="50.061467" lon="10.576292">
        <ele>331.495153</ele>
        <time>2025-08-18T18:48:55.279Z</time>
      </trkpt>
      <trkpt lat="50.061399" lon="10.579346">
        <ele>327.936450</ele>
        <time>2025-08-18T18:49:31.769Z</time>
      </trkpt>
      <trkpt lat="50.061615" lon="10.579251">
        <ele>327.919104</ele>
        <time>2025-08-18T18:49:36.107Z</time>
      </trkpt>
      <trkpt lat="50.063854" lon="10.577970">
        <ele>328.428491</ele>
        <time>2025-08-18T18:50:34.415Z</time>
      </trkpt>
      <trkpt lat="50.064564" lon="10.577569">
        <ele>328.929282</ele>
        <time>2025-08-18T18:50:57.410Z</time>
      </trkpt>
      <trkpt lat="50.065068" lon="10.577511">
        <ele>328.536837</ele>
        <time>2025-08-18T18:51:08.349Z</time>
      </trkpt>
      <trkpt lat="50.066212" lon="10.577414">
        <ele>327.207078</ele>
        <time>2025-08-18T18:51:29.059Z</time>
      </trkpt>
      <trkpt lat="50.066252" lon="10.577407">
        <ele>327.160359</ele>
        <time>2025-08-18T18:51:29.770Z</time>
      </trkpt>
      <trkpt lat="50.067169" lon="10.577267">
        <ele>327.452185</ele>
        <time>2025-08-18T18:51:49.389Z</time>
      </trkpt>
      <trkpt lat="50.068312" lon="10.577112">
        <ele>328.298594</ele>
        <time>2025-08-18T18:52:26.958Z</time>
      </trkpt>
      <trkpt lat="50.069564" lon="10.577315">
        <ele>328.610266</ele>
        <time>2025-08-18T18:52:55.288Z</time>
      </trkpt>
      <trkpt lat="50.070389" lon="10.577493">
        <ele>329.183624</ele>
        <time>2025-08-18T18:53:12.316Z</time>
      </trkpt>
      <trkpt lat="50.071851" lon="10.578065">
        <ele>331.093897</ele>
        <time>2025-08-18T18:53:59.846Z</time>
      </trkpt>
      <trkpt lat="50.072196" lon="10.578185">
        <ele>331.264726</ele>
        <time>2025-08-18T18:54:12.537Z</time>
      </trkpt>
      <trkpt lat="50.072543" lon="10.578244">
        <ele>331.433412</ele>
        <time>2025-08-18T18:54:23.064Z</time>
      </trkpt>
      <trkpt lat="50.073048" lon="10.578311">
        <ele>331.678341</ele>
        <time>2025-08-18T18:54:35.265Z</time>
      </trkpt>
      <trkpt lat="50.073204" lon="10.578515">
        <ele>331.776763</ele>
        <time>2025-08-18T18:54:39.416Z</time>
      </trkpt>
      <trkpt lat="50.073521" lon="10.579011">
        <ele>331.836697</ele>
        <time>2025-08-18T18:54:47.710Z</time>
      </trkpt>
      <trkpt lat="50.074619" lon="10.580765">
        <ele>330.565743</ele>
        <time>2025-08-18T18:55:17.582Z</time>
      </trkpt>
      <trkpt lat="50.074775" lon="10.580997">
        <ele>330.918230</ele>
        <time>2025-08-18T18:55:24.622Z</time>
      </trkpt>
      <trkpt lat="50.075105" lon="10.581406">
        <ele>332.574432</ele>
        <time>2025-08-18T18:55:40.771Z</time>
      </trkpt>
      <trkpt lat="50.075365" lon="10.581629">
        <ele>333.740144</ele>
        <time>2025-08-18T18:55:53.910Z</time>
      </trkpt>
      <trkpt lat="50.075584" lon="10.581862">
        <ele>334.781718</ele>
        <time>2025-08-18T18:56:06.942Z</time>
      </trkpt>
      <trkpt lat="50.075668" lon="10.581991">
        <ele>335.244963</ele>
        <time>2025-08-18T18:56:12.971Z</time>
      </trkpt>
      <trkpt lat="50.076388" lon="10.583549">
        <ele>339.867317</ele>
        <time>2025-08-18T18:57:12.120Z</time>
      </trkpt>
      <trkpt lat="50.076677" lon="10.583366">
        <ele>340.987759</ele>
        <time>2025-08-18T18:57:24.159Z</time>
      </trkpt>
      <trkpt lat="50.076929" lon="10.583396">
        <ele>341.895510</ele>
        <time>2025-08-18T18:57:33.505Z</time>
      </trkpt>
      <trkpt lat="50.077121" lon="10.583463">
        <ele>342.602200</ele>
        <time>2025-08-18T18:57:40.503Z</time>
      </trkpt>
      <trkpt lat="50.077312" lon="10.583562">
        <ele>343.325176</ele>
        <time>2025-08-18T18:57:47.453Z</time>
      </trkpt>
      <trkpt lat="50.077575" lon="10.583812">
        <ele>344.251634</ele>
        <time>2025-08-18T18:57:57.755Z</time>
      </trkpt>
      <trkpt lat="50.078188" lon="10.584519">
        <ele>345.831619</ele>
        <time>2025-08-18T18:58:21.463Z</time>
      </trkpt>
      <trkpt lat="50.078838" lon="10.585158">
        <ele>347.423824</ele>
        <time>2025-08-18T18:58:47.008Z</time>
      </trkpt>
      <trkpt lat="50.079090" lon="10.585401">
        <ele>347.846732</ele>
        <time>2025-08-18T18:58:57.015Z</time>
      </trkpt>
      <trkpt lat="50.079367" lon="10.585858">
        <ele>348.159451</ele>
        <time>2025-08-18T18:59:10.509Z</time>
      </trkpt>
      <trkpt lat="50.079906" lon="10.586611">
        <ele>348.720610</ele>
        <time>2025-08-18T18:59:31.179Z</time>
      </trkpt>
      <trkpt lat="50.080164" lon="10.587148">
        <ele>349.054318</ele>
        <time>2025-08-18T18:59:40.768Z</time>
      </trkpt>
      <trkpt lat="50.080288" lon="10.587657">
        <ele>348.665249</ele>
        <time>2025-08-18T18:59:47.893Z</time>
      </trkpt>
      <trkpt lat="50.080341" lon="10.588782">
        <ele>347.359420</ele>
        <time>2025-08-18T19:00:01.394Z</time>
      </trkpt>
      <trkpt lat="50.080396" lon="10.589318">
        <ele>346.731053</ele>
        <time>2025-08-18T19:00:07.886Z</time>
      </trkpt>
      <trkpt lat="50.080518" lon="10.589715">
        <ele>346.221500</ele>
        <time>2025-08-18T19:00:13.284Z</time>
      </trkpt>
      <trkpt lat="50.080673" lon="10.589894">
        <ele>345.881065</ele>
        <time>2025-08-18T19:00:17.066Z</time>
      </trkpt>
      <trkpt lat="50.080797" lon="10.589941">
        <ele>345.852463</ele>
        <time>2025-08-18T19:00:19.848Z</time>
      </trkpt>
      <trkpt lat="50.081589" lon="10.590061">
        <ele>345.674123</ele>
        <time>2025-08-18T19:00:38.451Z</time>
      </trkpt>
      <trkpt lat="50.082130" lon="10.590021">
        <ele>345.552737</ele>
        <time>2025-08-18T19:00:53.383Z</time>
      </trkpt>
      <trkpt lat="50.082572" lon="10.589871">
        <ele>345.616055</ele>
        <time>2025-08-18T19:01:05.755Z</time>
      </trkpt>
      <trkpt lat="50.082920" lon="10.589637">
        <ele>346.036655</ele>
        <time>2025-08-18T19:01:15.425Z</time>
      </trkpt>
      <trkpt lat="50.083039" lon="10.589518">
        <ele>346.193562</ele>
        <time>2025-08-18T19:01:18.952Z</time>
      </trkpt>
      <trkpt lat="50.083124" lon="10.589522">
        <ele>346.287932</ele>
        <time>2025-08-18T19:01:20.869Z</time>
      </trkpt>
      <trkpt lat="50.083615" lon="10.589220">
        <ele>346.873710</ele>
        <time>2025-08-18T19:01:33.432Z</time>
      </trkpt>
      <trkpt lat="50.083615" lon="10.589220">
        <ele>346.873710</ele>
        <time>2025-08-18T19:01:33.437Z</time>
      </trkpt>
      <trkpt lat="50.083920" lon="10.589150">
        <ele>347.215828</ele>
        <time>2025-08-18T19:01:43.539Z</time>
      </trkpt>
      <trkpt lat="50.084310" lon="10.589108">
        <ele>348.249533</ele>
        <time>2025-08-18T19:01:57.762Z</time>
      </trkpt>
      <trkpt lat="50.084565" lon="10.589086">
        <ele>349.506566</ele>
        <time>2025-08-18T19:02:08.049Z</time>
      </trkpt>
      <trkpt lat="50.084727" lon="10.588999">
        <ele>350.349945</ele>
        <time>2025-08-18T19:02:15.378Z</time>
      </trkpt>
      <trkpt lat="50.084837" lon="10.588897">
        <ele>350.979953</ele>
        <time>2025-08-18T19:02:21.297Z</time>
      </trkpt>
      <trkpt lat="50.084820" lon="10.587287">
        <ele>356.065373</ele>
        <time>2025-08-18T19:03:16.277Z</time>
      </trkpt>
      <trkpt lat="50.084859" lon="10.586792">
        <ele>357.428697</ele>
        <time>2025-08-18T19:03:32.275Z</time>
      </trkpt>
      <trkpt lat="50.084895" lon="10.586258">
        <ele>358.850895</ele>
        <time>2025-08-18T19:03:48.830Z</time>
      </trkpt>
      <trkpt lat="50.084887" lon="10.585853">
        <ele>359.924132</ele>
        <time>2025-08-18T19:04:00.945Z</time>
      </trkpt>
      <trkpt lat="50.084789" lon="10.584359">
        <ele>363.805143</ele>
        <time>2025-08-18T19:04:39.059Z</time>
      </trkpt>
      <trkpt lat="50.084682" lon="10.583686">
        <ele>364.450574</ele>
        <time>2025-08-18T19:04:51.544Z</time>
      </trkpt>
      <trkpt lat="50.084694" lon="10.583576">
        <ele>364.554441</ele>
        <time>2025-08-18T19:04:53.388Z</time>
      </trkpt>
      <trkpt lat="50.084880" lon="10.583565">
        <ele>364.824477</ele>
        <time>2025-08-18T19:04:58.253Z</time>
      </trkpt>
      <trkpt lat="50.085174" lon="10.583448">
        <ele>365.264686</ele>
        <time>2025-08-18T19:05:06.070Z</time>
      </trkpt>
      <trkpt lat="50.085601" lon="10.583209">
        <ele>365.922900</ele>
        <time>2025-08-18T19:05:18.209Z</time>
      </trkpt>
      <trkpt lat="50.085954" lon="10.583015">
        <ele>366.523425</ele>
        <time>2025-08-18T19:05:29.309Z</time>
      </trkpt>
      <trkpt lat="50.086337" lon="10.582921">
        <ele>367.397394</ele>
        <time>2025-08-18T19:05:41.875Z</time>
      </trkpt>
      <trkpt lat="50.086602" lon="10.582902">
        <ele>367.995368</ele>
        <time>2025-08-18T19:05:51.512Z</time>
      </trkpt>
      <trkpt lat="50.086991" lon="10.582956">
        <ele>368.875693</ele>
        <time>2025-08-18T19:06:06.187Z</time>
      </trkpt>
      <trkpt lat="50.087632" lon="10.583154">
        <ele>370.348691</ele>
        <time>2025-08-18T19:06:28.869Z</time>
      </trkpt>
      <trkpt lat="50.088147" lon="10.583421">
        <ele>371.489081</ele>
        <time>2025-08-18T19:06:44.731Z</time>
      </trkpt>
      <trkpt lat="50.088744" lon="10.583735">
        <ele>372.807318</ele>
        <time>2025-08-18T19:07:02.365Z</time>
      </trkpt>
      <trkpt lat="50.089312" lon="10.583894">
        <ele>374.014693</ele>
        <time>2025-08-18T19:07:21.427Z</time>
      </trkpt>
      <trkpt lat="50.089367" lon="10.583904">
        <ele>374.130543</ele>
        <time>2025-08-18T19:07:23.571Z</time>
      </trkpt>
      <trkpt lat="50.089769" lon="10.584044">
        <ele>376.800575</ele>
        <time>2025-08-18T19:07:40.240Z</time>
      </trkpt>
      <trkpt lat="50.091166" lon="10.585120">
        <ele>387.720802</ele>
        <time>2025-08-18T19:09:13.879Z</time>
      </trkpt>
      <trkpt lat="50.091460" lon="10.585213">
        <ele>390.569388</ele>
        <time>2025-08-18T19:09:37.861Z</time>
      </trkpt>
      <trkpt lat="50.091884" lon="10.585208">
        <ele>394.595595</ele>
        <time>2025-08-18T19:10:12.256Z</time>
      </trkpt>
      <trkpt lat="50.092109" lon="10.585275">
        <ele>396.770720</ele>
        <time>2025-08-18T19:10:30.292Z</time>
      </trkpt>
      <trkpt lat="50.092428" lon="10.585639">
        <ele>400.524687</ele>
        <time>2025-08-18T19:10:59.396Z</time>
      </trkpt>
      <trkpt lat="50.092574" lon="10.585982">
        <ele>403.032267</ele>
        <time>2025-08-18T19:11:16.253Z</time>
      </trkpt>
      <trkpt lat="50.092700" lon="10.586425">
        <ele>404.412607</ele>
        <time>2025-08-18T19:11:32.776Z</time>
      </trkpt>
      <trkpt lat="50.092739" lon="10.586891">
        <ele>405.538762</ele>
        <time>2025-08-18T19:11:45.593Z</time>
      </trkpt>
      <trkpt lat="50.092691" lon="10.587203">
        <ele>406.307616</ele>
        <time>2025-08-18T19:11:53.036Z</time>
      </trkpt>
      <trkpt lat="50.092352" lon="10.588355">
        <ele>409.344761</ele>
        <time>2025-08-18T19:12:18.744Z</time>
      </trkpt>
      <trkpt lat="50.092242" lon="10.588803">
        <ele>410.701833</ele>
        <time>2025-08-18T19:12:29.226Z</time>
      </trkpt>
      <trkpt lat="50.092214" lon="10.589356">
        <ele>412.752620</ele>
        <time>2025-08-18T19:12:43.129Z</time>
      </trkpt>
      <trkpt lat="50.092307" lon="10.589982">
        <ele>415.128168</ele>
        <time>2025-08-18T19:13:02.398Z</time>
      </trkpt>
      <trkpt lat="50.092421" lon="10.590404">
        <ele>416.820957</ele>
        <time>2025-08-18T19:13:18.577Z</time>
      </trkpt>
      <trkpt lat="50.092522" lon="10.590694">
        <ele>418.040867</ele>
        <time>2025-08-18T19:13:31.140Z</time>
      </trkpt>
      <trkpt lat="50.092641" lon="10.590872">
        <ele>418.991279</ele>
        <time>2025-08-18T19:13:41.363Z</time>
      </trkpt>
      <trkpt lat="50.092829" lon="10.590971">
        <ele>420.134790</ele>
        <time>2025-08-18T19:13:54.174Z</time>
      </trkpt>
      <trkpt lat="50.092982" lon="10.590949">
        <ele>421.205175</ele>
        <time>2025-08-18T19:14:04.344Z</time>
      </trkpt>
      <trkpt lat="50.093162" lon="10.590818">
        <ele>422.739441</ele>
        <time>2025-08-18T19:14:17.719Z</time>
      </trkpt>
      <trkpt lat="50.093750" lon="10.590159">
        <ele>428.332766</ele>
        <time>2025-08-18T19:15:05.985Z</time>
      </trkpt>
      <trkpt lat="50.093751" lon="10.590159">
        <ele>428.340490</ele>
        <time>2025-08-18T19:15:06.017Z</time>
      </trkpt>
      <trkpt lat="50.094034" lon="10.589995">
        <ele>430.672355</ele>
        <time>2025-08-18T19:15:24.789Z</time>
      </trkpt>
      <trkpt lat="50.094507" lon="10.589981">
        <ele>434.326154</ele>
        <time>2025-08-18T19:15:51.397Z</time>
      </trkpt>
      <trkpt lat="50.096060" lon="10.590497">
        <ele>441.327417</ele>
        <time>2025-08-18T19:17:02.542Z</time>
      </trkpt>
      <trkpt lat="50.096589" lon="10.590867">
        <ele>442.779809</ele>
        <time>2025-08-18T19:17:22.539Z</time>
      </trkpt>
      <trkpt lat="50.096760" lon="10.591142">
        <ele>443.118746</ele>
        <time>2025-08-18T19:17:30.079Z</time>
      </trkpt>
      <trkpt lat="50.096849" lon="10.591447">
        <ele>443.415276</ele>
        <time>2025-08-18T19:17:36.277Z</time>
      </trkpt>
      <trkpt lat="50.096989" lon="10.592220">
        <ele>444.126098</ele>
        <time>2025-08-18T19:17:49.991Z</time>
      </trkpt>
      <trkpt lat="50.097221" lon="10.593016">
        <ele>444.699789</ele>
        <time>2025-08-18T19:18:03.570Z</time>
      </trkpt>
      <trkpt lat="50.097264" lon="10.593146">
        <ele>444.644712</ele>
        <time>2025-08-18T19:18:05.723Z</time>
      </trkpt>
      <trkpt lat="50.097307" lon="10.593273">
        <ele>444.590637</ele>
        <time>2025-08-18T19:18:07.828Z</time>
      </trkpt>
      <trkpt lat="50.097616" lon="10.592761">
        <ele>444.325928</ele>
        <time>2025-08-18T19:18:24.588Z</time>
      </trkpt>
      <trkpt lat="50.099540" lon="10.589147">
        <ele>441.859384</ele>
        <time>2025-08-18T19:20:07.631Z</time>
      </trkpt>
      <trkpt lat="50.100527" lon="10.587269">
        <ele>441.973778</ele>
        <time>2025-08-18T19:20:46.297Z</time>
      </trkpt>
      <trkpt lat="50.100891" lon="10.586561">
        <ele>442.772669</ele>
        <time>2025-08-18T19:21:05.488Z</time>
      </trkpt>
      <trkpt lat="50.101057" lon="10.586299">
        <ele>443.151068</ele>
        <time>2025-08-18T19:21:13.754Z</time>
      </trkpt>
      <trkpt lat="50.102579" lon="10.584721">
        <ele>445.491867</ele>
        <time>2025-08-18T19:22:15.045Z</time>
      </trkpt>
      <trkpt lat="50.103699" lon="10.583605">
        <ele>446.013281</ele>
        <time>2025-08-18T19:22:49.734Z</time>
      </trkpt>
      <trkpt lat="50.103818" lon="10.583475">
        <ele>445.843366</ele>
        <time>2025-08-18T19:22:54.824Z</time>
      </trkpt>
      <trkpt lat="50.105333" lon="10.580901">
        <ele>442.891885</ele>
        <time>2025-08-18T19:24:09.111Z</time>
      </trkpt>
      <trkpt lat="50.106176" lon="10.579441">
        <ele>441.182973</ele>
        <time>2025-08-18T19:24:51.201Z</time>
      </trkpt>
      <trkpt lat="50.106262" lon="10.579237">
        <ele>441.051440</ele>
        <time>2025-08-18T19:24:56.683Z</time>
      </trkpt>
      <trkpt lat="50.106665" lon="10.578484">
        <ele>440.523025</ele>
        <time>2025-08-18T19:25:19.208Z</time>
      </trkpt>
      <trkpt lat="50.107154" lon="10.577771">
        <ele>439.960588</ele>
        <time>2025-08-18T19:25:43.435Z</time>
      </trkpt>
      <trkpt lat="50.108039" lon="10.576116">
        <ele>438.108068</ele>
        <time>2025-08-18T19:26:29.985Z</time>
      </trkpt>
      <trkpt lat="50.108973" lon="10.575290">
        <ele>436.788833</ele>
        <time>2025-08-18T19:27:05.277Z</time>
      </trkpt>
      <trkpt lat="50.110088" lon="10.574571">
        <ele>435.459298</ele>
        <time>2025-08-18T19:27:47.001Z</time>
      </trkpt>
      <trkpt lat="50.110253" lon="10.574514">
        <ele>435.443620</ele>
        <time>2025-08-18T19:27:53.204Z</time>
      </trkpt>
      <trkpt lat="50.110493" lon="10.574621">
        <ele>435.420462</ele>
        <time>2025-08-18T19:28:02.478Z</time>
      </trkpt>
      <trkpt lat="50.111736" lon="10.575821">
        <ele>435.117616</ele>
        <time>2025-08-18T19:28:58.219Z</time>
      </trkpt>
      <trkpt lat="50.111982" lon="10.576132">
        <ele>434.717321</ele>
        <time>2025-08-18T19:29:09.301Z</time>
      </trkpt>
      <trkpt lat="50.112268" lon="10.576652">
        <ele>434.162030</ele>
        <time>2025-08-18T19:29:24.089Z</time>
      </trkpt>
      <trkpt lat="50.112467" lon="10.576802">
        <ele>433.882650</ele>
        <time>2025-08-18T19:29:31.275Z</time>
      </trkpt>
      <trkpt lat="50.113558" lon="10.577159">
        <ele>432.933094</ele>
        <time>2025-08-18T19:30:07.779Z</time>
      </trkpt>
      <trkpt lat="50.113958" lon="10.577242">
        <ele>432.848385</ele>
        <time>2025-08-18T19:30:22.276Z</time>
      </trkpt>
      <trkpt lat="50.114463" lon="10.577412">
        <ele>432.739932</ele>
        <time>2025-08-18T19:30:42.823Z</time>
      </trkpt>
      <trkpt lat="50.114527" lon="10.577509">
        <ele>432.721198</ele>
        <time>2025-08-18T19:30:46.708Z</time>
      </trkpt>
      <trkpt lat="50.114584" lon="10.577680">
        <ele>432.695254</ele>
        <time>2025-08-18T19:30:51.992Z</time>
      </trkpt>
      <trkpt lat="50.114929" lon="10.578942">
        <ele>432.475965</ele>
        <time>2025-08-18T19:31:28.132Z</time>
      </trkpt>
      <trkpt lat="50.115276" lon="10.579982">
        <ele>432.278118</ele>
        <time>2025-08-18T19:31:54.902Z</time>
      </trkpt>
      <trkpt lat="50.116008" lon="10.582835">
        <ele>430.119091</ele>
        <time>2025-08-18T19:33:01.071Z</time>
      </trkpt>
      <trkpt lat="50.116854" lon="10.585633">
        <ele>428.021197</ele>
        <time>2025-08-18T19:34:09.524Z</time>
      </trkpt>
      <trkpt lat="50.117357" lon="10.588038">
        <ele>427.163728</ele>
        <time>2025-08-18T19:35:05.747Z</time>
      </trkpt>
      <trkpt lat="50.117528" lon="10.587762">
        <ele>427.100316</ele>
        <time>2025-08-18T19:35:15.698Z</time>
      </trkpt>
      <trkpt lat="50.117626" lon="10.587361">
        <ele>427.551961</ele>
        <time>2025-08-18T19:35:27.503Z</time>
      </trkpt>
      <trkpt lat="50.117997" lon="10.584109">
        <ele>430.206612</ele>
        <time>2025-08-18T19:37:07.415Z</time>
      </trkpt>
      <trkpt lat="50.118103" lon="10.583659">
        <ele>430.306369</ele>
        <time>2025-08-18T19:37:19.907Z</time>
      </trkpt>
      <trkpt lat="50.118323" lon="10.583147">
        <ele>430.434619</ele>
        <time>2025-08-18T19:37:34.382Z</time>
      </trkpt>
      <trkpt lat="50.118761" lon="10.582626">
        <ele>430.434755</ele>
        <time>2025-08-18T19:37:52.939Z</time>
      </trkpt>
      <trkpt lat="50.119220" lon="10.581871">
        <ele>429.138392</ele>
        <time>2025-08-18T19:38:14.317Z</time>
      </trkpt>
      <trkpt lat="50.119418" lon="10.581746">
        <ele>428.723301</ele>
        <time>2025-08-18T19:38:21.082Z</time>
      </trkpt>
      <trkpt lat="50.119708" lon="10.581737">
        <ele>428.159647</ele>
        <time>2025-08-18T19:38:30.370Z</time>
      </trkpt>
      <trkpt lat="50.120302" lon="10.582048">
        <ele>426.930601</ele>
        <time>2025-08-18T19:38:50.945Z</time>
      </trkpt>
      <trkpt lat="50.120565" lon="10.582138">
        <ele>426.367582</ele>
        <time>2025-08-18T19:39:00.023Z</time>
      </trkpt>
      <trkpt lat="50.120869" lon="10.582117">
        <ele>425.731289</ele>
        <time>2025-08-18T19:39:10.515Z</time>
      </trkpt>
      <trkpt lat="50.120940" lon="10.582112">
        <ele>425.582676</ele>
        <time>2025-08-18T19:39:13.001Z</time>
      </trkpt>
      <trkpt lat="50.122117" lon="10.581526">
        <ele>422.468465</ele>
        <time>2025-08-18T19:39:53.090Z</time>
      </trkpt>
      <trkpt lat="50.123048" lon="10.581617">
        <ele>417.403716</ele>
        <time>2025-08-18T19:40:19.323Z</time>
      </trkpt>
      <trkpt lat="50.123389" lon="10.581426">
        <ele>415.436504</ele>
        <time>2025-08-18T19:40:29.206Z</time>
      </trkpt>
      <trkpt lat="50.123613" lon="10.581347">
        <ele>414.189600</ele>
        <time>2025-08-18T19:40:35.499Z</time>
      </trkpt>
      <trkpt lat="50.125250" lon="10.582270">
        <ele>404.133941</ele>
        <time>2025-08-18T19:41:06.116Z</time>
      </trkpt>
      <trkpt lat="50.130825" lon="10.585602">
        <ele>369.130627</ele>
        <time>2025-08-18T19:42:50.277Z</time>
      </trkpt>
      <trkpt lat="50.132330" lon="10.586526">
        <ele>361.102605</ele>
        <time>2025-08-18T19:43:36.816Z</time>
      </trkpt>
      <trkpt lat="50.133128" lon="10.586966">
        <ele>358.457650</ele>
        <time>2025-08-18T19:44:01.548Z</time>
      </trkpt>
      <trkpt lat="50.133387" lon="10.587156">
        <ele>357.563247</ele>
        <time>2025-08-18T19:44:10.631Z</time>
      </trkpt>
      <trkpt lat="50.133728" lon="10.587290">
        <ele>356.464324</ele>
        <time>2025-08-18T19:44:22.666Z</time>
      </trkpt>
      <trkpt lat="50.133800" lon="10.587284">
        <ele>356.239001</ele>
        <time>2025-08-18T19:44:25.264Z</time>
      </trkpt>
      <trkpt lat="50.133865" lon="10.587226">
        <ele>356.186401</ele>
        <time>2025-08-18T19:44:28.024Z</time>
      </trkpt>
      <trkpt lat="50.134386" lon="10.586673">
        <ele>356.384872</ele>
        <time>2025-08-18T19:44:45.808Z</time>
      </trkpt>
      <trkpt lat="50.134568" lon="10.586597">
        <ele>356.444212</ele>
        <time>2025-08-18T19:44:51.526Z</time>
      </trkpt>
      <trkpt lat="50.135284" lon="10.586829">
        <ele>356.674535</ele>
        <time>2025-08-18T19:45:11.168Z</time>
      </trkpt>
      <trkpt lat="50.135570" lon="10.586980">
        <ele>356.593633</ele>
        <time>2025-08-18T19:45:17.348Z</time>
      </trkpt>
      <trkpt lat="50.136131" lon="10.587487">
        <ele>355.719960</ele>
        <time>2025-08-18T19:45:29.675Z</time>
      </trkpt>
      <trkpt lat="50.136392" lon="10.587554">
        <ele>355.363512</ele>
        <time>2025-08-18T19:45:34.633Z</time>
      </trkpt>
      <trkpt lat="50.136562" lon="10.587494">
        <ele>355.128635</ele>
        <time>2025-08-18T19:45:37.908Z</time>
      </trkpt>
      <trkpt lat="50.136613" lon="10.587889">
        <ele>354.780602</ele>
        <time>2025-08-18T19:45:42.824Z</time>
      </trkpt>
      <trkpt lat="50.136752" lon="10.589653">
        <ele>352.823942</ele>
        <time>2025-08-18T19:46:04.148Z</time>
      </trkpt>
      <trkpt lat="50.136941" lon="10.589871">
        <ele>352.382065</ele>
        <time>2025-08-18T19:46:08.853Z</time>
      </trkpt>
      <trkpt lat="50.137791" lon="10.590819">
        <ele>351.046738</ele>
        <time>2025-08-18T19:46:30.047Z</time>
      </trkpt>
      <trkpt lat="50.138484" lon="10.591543">
        <ele>351.400147</ele>
        <time>2025-08-18T19:46:52.621Z</time>
      </trkpt>
      <trkpt lat="50.138705" lon="10.591771">
        <ele>351.512415</ele>
        <time>2025-08-18T19:47:01.694Z</time>
      </trkpt>
      <trkpt lat="50.139123" lon="10.592122">
        <ele>351.821457</ele>
        <time>2025-08-18T19:47:18.281Z</time>
      </trkpt>
      <trkpt lat="50.139915" lon="10.592376">
        <ele>353.980327</ele>
        <time>2025-08-18T19:47:45.301Z</time>
      </trkpt>
      <trkpt lat="50.140146" lon="10.592442">
        <ele>354.607358</ele>
        <time>2025-08-18T19:47:53.101Z</time>
      </trkpt>
      <trkpt lat="50.140462" lon="10.592622">
        <ele>355.505554</ele>
        <time>2025-08-18T19:48:05.329Z</time>
      </trkpt>
      <trkpt lat="50.140580" lon="10.592750">
        <ele>355.889276</ele>
        <time>2025-08-18T19:48:11.017Z</time>
      </trkpt>
      <trkpt lat="50.141364" lon="10.593932">
        <ele>362.215122</ele>
        <time>2025-08-18T19:49:08.734Z</time>
      </trkpt>
      <trkpt lat="50.141987" lon="10.595044">
        <ele>368.473202</ele>
        <time>2025-08-18T19:50:11.838Z</time>
      </trkpt>
      <trkpt lat="50.143394" lon="10.596289">
        <ele>377.044758</ele>
        <time>2025-08-18T19:51:44.941Z</time>
      </trkpt>
      <trkpt lat="50.143755" lon="10.596604">
        <ele>376.790524</ele>
        <time>2025-08-18T19:52:01.622Z</time>
      </trkpt>
      <trkpt lat="50.145014" lon="10.598284">
        <ele>368.351528</ele>
        <time>2025-08-18T19:52:47.878Z</time>
      </trkpt>
      <trkpt lat="50.147362" lon="10.599749">
        <ele>343.473929</ele>
        <time>2025-08-18T19:53:51.723Z</time>
      </trkpt>
      <trkpt lat="50.147988" lon="10.600060">
        <ele>337.809581</ele>
        <time>2025-08-18T19:54:09.411Z</time>
      </trkpt>
      <trkpt lat="50.148243" lon="10.600173">
        <ele>335.524022</ele>
        <time>2025-08-18T19:54:16.883Z</time>
      </trkpt>
      <trkpt lat="50.148994" lon="10.600393">
        <ele>332.702064</ele>
        <time>2025-08-18T19:54:39.616Z</time>
      </trkpt>
      <trkpt lat="50.149269" lon="10.600509">
        <ele>331.738054</ele>
        <time>2025-08-18T19:54:48.299Z</time>
      </trkpt>
      <trkpt lat="50.149890" lon="10.600947">
        <ele>329.431895</ele>
        <time>2025-08-18T19:55:10.260Z</time>
      </trkpt>
      <trkpt lat="50.150226" lon="10.601227">
        <ele>327.997364</ele>
        <time>2025-08-18T19:55:22.926Z</time>
      </trkpt>
      <trkpt lat="50.150421" lon="10.601446">
        <ele>327.053725</ele>
        <time>2025-08-18T19:55:30.654Z</time>
      </trkpt>
      <trkpt lat="50.150488" lon="10.601568">
        <ele>326.649326</ele>
        <time>2025-08-18T19:55:33.996Z</time>
      </trkpt>
      <trkpt lat="50.150575" lon="10.601764">
        <ele>326.049226</ele>
        <time>2025-08-18T19:55:38.784Z</time>
      </trkpt>
      <trkpt lat="50.150986" lon="10.602807">
        <ele>322.967506</ele>
        <time>2025-08-18T19:56:02.159Z</time>
      </trkpt>
      <trkpt lat="50.152024" lon="10.604946">
        <ele>311.708796</ele>
        <time>2025-08-18T19:56:48.477Z</time>
      </trkpt>
      <trkpt lat="50.152155" lon="10.605107">
        <ele>310.542382</ele>
        <time>2025-08-18T19:56:52.997Z</time>
      </trkpt>
      <trkpt lat="50.153020" lon="10.605779">
        <ele>305.134348</ele>
        <time>2025-08-18T19:57:20.180Z</time>
      </trkpt>
      <trkpt lat="50.153105" lon="10.605878">
        <ele>304.570837</ele>
        <time>2025-08-18T19:57:23.231Z</time>
      </trkpt>
      <trkpt lat="50.153661" lon="10.606468">
        <ele>300.998594</ele>
        <time>2025-08-18T19:57:33.905Z</time>
      </trkpt>
      <trkpt lat="50.154256" lon="10.607474">
        <ele>298.136548</ele>
        <time>2025-08-18T19:57:48.301Z</time>
      </trkpt>
      <trkpt lat="50.154403" lon="10.607833">
        <ele>297.429929</ele>
        <time>2025-08-18T19:57:52.991Z</time>
      </trkpt>
      <trkpt lat="50.154288" lon="10.607978">
        <ele>297.047242</ele>
        <time>2025-08-18T19:57:55.585Z</time>
      </trkpt>
      <trkpt lat="50.154215" lon="10.608131">
        <ele>296.730857</ele>
        <time>2025-08-18T19:57:57.800Z</time>
      </trkpt>
      <trkpt lat="50.154034" lon="10.608692">
        <ele>295.689107</ele>
        <time>2025-08-18T19:58:05.462Z</time>
      </trkpt>
      <trkpt lat="50.153765" lon="10.609345">
        <ele>295.447768</ele>
        <time>2025-08-18T19:58:16.329Z</time>
      </trkpt>
      <trkpt lat="50.153154" lon="10.611237">
        <ele>296.599251</ele>
        <time>2025-08-18T19:58:54.391Z</time>
      </trkpt>
      <trkpt lat="50.153125" lon="10.611321">
        <ele>296.651109</ele>
        <time>2025-08-18T19:58:56.310Z</time>
      </trkpt>
      <trkpt lat="50.153042" lon="10.611571">
        <ele>296.822218</ele>
        <time>2025-08-18T19:59:01.932Z</time>
      </trkpt>
      <trkpt lat="50.153004" lon="10.611744">
        <ele>296.941817</ele>
        <time>2025-08-18T19:59:07.346Z</time>
      </trkpt>
      <trkpt lat="50.153003" lon="10.613098">
        <ele>297.827289</ele>
        <time>2025-08-18T19:59:46.726Z</time>
      </trkpt>
      <trkpt lat="50.152974" lon="10.616381">
        <ele>298.042358</ele>
        <time>2025-08-18T20:01:05.723Z</time>
      </trkpt>
      <trkpt lat="50.152830" lon="10.617490">
        <ele>297.432060</ele>
        <time>2025-08-18T20:01:30.087Z</time>
      </trkpt>
      <trkpt lat="50.152691" lon="10.618706">
        <ele>296.290851</ele>
        <time>2025-08-18T20:01:55.251Z</time>
      </trkpt>
      <trkpt lat="50.152658" lon="10.619160">
        <ele>295.868706</ele>
        <time>2025-08-18T20:02:05.164Z</time>
      </trkpt>
      <trkpt lat="50.152674" lon="10.619961">
        <ele>295.289119</ele>
        <time>2025-08-18T20:02:23.517Z</time>
      </trkpt>
      <trkpt lat="50.152685" lon="10.620504">
        <ele>295.253123</ele>
        <time>2025-08-18T20:02:36.443Z</time>
      </trkpt>
      <trkpt lat="50.152690" lon="10.620807">
        <ele>295.233040</ele>
        <time>2025-08-18T20:02:43.802Z</time>
      </trkpt>
      <trkpt lat="50.152698" lon="10.621186">
        <ele>295.207915</ele>
        <time>2025-08-18T20:02:53.125Z</time>
      </trkpt>
      <trkpt lat="50.152664" lon="10.621697">
        <ele>295.173875</ele>
        <time>2025-08-18T20:03:06.325Z</time>
      </trkpt>
      <trkpt lat="50.152603" lon="10.622210">
        <ele>295.139305</ele>
        <time>2025-08-18T20:03:19.304Z</time>
      </trkpt>
      <trkpt lat="50.152364" lon="10.623480">
        <ele>294.689307</ele>
        <time>2025-08-18T20:03:48.559Z</time>
      </trkpt>
      <trkpt lat="50.152310" lon="10.623900">
        <ele>294.500118</ele>
        <time>2025-08-18T20:03:58.102Z</time>
      </trkpt>
      <trkpt lat="50.152259" lon="10.624648">
        <ele>294.167901</ele>
        <time>2025-08-18T20:04:15.356Z</time>
      </trkpt>
      <trkpt lat="50.152009" lon="10.625815">
        <ele>293.903649</ele>
        <time>2025-08-18T20:04:43.212Z</time>
      </trkpt>
      <trkpt lat="50.151877" lon="10.626278">
        <ele>293.928440</ele>
        <time>2025-08-18T20:04:54.250Z</time>
      </trkpt>
      <trkpt lat="50.151644" lon="10.626779">
        <ele>293.958725</ele>
        <time>2025-08-18T20:05:08.263Z</time>
      </trkpt>
      <trkpt lat="50.151610" lon="10.626910">
        <ele>293.965640</ele>
        <time>2025-08-18T20:05:11.587Z</time>
      </trkpt>
      <trkpt lat="50.151558" lon="10.627689">
        <ele>294.003956</ele>
        <time>2025-08-18T20:05:31.634Z</time>
      </trkpt>
      <trkpt lat="50.151097" lon="10.630023">
        <ele>295.973048</ele>
        <time>2025-08-18T20:06:50.989Z</time>
      </trkpt>
      <trkpt lat="50.151073" lon="10.630339">
        <ele>296.249646</ele>
        <time>2025-08-18T20:06:58.828Z</time>
      </trkpt>
      <trkpt lat="50.151156" lon="10.631112">
        <ele>294.993418</ele>
        <time>2025-08-18T20:07:14.936Z</time>
      </trkpt>
      <trkpt lat="50.151087" lon="10.632099">
        <ele>292.357301</ele>
        <time>2025-08-18T20:07:33.160Z</time>
      </trkpt>
      <trkpt lat="50.151159" lon="10.632641">
        <ele>290.887646</ele>
        <time>2025-08-18T20:07:43.027Z</time>
      </trkpt>
      <trkpt lat="50.151279" lon="10.633045">
        <ele>289.705351</ele>
        <time>2025-08-18T20:07:51.048Z</time>
      </trkpt>
      <trkpt lat="50.151375" lon="10.633335">
        <ele>288.933088</ele>
        <time>2025-08-18T20:07:57.086Z</time>
      </trkpt>
      <trkpt lat="50.151466" lon="10.633505">
        <ele>288.688731</ele>
        <time>2025-08-18T20:08:01.272Z</time>
      </trkpt>
      <trkpt lat="50.151908" lon="10.633608">
        <ele>287.919361</ele>
        <time>2025-08-18T20:08:08.999Z</time>
      </trkpt>
      <trkpt lat="50.152002" lon="10.633617">
        <ele>287.757229</ele>
        <time>2025-08-18T20:08:10.781Z</time>
      </trkpt>
      <trkpt lat="50.152280" lon="10.633484">
        <ele>287.256650</ele>
        <time>2025-08-18T20:08:16.846Z</time>
      </trkpt>
      <trkpt lat="50.152317" lon="10.634307">
        <ele>286.346572</ele>
        <time>2025-08-18T20:08:28.380Z</time>
      </trkpt>
      <trkpt lat="50.152293" lon="10.634734">
        <ele>285.903719</ele>
        <time>2025-08-18T20:08:34.554Z</time>
      </trkpt>
      <trkpt lat="50.152225" lon="10.635307">
        <ele>285.904332</ele>
        <time>2025-08-18T20:08:43.143Z</time>
      </trkpt>
      <trkpt lat="50.152262" lon="10.635373">
        <ele>285.904424</ele>
        <time>2025-08-18T20:08:44.470Z</time>
      </trkpt>
      <trkpt lat="50.152315" lon="10.635752">
        <ele>285.904832</ele>
        <time>2025-08-18T20:08:50.239Z</time>
      </trkpt>
      <trkpt lat="50.152262" lon="10.635373">
        <ele>285.905239</ele>
        <time>2025-08-18T20:08:55.983Z</time>
      </trkpt>
      <trkpt lat="50.152225" lon="10.635307">
        <ele>285.905332</ele>
        <time>2025-08-18T20:08:57.280Z</time>
      </trkpt>
      <trkpt lat="50.152293" lon="10.634734">
        <ele>285.905944</ele>
        <time>2025-08-18T20:09:05.494Z</time>
      </trkpt>
      <trkpt lat="50.152317" lon="10.634307">
        <ele>285.906395</ele>
        <time>2025-08-18T20:09:11.557Z</time>
      </trkpt>
      <trkpt lat="50.152280" lon="10.633484">
        <ele>285.963685</ele>
        <time>2025-08-18T20:09:23.256Z</time>
      </trkpt>
      <trkpt lat="50.152311" lon="10.633135">
        <ele>285.997724</ele>
        <time>2025-08-18T20:09:28.570Z</time>
      </trkpt>
      <trkpt lat="50.152559" lon="10.632064">
        <ele>286.107743</ele>
        <time>2025-08-18T20:09:45.584Z</time>
      </trkpt>
      <trkpt lat="50.152610" lon="10.631567">
        <ele>286.156371</ele>
        <time>2025-08-18T20:09:53.128Z</time>
      </trkpt>
      <trkpt lat="50.152679" lon="10.630950">
        <ele>286.234895</ele>
        <time>2025-08-18T20:10:02.372Z</time>
      </trkpt>
      <trkpt lat="50.152752" lon="10.630385">
        <ele>286.316272</ele>
        <time>2025-08-18T20:10:10.764Z</time>
      </trkpt>
      <trkpt lat="50.152923" lon="10.629394">
        <ele>286.461173</ele>
        <time>2025-08-18T20:10:25.549Z</time>
      </trkpt>
      <trkpt lat="50.153307" lon="10.627268">
        <ele>286.963410</ele>
        <time>2025-08-18T20:11:00.738Z</time>
      </trkpt>
      <trkpt lat="50.153366" lon="10.626968">
        <ele>287.050130</ele>
        <time>2025-08-18T20:11:05.763Z</time>
      </trkpt>
      <trkpt lat="50.153507" lon="10.626209">
        <ele>287.268513</ele>
        <time>2025-08-18T20:11:18.131Z</time>
      </trkpt>
      <trkpt lat="50.153796" lon="10.624667">
        <ele>287.464035</ele>
        <time>2025-08-18T20:11:41.842Z</time>
      </trkpt>
      <trkpt lat="50.154653" lon="10.620091">
        <ele>287.913083</ele>
        <time>2025-08-18T20:12:51.363Z</time>
      </trkpt>
      <trkpt lat="50.154789" lon="10.619257">
        <ele>288.093660</ele>
        <time>2025-08-18T20:13:05.068Z</time>
      </trkpt>
      <trkpt lat="50.154879" lon="10.618233">
        <ele>288.310539</ele>
        <time>2025-08-18T20:13:21.249Z</time>
      </trkpt>
      <trkpt lat="50.154904" lon="10.617436">
        <ele>288.397929</ele>
        <time>2025-08-18T20:13:33.081Z</time>
      </trkpt>
      <trkpt lat="50.154904" lon="10.616248">
        <ele>288.375547</ele>
        <time>2025-08-18T20:13:49.854Z</time>
      </trkpt>
      <trkpt lat="50.154905" lon="10.613679">
        <ele>288.547110</ele>
        <time>2025-08-18T20:14:25.779Z</time>
      </trkpt>
      <trkpt lat="50.154906" lon="10.613155">
        <ele>288.625914</ele>
        <time>2025-08-18T20:14:33.230Z</time>
      </trkpt>
      <trkpt lat="50.154910" lon="10.612886">
        <ele>288.666380</ele>
        <time>2025-08-18T20:14:37.303Z</time>
      </trkpt>
      <trkpt lat="50.154928" lon="10.611829">
        <ele>289.234773</ele>
        <time>2025-08-18T20:14:55.221Z</time>
      </trkpt>
      <trkpt lat="50.155016" lon="10.611200">
        <ele>290.100012</ele>
        <time>2025-08-18T20:15:07.378Z</time>
      </trkpt>
      <trkpt lat="50.155389" lon="10.609979">
        <ele>291.917897</ele>
        <time>2025-08-18T20:15:37.986Z</time>
      </trkpt>
      <trkpt lat="50.155409" lon="10.609745">
        <ele>292.235156</ele>
        <time>2025-08-18T20:15:43.660Z</time>
      </trkpt>
      <trkpt lat="50.156064" lon="10.609684">
        <ele>293.203808</ele>
        <time>2025-08-18T20:16:07.606Z</time>
      </trkpt>
      <trkpt lat="50.156531" lon="10.609485">
        <ele>293.830506</ele>
        <time>2025-08-18T20:16:30.104Z</time>
      </trkpt>
      <trkpt lat="50.157001" lon="10.609328">
        <ele>294.452739</ele>
        <time>2025-08-18T20:16:49.813Z</time>
      </trkpt>
      <trkpt lat="50.157236" lon="10.609177">
        <ele>294.781737</ele>
        <time>2025-08-18T20:16:58.934Z</time>
      </trkpt>
      <trkpt lat="50.157646" lon="10.608816">
        <ele>294.560042</ele>
        <time>2025-08-18T20:17:15.162Z</time>
      </trkpt>
      <trkpt lat="50.157918" lon="10.608456">
        <ele>294.278300</ele>
        <time>2025-08-18T20:17:27.205Z</time>
      </trkpt>
      <trkpt lat="50.158276" lon="10.608060">
        <ele>293.931650</ele>
        <time>2025-08-18T20:17:41.926Z</time>
      </trkpt>
      <trkpt lat="50.158509" lon="10.607692">
        <ele>293.669777</ele>
        <time>2025-08-18T20:17:53.561Z</time>
      </trkpt>
      <trkpt lat="50.158639" lon="10.607330">
        <ele>293.459732</ele>
        <time>2025-08-18T20:18:03.229Z</time>
      </trkpt>
      <trkpt lat="50.158796" lon="10.606699">
        <ele>293.161214</ele>
        <time>2025-08-18T20:18:19.533Z</time>
      </trkpt>
      <trkpt lat="50.159023" lon="10.606181">
        <ele>292.885142</ele>
        <time>2025-08-18T20:18:34.265Z</time>
      </trkpt>
      <trkpt lat="50.159201" lon="10.605473">
        <ele>292.550576</ele>
        <time>2025-08-18T20:18:51.274Z</time>
      </trkpt>
      <trkpt lat="50.159245" lon="10.605119">
        <ele>292.391951</ele>
        <time>2025-08-18T20:18:59.169Z</time>
      </trkpt>
      <trkpt lat="50.159254" lon="10.604863">
        <ele>292.279170</ele>
        <time>2025-08-18T20:19:04.758Z</time>
      </trkpt>
      <trkpt lat="50.159235" lon="10.604486">
        <ele>292.108476</ele>
        <time>2025-08-18T20:19:12.855Z</time>
      </trkpt>
      <trkpt lat="50.159145" lon="10.603766">
        <ele>291.772590</ele>
        <time>2025-08-18T20:19:28.374Z</time>
      </trkpt>
      <trkpt lat="50.158912" lon="10.602461">
        <ele>291.152290</ele>
        <time>2025-08-18T20:19:58.460Z</time>
      </trkpt>
      <trkpt lat="50.158852" lon="10.602021">
        <ele>290.946311</ele>
        <time>2025-08-18T20:20:09.755Z</time>
      </trkpt>
      <trkpt lat="50.158856" lon="10.601540">
        <ele>291.226600</ele>
        <time>2025-08-18T20:20:22.649Z</time>
      </trkpt>
      <trkpt lat="50.159027" lon="10.600131">
        <ele>292.153875</ele>
        <time>2025-08-18T20:21:03.567Z</time>
      </trkpt>
      <trkpt lat="50.159132" lon="10.599776">
        <ele>292.406703</ele>
        <time>2025-08-18T20:21:14.546Z</time>
      </trkpt>
      <trkpt lat="50.159391" lon="10.599312">
        <ele>292.732685</ele>
        <time>2025-08-18T20:21:31.337Z</time>
      </trkpt>
      <trkpt lat="50.159560" lon="10.599046">
        <ele>292.662178</ele>
        <time>2025-08-18T20:21:41.126Z</time>
      </trkpt>
      <trkpt lat="50.160497" lon="10.597831">
        <ele>292.304325</ele>
        <time>2025-08-18T20:22:24.527Z</time>
      </trkpt>
      <trkpt lat="50.161244" lon="10.597095">
        <ele>292.013002</ele>
        <time>2025-08-18T20:22:54.826Z</time>
      </trkpt>
      <trkpt lat="50.161345" lon="10.596949">
        <ele>291.965239</ele>
        <time>2025-08-18T20:22:59.615Z</time>
      </trkpt>
      <trkpt lat="50.161414" lon="10.596751">
        <ele>291.915138</ele>
        <time>2025-08-18T20:23:04.692Z</time>
      </trkpt>
      <trkpt lat="50.161533" lon="10.596208">
        <ele>291.787574</ele>
        <time>2025-08-18T20:23:17.896Z</time>
      </trkpt>
      <trkpt lat="50.161658" lon="10.595718">
        <ele>291.670340</ele>
        <time>2025-08-18T20:23:25.766Z</time>
      </trkpt>
      <trkpt lat="50.161719" lon="10.595379">
        <ele>291.596439</ele>
        <time>2025-08-18T20:23:31.522Z</time>
      </trkpt>
      <trkpt lat="50.161805" lon="10.594599">
        <ele>291.596439</ele>
        <time>2025-08-18T20:23:45.257Z</time>
      </trkpt>
      <trkpt lat="50.161774" lon="10.594457">
        <ele>291.596439</ele>
        <time>2025-08-18T20:23:47.746Z</time>
      </trkpt>
      <trkpt lat="50.161991" lon="10.594369">
        <ele>291.596439</ele>
        <time>2025-08-18T20:23:53.669Z</time>
      </trkpt>
      <trkpt lat="50.162030" lon="10.594123">
        <ele>291.596439</ele>
        <time>2025-08-18T20:23:57.824Z</time>
      </trkpt>
    </trkseg>
  </trk>
</gpx>