<?xml version='1.0' encoding='UTF-8'?>
<gpx version="1.1" creator="https://www.komoot.de" xmlns="http://www.topografix.com/GPX/1/1" xmlns:xsi="http://www.w3.org/2001/XMLSchema-instance" xsi:schemaLocation="http://www.topografix.com/GPX/1/1 http://www.topografix.com/GPX/1/1/gpx.xsd">
  <metadata>
    <name>Trollingravel Warp - scouted by GravelDeluxe | RIDEFAR Community Ride on September 14</name>
    <author>
      <link href="https://www.komoot.de">
        <text>komoot</text>
        <type>text/html</type>
      </link>
    </author>
  </metadata>
  <wpt lat="49.128617" lon="9.107970">
    <name>Heuchelberger Warte</name>
    <sym>Flag, Blue</sym>
  </wpt>
  <wpt lat="49.057854" lon="8.912203">
    <name>Stausee Ehmetsklinge</name>
    <sym>Flag, Blue</sym>
  </wpt>
  <wpt lat="49.001843" lon="8.812031">
    <name>Blick auf das Kloster Maulbronn</name>
    <sym>Flag, Blue</sym>
  </wpt>
  <wpt lat="48.962334" lon="9.088285">
    <name>Mettertal-Trail</name>
    <sym>Flag, Blue</sym>
  </wpt>
  <wpt lat="48.979892" lon="9.114451">
    <name>Löchgauer Tal</name>
    <sym>Flag, Blue</sym>
  </wpt>
  <wpt lat="48.997174" lon="9.142763">
    <name>Mühlensteg</name>
    <sym>Bridge</sym>
  </wpt>
  <wpt lat="49.000019" lon="9.177517">
    <name>Hessigheimer Felsengärten</name>
    <sym>Flag, Blue</sym>
  </wpt>
  <wpt lat="49.005843" lon="9.198077">
    <name>Neckarschleife bei Mundelsheim</name>
    <sym>Flag, Blue</sym>
  </wpt>
  <wpt lat="49.069800" lon="9.313798">
    <name>Emu-Farm in Vohenlohe</name>
    <sym>Flag, Blue</sym>
  </wpt>
  <wpt lat="49.063217" lon="9.333615">
    <name>Annasee</name>
    <sym>Flag, Blue</sym>
  </wpt>
  <wpt lat="49.086098" lon="9.379830">
    <name>Südufer des Bleichsees</name>
    <sym>Flag, Blue</sym>
  </wpt>
  <wpt lat="49.066514" lon="9.511296">
    <name>Flotter Schotterweg</name>
    <sym>Flag, Blue</sym>
  </wpt>
  <wpt lat="49.056133" lon="9.597491">
    <name>Schotterweg entlang der Rot in der Nähe der Rösermühle</name>
    <sym>Flag, Blue</sym>
  </wpt>
  <wpt lat="49.077057" lon="9.654271">
    <name>Waldweg bei Starkholzbach</name>
    <sym>Flag, Blue</sym>
  </wpt>
  <wpt lat="49.110150" lon="9.736950">
    <name>Blick auf die Altstadt von Schwäbisch Hall und den Kocher</name>
    <sym>Flag, Blue</sym>
  </wpt>
  <wpt lat="49.190645" lon="9.642349">
    <name>Schloss Waldenburg und Aussichtspunkt</name>
    <sym>Flag, Blue</sym>
  </wpt>
  <wpt lat="49.174126" lon="9.464864">
    <name>Radweg zwischen Windischenbach und Adolzfurt</name>
    <sym>Flag, Blue</sym>
  </wpt>
  <wpt lat="49.112635" lon="9.320917">
    <name>Steinei-Skulptur am Römerweg</name>
    <sym>Flag, Blue</sym>
  </wpt>
  <wpt lat="49.146086" lon="9.263020">
    <name>Heilbronner Keuperweg</name>
    <sym>Flag, Blue</sym>
  </wpt>
  <trk>
    <name>Trollingravel Warp - scouted by GravelDeluxe | RIDEFAR Community Ride on September 14</name>
    <type>mtb_easy</type>
    <trkseg>
      <trkpt lat="49.142465" lon="9.208694">
        <ele>158.688742</ele>
        <time>2025-04-15T12:24:59.483Z</time>
      </trkpt>
      <trkpt lat="49.142448" lon="9.208642">
        <ele>158.688742</ele>
        <time>2025-04-15T12:25:00.124Z</time>
      </trkpt>
      <trkpt lat="49.142361" lon="9.208424">
        <ele>158.688742</ele>
        <time>2025-04-15T12:25:02.908Z</time>
      </trkpt>
      <trkpt lat="49.142315" lon="9.208338">
        <ele>158.688742</ele>
        <time>2025-04-15T12:25:04.092Z</time>
      </trkpt>
      <trkpt lat="49.142237" lon="9.208263">
        <ele>158.688742</ele>
        <time>2025-04-15T12:25:05.617Z</time>
      </trkpt>
      <trkpt lat="49.142302" lon="9.208107">
        <ele>158.688742</ele>
        <time>2025-04-15T12:25:07.594Z</time>
      </trkpt>
      <trkpt lat="49.142327" lon="9.207923">
        <ele>158.688742</ele>
        <time>2025-04-15T12:25:09.571Z</time>
      </trkpt>
      <trkpt lat="49.142314" lon="9.207762">
        <ele>158.688742</ele>
        <time>2025-04-15T12:25:11.277Z</time>
      </trkpt>
      <trkpt lat="49.142220" lon="9.207474">
        <ele>158.691063</ele>
        <time>2025-04-15T12:25:14.776Z</time>
      </trkpt>
      <trkpt lat="49.142206" lon="9.207429">
        <ele>158.693488</ele>
        <time>2025-04-15T12:25:15.316Z</time>
      </trkpt>
      <trkpt lat="49.142059" lon="9.206989">
        <ele>158.717539</ele>
        <time>2025-04-15T12:25:20.703Z</time>
      </trkpt>
      <trkpt lat="49.142015" lon="9.206860">
        <ele>158.724621</ele>
        <time>2025-04-15T12:25:22.355Z</time>
      </trkpt>
      <trkpt lat="49.141974" lon="9.206732">
        <ele>158.731559</ele>
        <time>2025-04-15T12:25:23.989Z</time>
      </trkpt>
      <trkpt lat="49.141971" lon="9.206724">
        <ele>158.732007</ele>
        <time>2025-04-15T12:25:24.101Z</time>
      </trkpt>
      <trkpt lat="49.141911" lon="9.206537">
        <ele>158.742146</ele>
        <time>2025-04-15T12:25:26.606Z</time>
      </trkpt>
      <trkpt lat="49.141843" lon="9.206325">
        <ele>158.753640</ele>
        <time>2025-04-15T12:25:29.716Z</time>
      </trkpt>
      <trkpt lat="49.141476" lon="9.205199">
        <ele>158.814880</ele>
        <time>2025-04-15T12:25:46.180Z</time>
      </trkpt>
      <trkpt lat="49.141423" lon="9.205100">
        <ele>158.821107</ele>
        <time>2025-04-15T12:25:47.745Z</time>
      </trkpt>
      <trkpt lat="49.141258" lon="9.205067">
        <ele>158.708754</ele>
        <time>2025-04-15T12:25:50.886Z</time>
      </trkpt>
      <trkpt lat="49.141204" lon="9.205061">
        <ele>158.666708</ele>
        <time>2025-04-15T12:25:51.850Z</time>
      </trkpt>
      <trkpt lat="49.141108" lon="9.205057">
        <ele>158.592129</ele>
        <time>2025-04-15T12:25:53.551Z</time>
      </trkpt>
      <trkpt lat="49.141102" lon="9.204886">
        <ele>158.505130</ele>
        <time>2025-04-15T12:25:55.503Z</time>
      </trkpt>
      <trkpt lat="49.141100" lon="9.204795">
        <ele>158.458872</ele>
        <time>2025-04-15T12:25:56.539Z</time>
      </trkpt>
      <trkpt lat="49.141096" lon="9.204633">
        <ele>158.376512</ele>
        <time>2025-04-15T12:25:58.359Z</time>
      </trkpt>
      <trkpt lat="49.141098" lon="9.204358">
        <ele>158.236793</ele>
        <time>2025-04-15T12:26:01.396Z</time>
      </trkpt>
      <trkpt lat="49.141103" lon="9.203727">
        <ele>157.916199</ele>
        <time>2025-04-15T12:26:08.078Z</time>
      </trkpt>
      <trkpt lat="49.141128" lon="9.203588">
        <ele>157.842961</ele>
        <time>2025-04-15T12:26:09.535Z</time>
      </trkpt>
      <trkpt lat="49.141169" lon="9.203438">
        <ele>157.760372</ele>
        <time>2025-04-15T12:26:11.129Z</time>
      </trkpt>
      <trkpt lat="49.141237" lon="9.203330">
        <ele>157.684220</ele>
        <time>2025-04-15T12:26:12.592Z</time>
      </trkpt>
      <trkpt lat="49.141465" lon="9.203100">
        <ele>157.472080</ele>
        <time>2025-04-15T12:26:16.634Z</time>
      </trkpt>
      <trkpt lat="49.141470" lon="9.203026">
        <ele>157.434285</ele>
        <time>2025-04-15T12:26:17.344Z</time>
      </trkpt>
      <trkpt lat="49.141387" lon="9.202758">
        <ele>157.226637</ele>
        <time>2025-04-15T12:26:20.227Z</time>
      </trkpt>
      <trkpt lat="49.141374" lon="9.202715">
        <ele>157.192920</ele>
        <time>2025-04-15T12:26:20.691Z</time>
      </trkpt>
      <trkpt lat="49.141071" lon="9.201825">
        <ele>156.478786</ele>
        <time>2025-04-15T12:26:30.752Z</time>
      </trkpt>
      <trkpt lat="49.141066" lon="9.201812">
        <ele>156.468052</ele>
        <time>2025-04-15T12:26:30.902Z</time>
      </trkpt>
      <trkpt lat="49.140810" lon="9.201118">
        <ele>155.900956</ele>
        <time>2025-04-15T12:26:39.039Z</time>
      </trkpt>
      <trkpt lat="49.140501" lon="9.200402">
        <ele>155.548006</ele>
        <time>2025-04-15T12:26:48.556Z</time>
      </trkpt>
      <trkpt lat="49.140477" lon="9.200340">
        <ele>155.570763</ele>
        <time>2025-04-15T12:26:49.543Z</time>
      </trkpt>
      <trkpt lat="49.140208" lon="9.200269">
        <ele>155.702573</ele>
        <time>2025-04-15T12:26:54.787Z</time>
      </trkpt>
      <trkpt lat="49.140113" lon="9.200167">
        <ele>155.758629</ele>
        <time>2025-04-15T12:26:57.066Z</time>
      </trkpt>
      <trkpt lat="49.140220" lon="9.200165">
        <ele>155.810299</ele>
        <time>2025-04-15T12:26:59.179Z</time>
      </trkpt>
      <trkpt lat="49.140490" lon="9.200097">
        <ele>155.942428</ele>
        <time>2025-04-15T12:27:04.493Z</time>
      </trkpt>
      <trkpt lat="49.140598" lon="9.200038">
        <ele>155.997806</ele>
        <time>2025-04-15T12:27:06.712Z</time>
      </trkpt>
      <trkpt lat="49.141093" lon="9.199610">
        <ele>156.272408</ele>
        <time>2025-04-15T12:27:18.826Z</time>
      </trkpt>
      <trkpt lat="49.141269" lon="9.199424">
        <ele>156.443862</ele>
        <time>2025-04-15T12:27:23.922Z</time>
      </trkpt>
      <trkpt lat="49.141329" lon="9.199452">
        <ele>156.527887</ele>
        <time>2025-04-15T12:27:25.383Z</time>
      </trkpt>
      <trkpt lat="49.141332" lon="9.199558">
        <ele>156.620853</ele>
        <time>2025-04-15T12:27:26.923Z</time>
      </trkpt>
      <trkpt lat="49.141159" lon="9.199808">
        <ele>156.939719</ele>
        <time>2025-04-15T12:27:32.051Z</time>
      </trkpt>
      <trkpt lat="49.141096" lon="9.199882">
        <ele>157.046136</ele>
        <time>2025-04-15T12:27:33.744Z</time>
      </trkpt>
      <trkpt lat="49.141062" lon="9.199772">
        <ele>157.152737</ele>
        <time>2025-04-15T12:27:35.481Z</time>
      </trkpt>
      <trkpt lat="49.140850" lon="9.199094">
        <ele>157.811188</ele>
        <time>2025-04-15T12:27:46.638Z</time>
      </trkpt>
      <trkpt lat="49.140852" lon="9.199020">
        <ele>157.876084</ele>
        <time>2025-04-15T12:27:47.761Z</time>
      </trkpt>
      <trkpt lat="49.140900" lon="9.198954">
        <ele>157.962558</ele>
        <time>2025-04-15T12:27:49.335Z</time>
      </trkpt>
      <trkpt lat="49.141152" lon="9.198793">
        <ele>158.328377</ele>
        <time>2025-04-15T12:27:56.128Z</time>
      </trkpt>
      <trkpt lat="49.141376" lon="9.198478">
        <ele>158.736046</ele>
        <time>2025-04-15T12:28:03.852Z</time>
      </trkpt>
      <trkpt lat="49.141455" lon="9.198342">
        <ele>158.869574</ele>
        <time>2025-04-15T12:28:06.798Z</time>
      </trkpt>
      <trkpt lat="49.141499" lon="9.198075">
        <ele>159.069009</ele>
        <time>2025-04-15T12:28:11.076Z</time>
      </trkpt>
      <trkpt lat="49.141545" lon="9.197710">
        <ele>159.338245</ele>
        <time>2025-04-15T12:28:16.551Z</time>
      </trkpt>
      <trkpt lat="49.141624" lon="9.197070">
        <ele>159.809987</ele>
        <time>2025-04-15T12:28:26.257Z</time>
      </trkpt>
      <trkpt lat="49.141607" lon="9.196989">
        <ele>159.871602</ele>
        <time>2025-04-15T12:28:27.483Z</time>
      </trkpt>
      <trkpt lat="49.141563" lon="9.196934">
        <ele>159.934533</ele>
        <time>2025-04-15T12:28:28.742Z</time>
      </trkpt>
      <trkpt lat="49.141384" lon="9.196809">
        <ele>160.152422</ele>
        <time>2025-04-15T12:28:32.943Z</time>
      </trkpt>
      <trkpt lat="49.141188" lon="9.196566">
        <ele>160.431837</ele>
        <time>2025-04-15T12:28:37.950Z</time>
      </trkpt>
      <trkpt lat="49.141228" lon="9.196440">
        <ele>160.533279</ele>
        <time>2025-04-15T12:28:39.836Z</time>
      </trkpt>
      <trkpt lat="49.141174" lon="9.196297">
        <ele>160.652875</ele>
        <time>2025-04-15T12:28:42.064Z</time>
      </trkpt>
      <trkpt lat="49.141143" lon="9.196124">
        <ele>160.766428</ele>
        <time>2025-04-15T12:28:44.497Z</time>
      </trkpt>
      <trkpt lat="49.141141" lon="9.195169">
        <ele>161.206364</ele>
        <time>2025-04-15T12:28:57.344Z</time>
      </trkpt>
      <trkpt lat="49.141154" lon="9.194170">
        <ele>161.666658</ele>
        <time>2025-04-15T12:29:10.581Z</time>
      </trkpt>
      <trkpt lat="49.141157" lon="9.193944">
        <ele>161.770789</ele>
        <time>2025-04-15T12:29:13.666Z</time>
      </trkpt>
      <trkpt lat="49.141126" lon="9.193461">
        <ele>161.994358</ele>
        <time>2025-04-15T12:29:20.474Z</time>
      </trkpt>
      <trkpt lat="49.141074" lon="9.193426">
        <ele>162.039443</ele>
        <time>2025-04-15T12:29:21.665Z</time>
      </trkpt>
      <trkpt lat="49.141061" lon="9.193307">
        <ele>162.104424</ele>
        <time>2025-04-15T12:29:23.415Z</time>
      </trkpt>
      <trkpt lat="49.141047" lon="9.193189">
        <ele>162.169017</ele>
        <time>2025-04-15T12:29:25.068Z</time>
      </trkpt>
      <trkpt lat="49.141041" lon="9.193139">
        <ele>162.196396</ele>
        <time>2025-04-15T12:29:25.809Z</time>
      </trkpt>
      <trkpt lat="49.141028" lon="9.193027">
        <ele>162.257662</ele>
        <time>2025-04-15T12:29:27.407Z</time>
      </trkpt>
      <trkpt lat="49.141021" lon="9.192317">
        <ele>162.640116</ele>
        <time>2025-04-15T12:29:36.753Z</time>
      </trkpt>
      <trkpt lat="49.141023" lon="9.191868">
        <ele>162.881955</ele>
        <time>2025-04-15T12:29:42.623Z</time>
      </trkpt>
      <trkpt lat="49.141026" lon="9.191420">
        <ele>163.123263</ele>
        <time>2025-04-15T12:29:48.639Z</time>
      </trkpt>
      <trkpt lat="49.141026" lon="9.191248">
        <ele>163.215903</ele>
        <time>2025-04-15T12:29:51.173Z</time>
      </trkpt>
      <trkpt lat="49.140894" lon="9.191216">
        <ele>163.325938</ele>
        <time>2025-04-15T12:29:54.109Z</time>
      </trkpt>
      <trkpt lat="49.140763" lon="9.191194">
        <ele>163.434440</ele>
        <time>2025-04-15T12:29:57.053Z</time>
      </trkpt>
      <trkpt lat="49.140742" lon="9.191192">
        <ele>163.451762</ele>
        <time>2025-04-15T12:29:57.546Z</time>
      </trkpt>
      <trkpt lat="49.140609" lon="9.191146">
        <ele>163.605545</ele>
        <time>2025-04-15T12:30:00.616Z</time>
      </trkpt>
      <trkpt lat="49.140540" lon="9.191130">
        <ele>163.693263</ele>
        <time>2025-04-15T12:30:02.240Z</time>
      </trkpt>
      <trkpt lat="49.140409" lon="9.191109">
        <ele>163.858818</ele>
        <time>2025-04-15T12:30:05.216Z</time>
      </trkpt>
      <trkpt lat="49.140278" lon="9.191168">
        <ele>164.030469</ele>
        <time>2025-04-15T12:30:08.338Z</time>
      </trkpt>
      <trkpt lat="49.140107" lon="9.191244">
        <ele>164.254298</ele>
        <time>2025-04-15T12:30:12.435Z</time>
      </trkpt>
      <trkpt lat="49.139932" lon="9.191227">
        <ele>164.474697</ele>
        <time>2025-04-15T12:30:16.565Z</time>
      </trkpt>
      <trkpt lat="49.139912" lon="9.191219">
        <ele>164.500681</ele>
        <time>2025-04-15T12:30:17.094Z</time>
      </trkpt>
      <trkpt lat="49.139891" lon="9.191272">
        <ele>164.551632</ele>
        <time>2025-04-15T12:30:17.890Z</time>
      </trkpt>
      <trkpt lat="49.139786" lon="9.191270">
        <ele>164.683615</ele>
        <time>2025-04-15T12:30:20.420Z</time>
      </trkpt>
      <trkpt lat="49.139631" lon="9.191200">
        <ele>164.886758</ele>
        <time>2025-04-15T12:30:24.158Z</time>
      </trkpt>
      <trkpt lat="49.139363" lon="9.191175">
        <ele>165.224231</ele>
        <time>2025-04-15T12:30:30.097Z</time>
      </trkpt>
      <trkpt lat="49.138787" lon="9.191108">
        <ele>166.040744</ele>
        <time>2025-04-15T12:30:43.177Z</time>
      </trkpt>
      <trkpt lat="49.138172" lon="9.191064">
        <ele>167.157019</ele>
        <time>2025-04-15T12:30:57.661Z</time>
      </trkpt>
      <trkpt lat="49.137545" lon="9.191002">
        <ele>168.296207</ele>
        <time>2025-04-15T12:31:13.332Z</time>
      </trkpt>
      <trkpt lat="49.136913" lon="9.190948">
        <ele>169.690375</ele>
        <time>2025-04-15T12:31:31.113Z</time>
      </trkpt>
      <trkpt lat="49.136887" lon="9.190946">
        <ele>169.764208</ele>
        <time>2025-04-15T12:31:31.911Z</time>
      </trkpt>
      <trkpt lat="49.136856" lon="9.190558">
        <ele>170.489514</ele>
        <time>2025-04-15T12:31:39.456Z</time>
      </trkpt>
      <trkpt lat="49.136827" lon="9.190442">
        <ele>170.719937</ele>
        <time>2025-04-15T12:31:41.913Z</time>
      </trkpt>
      <trkpt lat="49.136764" lon="9.190169">
        <ele>171.257094</ele>
        <time>2025-04-15T12:31:47.594Z</time>
      </trkpt>
      <trkpt lat="49.136727" lon="9.189984">
        <ele>171.616054</ele>
        <time>2025-04-15T12:31:51.394Z</time>
      </trkpt>
      <trkpt lat="49.136678" lon="9.189764">
        <ele>172.047285</ele>
        <time>2025-04-15T12:31:55.860Z</time>
      </trkpt>
      <trkpt lat="49.136652" lon="9.189632">
        <ele>172.303079</ele>
        <time>2025-04-15T12:31:58.404Z</time>
      </trkpt>
      <trkpt lat="49.136372" lon="9.188378">
        <ele>174.668796</ele>
        <time>2025-04-15T12:32:24.001Z</time>
      </trkpt>
      <trkpt lat="49.136336" lon="9.188230">
        <ele>174.920116</ele>
        <time>2025-04-15T12:32:27.051Z</time>
      </trkpt>
      <trkpt lat="49.136213" lon="9.187752">
        <ele>175.737664</ele>
        <time>2025-04-15T12:32:36.961Z</time>
      </trkpt>
      <trkpt lat="49.136082" lon="9.187243">
        <ele>176.608255</ele>
        <time>2025-04-15T12:32:47.209Z</time>
      </trkpt>
      <trkpt lat="49.135909" lon="9.186611">
        <ele>177.698690</ele>
        <time>2025-04-15T12:32:58.680Z</time>
      </trkpt>
      <trkpt lat="49.135818" lon="9.186279">
        <ele>178.271628</ele>
        <time>2025-04-15T12:33:04.879Z</time>
      </trkpt>
      <trkpt lat="49.135721" lon="9.185861">
        <ele>178.869257</ele>
        <time>2025-04-15T12:33:12.481Z</time>
      </trkpt>
      <trkpt lat="49.135700" lon="9.185749">
        <ele>179.014017</ele>
        <time>2025-04-15T12:33:14.325Z</time>
      </trkpt>
      <trkpt lat="49.135591" lon="9.185193">
        <ele>179.735183</ele>
        <time>2025-04-15T12:33:22.994Z</time>
      </trkpt>
      <trkpt lat="49.135510" lon="9.184770">
        <ele>180.282801</ele>
        <time>2025-04-15T12:33:30.034Z</time>
      </trkpt>
      <trkpt lat="49.135391" lon="9.184032">
        <ele>181.227194</ele>
        <time>2025-04-15T12:33:42.771Z</time>
      </trkpt>
      <trkpt lat="49.135294" lon="9.183442">
        <ele>181.955383</ele>
        <time>2025-04-15T12:33:53.789Z</time>
      </trkpt>
      <trkpt lat="49.135241" lon="9.183126">
        <ele>182.226324</ele>
        <time>2025-04-15T12:33:59.440Z</time>
      </trkpt>
      <trkpt lat="49.135229" lon="9.183053">
        <ele>182.288839</ele>
        <time>2025-04-15T12:34:00.710Z</time>
      </trkpt>
      <trkpt lat="49.135220" lon="9.182995">
        <ele>182.338347</ele>
        <time>2025-04-15T12:34:01.708Z</time>
      </trkpt>
      <trkpt lat="49.135128" lon="9.182303">
        <ele>182.924836</ele>
        <time>2025-04-15T12:34:13.201Z</time>
      </trkpt>
      <trkpt lat="49.135077" lon="9.182093">
        <ele>183.110880</ele>
        <time>2025-04-15T12:34:16.726Z</time>
      </trkpt>
      <trkpt lat="49.134997" lon="9.181206">
        <ele>183.854551</ele>
        <time>2025-04-15T12:34:29.315Z</time>
      </trkpt>
      <trkpt lat="49.134792" lon="9.179084">
        <ele>184.064836</ele>
        <time>2025-04-15T12:34:54.301Z</time>
      </trkpt>
      <trkpt lat="49.134512" lon="9.176408">
        <ele>183.910588</ele>
        <time>2025-04-15T12:35:24.107Z</time>
      </trkpt>
      <trkpt lat="49.134297" lon="9.174296">
        <ele>184.451084</ele>
        <time>2025-04-15T12:35:51.963Z</time>
      </trkpt>
      <trkpt lat="49.133978" lon="9.171154">
        <ele>186.389900</ele>
        <time>2025-04-15T12:36:37.825Z</time>
      </trkpt>
      <trkpt lat="49.133819" lon="9.168797">
        <ele>188.165546</ele>
        <time>2025-04-15T12:37:11.729Z</time>
      </trkpt>
      <trkpt lat="49.133532" lon="9.164148">
        <ele>192.265394</ele>
        <time>2025-04-15T12:38:23.119Z</time>
      </trkpt>
      <trkpt lat="49.133426" lon="9.162374">
        <ele>193.802159</ele>
        <time>2025-04-15T12:38:50.050Z</time>
      </trkpt>
      <trkpt lat="49.133335" lon="9.160965">
        <ele>195.123215</ele>
        <time>2025-04-15T12:39:11.387Z</time>
      </trkpt>
      <trkpt lat="49.133298" lon="9.160379">
        <ele>195.707252</ele>
        <time>2025-04-15T12:39:20.506Z</time>
      </trkpt>
      <trkpt lat="49.133242" lon="9.159475">
        <ele>196.608070</ele>
        <time>2025-04-15T12:39:34.941Z</time>
      </trkpt>
      <trkpt lat="49.133124" lon="9.157740">
        <ele>197.927939</ele>
        <time>2025-04-15T12:40:02.568Z</time>
      </trkpt>
      <trkpt lat="49.132893" lon="9.151808">
        <ele>201.238232</ele>
        <time>2025-04-15T12:41:24.845Z</time>
      </trkpt>
      <trkpt lat="49.132840" lon="9.150463">
        <ele>201.240998</ele>
        <time>2025-04-15T12:41:40.602Z</time>
      </trkpt>
      <trkpt lat="49.132798" lon="9.149384">
        <ele>200.200650</ele>
        <time>2025-04-15T12:41:51.718Z</time>
      </trkpt>
      <trkpt lat="49.132613" lon="9.144649">
        <ele>194.782337</ele>
        <time>2025-04-15T12:42:36.550Z</time>
      </trkpt>
      <trkpt lat="49.132609" lon="9.144574">
        <ele>194.762025</ele>
        <time>2025-04-15T12:42:37.357Z</time>
      </trkpt>
      <trkpt lat="49.132582" lon="9.144345">
        <ele>194.699216</ele>
        <time>2025-04-15T12:42:39.875Z</time>
      </trkpt>
      <trkpt lat="49.132387" lon="9.144006">
        <ele>194.577376</ele>
        <time>2025-04-15T12:42:44.947Z</time>
      </trkpt>
      <trkpt lat="49.131622" lon="9.141618">
        <ele>194.712792</ele>
        <time>2025-04-15T12:43:19.901Z</time>
      </trkpt>
      <trkpt lat="49.131620" lon="9.141465">
        <ele>194.771817</ele>
        <time>2025-04-15T12:43:21.906Z</time>
      </trkpt>
      <trkpt lat="49.131598" lon="9.141286">
        <ele>194.842067</ele>
        <time>2025-04-15T12:43:24.330Z</time>
      </trkpt>
      <trkpt lat="49.131130" lon="9.139698">
        <ele>195.415480</ele>
        <time>2025-04-15T12:43:47.041Z</time>
      </trkpt>
      <trkpt lat="49.131061" lon="9.139359">
        <ele>195.496916</ele>
        <time>2025-04-15T12:43:51.547Z</time>
      </trkpt>
      <trkpt lat="49.130871" lon="9.135275">
        <ele>196.523861</ele>
        <time>2025-04-15T12:44:42.349Z</time>
      </trkpt>
      <trkpt lat="49.130833" lon="9.134392">
        <ele>196.971568</ele>
        <time>2025-04-15T12:44:54.505Z</time>
      </trkpt>
      <trkpt lat="49.130700" lon="9.131355">
        <ele>199.311929</ele>
        <time>2025-04-15T12:45:39.604Z</time>
      </trkpt>
      <trkpt lat="49.130648" lon="9.130109">
        <ele>200.451678</ele>
        <time>2025-04-15T12:45:59.139Z</time>
      </trkpt>
      <trkpt lat="49.131356" lon="9.129936">
        <ele>201.519708</ele>
        <time>2025-04-15T12:46:15.731Z</time>
      </trkpt>
      <trkpt lat="49.131381" lon="9.129831">
        <ele>201.642957</ele>
        <time>2025-04-15T12:46:17.358Z</time>
      </trkpt>
      <trkpt lat="49.131369" lon="9.129727">
        <ele>201.759443</ele>
        <time>2025-04-15T12:46:18.937Z</time>
      </trkpt>
      <trkpt lat="49.131199" lon="9.128248">
        <ele>203.415828</ele>
        <time>2025-04-15T12:46:42.785Z</time>
      </trkpt>
      <trkpt lat="49.131161" lon="9.127894">
        <ele>203.811526</ele>
        <time>2025-04-15T12:46:48.765Z</time>
      </trkpt>
      <trkpt lat="49.131146" lon="9.127314">
        <ele>204.627372</ele>
        <time>2025-04-15T12:46:58.696Z</time>
      </trkpt>
      <trkpt lat="49.131140" lon="9.127117">
        <ele>204.975306</ele>
        <time>2025-04-15T12:47:02.191Z</time>
      </trkpt>
      <trkpt lat="49.131140" lon="9.126747">
        <ele>205.628081</ele>
        <time>2025-04-15T12:47:08.928Z</time>
      </trkpt>
      <trkpt lat="49.131145" lon="9.126451">
        <ele>206.150475</ele>
        <time>2025-04-15T12:47:14.486Z</time>
      </trkpt>
      <trkpt lat="49.131191" lon="9.124767">
        <ele>209.166359</ele>
        <time>2025-04-15T12:47:46.495Z</time>
      </trkpt>
      <trkpt lat="49.131219" lon="9.123303">
        <ele>212.696155</ele>
        <time>2025-04-15T12:48:16.941Z</time>
      </trkpt>
      <trkpt lat="49.131200" lon="9.122996">
        <ele>213.439338</ele>
        <time>2025-04-15T12:48:23.920Z</time>
      </trkpt>
      <trkpt lat="49.131154" lon="9.122709">
        <ele>214.151467</ele>
        <time>2025-04-15T12:48:30.617Z</time>
      </trkpt>
      <trkpt lat="49.131033" lon="9.122032">
        <ele>215.853171</ele>
        <time>2025-04-15T12:48:46.479Z</time>
      </trkpt>
      <trkpt lat="49.130944" lon="9.121533">
        <ele>217.161152</ele>
        <time>2025-04-15T12:48:58.113Z</time>
      </trkpt>
      <trkpt lat="49.130617" lon="9.119695">
        <ele>221.978112</ele>
        <time>2025-04-15T12:49:39.232Z</time>
      </trkpt>
      <trkpt lat="49.130384" lon="9.117895">
        <ele>226.759377</ele>
        <time>2025-04-15T12:50:18.562Z</time>
      </trkpt>
      <trkpt lat="49.129882" lon="9.114783">
        <ele>235.798116</ele>
        <time>2025-04-15T12:51:32.350Z</time>
      </trkpt>
      <trkpt lat="49.129438" lon="9.113299">
        <ele>240.645666</ele>
        <time>2025-04-15T12:52:12.034Z</time>
      </trkpt>
      <trkpt lat="49.129070" lon="9.112549">
        <ele>243.456182</ele>
        <time>2025-04-15T12:52:34.321Z</time>
      </trkpt>
      <trkpt lat="49.128937" lon="9.112327">
        <ele>244.358589</ele>
        <time>2025-04-15T12:52:41.255Z</time>
      </trkpt>
      <trkpt lat="49.128226" lon="9.111541">
        <ele>248.365754</ele>
        <time>2025-04-15T12:53:11.901Z</time>
      </trkpt>
      <trkpt lat="49.127812" lon="9.110942">
        <ele>250.962568</ele>
        <time>2025-04-15T12:53:32.765Z</time>
      </trkpt>
      <trkpt lat="49.127549" lon="9.110432">
        <ele>252.897962</ele>
        <time>2025-04-15T12:53:48.385Z</time>
      </trkpt>
      <trkpt lat="49.126883" lon="9.108712">
        <ele>258.924827</ele>
        <time>2025-04-15T12:54:35.659Z</time>
      </trkpt>
      <trkpt lat="49.125880" lon="9.106072">
        <ele>269.356468</ele>
        <time>2025-04-15T12:55:48.328Z</time>
      </trkpt>
      <trkpt lat="49.125872" lon="9.106053">
        <ele>269.439499</ele>
        <time>2025-04-15T12:55:48.940Z</time>
      </trkpt>
      <trkpt lat="49.125540" lon="9.105120">
        <ele>273.579706</ele>
        <time>2025-04-15T12:56:20.683Z</time>
      </trkpt>
      <trkpt lat="49.125245" lon="9.103943">
        <ele>279.913632</ele>
        <time>2025-04-15T12:57:04.323Z</time>
      </trkpt>
      <trkpt lat="49.125149" lon="9.103412">
        <ele>282.682111</ele>
        <time>2025-04-15T12:57:21.759Z</time>
      </trkpt>
      <trkpt lat="49.125143" lon="9.103164">
        <ele>283.929277</ele>
        <time>2025-04-15T12:57:29.928Z</time>
      </trkpt>
      <trkpt lat="49.125251" lon="9.103259">
        <ele>284.886246</ele>
        <time>2025-04-15T12:57:36.077Z</time>
      </trkpt>
      <trkpt lat="49.125343" lon="9.103614">
        <ele>286.653025</ele>
        <time>2025-04-15T12:57:47.987Z</time>
      </trkpt>
      <trkpt lat="49.125502" lon="9.104069">
        <ele>287.912145</ele>
        <time>2025-04-15T12:58:02.680Z</time>
      </trkpt>
      <trkpt lat="49.125584" lon="9.103955">
        <ele>288.325667</ele>
        <time>2025-04-15T12:58:07.216Z</time>
      </trkpt>
      <trkpt lat="49.125633" lon="9.103935">
        <ele>288.514854</ele>
        <time>2025-04-15T12:58:09.048Z</time>
      </trkpt>
      <trkpt lat="49.125719" lon="9.104002">
        <ele>288.874936</ele>
        <time>2025-04-15T12:58:12.599Z</time>
      </trkpt>
      <trkpt lat="49.126109" lon="9.104681">
        <ele>291.080283</ele>
        <time>2025-04-15T12:58:30.530Z</time>
      </trkpt>
      <trkpt lat="49.127339" lon="9.106296">
        <ele>294.203240</ele>
        <time>2025-04-15T12:59:11.260Z</time>
      </trkpt>
      <trkpt lat="49.128007" lon="9.107309">
        <ele>295.620714</ele>
        <time>2025-04-15T12:59:27.309Z</time>
      </trkpt>
      <trkpt lat="49.128404" lon="9.108264">
        <ele>298.386524</ele>
        <time>2025-04-15T12:59:48.488Z</time>
      </trkpt>
      <trkpt lat="49.128454" lon="9.107996">
        <ele>299.067770</ele>
        <time>2025-04-15T12:59:55.265Z</time>
      </trkpt>
      <trkpt lat="49.128591" lon="9.107813">
        <ele>299.747520</ele>
        <time>2025-04-15T13:00:02.329Z</time>
      </trkpt>
      <trkpt lat="49.128535" lon="9.107587">
        <ele>300.338269</ele>
        <time>2025-04-15T13:00:10.609Z</time>
      </trkpt>
      <trkpt lat="49.128390" lon="9.107004">
        <ele>301.971195</ele>
        <time>2025-04-15T13:00:34.387Z</time>
      </trkpt>
      <trkpt lat="49.128342" lon="9.106787">
        <ele>302.788258</ele>
        <time>2025-04-15T13:00:42.539Z</time>
      </trkpt>
      <trkpt lat="49.127789" lon="9.105163">
        <ele>309.318456</ele>
        <time>2025-04-15T13:01:37.517Z</time>
      </trkpt>
      <trkpt lat="49.127631" lon="9.104372">
        <ele>311.466902</ele>
        <time>2025-04-15T13:01:53.481Z</time>
      </trkpt>
      <trkpt lat="49.127437" lon="9.104493">
        <ele>311.515124</ele>
        <time>2025-04-15T13:01:58.800Z</time>
      </trkpt>
      <trkpt lat="49.127145" lon="9.104617">
        <ele>311.584871</ele>
        <time>2025-04-15T13:02:05.757Z</time>
      </trkpt>
      <trkpt lat="49.127031" lon="9.104390">
        <ele>311.627963</ele>
        <time>2025-04-15T13:02:11.428Z</time>
      </trkpt>
      <trkpt lat="49.126833" lon="9.104218">
        <ele>311.680378</ele>
        <time>2025-04-15T13:02:17.941Z</time>
      </trkpt>
      <trkpt lat="49.126701" lon="9.104023">
        <ele>311.722630</ele>
        <time>2025-04-15T13:02:22.894Z</time>
      </trkpt>
      <trkpt lat="49.126211" lon="9.102824">
        <ele>311.933049</ele>
        <time>2025-04-15T13:02:47.937Z</time>
      </trkpt>
      <trkpt lat="49.126066" lon="9.102605">
        <ele>311.978679</ele>
        <time>2025-04-15T13:02:53.585Z</time>
      </trkpt>
      <trkpt lat="49.125692" lon="9.102215">
        <ele>312.080022</ele>
        <time>2025-04-15T13:03:06.569Z</time>
      </trkpt>
      <trkpt lat="49.125531" lon="9.101941">
        <ele>312.133958</ele>
        <time>2025-04-15T13:03:14.587Z</time>
      </trkpt>
      <trkpt lat="49.125291" lon="9.101265">
        <ele>312.246605</ele>
        <time>2025-04-15T13:03:32.424Z</time>
      </trkpt>
      <trkpt lat="49.125250" lon="9.100993">
        <ele>312.760405</ele>
        <time>2025-04-15T13:03:39.525Z</time>
      </trkpt>
      <trkpt lat="49.125215" lon="9.100440">
        <ele>313.818265</ele>
        <time>2025-04-15T13:03:54.703Z</time>
      </trkpt>
      <trkpt lat="49.125099" lon="9.100138">
        <ele>314.485028</ele>
        <time>2025-04-15T13:04:04.704Z</time>
      </trkpt>
      <trkpt lat="49.124993" lon="9.099696">
        <ele>315.381360</ele>
        <time>2025-04-15T13:04:18.486Z</time>
      </trkpt>
      <trkpt lat="49.124967" lon="9.098589">
        <ele>317.488021</ele>
        <time>2025-04-15T13:04:49.168Z</time>
      </trkpt>
      <trkpt lat="49.124920" lon="9.097927">
        <ele>318.407567</ele>
        <time>2025-04-15T13:05:06.124Z</time>
      </trkpt>
      <trkpt lat="49.124845" lon="9.096395">
        <ele>320.529080</ele>
        <time>2025-04-15T13:05:44.800Z</time>
      </trkpt>
      <trkpt lat="49.124893" lon="9.095615">
        <ele>321.102804</ele>
        <time>2025-04-15T13:06:03.442Z</time>
      </trkpt>
      <trkpt lat="49.125028" lon="9.094750">
        <ele>320.462819</ele>
        <time>2025-04-15T13:06:22.636Z</time>
      </trkpt>
      <trkpt lat="49.125017" lon="9.093691">
        <ele>319.700580</ele>
        <time>2025-04-15T13:06:41.009Z</time>
      </trkpt>
      <trkpt lat="49.125091" lon="9.092969">
        <ele>318.942073</ele>
        <time>2025-04-15T13:06:52.319Z</time>
      </trkpt>
      <trkpt lat="49.124944" lon="9.091963">
        <ele>316.811472</ele>
        <time>2025-04-15T13:07:08.128Z</time>
      </trkpt>
      <trkpt lat="49.124928" lon="9.091880">
        <ele>316.632623</ele>
        <time>2025-04-15T13:07:09.475Z</time>
      </trkpt>
      <trkpt lat="49.124856" lon="9.091553">
        <ele>315.919482</ele>
        <time>2025-04-15T13:07:12.836Z</time>
      </trkpt>
      <trkpt lat="49.124836" lon="9.090720">
        <ele>314.196514</ele>
        <time>2025-04-15T13:07:20.373Z</time>
      </trkpt>
      <trkpt lat="49.124719" lon="9.089718">
        <ele>313.475696</ele>
        <time>2025-04-15T13:07:31.864Z</time>
      </trkpt>
      <trkpt lat="49.124315" lon="9.088019">
        <ele>313.127663</ele>
        <time>2025-04-15T13:07:53.899Z</time>
      </trkpt>
      <trkpt lat="49.124072" lon="9.087313">
        <ele>312.953954</ele>
        <time>2025-04-15T13:08:02.560Z</time>
      </trkpt>
      <trkpt lat="49.123998" lon="9.087116">
        <ele>312.902534</ele>
        <time>2025-04-15T13:08:04.939Z</time>
      </trkpt>
      <trkpt lat="49.123776" lon="9.086484">
        <ele>312.740157</ele>
        <time>2025-04-15T13:08:12.571Z</time>
      </trkpt>
      <trkpt lat="49.123765" lon="9.086455">
        <ele>312.732569</ele>
        <time>2025-04-15T13:08:12.967Z</time>
      </trkpt>
      <trkpt lat="49.123616" lon="9.086519">
        <ele>312.679030</ele>
        <time>2025-04-15T13:08:15.738Z</time>
      </trkpt>
      <trkpt lat="49.123440" lon="9.086537">
        <ele>312.618012</ele>
        <time>2025-04-15T13:08:19.171Z</time>
      </trkpt>
      <trkpt lat="49.123277" lon="9.086511">
        <ele>312.561321</ele>
        <time>2025-04-15T13:08:22.499Z</time>
      </trkpt>
      <trkpt lat="49.122950" lon="9.086295">
        <ele>312.061805</ele>
        <time>2025-04-15T13:08:29.720Z</time>
      </trkpt>
      <trkpt lat="49.122567" lon="9.085930">
        <ele>309.830730</ele>
        <time>2025-04-15T13:08:36.846Z</time>
      </trkpt>
      <trkpt lat="49.122315" lon="9.085937">
        <ele>308.584955</ele>
        <time>2025-04-15T13:08:40.248Z</time>
      </trkpt>
      <trkpt lat="49.121963" lon="9.086076">
        <ele>306.787951</ele>
        <time>2025-04-15T13:08:44.624Z</time>
      </trkpt>
      <trkpt lat="49.121703" lon="9.086192">
        <ele>305.449179</ele>
        <time>2025-04-15T13:08:47.768Z</time>
      </trkpt>
      <trkpt lat="49.121340" lon="9.086430">
        <ele>303.524350</ele>
        <time>2025-04-15T13:08:52.332Z</time>
      </trkpt>
      <trkpt lat="49.121091" lon="9.086633">
        <ele>302.613862</ele>
        <time>2025-04-15T13:08:55.632Z</time>
      </trkpt>
      <trkpt lat="49.121012" lon="9.086611">
        <ele>302.354802</ele>
        <time>2025-04-15T13:08:56.577Z</time>
      </trkpt>
      <trkpt lat="49.120951" lon="9.086531">
        <ele>302.095462</ele>
        <time>2025-04-15T13:08:57.534Z</time>
      </trkpt>
      <trkpt lat="49.120867" lon="9.086343">
        <ele>301.614843</ele>
        <time>2025-04-15T13:08:59.325Z</time>
      </trkpt>
      <trkpt lat="49.120793" lon="9.086089">
        <ele>301.027819</ele>
        <time>2025-04-15T13:09:01.584Z</time>
      </trkpt>
      <trkpt lat="49.120479" lon="9.084580">
        <ele>297.803900</ele>
        <time>2025-04-15T13:09:19.418Z</time>
      </trkpt>
      <trkpt lat="49.120418" lon="9.084417">
        <ele>297.938860</ele>
        <time>2025-04-15T13:09:23.243Z</time>
      </trkpt>
      <trkpt lat="49.120134" lon="9.082774">
        <ele>299.160291</ele>
        <time>2025-04-15T13:09:49.545Z</time>
      </trkpt>
      <trkpt lat="49.120040" lon="9.082360">
        <ele>299.475261</ele>
        <time>2025-04-15T13:09:54.592Z</time>
      </trkpt>
      <trkpt lat="49.119560" lon="9.080846">
        <ele>302.557556</ele>
        <time>2025-04-15T13:10:19.949Z</time>
      </trkpt>
      <trkpt lat="49.119166" lon="9.079481">
        <ele>305.812065</ele>
        <time>2025-04-15T13:10:56.446Z</time>
      </trkpt>
      <trkpt lat="49.119145" lon="9.079392">
        <ele>306.089814</ele>
        <time>2025-04-15T13:10:59.121Z</time>
      </trkpt>
      <trkpt lat="49.118793" lon="9.078632">
        <ele>308.823211</ele>
        <time>2025-04-15T13:11:25.304Z</time>
      </trkpt>
      <trkpt lat="49.118597" lon="9.078087">
        <ele>310.648884</ele>
        <time>2025-04-15T13:11:41.219Z</time>
      </trkpt>
      <trkpt lat="49.118339" lon="9.077428">
        <ele>312.903327</ele>
        <time>2025-04-15T13:11:57.887Z</time>
      </trkpt>
      <trkpt lat="49.118229" lon="9.076940">
        <ele>313.618412</ele>
        <time>2025-04-15T13:12:06.839Z</time>
      </trkpt>
      <trkpt lat="49.118143" lon="9.076034">
        <ele>313.101416</ele>
        <time>2025-04-15T13:12:18.891Z</time>
      </trkpt>
      <trkpt lat="49.118111" lon="9.074683">
        <ele>312.337969</ele>
        <time>2025-04-15T13:12:32.024Z</time>
      </trkpt>
      <trkpt lat="49.118006" lon="9.073849">
        <ele>310.785973</ele>
        <time>2025-04-15T13:12:39.280Z</time>
      </trkpt>
      <trkpt lat="49.117878" lon="9.073528">
        <ele>309.898658</ele>
        <time>2025-04-15T13:12:42.453Z</time>
      </trkpt>
      <trkpt lat="49.117611" lon="9.073726">
        <ele>308.828224</ele>
        <time>2025-04-15T13:12:46.272Z</time>
      </trkpt>
      <trkpt lat="49.117310" lon="9.072767">
        <ele>306.317524</ele>
        <time>2025-04-15T13:12:55.326Z</time>
      </trkpt>
      <trkpt lat="49.116960" lon="9.071093">
        <ele>305.644015</ele>
        <time>2025-04-15T13:13:13.509Z</time>
      </trkpt>
      <trkpt lat="49.116810" lon="9.070142">
        <ele>305.602036</ele>
        <time>2025-04-15T13:13:28.310Z</time>
      </trkpt>
      <trkpt lat="49.116703" lon="9.069622">
        <ele>306.164805</ele>
        <time>2025-04-15T13:13:37.315Z</time>
      </trkpt>
      <trkpt lat="49.116630" lon="9.069274">
        <ele>306.929319</ele>
        <time>2025-04-15T13:13:44.075Z</time>
      </trkpt>
      <trkpt lat="49.116356" lon="9.068633">
        <ele>308.530986</ele>
        <time>2025-04-15T13:13:59.666Z</time>
      </trkpt>
      <trkpt lat="49.116319" lon="9.068482">
        <ele>308.868301</ele>
        <time>2025-04-15T13:14:03.094Z</time>
      </trkpt>
      <trkpt lat="49.116301" lon="9.068319">
        <ele>309.214129</ele>
        <time>2025-04-15T13:14:06.561Z</time>
      </trkpt>
      <trkpt lat="49.116371" lon="9.067647">
        <ele>310.637696</ele>
        <time>2025-04-15T13:14:20.569Z</time>
      </trkpt>
      <trkpt lat="49.116409" lon="9.067420">
        <ele>311.127883</ele>
        <time>2025-04-15T13:14:25.577Z</time>
      </trkpt>
      <trkpt lat="49.116451" lon="9.067179">
        <ele>311.714234</ele>
        <time>2025-04-15T13:14:31.265Z</time>
      </trkpt>
      <trkpt lat="49.116507" lon="9.066914">
        <ele>312.418139</ele>
        <time>2025-04-15T13:14:37.849Z</time>
      </trkpt>
      <trkpt lat="49.116574" lon="9.066559">
        <ele>313.352055</ele>
        <time>2025-04-15T13:14:46.759Z</time>
      </trkpt>
      <trkpt lat="49.116270" lon="9.066037">
        <ele>315.118251</ele>
        <time>2025-04-15T13:15:02.901Z</time>
      </trkpt>
      <trkpt lat="49.116287" lon="9.065888">
        <ele>315.500568</ele>
        <time>2025-04-15T13:15:06.239Z</time>
      </trkpt>
      <trkpt lat="49.116264" lon="9.065749">
        <ele>315.862983</ele>
        <time>2025-04-15T13:15:10.466Z</time>
      </trkpt>
      <trkpt lat="49.116195" lon="9.065466">
        <ele>316.626364</ele>
        <time>2025-04-15T13:15:19.251Z</time>
      </trkpt>
      <trkpt lat="49.116124" lon="9.064016">
        <ele>319.735528</ele>
        <time>2025-04-15T13:15:59.258Z</time>
      </trkpt>
      <trkpt lat="49.116125" lon="9.062592">
        <ele>322.323891</ele>
        <time>2025-04-15T13:16:35.875Z</time>
      </trkpt>
      <trkpt lat="49.116096" lon="9.062187">
        <ele>323.064440</ele>
        <time>2025-04-15T13:16:46.771Z</time>
      </trkpt>
      <trkpt lat="49.115997" lon="9.061541">
        <ele>323.985927</ele>
        <time>2025-04-15T13:17:04.907Z</time>
      </trkpt>
      <trkpt lat="49.115907" lon="9.061112">
        <ele>324.569392</ele>
        <time>2025-04-15T13:17:17.234Z</time>
      </trkpt>
      <trkpt lat="49.115631" lon="9.060196">
        <ele>325.875431</ele>
        <time>2025-04-15T13:17:43.242Z</time>
      </trkpt>
      <trkpt lat="49.115605" lon="9.059972">
        <ele>326.170075</ele>
        <time>2025-04-15T13:17:48.598Z</time>
      </trkpt>
      <trkpt lat="49.115624" lon="9.059653">
        <ele>326.584940</ele>
        <time>2025-04-15T13:17:55.837Z</time>
      </trkpt>
      <trkpt lat="49.115674" lon="9.059416">
        <ele>326.798439</ele>
        <time>2025-04-15T13:18:01.046Z</time>
      </trkpt>
      <trkpt lat="49.115992" lon="9.058143">
        <ele>325.717028</ele>
        <time>2025-04-15T13:18:25.534Z</time>
      </trkpt>
      <trkpt lat="49.116091" lon="9.057427">
        <ele>325.136228</ele>
        <time>2025-04-15T13:18:37.860Z</time>
      </trkpt>
      <trkpt lat="49.116152" lon="9.056764">
        <ele>324.615681</ele>
        <time>2025-04-15T13:18:49.189Z</time>
      </trkpt>
      <trkpt lat="49.116234" lon="9.055491">
        <ele>323.803796</ele>
        <time>2025-04-15T13:19:11.916Z</time>
      </trkpt>
      <trkpt lat="49.116250" lon="9.053974">
        <ele>322.903515</ele>
        <time>2025-04-15T13:19:40.447Z</time>
      </trkpt>
      <trkpt lat="49.116325" lon="9.052726">
        <ele>322.782977</ele>
        <time>2025-04-15T13:20:03.776Z</time>
      </trkpt>
      <trkpt lat="49.116371" lon="9.051916">
        <ele>322.704779</ele>
        <time>2025-04-15T13:20:19.079Z</time>
      </trkpt>
      <trkpt lat="49.116429" lon="9.049787">
        <ele>323.452576</ele>
        <time>2025-04-15T13:21:04.562Z</time>
      </trkpt>
      <trkpt lat="49.116482" lon="9.048044">
        <ele>324.246665</ele>
        <time>2025-04-15T13:21:43.268Z</time>
      </trkpt>
      <trkpt lat="49.116625" lon="9.044393">
        <ele>324.913254</ele>
        <time>2025-04-15T13:22:57.570Z</time>
      </trkpt>
      <trkpt lat="49.116531" lon="9.044019">
        <ele>324.895617</ele>
        <time>2025-04-15T13:23:05.021Z</time>
      </trkpt>
      <trkpt lat="49.116433" lon="9.043684">
        <ele>324.879464</ele>
        <time>2025-04-15T13:23:11.803Z</time>
      </trkpt>
      <trkpt lat="49.116713" lon="9.043189">
        <ele>324.914568</ele>
        <time>2025-04-15T13:23:23.831Z</time>
      </trkpt>
      <trkpt lat="49.116903" lon="9.042797">
        <ele>325.107044</ele>
        <time>2025-04-15T13:23:33.002Z</time>
      </trkpt>
      <trkpt lat="49.117026" lon="9.042329">
        <ele>325.306046</ele>
        <time>2025-04-15T13:23:42.750Z</time>
      </trkpt>
      <trkpt lat="49.117028" lon="9.041939">
        <ele>325.459942</ele>
        <time>2025-04-15T13:23:50.747Z</time>
      </trkpt>
      <trkpt lat="49.116915" lon="9.039941">
        <ele>326.207973</ele>
        <time>2025-04-15T13:24:25.139Z</time>
      </trkpt>
      <trkpt lat="49.116932" lon="9.038264">
        <ele>326.777288</ele>
        <time>2025-04-15T13:24:49.503Z</time>
      </trkpt>
      <trkpt lat="49.116980" lon="9.037747">
        <ele>326.594485</ele>
        <time>2025-04-15T13:24:55.534Z</time>
      </trkpt>
      <trkpt lat="49.116871" lon="9.036411">
        <ele>325.002173</ele>
        <time>2025-04-15T13:25:09.948Z</time>
      </trkpt>
      <trkpt lat="49.116276" lon="9.033520">
        <ele>321.792739</ele>
        <time>2025-04-15T13:25:42.599Z</time>
      </trkpt>
      <trkpt lat="49.115886" lon="9.031713">
        <ele>321.036009</ele>
        <time>2025-04-15T13:26:18.601Z</time>
      </trkpt>
      <trkpt lat="49.115644" lon="9.030710">
        <ele>321.151074</ele>
        <time>2025-04-15T13:26:40.154Z</time>
      </trkpt>
      <trkpt lat="49.115337" lon="9.029986">
        <ele>321.324634</ele>
        <time>2025-04-15T13:26:58.851Z</time>
      </trkpt>
      <trkpt lat="49.115142" lon="9.029594">
        <ele>321.572664</ele>
        <time>2025-04-15T13:27:09.842Z</time>
      </trkpt>
      <trkpt lat="49.114835" lon="9.029192">
        <ele>321.883851</ele>
        <time>2025-04-15T13:27:22.051Z</time>
      </trkpt>
      <trkpt lat="49.114233" lon="9.028687">
        <ele>322.412419</ele>
        <time>2025-04-15T13:27:43.146Z</time>
      </trkpt>
      <trkpt lat="49.113746" lon="9.028340">
        <ele>323.306048</ele>
        <time>2025-04-15T13:28:03.069Z</time>
      </trkpt>
      <trkpt lat="49.113273" lon="9.028977">
        <ele>324.851739</ele>
        <time>2025-04-15T13:28:27.109Z</time>
      </trkpt>
      <trkpt lat="49.112855" lon="9.028457">
        <ele>326.173162</ele>
        <time>2025-04-15T13:28:44.660Z</time>
      </trkpt>
      <trkpt lat="49.112698" lon="9.028248">
        <ele>326.683642</ele>
        <time>2025-04-15T13:28:52.074Z</time>
      </trkpt>
      <trkpt lat="49.112504" lon="9.027892">
        <ele>327.343706</ele>
        <time>2025-04-15T13:29:01.819Z</time>
      </trkpt>
      <trkpt lat="49.112365" lon="9.027691">
        <ele>327.717992</ele>
        <time>2025-04-15T13:29:07.366Z</time>
      </trkpt>
      <trkpt lat="49.112209" lon="9.027309">
        <ele>328.294341</ele>
        <time>2025-04-15T13:29:15.750Z</time>
      </trkpt>
      <trkpt lat="49.112049" lon="9.026765">
        <ele>329.057771</ele>
        <time>2025-04-15T13:29:26.109Z</time>
      </trkpt>
      <trkpt lat="49.111533" lon="9.026037">
        <ele>330.431338</ele>
        <time>2025-04-15T13:29:44.412Z</time>
      </trkpt>
      <trkpt lat="49.111205" lon="9.025628">
        <ele>330.687908</ele>
        <time>2025-04-15T13:29:54.791Z</time>
      </trkpt>
      <trkpt lat="49.111110" lon="9.025545">
        <ele>330.733594</ele>
        <time>2025-04-15T13:29:57.318Z</time>
      </trkpt>
      <trkpt lat="49.110852" lon="9.025193">
        <ele>330.877996</ele>
        <time>2025-04-15T13:30:04.787Z</time>
      </trkpt>
      <trkpt lat="49.110861" lon="9.025018">
        <ele>330.925964</ele>
        <time>2025-04-15T13:30:07.128Z</time>
      </trkpt>
      <trkpt lat="49.110819" lon="9.024612">
        <ele>331.038286</ele>
        <time>2025-04-15T13:30:12.354Z</time>
      </trkpt>
      <trkpt lat="49.110757" lon="9.024282">
        <ele>331.132103</ele>
        <time>2025-04-15T13:30:16.691Z</time>
      </trkpt>
      <trkpt lat="49.110737" lon="9.023918">
        <ele>331.231921</ele>
        <time>2025-04-15T13:30:21.359Z</time>
      </trkpt>
      <trkpt lat="49.110756" lon="9.023257">
        <ele>331.334944</ele>
        <time>2025-04-15T13:30:29.775Z</time>
      </trkpt>
      <trkpt lat="49.110806" lon="9.022931">
        <ele>331.371296</ele>
        <time>2025-04-15T13:30:34.372Z</time>
      </trkpt>
      <trkpt lat="49.110808" lon="9.022402">
        <ele>331.428729</ele>
        <time>2025-04-15T13:30:41.971Z</time>
      </trkpt>
      <trkpt lat="49.110749" lon="9.021840">
        <ele>331.490524</ele>
        <time>2025-04-15T13:30:50.097Z</time>
      </trkpt>
      <trkpt lat="49.110644" lon="9.021238">
        <ele>331.558162</ele>
        <time>2025-04-15T13:30:58.764Z</time>
      </trkpt>
      <trkpt lat="49.110505" lon="9.020317">
        <ele>330.882237</ele>
        <time>2025-04-15T13:31:10.849Z</time>
      </trkpt>
      <trkpt lat="49.110372" lon="9.019242">
        <ele>329.827377</ele>
        <time>2025-04-15T13:31:22.699Z</time>
      </trkpt>
      <trkpt lat="49.110381" lon="9.018920">
        <ele>329.516623</ele>
        <time>2025-04-15T13:31:26.060Z</time>
      </trkpt>
      <trkpt lat="49.110438" lon="9.018135">
        <ele>328.899817</ele>
        <time>2025-04-15T13:31:34.398Z</time>
      </trkpt>
      <trkpt lat="49.110409" lon="9.017905">
        <ele>328.858026</ele>
        <time>2025-04-15T13:31:36.953Z</time>
      </trkpt>
      <trkpt lat="49.110385" lon="9.017498">
        <ele>328.785113</ele>
        <time>2025-04-15T13:31:41.522Z</time>
      </trkpt>
      <trkpt lat="49.110439" lon="9.016717">
        <ele>328.644990</ele>
        <time>2025-04-15T13:31:50.954Z</time>
      </trkpt>
      <trkpt lat="49.110418" lon="9.015562">
        <ele>328.458464</ele>
        <time>2025-04-15T13:32:09.765Z</time>
      </trkpt>
      <trkpt lat="49.110278" lon="9.014608">
        <ele>329.235656</ele>
        <time>2025-04-15T13:32:26.352Z</time>
      </trkpt>
      <trkpt lat="49.110243" lon="9.014347">
        <ele>329.447443</ele>
        <time>2025-04-15T13:32:32.415Z</time>
      </trkpt>
      <trkpt lat="49.110185" lon="9.014428">
        <ele>329.542873</ele>
        <time>2025-04-15T13:32:35.161Z</time>
      </trkpt>
      <trkpt lat="49.109847" lon="9.014568">
        <ele>329.968152</ele>
        <time>2025-04-15T13:32:47.060Z</time>
      </trkpt>
      <trkpt lat="49.109033" lon="9.015104">
        <ele>330.532435</ele>
        <time>2025-04-15T13:33:17.148Z</time>
      </trkpt>
      <trkpt lat="49.108562" lon="9.015372">
        <ele>330.394824</ele>
        <time>2025-04-15T13:33:33.328Z</time>
      </trkpt>
      <trkpt lat="49.108232" lon="9.015436">
        <ele>330.303747</ele>
        <time>2025-04-15T13:33:43.177Z</time>
      </trkpt>
      <trkpt lat="49.108009" lon="9.015539">
        <ele>330.239962</ele>
        <time>2025-04-15T13:33:49.738Z</time>
      </trkpt>
      <trkpt lat="49.107302" lon="9.015983">
        <ele>329.008377</ele>
        <time>2025-04-15T13:34:09.464Z</time>
      </trkpt>
      <trkpt lat="49.106660" lon="9.016438">
        <ele>326.901306</ele>
        <time>2025-04-15T13:34:26.716Z</time>
      </trkpt>
      <trkpt lat="49.106525" lon="9.016479">
        <ele>326.491517</ele>
        <time>2025-04-15T13:34:30.060Z</time>
      </trkpt>
      <trkpt lat="49.106462" lon="9.016554">
        <ele>326.253718</ele>
        <time>2025-04-15T13:34:32.000Z</time>
      </trkpt>
      <trkpt lat="49.106425" lon="9.016673">
        <ele>325.996951</ele>
        <time>2025-04-15T13:34:34.090Z</time>
      </trkpt>
      <trkpt lat="49.106233" lon="9.016844">
        <ele>325.335261</ele>
        <time>2025-04-15T13:34:39.510Z</time>
      </trkpt>
      <trkpt lat="49.106197" lon="9.016928">
        <ele>325.139578</ele>
        <time>2025-04-15T13:34:41.104Z</time>
      </trkpt>
      <trkpt lat="49.106142" lon="9.017195">
        <ele>324.628319</ele>
        <time>2025-04-15T13:34:45.583Z</time>
      </trkpt>
      <trkpt lat="49.106107" lon="9.017244">
        <ele>324.513137</ele>
        <time>2025-04-15T13:34:46.747Z</time>
      </trkpt>
      <trkpt lat="49.105815" lon="9.017503">
        <ele>323.693950</ele>
        <time>2025-04-15T13:34:55.216Z</time>
      </trkpt>
      <trkpt lat="49.105523" lon="9.017761">
        <ele>322.875559</ele>
        <time>2025-04-15T13:35:03.909Z</time>
      </trkpt>
      <trkpt lat="49.105348" lon="9.017860">
        <ele>322.422814</ele>
        <time>2025-04-15T13:35:08.688Z</time>
      </trkpt>
      <trkpt lat="49.105228" lon="9.017979">
        <ele>322.075712</ele>
        <time>2025-04-15T13:35:12.349Z</time>
      </trkpt>
      <trkpt lat="49.104944" lon="9.016801">
        <ele>320.147415</ele>
        <time>2025-04-15T13:35:24.290Z</time>
      </trkpt>
      <trkpt lat="49.104312" lon="9.013287">
        <ele>316.822459</ele>
        <time>2025-04-15T13:35:59.520Z</time>
      </trkpt>
      <trkpt lat="49.104153" lon="9.012801">
        <ele>316.780049</ele>
        <time>2025-04-15T13:36:05.491Z</time>
      </trkpt>
      <trkpt lat="49.103841" lon="9.012010">
        <ele>316.707962</ele>
        <time>2025-04-15T13:36:19.229Z</time>
      </trkpt>
      <trkpt lat="49.103693" lon="9.011884">
        <ele>316.830328</ele>
        <time>2025-04-15T13:36:23.738Z</time>
      </trkpt>
      <trkpt lat="49.103570" lon="9.011719">
        <ele>317.229272</ele>
        <time>2025-04-15T13:36:28.385Z</time>
      </trkpt>
      <trkpt lat="49.103285" lon="9.011269">
        <ele>318.228216</ele>
        <time>2025-04-15T13:36:41.259Z</time>
      </trkpt>
      <trkpt lat="49.102952" lon="9.010571">
        <ele>319.606198</ele>
        <time>2025-04-15T13:36:59.126Z</time>
      </trkpt>
      <trkpt lat="49.102868" lon="9.010449">
        <ele>319.888679</ele>
        <time>2025-04-15T13:37:02.635Z</time>
      </trkpt>
      <trkpt lat="49.101573" lon="9.009031">
        <ele>320.815840</ele>
        <time>2025-04-15T13:37:38.637Z</time>
      </trkpt>
      <trkpt lat="49.100622" lon="9.008412">
        <ele>319.485093</ele>
        <time>2025-04-15T13:37:53.478Z</time>
      </trkpt>
      <trkpt lat="49.100314" lon="9.008097">
        <ele>318.215539</ele>
        <time>2025-04-15T13:37:58.271Z</time>
      </trkpt>
      <trkpt lat="49.099914" lon="9.007378">
        <ele>316.099762</ele>
        <time>2025-04-15T13:38:06.178Z</time>
      </trkpt>
      <trkpt lat="49.099876" lon="9.007174">
        <ele>315.624142</ele>
        <time>2025-04-15T13:38:07.985Z</time>
      </trkpt>
      <trkpt lat="49.099730" lon="9.006792">
        <ele>314.632244</ele>
        <time>2025-04-15T13:38:11.850Z</time>
      </trkpt>
      <trkpt lat="49.099598" lon="9.006545">
        <ele>314.773678</ele>
        <time>2025-04-15T13:38:14.848Z</time>
      </trkpt>
      <trkpt lat="49.099446" lon="9.006286">
        <ele>315.157353</ele>
        <time>2025-04-15T13:38:18.690Z</time>
      </trkpt>
      <trkpt lat="49.099267" lon="9.005863">
        <ele>315.712939</ele>
        <time>2025-04-15T13:38:26.400Z</time>
      </trkpt>
      <trkpt lat="49.099094" lon="9.005681">
        <ele>316.066859</ele>
        <time>2025-04-15T13:38:32.261Z</time>
      </trkpt>
      <trkpt lat="49.099072" lon="9.005393">
        <ele>316.386710</ele>
        <time>2025-04-15T13:38:38.207Z</time>
      </trkpt>
      <trkpt lat="49.099084" lon="9.005113">
        <ele>316.696242</ele>
        <time>2025-04-15T13:38:44.374Z</time>
      </trkpt>
      <trkpt lat="49.099161" lon="9.004810">
        <ele>317.054777</ele>
        <time>2025-04-15T13:38:51.616Z</time>
      </trkpt>
      <trkpt lat="49.099426" lon="9.004335">
        <ele>317.821675</ele>
        <time>2025-04-15T13:39:05.710Z</time>
      </trkpt>
      <trkpt lat="49.099188" lon="9.003991">
        <ele>318.569367</ele>
        <time>2025-04-15T13:39:16.785Z</time>
      </trkpt>
      <trkpt lat="49.098981" lon="9.003838">
        <ele>319.094097</ele>
        <time>2025-04-15T13:39:23.620Z</time>
      </trkpt>
      <trkpt lat="49.098895" lon="9.003704">
        <ele>319.374429</ele>
        <time>2025-04-15T13:39:26.927Z</time>
      </trkpt>
      <trkpt lat="49.098823" lon="9.003415">
        <ele>319.836395</ele>
        <time>2025-04-15T13:39:31.910Z</time>
      </trkpt>
      <trkpt lat="49.098770" lon="9.003340">
        <ele>320.001260</ele>
        <time>2025-04-15T13:39:33.575Z</time>
      </trkpt>
      <trkpt lat="49.098684" lon="9.003294">
        <ele>320.209179</ele>
        <time>2025-04-15T13:39:35.589Z</time>
      </trkpt>
      <trkpt lat="49.097742" lon="9.003504">
        <ele>322.171964</ele>
        <time>2025-04-15T13:39:56.152Z</time>
      </trkpt>
      <trkpt lat="49.097562" lon="9.003434">
        <ele>322.478334</ele>
        <time>2025-04-15T13:40:00.429Z</time>
      </trkpt>
      <trkpt lat="49.095606" lon="9.000314">
        <ele>327.343455</ele>
        <time>2025-04-15T13:41:12.771Z</time>
      </trkpt>
      <trkpt lat="49.095180" lon="8.999731">
        <ele>327.946265</ele>
        <time>2025-04-15T13:41:25.888Z</time>
      </trkpt>
      <trkpt lat="49.094844" lon="8.999023">
        <ele>328.222756</ele>
        <time>2025-04-15T13:41:37.714Z</time>
      </trkpt>
      <trkpt lat="49.094533" lon="8.998407">
        <ele>328.468717</ele>
        <time>2025-04-15T13:41:47.305Z</time>
      </trkpt>
      <trkpt lat="49.094217" lon="8.997479">
        <ele>328.317900</ele>
        <time>2025-04-15T13:42:07.087Z</time>
      </trkpt>
      <trkpt lat="49.093788" lon="8.995889">
        <ele>326.979874</ele>
        <time>2025-04-15T13:42:37.896Z</time>
      </trkpt>
      <trkpt lat="49.093439" lon="8.994747">
        <ele>325.500245</ele>
        <time>2025-04-15T13:42:59.396Z</time>
      </trkpt>
      <trkpt lat="49.093192" lon="8.994073">
        <ele>324.326724</ele>
        <time>2025-04-15T13:43:12.275Z</time>
      </trkpt>
      <trkpt lat="49.092479" lon="8.992555">
        <ele>321.434491</ele>
        <time>2025-04-15T13:43:29.645Z</time>
      </trkpt>
      <trkpt lat="49.091195" lon="8.990326">
        <ele>316.320929</ele>
        <time>2025-04-15T13:43:57.385Z</time>
      </trkpt>
      <trkpt lat="49.091115" lon="8.990407">
        <ele>316.024652</ele>
        <time>2025-04-15T13:43:59.772Z</time>
      </trkpt>
      <trkpt lat="49.090636" lon="8.990678">
        <ele>314.447952</ele>
        <time>2025-04-15T13:44:12.276Z</time>
      </trkpt>
      <trkpt lat="49.090468" lon="8.990683">
        <ele>313.929302</ele>
        <time>2025-04-15T13:44:16.364Z</time>
      </trkpt>
      <trkpt lat="49.090377" lon="8.990729">
        <ele>313.633430</ele>
        <time>2025-04-15T13:44:18.682Z</time>
      </trkpt>
      <trkpt lat="49.090268" lon="8.990621">
        <ele>313.232371</ele>
        <time>2025-04-15T13:44:20.437Z</time>
      </trkpt>
      <trkpt lat="49.089980" lon="8.990468">
        <ele>312.298322</ele>
        <time>2025-04-15T13:44:24.516Z</time>
      </trkpt>
      <trkpt lat="49.089790" lon="8.990452">
        <ele>311.768703</ele>
        <time>2025-04-15T13:44:27.065Z</time>
      </trkpt>
      <trkpt lat="49.088492" lon="8.990681">
        <ele>308.132026</ele>
        <time>2025-04-15T13:44:45.181Z</time>
      </trkpt>
      <trkpt lat="49.088153" lon="8.990767">
        <ele>307.199173</ele>
        <time>2025-04-15T13:44:50.301Z</time>
      </trkpt>
      <trkpt lat="49.087965" lon="8.990851">
        <ele>306.724535</ele>
        <time>2025-04-15T13:44:53.264Z</time>
      </trkpt>
      <trkpt lat="49.087753" lon="8.990875">
        <ele>306.209434</ele>
        <time>2025-04-15T13:44:56.494Z</time>
      </trkpt>
      <trkpt lat="49.087537" lon="8.990823">
        <ele>305.679586</ele>
        <time>2025-04-15T13:44:59.777Z</time>
      </trkpt>
      <trkpt lat="49.087443" lon="8.990800">
        <ele>305.448911</ele>
        <time>2025-04-15T13:45:01.196Z</time>
      </trkpt>
      <trkpt lat="49.086821" lon="8.990759">
        <ele>303.940358</ele>
        <time>2025-04-15T13:45:11.428Z</time>
      </trkpt>
      <trkpt lat="49.085144" lon="8.990534">
        <ele>297.868248</ele>
        <time>2025-04-15T13:45:36.763Z</time>
      </trkpt>
      <trkpt lat="49.084150" lon="8.990680">
        <ele>294.087666</ele>
        <time>2025-04-15T13:45:49.595Z</time>
      </trkpt>
      <trkpt lat="49.083375" lon="8.990754">
        <ele>291.286629</ele>
        <time>2025-04-15T13:45:59.839Z</time>
      </trkpt>
      <trkpt lat="49.083468" lon="8.990268">
        <ele>290.090418</ele>
        <time>2025-04-15T13:46:04.388Z</time>
      </trkpt>
      <trkpt lat="49.083311" lon="8.987499">
        <ele>286.974204</ele>
        <time>2025-04-15T13:46:31.708Z</time>
      </trkpt>
      <trkpt lat="49.083145" lon="8.986343">
        <ele>287.091745</ele>
        <time>2025-04-15T13:46:45.816Z</time>
      </trkpt>
      <trkpt lat="49.082763" lon="8.984632">
        <ele>287.830163</ele>
        <time>2025-04-15T13:47:12.697Z</time>
      </trkpt>
      <trkpt lat="49.082718" lon="8.984516">
        <ele>287.873622</ele>
        <time>2025-04-15T13:47:14.665Z</time>
      </trkpt>
      <trkpt lat="49.082546" lon="8.983928">
        <ele>288.071502</ele>
        <time>2025-04-15T13:47:23.847Z</time>
      </trkpt>
      <trkpt lat="49.081721" lon="8.981978">
        <ele>288.590892</ele>
        <time>2025-04-15T13:47:52.428Z</time>
      </trkpt>
      <trkpt lat="49.081356" lon="8.981419">
        <ele>288.375138</ele>
        <time>2025-04-15T13:48:01.374Z</time>
      </trkpt>
      <trkpt lat="49.080799" lon="8.980617">
        <ele>288.055621</ele>
        <time>2025-04-15T13:48:14.250Z</time>
      </trkpt>
      <trkpt lat="49.080274" lon="8.979393">
        <ele>286.896368</ele>
        <time>2025-04-15T13:48:29.245Z</time>
      </trkpt>
      <trkpt lat="49.079751" lon="8.977232">
        <ele>284.594239</ele>
        <time>2025-04-15T13:48:51.593Z</time>
      </trkpt>
      <trkpt lat="49.079619" lon="8.976561">
        <ele>283.950821</ele>
        <time>2025-04-15T13:48:58.521Z</time>
      </trkpt>
      <trkpt lat="49.079511" lon="8.975902">
        <ele>283.326958</ele>
        <time>2025-04-15T13:49:10.531Z</time>
      </trkpt>
      <trkpt lat="49.079240" lon="8.973482">
        <ele>281.736565</ele>
        <time>2025-04-15T13:49:54.976Z</time>
      </trkpt>
      <trkpt lat="49.079122" lon="8.972530">
        <ele>281.235407</ele>
        <time>2025-04-15T13:50:12.835Z</time>
      </trkpt>
      <trkpt lat="49.079029" lon="8.971953">
        <ele>281.279863</ele>
        <time>2025-04-15T13:50:24.023Z</time>
      </trkpt>
      <trkpt lat="49.078745" lon="8.969709">
        <ele>281.806341</ele>
        <time>2025-04-15T13:51:10.906Z</time>
      </trkpt>
      <trkpt lat="49.078480" lon="8.967830">
        <ele>283.690908</ele>
        <time>2025-04-15T13:51:56.807Z</time>
      </trkpt>
      <trkpt lat="49.078287" lon="8.966723">
        <ele>284.550409</ele>
        <time>2025-04-15T13:52:24.190Z</time>
      </trkpt>
      <trkpt lat="49.078206" lon="8.966449">
        <ele>284.608179</ele>
        <time>2025-04-15T13:52:30.962Z</time>
      </trkpt>
      <trkpt lat="49.077776" lon="8.965425">
        <ele>284.841934</ele>
        <time>2025-04-15T13:52:55.900Z</time>
      </trkpt>
      <trkpt lat="49.077671" lon="8.965236">
        <ele>284.889561</ele>
        <time>2025-04-15T13:53:00.580Z</time>
      </trkpt>
      <trkpt lat="49.077296" lon="8.964369">
        <ele>284.736267</ele>
        <time>2025-04-15T13:53:19.568Z</time>
      </trkpt>
      <trkpt lat="49.076481" lon="8.962791">
        <ele>283.314751</ele>
        <time>2025-04-15T13:53:55.336Z</time>
      </trkpt>
      <trkpt lat="49.076168" lon="8.962095">
        <ele>282.958375</ele>
        <time>2025-04-15T13:54:10.573Z</time>
      </trkpt>
      <trkpt lat="49.075949" lon="8.961455">
        <ele>282.795201</ele>
        <time>2025-04-15T13:54:23.930Z</time>
      </trkpt>
      <trkpt lat="49.075534" lon="8.959324">
        <ele>282.751640</ele>
        <time>2025-04-15T13:55:07.303Z</time>
      </trkpt>
      <trkpt lat="49.075480" lon="8.959235">
        <ele>282.803775</ele>
        <time>2025-04-15T13:55:09.883Z</time>
      </trkpt>
      <trkpt lat="49.075428" lon="8.959209">
        <ele>282.839674</ele>
        <time>2025-04-15T13:55:11.586Z</time>
      </trkpt>
      <trkpt lat="49.075430" lon="8.959173">
        <ele>282.855201</ele>
        <time>2025-04-15T13:55:12.111Z</time>
      </trkpt>
      <trkpt lat="49.075423" lon="8.959103">
        <ele>282.885633</ele>
        <time>2025-04-15T13:55:13.071Z</time>
      </trkpt>
      <trkpt lat="49.074479" lon="8.956448">
        <ele>282.518570</ele>
        <time>2025-04-15T13:55:55.571Z</time>
      </trkpt>
      <trkpt lat="49.074090" lon="8.955616">
        <ele>281.634836</ele>
        <time>2025-04-15T13:56:05.574Z</time>
      </trkpt>
      <trkpt lat="49.074040" lon="8.955504">
        <ele>281.517657</ele>
        <time>2025-04-15T13:56:06.783Z</time>
      </trkpt>
      <trkpt lat="49.073767" lon="8.954441">
        <ele>276.748925</ele>
        <time>2025-04-15T13:56:16.104Z</time>
      </trkpt>
      <trkpt lat="49.073654" lon="8.954306">
        <ele>275.573947</ele>
        <time>2025-04-15T13:56:17.795Z</time>
      </trkpt>
      <trkpt lat="49.073197" lon="8.953992">
        <ele>271.470237</ele>
        <time>2025-04-15T13:56:23.552Z</time>
      </trkpt>
      <trkpt lat="49.072997" lon="8.953635">
        <ele>268.950451</ele>
        <time>2025-04-15T13:56:27.035Z</time>
      </trkpt>
      <trkpt lat="49.072974" lon="8.953594">
        <ele>268.660900</ele>
        <time>2025-04-15T13:56:27.432Z</time>
      </trkpt>
      <trkpt lat="49.072623" lon="8.952825">
        <ele>263.228029</ele>
        <time>2025-04-15T13:56:34.306Z</time>
      </trkpt>
      <trkpt lat="49.072421" lon="8.952273">
        <ele>259.361655</ele>
        <time>2025-04-15T13:56:38.976Z</time>
      </trkpt>
      <trkpt lat="49.072301" lon="8.951851">
        <ele>256.548525</ele>
        <time>2025-04-15T13:56:42.412Z</time>
      </trkpt>
      <trkpt lat="49.072277" lon="8.951619">
        <ele>255.112274</ele>
        <time>2025-04-15T13:56:44.187Z</time>
      </trkpt>
      <trkpt lat="49.072221" lon="8.950339">
        <ele>248.073487</ele>
        <time>2025-04-15T13:56:54.116Z</time>
      </trkpt>
      <trkpt lat="49.072329" lon="8.949426">
        <ele>244.249344</ele>
        <time>2025-04-15T13:57:01.512Z</time>
      </trkpt>
      <trkpt lat="49.072366" lon="8.949038">
        <ele>242.633198</ele>
        <time>2025-04-15T13:57:04.653Z</time>
      </trkpt>
      <trkpt lat="49.072311" lon="8.947991">
        <ele>238.396325</ele>
        <time>2025-04-15T13:57:13.135Z</time>
      </trkpt>
      <trkpt lat="49.072324" lon="8.947791">
        <ele>238.210867</ele>
        <time>2025-04-15T13:57:14.795Z</time>
      </trkpt>
      <trkpt lat="49.072431" lon="8.947386">
        <ele>237.807903</ele>
        <time>2025-04-15T13:57:18.527Z</time>
      </trkpt>
      <trkpt lat="49.072516" lon="8.947221">
        <ele>237.614211</ele>
        <time>2025-04-15T13:57:20.492Z</time>
      </trkpt>
      <trkpt lat="49.072661" lon="8.946996">
        <ele>237.322971</ele>
        <time>2025-04-15T13:57:23.609Z</time>
      </trkpt>
      <trkpt lat="49.072697" lon="8.946845">
        <ele>237.174695</ele>
        <time>2025-04-15T13:57:25.261Z</time>
      </trkpt>
      <trkpt lat="49.072722" lon="8.946745">
        <ele>237.075929</ele>
        <time>2025-04-15T13:57:26.425Z</time>
      </trkpt>
      <trkpt lat="49.072755" lon="8.946597">
        <ele>236.931668</ele>
        <time>2025-04-15T13:57:28.149Z</time>
      </trkpt>
      <trkpt lat="49.072866" lon="8.946223">
        <ele>236.552793</ele>
        <time>2025-04-15T13:57:33.377Z</time>
      </trkpt>
      <trkpt lat="49.072957" lon="8.945808">
        <ele>236.148970</ele>
        <time>2025-04-15T13:57:40.247Z</time>
      </trkpt>
      <trkpt lat="49.073243" lon="8.944712">
        <ele>236.161103</ele>
        <time>2025-04-15T13:58:02.111Z</time>
      </trkpt>
      <trkpt lat="49.073381" lon="8.944032">
        <ele>236.376254</ele>
        <time>2025-04-15T13:58:13.249Z</time>
      </trkpt>
      <trkpt lat="49.073402" lon="8.943690">
        <ele>236.480069</ele>
        <time>2025-04-15T13:58:17.252Z</time>
      </trkpt>
      <trkpt lat="49.073361" lon="8.943129">
        <ele>236.650670</ele>
        <time>2025-04-15T13:58:23.060Z</time>
      </trkpt>
      <trkpt lat="49.072770" lon="8.943016">
        <ele>235.211218</ele>
        <time>2025-04-15T13:58:31.402Z</time>
      </trkpt>
      <trkpt lat="49.072476" lon="8.942912">
        <ele>234.192548</ele>
        <time>2025-04-15T13:58:35.385Z</time>
      </trkpt>
      <trkpt lat="49.071844" lon="8.942606">
        <ele>231.954544</ele>
        <time>2025-04-15T13:58:43.991Z</time>
      </trkpt>
      <trkpt lat="49.071445" lon="8.942331">
        <ele>230.640078</ele>
        <time>2025-04-15T13:58:50.143Z</time>
      </trkpt>
      <trkpt lat="49.071360" lon="8.942345">
        <ele>230.626462</ele>
        <time>2025-04-15T13:58:51.385Z</time>
      </trkpt>
      <trkpt lat="49.071339" lon="8.942273">
        <ele>230.618239</ele>
        <time>2025-04-15T13:58:52.097Z</time>
      </trkpt>
      <trkpt lat="49.071032" lon="8.942018">
        <ele>230.562576</ele>
        <time>2025-04-15T13:58:57.001Z</time>
      </trkpt>
      <trkpt lat="49.070759" lon="8.941844">
        <ele>230.515460</ele>
        <time>2025-04-15T13:59:01.515Z</time>
      </trkpt>
      <trkpt lat="49.070435" lon="8.941689">
        <ele>230.461385</ele>
        <time>2025-04-15T13:59:07.710Z</time>
      </trkpt>
      <trkpt lat="49.070204" lon="8.941558">
        <ele>230.422138</ele>
        <time>2025-04-15T13:59:13.452Z</time>
      </trkpt>
      <trkpt lat="49.069992" lon="8.941379">
        <ele>230.383554</ele>
        <time>2025-04-15T13:59:20.266Z</time>
      </trkpt>
      <trkpt lat="49.069660" lon="8.941007">
        <ele>231.626109</ele>
        <time>2025-04-15T13:59:33.630Z</time>
      </trkpt>
      <trkpt lat="49.069057" lon="8.940255">
        <ele>235.210455</ele>
        <time>2025-04-15T14:00:03.960Z</time>
      </trkpt>
      <trkpt lat="49.069169" lon="8.940031">
        <ele>236.060238</ele>
        <time>2025-04-15T14:00:11.662Z</time>
      </trkpt>
      <trkpt lat="49.069129" lon="8.939970">
        <ele>236.320514</ele>
        <time>2025-04-15T14:00:13.950Z</time>
      </trkpt>
      <trkpt lat="49.068877" lon="8.939859">
        <ele>237.527842</ele>
        <time>2025-04-15T14:00:24.550Z</time>
      </trkpt>
      <trkpt lat="49.067915" lon="8.938783">
        <ele>240.942441</ele>
        <time>2025-04-15T14:01:04.756Z</time>
      </trkpt>
      <trkpt lat="49.067829" lon="8.938553">
        <ele>241.362388</ele>
        <time>2025-04-15T14:01:09.230Z</time>
      </trkpt>
      <trkpt lat="49.067783" lon="8.938493">
        <ele>241.508844</ele>
        <time>2025-04-15T14:01:10.702Z</time>
      </trkpt>
      <trkpt lat="49.067567" lon="8.938351">
        <ele>242.078088</ele>
        <time>2025-04-15T14:01:16.145Z</time>
      </trkpt>
      <trkpt lat="49.066693" lon="8.937271">
        <ele>241.915072</ele>
        <time>2025-04-15T14:01:34.728Z</time>
      </trkpt>
      <trkpt lat="49.066433" lon="8.936830">
        <ele>241.352494</ele>
        <time>2025-04-15T14:01:40.515Z</time>
      </trkpt>
      <trkpt lat="49.066046" lon="8.935969">
        <ele>240.340049</ele>
        <time>2025-04-15T14:01:50.384Z</time>
      </trkpt>
      <trkpt lat="49.065553" lon="8.934505">
        <ele>237.577284</ele>
        <time>2025-04-15T14:02:05.402Z</time>
      </trkpt>
      <trkpt lat="49.065457" lon="8.934159">
        <ele>236.946621</ele>
        <time>2025-04-15T14:02:08.850Z</time>
      </trkpt>
      <trkpt lat="49.065318" lon="8.933858">
        <ele>236.328536</ele>
        <time>2025-04-15T14:02:12.267Z</time>
      </trkpt>
      <trkpt lat="49.065040" lon="8.933403">
        <ele>235.541693</ele>
        <time>2025-04-15T14:02:18.133Z</time>
      </trkpt>
      <trkpt lat="49.063925" lon="8.931893">
        <ele>233.691124</ele>
        <time>2025-04-15T14:02:41.473Z</time>
      </trkpt>
      <trkpt lat="49.063716" lon="8.931375">
        <ele>233.356018</ele>
        <time>2025-04-15T14:02:48.360Z</time>
      </trkpt>
      <trkpt lat="49.063608" lon="8.930896">
        <ele>233.129622</ele>
        <time>2025-04-15T14:02:54.248Z</time>
      </trkpt>
      <trkpt lat="49.063600" lon="8.930191">
        <ele>232.814496</ele>
        <time>2025-04-15T14:03:02.354Z</time>
      </trkpt>
      <trkpt lat="49.063489" lon="8.930213">
        <ele>232.738148</ele>
        <time>2025-04-15T14:03:04.313Z</time>
      </trkpt>
      <trkpt lat="49.063339" lon="8.930372">
        <ele>232.613577</ele>
        <time>2025-04-15T14:03:07.428Z</time>
      </trkpt>
      <trkpt lat="49.063231" lon="8.930198">
        <ele>232.506460</ele>
        <time>2025-04-15T14:03:09.919Z</time>
      </trkpt>
      <trkpt lat="49.063074" lon="8.930042">
        <ele>232.378676</ele>
        <time>2025-04-15T14:03:12.850Z</time>
      </trkpt>
      <trkpt lat="49.062729" lon="8.929814">
        <ele>231.516254</ele>
        <time>2025-04-15T14:03:18.482Z</time>
      </trkpt>
      <trkpt lat="49.062546" lon="8.929611">
        <ele>230.898353</ele>
        <time>2025-04-15T14:03:21.729Z</time>
      </trkpt>
      <trkpt lat="49.062374" lon="8.929389">
        <ele>230.283100</ele>
        <time>2025-04-15T14:03:24.881Z</time>
      </trkpt>
      <trkpt lat="49.062276" lon="8.929261">
        <ele>229.930796</ele>
        <time>2025-04-15T14:03:26.678Z</time>
      </trkpt>
      <trkpt lat="49.062037" lon="8.928926">
        <ele>229.044487</ele>
        <time>2025-04-15T14:03:31.123Z</time>
      </trkpt>
      <trkpt lat="49.061774" lon="8.928631">
        <ele>228.153020</ele>
        <time>2025-04-15T14:03:35.556Z</time>
      </trkpt>
      <trkpt lat="49.061622" lon="8.928493">
        <ele>227.669961</ele>
        <time>2025-04-15T14:03:37.939Z</time>
      </trkpt>
      <trkpt lat="49.061349" lon="8.928316">
        <ele>226.807645</ele>
        <time>2025-04-15T14:03:41.917Z</time>
      </trkpt>
      <trkpt lat="49.060889" lon="8.928084">
        <ele>225.359243</ele>
        <time>2025-04-15T14:03:48.428Z</time>
      </trkpt>
      <trkpt lat="49.060430" lon="8.927875">
        <ele>223.927206</ele>
        <time>2025-04-15T14:03:54.959Z</time>
      </trkpt>
      <trkpt lat="49.060322" lon="8.927830">
        <ele>223.592503</ele>
        <time>2025-04-15T14:03:56.526Z</time>
      </trkpt>
      <trkpt lat="49.059918" lon="8.927648">
        <ele>222.333150</ele>
        <time>2025-04-15T14:04:02.491Z</time>
      </trkpt>
      <trkpt lat="49.059838" lon="8.927589">
        <ele>222.067512</ele>
        <time>2025-04-15T14:04:03.781Z</time>
      </trkpt>
      <trkpt lat="49.059748" lon="8.927525">
        <ele>221.955000</ele>
        <time>2025-04-15T14:04:05.230Z</time>
      </trkpt>
      <trkpt lat="49.059644" lon="8.927450">
        <ele>221.851812</ele>
        <time>2025-04-15T14:04:06.925Z</time>
      </trkpt>
      <trkpt lat="49.059381" lon="8.927260">
        <ele>221.590779</ele>
        <time>2025-04-15T14:04:11.396Z</time>
      </trkpt>
      <trkpt lat="49.059163" lon="8.927102">
        <ele>221.374282</ele>
        <time>2025-04-15T14:04:15.202Z</time>
      </trkpt>
      <trkpt lat="49.059311" lon="8.926110">
        <ele>220.776226</ele>
        <time>2025-04-15T14:04:26.210Z</time>
      </trkpt>
      <trkpt lat="49.059412" lon="8.925508">
        <ele>220.424678</ele>
        <time>2025-04-15T14:04:33.470Z</time>
      </trkpt>
      <trkpt lat="49.059417" lon="8.925141">
        <ele>220.518883</ele>
        <time>2025-04-15T14:04:37.792Z</time>
      </trkpt>
      <trkpt lat="49.059389" lon="8.924891">
        <ele>220.583973</ele>
        <time>2025-04-15T14:04:40.916Z</time>
      </trkpt>
      <trkpt lat="49.059207" lon="8.924156">
        <ele>220.785619</ele>
        <time>2025-04-15T14:04:50.813Z</time>
      </trkpt>
      <trkpt lat="49.059075" lon="8.923707">
        <ele>220.911915</ele>
        <time>2025-04-15T14:04:57.097Z</time>
      </trkpt>
      <trkpt lat="49.059057" lon="8.923634">
        <ele>220.931932</ele>
        <time>2025-04-15T14:04:58.081Z</time>
      </trkpt>
      <trkpt lat="49.059038" lon="8.923565">
        <ele>220.951140</ele>
        <time>2025-04-15T14:04:59.038Z</time>
      </trkpt>
      <trkpt lat="49.058996" lon="8.923429">
        <ele>220.989725</ele>
        <time>2025-04-15T14:05:01.073Z</time>
      </trkpt>
      <trkpt lat="49.058948" lon="8.923283">
        <ele>221.031645</ele>
        <time>2025-04-15T14:05:03.399Z</time>
      </trkpt>
      <trkpt lat="49.058953" lon="8.923231">
        <ele>221.045134</ele>
        <time>2025-04-15T14:05:04.122Z</time>
      </trkpt>
      <trkpt lat="49.058955" lon="8.923208">
        <ele>221.051088</ele>
        <time>2025-04-15T14:05:04.444Z</time>
      </trkpt>
      <trkpt lat="49.059145" lon="8.923030">
        <ele>221.143971</ele>
        <time>2025-04-15T14:05:09.325Z</time>
      </trkpt>
      <trkpt lat="49.059174" lon="8.922973">
        <ele>221.170145</ele>
        <time>2025-04-15T14:05:10.419Z</time>
      </trkpt>
      <trkpt lat="49.059432" lon="8.922525">
        <ele>221.386467</ele>
        <time>2025-04-15T14:05:18.673Z</time>
      </trkpt>
      <trkpt lat="49.059567" lon="8.922234">
        <ele>221.515785</ele>
        <time>2025-04-15T14:05:23.412Z</time>
      </trkpt>
      <trkpt lat="49.059719" lon="8.921754">
        <ele>221.709142</ele>
        <time>2025-04-15T14:05:29.882Z</time>
      </trkpt>
      <trkpt lat="49.059755" lon="8.921571">
        <ele>221.778441</ele>
        <time>2025-04-15T14:05:32.277Z</time>
      </trkpt>
      <trkpt lat="49.059740" lon="8.921434">
        <ele>221.828819</ele>
        <time>2025-04-15T14:05:34.061Z</time>
      </trkpt>
      <trkpt lat="49.059251" lon="8.920697">
        <ele>222.240048</ele>
        <time>2025-04-15T14:05:47.764Z</time>
      </trkpt>
      <trkpt lat="49.059238" lon="8.920579">
        <ele>222.298519</ele>
        <time>2025-04-15T14:05:49.391Z</time>
      </trkpt>
      <trkpt lat="49.059402" lon="8.918377">
        <ele>223.381472</ele>
        <time>2025-04-15T14:06:19.454Z</time>
      </trkpt>
      <trkpt lat="49.059539" lon="8.917522">
        <ele>224.006332</ele>
        <time>2025-04-15T14:06:32.028Z</time>
      </trkpt>
      <trkpt lat="49.059582" lon="8.917090">
        <ele>224.338728</ele>
        <time>2025-04-15T14:06:38.280Z</time>
      </trkpt>
      <trkpt lat="49.059637" lon="8.915947">
        <ele>225.210560</ele>
        <time>2025-04-15T14:06:54.947Z</time>
      </trkpt>
      <trkpt lat="49.059736" lon="8.915421">
        <ele>225.769575</ele>
        <time>2025-04-15T14:07:03.367Z</time>
      </trkpt>
      <trkpt lat="49.059805" lon="8.914601">
        <ele>227.563438</ele>
        <time>2025-04-15T14:07:17.239Z</time>
      </trkpt>
      <trkpt lat="49.059855" lon="8.913775">
        <ele>229.363339</ele>
        <time>2025-04-15T14:07:32.760Z</time>
      </trkpt>
      <trkpt lat="49.059881" lon="8.912824">
        <ele>231.428630</ele>
        <time>2025-04-15T14:07:55.150Z</time>
      </trkpt>
      <trkpt lat="49.059915" lon="8.912536">
        <ele>232.296113</ele>
        <time>2025-04-15T14:08:03.771Z</time>
      </trkpt>
      <trkpt lat="49.059956" lon="8.912477">
        <ele>232.560492</ele>
        <time>2025-04-15T14:08:06.323Z</time>
      </trkpt>
      <trkpt lat="49.059985" lon="8.912250">
        <ele>233.271470</ele>
        <time>2025-04-15T14:08:14.241Z</time>
      </trkpt>
      <trkpt lat="49.059816" lon="8.912149">
        <ele>234.122960</ele>
        <time>2025-04-15T14:08:24.834Z</time>
      </trkpt>
      <trkpt lat="49.059458" lon="8.911863">
        <ele>236.018724</ele>
        <time>2025-04-15T14:08:46.839Z</time>
      </trkpt>
      <trkpt lat="49.059385" lon="8.911805">
        <ele>236.404838</ele>
        <time>2025-04-15T14:08:50.957Z</time>
      </trkpt>
      <trkpt lat="49.059171" lon="8.911691">
        <ele>237.468226</ele>
        <time>2025-04-15T14:09:01.946Z</time>
      </trkpt>
      <trkpt lat="49.059067" lon="8.911731">
        <ele>237.971398</ele>
        <time>2025-04-15T14:09:06.759Z</time>
      </trkpt>
      <trkpt lat="49.058958" lon="8.911854">
        <ele>238.607389</ele>
        <time>2025-04-15T14:09:12.644Z</time>
      </trkpt>
      <trkpt lat="49.058858" lon="8.911838">
        <ele>239.079109</ele>
        <time>2025-04-15T14:09:16.849Z</time>
      </trkpt>
      <trkpt lat="49.058624" lon="8.912180">
        <ele>240.035017</ele>
        <time>2025-04-15T14:09:25.666Z</time>
      </trkpt>
      <trkpt lat="49.058532" lon="8.912273">
        <ele>240.106910</ele>
        <time>2025-04-15T14:09:28.167Z</time>
      </trkpt>
      <trkpt lat="49.058345" lon="8.912377">
        <ele>240.236575</ele>
        <time>2025-04-15T14:09:31.800Z</time>
      </trkpt>
      <trkpt lat="49.058301" lon="8.912396">
        <ele>240.266366</ele>
        <time>2025-04-15T14:09:32.571Z</time>
      </trkpt>
      <trkpt lat="49.058089" lon="8.912352">
        <ele>240.405751</ele>
        <time>2025-04-15T14:09:36.011Z</time>
      </trkpt>
      <trkpt lat="49.057885" lon="8.912314">
        <ele>240.539640</ele>
        <time>2025-04-15T14:09:39.213Z</time>
      </trkpt>
      <trkpt lat="49.057751" lon="8.911990">
        <ele>240.703205</ele>
        <time>2025-04-15T14:09:43.293Z</time>
      </trkpt>
      <trkpt lat="49.057402" lon="8.911146">
        <ele>241.141862</ele>
        <time>2025-04-15T14:09:56.644Z</time>
      </trkpt>
      <trkpt lat="49.057168" lon="8.910251">
        <ele>241.939013</ele>
        <time>2025-04-15T14:10:13.649Z</time>
      </trkpt>
      <trkpt lat="49.056848" lon="8.908882">
        <ele>243.141428</ele>
        <time>2025-04-15T14:10:38.602Z</time>
      </trkpt>
      <trkpt lat="49.056076" lon="8.905933">
        <ele>243.358730</ele>
        <time>2025-04-15T14:11:18.340Z</time>
      </trkpt>
      <trkpt lat="49.055763" lon="8.904492">
        <ele>244.564792</ele>
        <time>2025-04-15T14:11:39.619Z</time>
      </trkpt>
      <trkpt lat="49.055469" lon="8.902679">
        <ele>247.282425</ele>
        <time>2025-04-15T14:12:14.145Z</time>
      </trkpt>
      <trkpt lat="49.055559" lon="8.902698">
        <ele>247.613059</ele>
        <time>2025-04-15T14:12:17.139Z</time>
      </trkpt>
      <trkpt lat="49.055643" lon="8.902802">
        <ele>248.006699</ele>
        <time>2025-04-15T14:12:20.539Z</time>
      </trkpt>
      <trkpt lat="49.055947" lon="8.903443">
        <ele>249.893642</ele>
        <time>2025-04-15T14:12:37.656Z</time>
      </trkpt>
      <trkpt lat="49.056200" lon="8.904131">
        <ele>251.775016</ele>
        <time>2025-04-15T14:12:55.518Z</time>
      </trkpt>
      <trkpt lat="49.056719" lon="8.905847">
        <ele>258.091814</ele>
        <time>2025-04-15T14:13:41.387Z</time>
      </trkpt>
      <trkpt lat="49.057014" lon="8.906462">
        <ele>260.673494</ele>
        <time>2025-04-15T14:14:02.744Z</time>
      </trkpt>
      <trkpt lat="49.057094" lon="8.906567">
        <ele>261.218935</ele>
        <time>2025-04-15T14:14:07.245Z</time>
      </trkpt>
      <trkpt lat="49.057257" lon="8.906664">
        <ele>261.992310</ele>
        <time>2025-04-15T14:14:14.863Z</time>
      </trkpt>
      <trkpt lat="49.057302" lon="8.906607">
        <ele>262.247937</ele>
        <time>2025-04-15T14:14:17.583Z</time>
      </trkpt>
      <trkpt lat="49.057146" lon="8.904872">
        <ele>267.264122</ele>
        <time>2025-04-15T14:15:02.975Z</time>
      </trkpt>
      <trkpt lat="49.056950" lon="8.904227">
        <ele>269.137620</ele>
        <time>2025-04-15T14:15:15.450Z</time>
      </trkpt>
      <trkpt lat="49.056691" lon="8.903078">
        <ele>269.155284</ele>
        <time>2025-04-15T14:15:39.678Z</time>
      </trkpt>
      <trkpt lat="49.056483" lon="8.902371">
        <ele>269.166551</ele>
        <time>2025-04-15T14:15:53.717Z</time>
      </trkpt>
      <trkpt lat="49.056376" lon="8.901597">
        <ele>269.189258</ele>
        <time>2025-04-15T14:16:08.091Z</time>
      </trkpt>
      <trkpt lat="49.055952" lon="8.899627">
        <ele>269.467762</ele>
        <time>2025-04-15T14:16:47.372Z</time>
      </trkpt>
      <trkpt lat="49.055920" lon="8.898652">
        <ele>270.659581</ele>
        <time>2025-04-15T14:17:10.696Z</time>
      </trkpt>
      <trkpt lat="49.055946" lon="8.898188">
        <ele>271.961243</ele>
        <time>2025-04-15T14:17:23.928Z</time>
      </trkpt>
      <trkpt lat="49.055946" lon="8.898188">
        <ele>271.961243</ele>
        <time>2025-04-15T14:17:23.937Z</time>
      </trkpt>
      <trkpt lat="49.056034" lon="8.897934">
        <ele>272.764312</ele>
        <time>2025-04-15T14:17:32.786Z</time>
      </trkpt>
      <trkpt lat="49.056285" lon="8.897619">
        <ele>274.150434</ele>
        <time>2025-04-15T14:17:48.857Z</time>
      </trkpt>
      <trkpt lat="49.056515" lon="8.897424">
        <ele>275.272683</ele>
        <time>2025-04-15T14:18:02.497Z</time>
      </trkpt>
      <trkpt lat="49.056724" lon="8.897172">
        <ele>276.408806</ele>
        <time>2025-04-15T14:18:16.693Z</time>
      </trkpt>
      <trkpt lat="49.056895" lon="8.896876">
        <ele>277.575847</ele>
        <time>2025-04-15T14:18:30.392Z</time>
      </trkpt>
      <trkpt lat="49.057226" lon="8.896399">
        <ele>279.940062</ele>
        <time>2025-04-15T14:18:54.466Z</time>
      </trkpt>
      <trkpt lat="49.057373" lon="8.896075">
        <ele>281.281112</ele>
        <time>2025-04-15T14:19:07.946Z</time>
      </trkpt>
      <trkpt lat="49.057430" lon="8.895536">
        <ele>283.139062</ele>
        <time>2025-04-15T14:19:26.370Z</time>
      </trkpt>
      <trkpt lat="49.058427" lon="8.894459">
        <ele>288.451047</ele>
        <time>2025-04-15T14:20:24.206Z</time>
      </trkpt>
      <trkpt lat="49.058460" lon="8.894205">
        <ele>289.021514</ele>
        <time>2025-04-15T14:20:31.668Z</time>
      </trkpt>
      <trkpt lat="49.058500" lon="8.893049">
        <ele>291.571783</ele>
        <time>2025-04-15T14:21:02.698Z</time>
      </trkpt>
      <trkpt lat="49.058665" lon="8.890648">
        <ele>295.977886</ele>
        <time>2025-04-15T14:22:06.402Z</time>
      </trkpt>
      <trkpt lat="49.058768" lon="8.890177">
        <ele>296.838902</ele>
        <time>2025-04-15T14:22:16.363Z</time>
      </trkpt>
      <trkpt lat="49.058770" lon="8.890088">
        <ele>296.993322</ele>
        <time>2025-04-15T14:22:18.040Z</time>
      </trkpt>
      <trkpt lat="49.059098" lon="8.889991">
        <ele>297.645726</ele>
        <time>2025-04-15T14:22:27.640Z</time>
      </trkpt>
      <trkpt lat="49.058742" lon="8.889560">
        <ele>298.305558</ele>
        <time>2025-04-15T14:22:39.474Z</time>
      </trkpt>
      <trkpt lat="49.058709" lon="8.889461">
        <ele>298.411242</ele>
        <time>2025-04-15T14:22:41.314Z</time>
      </trkpt>
      <trkpt lat="49.058364" lon="8.888279">
        <ele>299.642424</ele>
        <time>2025-04-15T14:23:09.872Z</time>
      </trkpt>
      <trkpt lat="49.057566" lon="8.886077">
        <ele>300.857139</ele>
        <time>2025-04-15T14:24:02.218Z</time>
      </trkpt>
      <trkpt lat="49.057428" lon="8.885800">
        <ele>300.998743</ele>
        <time>2025-04-15T14:24:09.667Z</time>
      </trkpt>
      <trkpt lat="49.057257" lon="8.885554">
        <ele>301.120120</ele>
        <time>2025-04-15T14:24:17.436Z</time>
      </trkpt>
      <trkpt lat="49.057067" lon="8.885190">
        <ele>301.220113</ele>
        <time>2025-04-15T14:24:27.607Z</time>
      </trkpt>
      <trkpt lat="49.056718" lon="8.882765">
        <ele>301.517386</ele>
        <time>2025-04-15T14:25:18.206Z</time>
      </trkpt>
      <trkpt lat="49.055639" lon="8.883007">
        <ele>300.688445</ele>
        <time>2025-04-15T14:25:47.390Z</time>
      </trkpt>
      <trkpt lat="49.055481" lon="8.882944">
        <ele>300.564319</ele>
        <time>2025-04-15T14:25:51.746Z</time>
      </trkpt>
      <trkpt lat="49.055321" lon="8.882839">
        <ele>300.431937</ele>
        <time>2025-04-15T14:25:56.514Z</time>
      </trkpt>
      <trkpt lat="49.054582" lon="8.881848">
        <ele>302.588167</ele>
        <time>2025-04-15T14:26:28.079Z</time>
      </trkpt>
      <trkpt lat="49.053944" lon="8.881073">
        <ele>304.820326</ele>
        <time>2025-04-15T14:27:04.844Z</time>
      </trkpt>
      <trkpt lat="49.053664" lon="8.880639">
        <ele>306.595989</ele>
        <time>2025-04-15T14:27:26.508Z</time>
      </trkpt>
      <trkpt lat="49.053316" lon="8.880313">
        <ele>308.846400</ele>
        <time>2025-04-15T14:27:52.481Z</time>
      </trkpt>
      <trkpt lat="49.053119" lon="8.880089">
        <ele>310.200352</ele>
        <time>2025-04-15T14:28:07.884Z</time>
      </trkpt>
      <trkpt lat="49.052888" lon="8.879924">
        <ele>311.605973</ele>
        <time>2025-04-15T14:28:22.843Z</time>
      </trkpt>
      <trkpt lat="49.052665" lon="8.879822">
        <ele>312.888956</ele>
        <time>2025-04-15T14:28:35.512Z</time>
      </trkpt>
      <trkpt lat="49.052537" lon="8.879818">
        <ele>313.594513</ele>
        <time>2025-04-15T14:28:41.951Z</time>
      </trkpt>
      <trkpt lat="49.052425" lon="8.879590">
        <ele>314.623634</ele>
        <time>2025-04-15T14:28:48.742Z</time>
      </trkpt>
      <trkpt lat="49.052447" lon="8.879369">
        <ele>315.078574</ele>
        <time>2025-04-15T14:28:53.408Z</time>
      </trkpt>
      <trkpt lat="49.053031" lon="8.876174">
        <ele>311.743990</ele>
        <time>2025-04-15T14:29:28.466Z</time>
      </trkpt>
      <trkpt lat="49.053498" lon="8.873770">
        <ele>308.183688</ele>
        <time>2025-04-15T14:29:56.245Z</time>
      </trkpt>
      <trkpt lat="49.053763" lon="8.872234">
        <ele>304.951063</ele>
        <time>2025-04-15T14:30:12.010Z</time>
      </trkpt>
      <trkpt lat="49.054140" lon="8.870954">
        <ele>302.886305</ele>
        <time>2025-04-15T14:30:25.996Z</time>
      </trkpt>
      <trkpt lat="49.053815" lon="8.868565">
        <ele>301.698279</ele>
        <time>2025-04-15T14:31:11.327Z</time>
      </trkpt>
      <trkpt lat="49.053744" lon="8.868330">
        <ele>302.102517</ele>
        <time>2025-04-15T14:31:16.849Z</time>
      </trkpt>
      <trkpt lat="49.053056" lon="8.867681">
        <ele>304.030566</ele>
        <time>2025-04-15T14:31:46.074Z</time>
      </trkpt>
      <trkpt lat="49.052865" lon="8.867602">
        <ele>304.502278</ele>
        <time>2025-04-15T14:31:54.758Z</time>
      </trkpt>
      <trkpt lat="49.052681" lon="8.867574">
        <ele>304.943051</ele>
        <time>2025-04-15T14:32:03.515Z</time>
      </trkpt>
      <trkpt lat="49.052475" lon="8.867480">
        <ele>305.511391</ele>
        <time>2025-04-15T14:32:14.360Z</time>
      </trkpt>
      <trkpt lat="49.052172" lon="8.867266">
        <ele>308.085146</ele>
        <time>2025-04-15T14:32:32.982Z</time>
      </trkpt>
      <trkpt lat="49.051969" lon="8.867273">
        <ele>309.650374</ele>
        <time>2025-04-15T14:32:45.178Z</time>
      </trkpt>
      <trkpt lat="49.051592" lon="8.867487">
        <ele>312.751070</ele>
        <time>2025-04-15T14:33:10.648Z</time>
      </trkpt>
      <trkpt lat="49.051401" lon="8.867491">
        <ele>314.223536</ele>
        <time>2025-04-15T14:33:23.464Z</time>
      </trkpt>
      <trkpt lat="49.051100" lon="8.867335">
        <ele>316.673996</ele>
        <time>2025-04-15T14:33:46.261Z</time>
      </trkpt>
      <trkpt lat="49.050582" lon="8.866557">
        <ele>319.098084</ele>
        <time>2025-04-15T14:34:31.330Z</time>
      </trkpt>
      <trkpt lat="49.050277" lon="8.866438">
        <ele>318.937428</ele>
        <time>2025-04-15T14:34:45.563Z</time>
      </trkpt>
      <trkpt lat="49.050225" lon="8.866422">
        <ele>318.910357</ele>
        <time>2025-04-15T14:34:47.525Z</time>
      </trkpt>
      <trkpt lat="49.050191" lon="8.866294">
        <ele>318.864164</ele>
        <time>2025-04-15T14:34:50.637Z</time>
      </trkpt>
      <trkpt lat="49.050124" lon="8.866041">
        <ele>318.772898</ele>
        <time>2025-04-15T14:34:55.818Z</time>
      </trkpt>
      <trkpt lat="49.050137" lon="8.865059">
        <ele>318.444389</ele>
        <time>2025-04-15T14:35:10.637Z</time>
      </trkpt>
      <trkpt lat="49.050211" lon="8.864700">
        <ele>317.459063</ele>
        <time>2025-04-15T14:35:15.632Z</time>
      </trkpt>
      <trkpt lat="49.050793" lon="8.864054">
        <ele>311.747323</ele>
        <time>2025-04-15T14:35:29.969Z</time>
      </trkpt>
      <trkpt lat="49.050998" lon="8.863667">
        <ele>309.159150</ele>
        <time>2025-04-15T14:35:36.707Z</time>
      </trkpt>
      <trkpt lat="49.051060" lon="8.863444">
        <ele>307.899212</ele>
        <time>2025-04-15T14:35:40.105Z</time>
      </trkpt>
      <trkpt lat="49.051034" lon="8.863241">
        <ele>306.823380</ele>
        <time>2025-04-15T14:35:43.103Z</time>
      </trkpt>
      <trkpt lat="49.050947" lon="8.862986">
        <ele>305.328099</ele>
        <time>2025-04-15T14:35:47.460Z</time>
      </trkpt>
      <trkpt lat="49.050813" lon="8.861978">
        <ele>304.616024</ele>
        <time>2025-04-15T14:36:06.106Z</time>
      </trkpt>
      <trkpt lat="49.050902" lon="8.861356">
        <ele>305.027736</ele>
        <time>2025-04-15T14:36:23.995Z</time>
      </trkpt>
      <trkpt lat="49.050991" lon="8.861042">
        <ele>305.248970</ele>
        <time>2025-04-15T14:36:33.973Z</time>
      </trkpt>
      <trkpt lat="49.051293" lon="8.860461">
        <ele>305.728515</ele>
        <time>2025-04-15T14:36:54.304Z</time>
      </trkpt>
      <trkpt lat="49.051403" lon="8.860179">
        <ele>305.816106</ele>
        <time>2025-04-15T14:37:02.401Z</time>
      </trkpt>
      <trkpt lat="49.051487" lon="8.859759">
        <ele>305.536481</ele>
        <time>2025-04-15T14:37:11.132Z</time>
      </trkpt>
      <trkpt lat="49.051497" lon="8.859403">
        <ele>305.309579</ele>
        <time>2025-04-15T14:37:17.201Z</time>
      </trkpt>
      <trkpt lat="49.051421" lon="8.858800">
        <ele>304.918563</ele>
        <time>2025-04-15T14:37:27.555Z</time>
      </trkpt>
      <trkpt lat="49.051430" lon="8.858292">
        <ele>304.594959</ele>
        <time>2025-04-15T14:37:36.018Z</time>
      </trkpt>
      <trkpt lat="49.051545" lon="8.858062">
        <ele>304.410743</ele>
        <time>2025-04-15T14:37:38.748Z</time>
      </trkpt>
      <trkpt lat="49.051587" lon="8.857906">
        <ele>304.303350</ele>
        <time>2025-04-15T14:37:40.377Z</time>
      </trkpt>
      <trkpt lat="49.051456" lon="8.857553">
        <ele>304.445501</ele>
        <time>2025-04-15T14:37:44.499Z</time>
      </trkpt>
      <trkpt lat="49.051367" lon="8.857117">
        <ele>305.519809</ele>
        <time>2025-04-15T14:37:49.454Z</time>
      </trkpt>
      <trkpt lat="49.051358" lon="8.857028">
        <ele>305.731662</ele>
        <time>2025-04-15T14:37:50.495Z</time>
      </trkpt>
      <trkpt lat="49.051320" lon="8.856652">
        <ele>306.626674</ele>
        <time>2025-04-15T14:37:56.371Z</time>
      </trkpt>
      <trkpt lat="49.051035" lon="8.854565">
        <ele>311.904788</ele>
        <time>2025-04-15T14:38:55.644Z</time>
      </trkpt>
      <trkpt lat="49.050906" lon="8.853640">
        <ele>314.683926</ele>
        <time>2025-04-15T14:39:24.024Z</time>
      </trkpt>
      <trkpt lat="49.050829" lon="8.853306">
        <ele>315.724400</ele>
        <time>2025-04-15T14:39:32.594Z</time>
      </trkpt>
      <trkpt lat="49.050689" lon="8.852910">
        <ele>317.046636</ele>
        <time>2025-04-15T14:39:41.776Z</time>
      </trkpt>
      <trkpt lat="49.050640" lon="8.852648">
        <ele>317.847310</ele>
        <time>2025-04-15T14:39:46.477Z</time>
      </trkpt>
      <trkpt lat="49.050614" lon="8.851721">
        <ele>317.838792</ele>
        <time>2025-04-15T14:39:58.358Z</time>
      </trkpt>
      <trkpt lat="49.050456" lon="8.850944">
        <ele>316.827952</ele>
        <time>2025-04-15T14:40:05.820Z</time>
      </trkpt>
      <trkpt lat="49.050436" lon="8.850796">
        <ele>316.640190</ele>
        <time>2025-04-15T14:40:07.132Z</time>
      </trkpt>
      <trkpt lat="49.050447" lon="8.850724">
        <ele>316.548330</ele>
        <time>2025-04-15T14:40:07.757Z</time>
      </trkpt>
      <trkpt lat="49.050027" lon="8.850366">
        <ele>315.636251</ele>
        <time>2025-04-15T14:40:14.176Z</time>
      </trkpt>
      <trkpt lat="49.049989" lon="8.850336">
        <ele>315.555136</ele>
        <time>2025-04-15T14:40:14.761Z</time>
      </trkpt>
      <trkpt lat="49.049536" lon="8.850005">
        <ele>314.981034</ele>
        <time>2025-04-15T14:40:21.897Z</time>
      </trkpt>
      <trkpt lat="49.049364" lon="8.849907">
        <ele>314.839009</ele>
        <time>2025-04-15T14:40:24.579Z</time>
      </trkpt>
      <trkpt lat="49.049067" lon="8.849873">
        <ele>314.608617</ele>
        <time>2025-04-15T14:40:29.096Z</time>
      </trkpt>
      <trkpt lat="49.048637" lon="8.850006">
        <ele>314.269222</ele>
        <time>2025-04-15T14:40:36.359Z</time>
      </trkpt>
      <trkpt lat="49.048501" lon="8.850043">
        <ele>314.162359</ele>
        <time>2025-04-15T14:40:39.282Z</time>
      </trkpt>
      <trkpt lat="49.048181" lon="8.850059">
        <ele>313.914689</ele>
        <time>2025-04-15T14:40:46.781Z</time>
      </trkpt>
      <trkpt lat="49.047855" lon="8.850040">
        <ele>314.184971</ele>
        <time>2025-04-15T14:40:54.594Z</time>
      </trkpt>
      <trkpt lat="49.047694" lon="8.850022">
        <ele>314.407289</ele>
        <time>2025-04-15T14:40:58.362Z</time>
      </trkpt>
      <trkpt lat="49.047436" lon="8.849981">
        <ele>314.764519</ele>
        <time>2025-04-15T14:41:04.517Z</time>
      </trkpt>
      <trkpt lat="49.047304" lon="8.849942">
        <ele>314.949682</ele>
        <time>2025-04-15T14:41:07.795Z</time>
      </trkpt>
      <trkpt lat="49.047202" lon="8.849890">
        <ele>315.097787</ele>
        <time>2025-04-15T14:41:10.423Z</time>
      </trkpt>
      <trkpt lat="49.047022" lon="8.849738">
        <ele>315.381113</ele>
        <time>2025-04-15T14:41:15.689Z</time>
      </trkpt>
      <trkpt lat="49.046920" lon="8.849603">
        <ele>315.567074</ele>
        <time>2025-04-15T14:41:19.140Z</time>
      </trkpt>
      <trkpt lat="49.046726" lon="8.849251">
        <ele>315.982205</ele>
        <time>2025-04-15T14:41:26.532Z</time>
      </trkpt>
      <trkpt lat="49.046631" lon="8.849035">
        <ele>316.217005</ele>
        <time>2025-04-15T14:41:30.013Z</time>
      </trkpt>
      <trkpt lat="49.046537" lon="8.848839">
        <ele>316.379728</ele>
        <time>2025-04-15T14:41:32.925Z</time>
      </trkpt>
      <trkpt lat="49.046387" lon="8.848617">
        <ele>316.518201</ele>
        <time>2025-04-15T14:41:36.957Z</time>
      </trkpt>
      <trkpt lat="49.046186" lon="8.848433">
        <ele>316.673521</ele>
        <time>2025-04-15T14:41:42.126Z</time>
      </trkpt>
      <trkpt lat="49.045856" lon="8.848232">
        <ele>316.908965</ele>
        <time>2025-04-15T14:41:50.469Z</time>
      </trkpt>
      <trkpt lat="49.045869" lon="8.848168">
        <ele>316.938066</ele>
        <time>2025-04-15T14:41:51.384Z</time>
      </trkpt>
      <trkpt lat="49.045847" lon="8.848100">
        <ele>316.971001</ele>
        <time>2025-04-15T14:41:52.464Z</time>
      </trkpt>
      <trkpt lat="49.045791" lon="8.848060">
        <ele>317.011972</ele>
        <time>2025-04-15T14:41:53.996Z</time>
      </trkpt>
      <trkpt lat="49.045322" lon="8.847848">
        <ele>317.336091</ele>
        <time>2025-04-15T14:42:03.670Z</time>
      </trkpt>
      <trkpt lat="49.045236" lon="8.847803">
        <ele>317.396334</ele>
        <time>2025-04-15T14:42:05.246Z</time>
      </trkpt>
      <trkpt lat="49.045188" lon="8.847785">
        <ele>317.429086</ele>
        <time>2025-04-15T14:42:06.094Z</time>
      </trkpt>
      <trkpt lat="49.044517" lon="8.847596">
        <ele>318.074450</ele>
        <time>2025-04-15T14:42:17.672Z</time>
      </trkpt>
      <trkpt lat="49.043922" lon="8.847703">
        <ele>318.683301</ele>
        <time>2025-04-15T14:42:27.821Z</time>
      </trkpt>
      <trkpt lat="49.043747" lon="8.847806">
        <ele>318.873920</ele>
        <time>2025-04-15T14:42:31.807Z</time>
      </trkpt>
      <trkpt lat="49.043593" lon="8.847948">
        <ele>319.056786</ele>
        <time>2025-04-15T14:42:36.394Z</time>
      </trkpt>
      <trkpt lat="49.043315" lon="8.848334">
        <ele>319.734910</ele>
        <time>2025-04-15T14:42:48.805Z</time>
      </trkpt>
      <trkpt lat="49.042919" lon="8.849063">
        <ele>322.400076</ele>
        <time>2025-04-15T14:43:13.574Z</time>
      </trkpt>
      <trkpt lat="49.042919" lon="8.849063">
        <ele>322.400076</ele>
        <time>2025-04-15T14:43:13.589Z</time>
      </trkpt>
      <trkpt lat="49.042728" lon="8.849320">
        <ele>323.493766</ele>
        <time>2025-04-15T14:43:23.982Z</time>
      </trkpt>
      <trkpt lat="49.042671" lon="8.849403">
        <ele>323.832155</ele>
        <time>2025-04-15T14:43:27.196Z</time>
      </trkpt>
      <trkpt lat="49.042538" lon="8.849583">
        <ele>324.595674</ele>
        <time>2025-04-15T14:43:34.108Z</time>
      </trkpt>
      <trkpt lat="49.042371" lon="8.849749">
        <ele>325.451646</ele>
        <time>2025-04-15T14:43:41.357Z</time>
      </trkpt>
      <trkpt lat="49.042211" lon="8.849815">
        <ele>326.163427</ele>
        <time>2025-04-15T14:43:46.899Z</time>
      </trkpt>
      <trkpt lat="49.042078" lon="8.849845">
        <ele>326.740794</ele>
        <time>2025-04-15T14:43:51.086Z</time>
      </trkpt>
      <trkpt lat="49.041890" lon="8.849835">
        <ele>327.133469</ele>
        <time>2025-04-15T14:43:56.493Z</time>
      </trkpt>
      <trkpt lat="49.041665" lon="8.849769">
        <ele>327.261946</ele>
        <time>2025-04-15T14:44:02.118Z</time>
      </trkpt>
      <trkpt lat="49.041578" lon="8.849687">
        <ele>327.319290</ele>
        <time>2025-04-15T14:44:04.172Z</time>
      </trkpt>
      <trkpt lat="49.041315" lon="8.849398">
        <ele>327.501040</ele>
        <time>2025-04-15T14:44:10.277Z</time>
      </trkpt>
      <trkpt lat="49.041152" lon="8.849203">
        <ele>327.617193</ele>
        <time>2025-04-15T14:44:14.122Z</time>
      </trkpt>
      <trkpt lat="49.040942" lon="8.848941">
        <ele>327.769313</ele>
        <time>2025-04-15T14:44:18.901Z</time>
      </trkpt>
      <trkpt lat="49.040774" lon="8.848376">
        <ele>327.997360</ele>
        <time>2025-04-15T14:44:25.903Z</time>
      </trkpt>
      <trkpt lat="49.040696" lon="8.848019">
        <ele>327.915235</ele>
        <time>2025-04-15T14:44:30.518Z</time>
      </trkpt>
      <trkpt lat="49.040657" lon="8.847774">
        <ele>327.643081</ele>
        <time>2025-04-15T14:44:33.535Z</time>
      </trkpt>
      <trkpt lat="49.040417" lon="8.844458">
        <ele>325.383790</ele>
        <time>2025-04-15T14:45:09.766Z</time>
      </trkpt>
      <trkpt lat="49.040410" lon="8.844032">
        <ele>325.497494</ele>
        <time>2025-04-15T14:45:15.156Z</time>
      </trkpt>
      <trkpt lat="49.040501" lon="8.840554">
        <ele>329.433321</ele>
        <time>2025-04-15T14:46:21.974Z</time>
      </trkpt>
      <trkpt lat="49.040483" lon="8.840335">
        <ele>329.799501</ele>
        <time>2025-04-15T14:46:26.633Z</time>
      </trkpt>
      <trkpt lat="49.040418" lon="8.840105">
        <ele>330.215038</ele>
        <time>2025-04-15T14:46:31.904Z</time>
      </trkpt>
      <trkpt lat="49.040169" lon="8.839651">
        <ele>330.888119</ele>
        <time>2025-04-15T14:46:44.331Z</time>
      </trkpt>
      <trkpt lat="49.039899" lon="8.839323">
        <ele>331.422138</ele>
        <time>2025-04-15T14:46:55.261Z</time>
      </trkpt>
      <trkpt lat="49.039770" lon="8.839224">
        <ele>331.645559</ele>
        <time>2025-04-15T14:46:59.808Z</time>
      </trkpt>
      <trkpt lat="49.039555" lon="8.839131">
        <ele>331.991320</ele>
        <time>2025-04-15T14:47:06.293Z</time>
      </trkpt>
      <trkpt lat="49.038679" lon="8.838886">
        <ele>332.889670</ele>
        <time>2025-04-15T14:47:25.077Z</time>
      </trkpt>
      <trkpt lat="49.038561" lon="8.838905">
        <ele>332.595507</ele>
        <time>2025-04-15T14:47:27.160Z</time>
      </trkpt>
      <trkpt lat="49.038306" lon="8.839113">
        <ele>331.878622</ele>
        <time>2025-04-15T14:47:32.011Z</time>
      </trkpt>
      <trkpt lat="49.038079" lon="8.839241">
        <ele>331.278641</ele>
        <time>2025-04-15T14:47:35.911Z</time>
      </trkpt>
      <trkpt lat="49.037929" lon="8.839280">
        <ele>330.901408</ele>
        <time>2025-04-15T14:47:38.283Z</time>
      </trkpt>
      <trkpt lat="49.037368" lon="8.839383">
        <ele>329.500575</ele>
        <time>2025-04-15T14:47:46.798Z</time>
      </trkpt>
      <trkpt lat="49.036960" lon="8.839410">
        <ele>328.413031</ele>
        <time>2025-04-15T14:47:52.964Z</time>
      </trkpt>
      <trkpt lat="49.036915" lon="8.839417">
        <ele>328.265466</ele>
        <time>2025-04-15T14:47:53.571Z</time>
      </trkpt>
      <trkpt lat="49.036881" lon="8.839423">
        <ele>328.153808</ele>
        <time>2025-04-15T14:47:54.030Z</time>
      </trkpt>
      <trkpt lat="49.033908" lon="8.841043">
        <ele>318.367621</ele>
        <time>2025-04-15T14:48:37.297Z</time>
      </trkpt>
      <trkpt lat="49.033680" lon="8.841098">
        <ele>317.691771</ele>
        <time>2025-04-15T14:48:40.543Z</time>
      </trkpt>
      <trkpt lat="49.031803" lon="8.841219">
        <ele>314.628691</ele>
        <time>2025-04-15T14:49:08.750Z</time>
      </trkpt>
      <trkpt lat="49.031650" lon="8.841240">
        <ele>314.631661</ele>
        <time>2025-04-15T14:49:11.467Z</time>
      </trkpt>
      <trkpt lat="49.028526" lon="8.841435">
        <ele>314.813253</ele>
        <time>2025-04-15T14:50:13.603Z</time>
      </trkpt>
      <trkpt lat="49.028554" lon="8.841327">
        <ele>314.820764</ele>
        <time>2025-04-15T14:50:14.852Z</time>
      </trkpt>
      <trkpt lat="49.028530" lon="8.841057">
        <ele>314.838385</ele>
        <time>2025-04-15T14:50:17.769Z</time>
      </trkpt>
      <trkpt lat="49.028466" lon="8.840970">
        <ele>314.702411</ele>
        <time>2025-04-15T14:50:19.186Z</time>
      </trkpt>
      <trkpt lat="49.028246" lon="8.840972">
        <ele>314.266447</ele>
        <time>2025-04-15T14:50:22.753Z</time>
      </trkpt>
      <trkpt lat="49.027969" lon="8.840905">
        <ele>313.710678</ele>
        <time>2025-04-15T14:50:27.226Z</time>
      </trkpt>
      <trkpt lat="49.027644" lon="8.840746">
        <ele>313.034327</ele>
        <time>2025-04-15T14:50:32.475Z</time>
      </trkpt>
      <trkpt lat="49.027275" lon="8.840416">
        <ele>312.186663</ele>
        <time>2025-04-15T14:50:38.486Z</time>
      </trkpt>
      <trkpt lat="49.026982" lon="8.840356">
        <ele>311.600838</ele>
        <time>2025-04-15T14:50:42.556Z</time>
      </trkpt>
      <trkpt lat="49.026697" lon="8.840494">
        <ele>310.858329</ele>
        <time>2025-04-15T14:50:46.620Z</time>
      </trkpt>
      <trkpt lat="49.026552" lon="8.840635">
        <ele>310.326491</ele>
        <time>2025-04-15T14:50:48.909Z</time>
      </trkpt>
      <trkpt lat="49.026328" lon="8.840980">
        <ele>309.341918</ele>
        <time>2025-04-15T14:50:53.087Z</time>
      </trkpt>
      <trkpt lat="49.026273" lon="8.840905">
        <ele>309.113740</ele>
        <time>2025-04-15T14:50:54.039Z</time>
      </trkpt>
      <trkpt lat="49.025632" lon="8.840891">
        <ele>307.131140</ele>
        <time>2025-04-15T14:51:09.246Z</time>
      </trkpt>
      <trkpt lat="49.025248" lon="8.840761">
        <ele>305.914647</ele>
        <time>2025-04-15T14:51:19.042Z</time>
      </trkpt>
      <trkpt lat="49.024712" lon="8.840314">
        <ele>306.893456</ele>
        <time>2025-04-15T14:51:37.858Z</time>
      </trkpt>
      <trkpt lat="49.024584" lon="8.840093">
        <ele>307.311607</ele>
        <time>2025-04-15T14:51:45.728Z</time>
      </trkpt>
      <trkpt lat="49.024406" lon="8.839854">
        <ele>307.824501</ele>
        <time>2025-04-15T14:51:56.025Z</time>
      </trkpt>
      <trkpt lat="49.024084" lon="8.839574">
        <ele>308.626124</ele>
        <time>2025-04-15T14:52:13.263Z</time>
      </trkpt>
      <trkpt lat="49.023519" lon="8.839281">
        <ele>309.730835</ele>
        <time>2025-04-15T14:52:40.550Z</time>
      </trkpt>
      <trkpt lat="49.023164" lon="8.839245">
        <ele>310.044376</ele>
        <time>2025-04-15T14:52:55.984Z</time>
      </trkpt>
      <trkpt lat="49.022505" lon="8.839422">
        <ele>310.634070</ele>
        <time>2025-04-15T14:53:18.865Z</time>
      </trkpt>
      <trkpt lat="49.022412" lon="8.839407">
        <ele>310.716485</ele>
        <time>2025-04-15T14:53:21.467Z</time>
      </trkpt>
      <trkpt lat="49.022222" lon="8.839159">
        <ele>310.936887</ele>
        <time>2025-04-15T14:53:28.191Z</time>
      </trkpt>
      <trkpt lat="49.022000" lon="8.838980">
        <ele>311.158193</ele>
        <time>2025-04-15T14:53:34.639Z</time>
      </trkpt>
      <trkpt lat="49.021645" lon="8.838891">
        <ele>310.673568</ele>
        <time>2025-04-15T14:53:43.933Z</time>
      </trkpt>
      <trkpt lat="49.021006" lon="8.839009">
        <ele>309.657295</ele>
        <time>2025-04-15T14:54:00.774Z</time>
      </trkpt>
      <trkpt lat="49.020502" lon="8.839068">
        <ele>308.859200</ele>
        <time>2025-04-15T14:54:14.116Z</time>
      </trkpt>
      <trkpt lat="49.019799" lon="8.839451">
        <ele>308.055274</ele>
        <time>2025-04-15T14:54:35.105Z</time>
      </trkpt>
      <trkpt lat="49.018989" lon="8.839876">
        <ele>307.461859</ele>
        <time>2025-04-15T14:55:00.044Z</time>
      </trkpt>
      <trkpt lat="49.018331" lon="8.839920">
        <ele>306.687225</ele>
        <time>2025-04-15T14:55:18.437Z</time>
      </trkpt>
      <trkpt lat="49.017965" lon="8.839878">
        <ele>305.595282</ele>
        <time>2025-04-15T14:55:28.164Z</time>
      </trkpt>
      <trkpt lat="49.017573" lon="8.839645">
        <ele>304.343594</ele>
        <time>2025-04-15T14:55:38.842Z</time>
      </trkpt>
      <trkpt lat="49.016861" lon="8.838911">
        <ele>301.786669</ele>
        <time>2025-04-15T14:55:59.251Z</time>
      </trkpt>
      <trkpt lat="49.016088" lon="8.837914">
        <ele>297.995867</ele>
        <time>2025-04-15T14:56:22.665Z</time>
      </trkpt>
      <trkpt lat="49.015236" lon="8.836726">
        <ele>294.956561</ele>
        <time>2025-04-15T14:56:51.486Z</time>
      </trkpt>
      <trkpt lat="49.014435" lon="8.835392">
        <ele>294.810857</ele>
        <time>2025-04-15T14:57:28.935Z</time>
      </trkpt>
      <trkpt lat="49.013965" lon="8.834466">
        <ele>295.085229</ele>
        <time>2025-04-15T14:57:56.365Z</time>
      </trkpt>
      <trkpt lat="49.013250" lon="8.832867">
        <ele>295.843421</ele>
        <time>2025-04-15T14:58:37.017Z</time>
      </trkpt>
      <trkpt lat="49.012690" lon="8.831936">
        <ele>294.940689</ele>
        <time>2025-04-15T14:58:59.823Z</time>
      </trkpt>
      <trkpt lat="49.012540" lon="8.831767">
        <ele>294.730732</ele>
        <time>2025-04-15T14:59:04.800Z</time>
      </trkpt>
      <trkpt lat="49.012173" lon="8.831461">
        <ele>294.259858</ele>
        <time>2025-04-15T14:59:15.847Z</time>
      </trkpt>
      <trkpt lat="49.011741" lon="8.831117">
        <ele>293.667126</ele>
        <time>2025-04-15T14:59:28.814Z</time>
      </trkpt>
      <trkpt lat="49.011176" lon="8.830770">
        <ele>292.724881</ele>
        <time>2025-04-15T14:59:45.339Z</time>
      </trkpt>
      <trkpt lat="49.010213" lon="8.830295">
        <ele>291.159197</ele>
        <time>2025-04-15T15:00:12.270Z</time>
      </trkpt>
      <trkpt lat="49.010513" lon="8.829880">
        <ele>290.775247</ele>
        <time>2025-04-15T15:00:23.015Z</time>
      </trkpt>
      <trkpt lat="49.010701" lon="8.829459">
        <ele>290.502379</ele>
        <time>2025-04-15T15:00:31.871Z</time>
      </trkpt>
      <trkpt lat="49.010941" lon="8.829206">
        <ele>290.264045</ele>
        <time>2025-04-15T15:00:39.670Z</time>
      </trkpt>
      <trkpt lat="49.011503" lon="8.828777">
        <ele>289.750669</ele>
        <time>2025-04-15T15:00:57.450Z</time>
      </trkpt>
      <trkpt lat="49.012066" lon="8.828271">
        <ele>290.292418</ele>
        <time>2025-04-15T15:01:19.488Z</time>
      </trkpt>
      <trkpt lat="49.012127" lon="8.827571">
        <ele>291.042042</ele>
        <time>2025-04-15T15:01:36.177Z</time>
      </trkpt>
      <trkpt lat="49.012127" lon="8.827571">
        <ele>291.042042</ele>
        <time>2025-04-15T15:01:36.181Z</time>
      </trkpt>
      <trkpt lat="49.012135" lon="8.826980">
        <ele>291.669560</ele>
        <time>2025-04-15T15:01:50.760Z</time>
      </trkpt>
      <trkpt lat="49.012272" lon="8.826615">
        <ele>292.115988</ele>
        <time>2025-04-15T15:02:01.402Z</time>
      </trkpt>
      <trkpt lat="49.012492" lon="8.826304">
        <ele>292.628874</ele>
        <time>2025-04-15T15:02:13.390Z</time>
      </trkpt>
      <trkpt lat="49.012824" lon="8.825392">
        <ele>294.004071</ele>
        <time>2025-04-15T15:02:39.850Z</time>
      </trkpt>
      <trkpt lat="49.013012" lon="8.824883">
        <ele>294.774239</ele>
        <time>2025-04-15T15:02:54.469Z</time>
      </trkpt>
      <trkpt lat="49.013222" lon="8.824308">
        <ele>295.641934</ele>
        <time>2025-04-15T15:03:10.670Z</time>
      </trkpt>
      <trkpt lat="49.013548" lon="8.823044">
        <ele>296.349424</ele>
        <time>2025-04-15T15:03:41.983Z</time>
      </trkpt>
      <trkpt lat="49.013619" lon="8.822768">
        <ele>296.421579</ele>
        <time>2025-04-15T15:03:48.035Z</time>
      </trkpt>
      <trkpt lat="49.013691" lon="8.822339">
        <ele>296.529354</ele>
        <time>2025-04-15T15:03:56.549Z</time>
      </trkpt>
      <trkpt lat="49.013812" lon="8.821730">
        <ele>296.684225</ele>
        <time>2025-04-15T15:04:08.515Z</time>
      </trkpt>
      <trkpt lat="49.013818" lon="8.821600">
        <ele>296.715943</ele>
        <time>2025-04-15T15:04:10.005Z</time>
      </trkpt>
      <trkpt lat="49.013716" lon="8.821514">
        <ele>296.759195</ele>
        <time>2025-04-15T15:04:11.897Z</time>
      </trkpt>
      <trkpt lat="49.013538" lon="8.821158">
        <ele>296.833868</ele>
        <time>2025-04-15T15:04:16.700Z</time>
      </trkpt>
      <trkpt lat="49.013051" lon="8.820179">
        <ele>297.026716</ele>
        <time>2025-04-15T15:04:30.403Z</time>
      </trkpt>
      <trkpt lat="49.012876" lon="8.819946">
        <ele>297.082312</ele>
        <time>2025-04-15T15:04:35.006Z</time>
      </trkpt>
      <trkpt lat="49.011604" lon="8.818822">
        <ele>298.471536</ele>
        <time>2025-04-15T15:05:09.796Z</time>
      </trkpt>
      <trkpt lat="49.011445" lon="8.818714">
        <ele>298.699373</ele>
        <time>2025-04-15T15:05:13.744Z</time>
      </trkpt>
      <trkpt lat="49.011092" lon="8.818602">
        <ele>299.171318</ele>
        <time>2025-04-15T15:05:21.698Z</time>
      </trkpt>
      <trkpt lat="49.009358" lon="8.818079">
        <ele>301.408763</ele>
        <time>2025-04-15T15:06:01.533Z</time>
      </trkpt>
      <trkpt lat="49.009270" lon="8.818111">
        <ele>301.522500</ele>
        <time>2025-04-15T15:06:03.734Z</time>
      </trkpt>
      <trkpt lat="49.009231" lon="8.818010">
        <ele>301.619150</ele>
        <time>2025-04-15T15:06:05.669Z</time>
      </trkpt>
      <trkpt lat="49.009244" lon="8.817899">
        <ele>301.712133</ele>
        <time>2025-04-15T15:06:07.536Z</time>
      </trkpt>
      <trkpt lat="49.009332" lon="8.817022">
        <ele>302.067197</ele>
        <time>2025-04-15T15:06:22.010Z</time>
      </trkpt>
      <trkpt lat="49.009482" lon="8.815714">
        <ele>302.503731</ele>
        <time>2025-04-15T15:06:40.905Z</time>
      </trkpt>
      <trkpt lat="49.007820" lon="8.815729">
        <ele>300.422172</ele>
        <time>2025-04-15T15:07:08.361Z</time>
      </trkpt>
      <trkpt lat="49.005946" lon="8.815724">
        <ele>294.258583</ele>
        <time>2025-04-15T15:07:34.722Z</time>
      </trkpt>
      <trkpt lat="49.004599" lon="8.816194">
        <ele>290.560284</ele>
        <time>2025-04-15T15:07:53.311Z</time>
      </trkpt>
      <trkpt lat="49.004569" lon="8.815918">
        <ele>290.193424</ele>
        <time>2025-04-15T15:07:56.082Z</time>
      </trkpt>
      <trkpt lat="49.004466" lon="8.815358">
        <ele>289.430762</ele>
        <time>2025-04-15T15:08:02.868Z</time>
      </trkpt>
      <trkpt lat="49.004143" lon="8.814013">
        <ele>287.020769</ele>
        <time>2025-04-15T15:08:27.871Z</time>
      </trkpt>
      <trkpt lat="49.003920" lon="8.813249">
        <ele>285.435580</ele>
        <time>2025-04-15T15:08:35.525Z</time>
      </trkpt>
      <trkpt lat="49.003285" lon="8.813687">
        <ele>283.184685</ele>
        <time>2025-04-15T15:08:44.043Z</time>
      </trkpt>
      <trkpt lat="49.003113" lon="8.813742">
        <ele>281.728954</ele>
        <time>2025-04-15T15:08:46.068Z</time>
      </trkpt>
      <trkpt lat="49.002926" lon="8.813740">
        <ele>280.179945</ele>
        <time>2025-04-15T15:08:48.186Z</time>
      </trkpt>
      <trkpt lat="49.002896" lon="8.813714">
        <ele>279.894091</ele>
        <time>2025-04-15T15:08:48.567Z</time>
      </trkpt>
      <trkpt lat="49.002754" lon="8.813591">
        <ele>278.541228</ele>
        <time>2025-04-15T15:08:50.388Z</time>
      </trkpt>
      <trkpt lat="49.002653" lon="8.813450">
        <ele>277.406780</ele>
        <time>2025-04-15T15:08:51.923Z</time>
      </trkpt>
      <trkpt lat="49.002117" lon="8.812556">
        <ele>270.825544</ele>
        <time>2025-04-15T15:09:01.168Z</time>
      </trkpt>
      <trkpt lat="49.001891" lon="8.811987">
        <ele>267.819610</ele>
        <time>2025-04-15T15:09:06.439Z</time>
      </trkpt>
      <trkpt lat="49.001784" lon="8.811718">
        <ele>266.833270</ele>
        <time>2025-04-15T15:09:09.007Z</time>
      </trkpt>
      <trkpt lat="49.001681" lon="8.811199">
        <ele>265.133177</ele>
        <time>2025-04-15T15:09:13.404Z</time>
      </trkpt>
      <trkpt lat="49.001615" lon="8.811007">
        <ele>264.453548</ele>
        <time>2025-04-15T15:09:15.145Z</time>
      </trkpt>
      <trkpt lat="49.001501" lon="8.810658">
        <ele>263.231156</ele>
        <time>2025-04-15T15:09:18.332Z</time>
      </trkpt>
      <trkpt lat="49.001433" lon="8.810508">
        <ele>262.659482</ele>
        <time>2025-04-15T15:09:19.847Z</time>
      </trkpt>
      <trkpt lat="49.001370" lon="8.810306">
        <ele>261.958203</ele>
        <time>2025-04-15T15:09:21.740Z</time>
      </trkpt>
      <trkpt lat="49.001357" lon="8.810263">
        <ele>261.809753</ele>
        <time>2025-04-15T15:09:22.150Z</time>
      </trkpt>
      <trkpt lat="49.001153" lon="8.809729">
        <ele>260.161629</ele>
        <time>2025-04-15T15:09:27.921Z</time>
      </trkpt>
      <trkpt lat="49.001119" lon="8.809717">
        <ele>260.261149</ele>
        <time>2025-04-15T15:09:28.457Z</time>
      </trkpt>
      <trkpt lat="49.001090" lon="8.809728">
        <ele>260.346368</ele>
        <time>2025-04-15T15:09:29.102Z</time>
      </trkpt>
      <trkpt lat="49.000896" lon="8.809823">
        <ele>260.927427</ele>
        <time>2025-04-15T15:09:33.795Z</time>
      </trkpt>
      <trkpt lat="49.000761" lon="8.809900">
        <ele>261.338462</ele>
        <time>2025-04-15T15:09:36.747Z</time>
      </trkpt>
      <trkpt lat="49.000696" lon="8.809869">
        <ele>261.532678</ele>
        <time>2025-04-15T15:09:38.368Z</time>
      </trkpt>
      <trkpt lat="49.000541" lon="8.809971">
        <ele>262.014109</ele>
        <time>2025-04-15T15:09:42.478Z</time>
      </trkpt>
      <trkpt lat="49.000425" lon="8.810042">
        <ele>262.370568</ele>
        <time>2025-04-15T15:09:45.448Z</time>
      </trkpt>
      <trkpt lat="49.000311" lon="8.810059">
        <ele>262.697203</ele>
        <time>2025-04-15T15:09:48.724Z</time>
      </trkpt>
      <trkpt lat="49.000244" lon="8.810008">
        <ele>262.910760</ele>
        <time>2025-04-15T15:09:51.038Z</time>
      </trkpt>
      <trkpt lat="49.000172" lon="8.809937">
        <ele>263.155296</ele>
        <time>2025-04-15T15:09:54.014Z</time>
      </trkpt>
      <trkpt lat="49.000034" lon="8.809864">
        <ele>263.571842</ele>
        <time>2025-04-15T15:09:59.655Z</time>
      </trkpt>
      <trkpt lat="48.999966" lon="8.809872">
        <ele>263.766328</ele>
        <time>2025-04-15T15:10:02.386Z</time>
      </trkpt>
      <trkpt lat="48.999775" lon="8.810021">
        <ele>264.378173</ele>
        <time>2025-04-15T15:10:11.813Z</time>
      </trkpt>
      <trkpt lat="48.999757" lon="8.810034">
        <ele>264.434972</ele>
        <time>2025-04-15T15:10:12.756Z</time>
      </trkpt>
      <trkpt lat="48.999713" lon="8.810066">
        <ele>264.573994</ele>
        <time>2025-04-15T15:10:14.944Z</time>
      </trkpt>
      <trkpt lat="48.999789" lon="8.810473">
        <ele>265.431675</ele>
        <time>2025-04-15T15:10:28.085Z</time>
      </trkpt>
      <trkpt lat="48.999946" lon="8.811370">
        <ele>267.794495</ele>
        <time>2025-04-15T15:10:54.423Z</time>
      </trkpt>
      <trkpt lat="49.000056" lon="8.811929">
        <ele>269.279832</ele>
        <time>2025-04-15T15:11:07.187Z</time>
      </trkpt>
      <trkpt lat="49.000165" lon="8.812487">
        <ele>270.761617</ele>
        <time>2025-04-15T15:11:17.634Z</time>
      </trkpt>
      <trkpt lat="49.000298" lon="8.813203">
        <ele>272.204359</ele>
        <time>2025-04-15T15:11:28.603Z</time>
      </trkpt>
      <trkpt lat="49.000345" lon="8.813522">
        <ele>272.278593</ele>
        <time>2025-04-15T15:11:32.890Z</time>
      </trkpt>
      <trkpt lat="49.000358" lon="8.813719">
        <ele>272.323548</ele>
        <time>2025-04-15T15:11:35.338Z</time>
      </trkpt>
      <trkpt lat="49.000366" lon="8.814212">
        <ele>272.435520</ele>
        <time>2025-04-15T15:11:40.949Z</time>
      </trkpt>
      <trkpt lat="49.000370" lon="8.814273">
        <ele>272.449439</ele>
        <time>2025-04-15T15:11:41.619Z</time>
      </trkpt>
      <trkpt lat="49.000404" lon="8.814494">
        <ele>272.500980</ele>
        <time>2025-04-15T15:11:44.148Z</time>
      </trkpt>
      <trkpt lat="49.000362" lon="8.814609">
        <ele>272.530864</ele>
        <time>2025-04-15T15:11:45.664Z</time>
      </trkpt>
      <trkpt lat="49.000354" lon="8.814709">
        <ele>272.553738</ele>
        <time>2025-04-15T15:11:46.781Z</time>
      </trkpt>
      <trkpt lat="49.000303" lon="8.815962">
        <ele>273.176963</ele>
        <time>2025-04-15T15:12:01.822Z</time>
      </trkpt>
      <trkpt lat="49.000264" lon="8.816866">
        <ele>274.622078</ele>
        <time>2025-04-15T15:12:15.425Z</time>
      </trkpt>
      <trkpt lat="49.000255" lon="8.817161">
        <ele>275.093152</ele>
        <time>2025-04-15T15:12:20.542Z</time>
      </trkpt>
      <trkpt lat="49.000225" lon="8.817700">
        <ele>275.956019</ele>
        <time>2025-04-15T15:12:30.655Z</time>
      </trkpt>
      <trkpt lat="49.000214" lon="8.817970">
        <ele>276.387535</ele>
        <time>2025-04-15T15:12:36.091Z</time>
      </trkpt>
      <trkpt lat="49.000151" lon="8.818385">
        <ele>277.067009</ele>
        <time>2025-04-15T15:12:45.526Z</time>
      </trkpt>
      <trkpt lat="49.000107" lon="8.818606">
        <ele>277.768104</ele>
        <time>2025-04-15T15:12:51.151Z</time>
      </trkpt>
      <trkpt lat="48.999767" lon="8.819982">
        <ele>282.905084</ele>
        <time>2025-04-15T15:13:32.655Z</time>
      </trkpt>
      <trkpt lat="48.999500" lon="8.821083">
        <ele>286.901005</ele>
        <time>2025-04-15T15:14:02.585Z</time>
      </trkpt>
      <trkpt lat="48.999452" lon="8.821389">
        <ele>287.575607</ele>
        <time>2025-04-15T15:14:10.059Z</time>
      </trkpt>
      <trkpt lat="48.999328" lon="8.823574">
        <ele>292.278072</ele>
        <time>2025-04-15T15:14:52.605Z</time>
      </trkpt>
      <trkpt lat="48.999291" lon="8.824025">
        <ele>293.109558</ele>
        <time>2025-04-15T15:15:00.562Z</time>
      </trkpt>
      <trkpt lat="48.999245" lon="8.824280">
        <ele>293.549891</ele>
        <time>2025-04-15T15:15:05.197Z</time>
      </trkpt>
      <trkpt lat="48.999125" lon="8.824677">
        <ele>294.277681</ele>
        <time>2025-04-15T15:15:12.885Z</time>
      </trkpt>
      <trkpt lat="48.998248" lon="8.826740">
        <ele>298.368302</ele>
        <time>2025-04-15T15:15:58.503Z</time>
      </trkpt>
      <trkpt lat="48.997462" lon="8.828577">
        <ele>301.893211</ele>
        <time>2025-04-15T15:16:39.096Z</time>
      </trkpt>
      <trkpt lat="48.997272" lon="8.828907">
        <ele>302.311356</ele>
        <time>2025-04-15T15:16:46.243Z</time>
      </trkpt>
      <trkpt lat="48.997220" lon="8.829089">
        <ele>302.500414</ele>
        <time>2025-04-15T15:16:50.128Z</time>
      </trkpt>
      <trkpt lat="48.997053" lon="8.829434">
        <ele>302.908738</ele>
        <time>2025-04-15T15:16:58.376Z</time>
      </trkpt>
      <trkpt lat="48.996937" lon="8.829615">
        <ele>303.149716</ele>
        <time>2025-04-15T15:17:03.141Z</time>
      </trkpt>
      <trkpt lat="48.996947" lon="8.829874">
        <ele>303.396814</ele>
        <time>2025-04-15T15:17:09.024Z</time>
      </trkpt>
      <trkpt lat="48.995031" lon="8.829878">
        <ele>304.986708</ele>
        <time>2025-04-15T15:18:13.244Z</time>
      </trkpt>
      <trkpt lat="48.994910" lon="8.829878">
        <ele>305.048278</ele>
        <time>2025-04-15T15:18:16.842Z</time>
      </trkpt>
      <trkpt lat="48.994509" lon="8.829851">
        <ele>305.252522</ele>
        <time>2025-04-15T15:18:28.406Z</time>
      </trkpt>
      <trkpt lat="48.994737" lon="8.831170">
        <ele>304.613882</ele>
        <time>2025-04-15T15:18:44.579Z</time>
      </trkpt>
      <trkpt lat="48.994884" lon="8.831812">
        <ele>304.287766</ele>
        <time>2025-04-15T15:18:52.840Z</time>
      </trkpt>
      <trkpt lat="48.995239" lon="8.833091">
        <ele>303.930715</ele>
        <time>2025-04-15T15:19:09.057Z</time>
      </trkpt>
      <trkpt lat="48.995209" lon="8.833519">
        <ele>303.922105</ele>
        <time>2025-04-15T15:19:14.343Z</time>
      </trkpt>
      <trkpt lat="48.995077" lon="8.834074">
        <ele>303.910296</ele>
        <time>2025-04-15T15:19:22.235Z</time>
      </trkpt>
      <trkpt lat="48.995036" lon="8.834233">
        <ele>303.906878</ele>
        <time>2025-04-15T15:19:24.417Z</time>
      </trkpt>
      <trkpt lat="48.995039" lon="8.834447">
        <ele>303.902597</ele>
        <time>2025-04-15T15:19:27.319Z</time>
      </trkpt>
      <trkpt lat="48.995073" lon="8.834628">
        <ele>303.898830</ele>
        <time>2025-04-15T15:19:29.894Z</time>
      </trkpt>
      <trkpt lat="48.995311" lon="8.835064">
        <ele>303.917363</ele>
        <time>2025-04-15T15:19:37.876Z</time>
      </trkpt>
      <trkpt lat="48.995449" lon="8.835278">
        <ele>304.008725</ele>
        <time>2025-04-15T15:19:42.285Z</time>
      </trkpt>
      <trkpt lat="48.995558" lon="8.835396">
        <ele>304.070770</ele>
        <time>2025-04-15T15:19:45.405Z</time>
      </trkpt>
      <trkpt lat="48.995617" lon="8.835541">
        <ele>304.122720</ele>
        <time>2025-04-15T15:19:48.070Z</time>
      </trkpt>
      <trkpt lat="48.995697" lon="8.836447">
        <ele>304.401068</ele>
        <time>2025-04-15T15:20:02.145Z</time>
      </trkpt>
      <trkpt lat="48.995720" lon="8.837076">
        <ele>304.592883</ele>
        <time>2025-04-15T15:20:09.780Z</time>
      </trkpt>
      <trkpt lat="48.995711" lon="8.838315">
        <ele>304.526439</ele>
        <time>2025-04-15T15:20:23.453Z</time>
      </trkpt>
      <trkpt lat="48.995649" lon="8.839585">
        <ele>304.215185</ele>
        <time>2025-04-15T15:20:36.795Z</time>
      </trkpt>
      <trkpt lat="48.995585" lon="8.840368">
        <ele>304.370742</ele>
        <time>2025-04-15T15:20:47.808Z</time>
      </trkpt>
      <trkpt lat="48.995542" lon="8.840526">
        <ele>304.788745</ele>
        <time>2025-04-15T15:20:51.079Z</time>
      </trkpt>
      <trkpt lat="48.995411" lon="8.840747">
        <ele>305.516563</ele>
        <time>2025-04-15T15:20:57.159Z</time>
      </trkpt>
      <trkpt lat="48.995281" lon="8.840968">
        <ele>306.241890</ele>
        <time>2025-04-15T15:21:03.798Z</time>
      </trkpt>
      <trkpt lat="48.995629" lon="8.841281">
        <ele>307.746875</ele>
        <time>2025-04-15T15:21:19.064Z</time>
      </trkpt>
      <trkpt lat="48.995794" lon="8.841502">
        <ele>308.564996</ele>
        <time>2025-04-15T15:21:27.431Z</time>
      </trkpt>
      <trkpt lat="48.995979" lon="8.841839">
        <ele>309.638753</ele>
        <time>2025-04-15T15:21:38.679Z</time>
      </trkpt>
      <trkpt lat="48.996070" lon="8.842101">
        <ele>310.363174</ele>
        <time>2025-04-15T15:21:46.626Z</time>
      </trkpt>
      <trkpt lat="48.996091" lon="8.842237">
        <ele>310.704594</ele>
        <time>2025-04-15T15:21:50.489Z</time>
      </trkpt>
      <trkpt lat="48.996088" lon="8.842467">
        <ele>310.865025</ele>
        <time>2025-04-15T15:21:56.168Z</time>
      </trkpt>
      <trkpt lat="48.995929" lon="8.843198">
        <ele>311.275261</ele>
        <time>2025-04-15T15:22:10.322Z</time>
      </trkpt>
      <trkpt lat="48.995925" lon="8.844308">
        <ele>311.866556</ele>
        <time>2025-04-15T15:22:22.613Z</time>
      </trkpt>
      <trkpt lat="48.995866" lon="8.844812">
        <ele>312.139272</ele>
        <time>2025-04-15T15:22:28.114Z</time>
      </trkpt>
      <trkpt lat="48.995429" lon="8.845555">
        <ele>312.271369</ele>
        <time>2025-04-15T15:22:39.252Z</time>
      </trkpt>
      <trkpt lat="48.995404" lon="8.845599">
        <ele>312.275302</ele>
        <time>2025-04-15T15:22:39.893Z</time>
      </trkpt>
      <trkpt lat="48.995429" lon="8.845727">
        <ele>312.284326</ele>
        <time>2025-04-15T15:22:41.666Z</time>
      </trkpt>
      <trkpt lat="48.994942" lon="8.848011">
        <ele>312.426722</ele>
        <time>2025-04-15T15:23:14.925Z</time>
      </trkpt>
      <trkpt lat="48.994882" lon="8.848557">
        <ele>312.448647</ele>
        <time>2025-04-15T15:23:22.325Z</time>
      </trkpt>
      <trkpt lat="48.994869" lon="8.850389">
        <ele>312.314870</ele>
        <time>2025-04-15T15:23:43.927Z</time>
      </trkpt>
      <trkpt lat="48.994833" lon="8.851422">
        <ele>311.754897</ele>
        <time>2025-04-15T15:23:54.813Z</time>
      </trkpt>
      <trkpt lat="48.994833" lon="8.851422">
        <ele>311.754897</ele>
        <time>2025-04-15T15:23:54.818Z</time>
      </trkpt>
      <trkpt lat="48.994842" lon="8.852380">
        <ele>311.236259</ele>
        <time>2025-04-15T15:24:05.060Z</time>
      </trkpt>
      <trkpt lat="48.994850" lon="8.852820">
        <ele>311.026994</ele>
        <time>2025-04-15T15:24:10.184Z</time>
      </trkpt>
      <trkpt lat="48.994906" lon="8.853164">
        <ele>311.055745</ele>
        <time>2025-04-15T15:24:14.757Z</time>
      </trkpt>
      <trkpt lat="48.995053" lon="8.853668">
        <ele>311.100487</ele>
        <time>2025-04-15T15:24:22.560Z</time>
      </trkpt>
      <trkpt lat="48.995118" lon="8.854045">
        <ele>311.132107</ele>
        <time>2025-04-15T15:24:28.273Z</time>
      </trkpt>
      <trkpt lat="48.995145" lon="8.854369">
        <ele>311.158601</ele>
        <time>2025-04-15T15:24:33.147Z</time>
      </trkpt>
      <trkpt lat="48.995203" lon="8.854643">
        <ele>311.181955</ele>
        <time>2025-04-15T15:24:37.484Z</time>
      </trkpt>
      <trkpt lat="48.995447" lon="8.855092">
        <ele>311.229248</ele>
        <time>2025-04-15T15:24:45.024Z</time>
      </trkpt>
      <trkpt lat="48.995625" lon="8.855749">
        <ele>309.964426</ele>
        <time>2025-04-15T15:24:52.728Z</time>
      </trkpt>
      <trkpt lat="48.995727" lon="8.856251">
        <ele>308.642702</ele>
        <time>2025-04-15T15:24:57.712Z</time>
      </trkpt>
      <trkpt lat="48.995741" lon="8.856810">
        <ele>307.235753</ele>
        <time>2025-04-15T15:25:02.690Z</time>
      </trkpt>
      <trkpt lat="48.995840" lon="8.857353">
        <ele>305.818324</ele>
        <time>2025-04-15T15:25:07.567Z</time>
      </trkpt>
      <trkpt lat="48.995789" lon="8.857430">
        <ele>305.543145</ele>
        <time>2025-04-15T15:25:08.494Z</time>
      </trkpt>
      <trkpt lat="48.995744" lon="8.857590">
        <ele>305.105320</ele>
        <time>2025-04-15T15:25:09.988Z</time>
      </trkpt>
      <trkpt lat="48.995685" lon="8.857964">
        <ele>303.975808</ele>
        <time>2025-04-15T15:25:13.276Z</time>
      </trkpt>
      <trkpt lat="48.995557" lon="8.858532">
        <ele>301.316088</ele>
        <time>2025-04-15T15:25:18.367Z</time>
      </trkpt>
      <trkpt lat="48.995241" lon="8.859516">
        <ele>296.464274</ele>
        <time>2025-04-15T15:25:27.454Z</time>
      </trkpt>
      <trkpt lat="48.995125" lon="8.859889">
        <ele>294.636201</ele>
        <time>2025-04-15T15:25:30.848Z</time>
      </trkpt>
      <trkpt lat="48.994966" lon="8.860224">
        <ele>292.805100</ele>
        <time>2025-04-15T15:25:34.219Z</time>
      </trkpt>
      <trkpt lat="48.994677" lon="8.860562">
        <ele>290.679429</ele>
        <time>2025-04-15T15:25:38.728Z</time>
      </trkpt>
      <trkpt lat="48.994404" lon="8.860806">
        <ele>288.925056</ele>
        <time>2025-04-15T15:25:42.673Z</time>
      </trkpt>
      <trkpt lat="48.994022" lon="8.861518">
        <ele>285.579813</ele>
        <time>2025-04-15T15:25:50.368Z</time>
      </trkpt>
      <trkpt lat="48.992974" lon="8.863222">
        <ele>280.908306</ele>
        <time>2025-04-15T15:26:12.905Z</time>
      </trkpt>
      <trkpt lat="48.992747" lon="8.863493">
        <ele>280.495432</ele>
        <time>2025-04-15T15:26:18.147Z</time>
      </trkpt>
      <trkpt lat="48.992548" lon="8.863822">
        <ele>280.075042</ele>
        <time>2025-04-15T15:26:23.568Z</time>
      </trkpt>
      <trkpt lat="48.992505" lon="8.863936">
        <ele>279.951503</ele>
        <time>2025-04-15T15:26:25.231Z</time>
      </trkpt>
      <trkpt lat="48.992579" lon="8.864089">
        <ele>279.772928</ele>
        <time>2025-04-15T15:26:28.962Z</time>
      </trkpt>
      <trkpt lat="48.992580" lon="8.864089">
        <ele>279.771497</ele>
        <time>2025-04-15T15:26:28.979Z</time>
      </trkpt>
      <trkpt lat="48.992849" lon="8.864426">
        <ele>279.689052</ele>
        <time>2025-04-15T15:26:39.688Z</time>
      </trkpt>
      <trkpt lat="48.992888" lon="8.864520">
        <ele>279.695618</ele>
        <time>2025-04-15T15:26:41.995Z</time>
      </trkpt>
      <trkpt lat="48.993276" lon="8.865728">
        <ele>279.775028</ele>
        <time>2025-04-15T15:27:08.652Z</time>
      </trkpt>
      <trkpt lat="48.993679" lon="8.867082">
        <ele>279.991238</ele>
        <time>2025-04-15T15:27:37.268Z</time>
      </trkpt>
      <trkpt lat="48.993689" lon="8.867242">
        <ele>280.034100</ele>
        <time>2025-04-15T15:27:40.516Z</time>
      </trkpt>
      <trkpt lat="48.993609" lon="8.867587">
        <ele>280.131681</ele>
        <time>2025-04-15T15:27:48.094Z</time>
      </trkpt>
      <trkpt lat="48.993408" lon="8.868162">
        <ele>280.305426</ele>
        <time>2025-04-15T15:28:01.714Z</time>
      </trkpt>
      <trkpt lat="48.993330" lon="8.868728">
        <ele>280.459660</ele>
        <time>2025-04-15T15:28:13.880Z</time>
      </trkpt>
      <trkpt lat="48.993281" lon="8.869385">
        <ele>280.696312</ele>
        <time>2025-04-15T15:28:28.031Z</time>
      </trkpt>
      <trkpt lat="48.993282" lon="8.869609">
        <ele>280.801847</ele>
        <time>2025-04-15T15:28:32.978Z</time>
      </trkpt>
      <trkpt lat="48.993333" lon="8.869960">
        <ele>280.971218</ele>
        <time>2025-04-15T15:28:40.924Z</time>
      </trkpt>
      <trkpt lat="48.993456" lon="8.870354">
        <ele>281.176780</ele>
        <time>2025-04-15T15:28:50.491Z</time>
      </trkpt>
      <trkpt lat="48.993521" lon="8.870495">
        <ele>281.257964</ele>
        <time>2025-04-15T15:28:54.227Z</time>
      </trkpt>
      <trkpt lat="48.993535" lon="8.870716">
        <ele>281.362567</ele>
        <time>2025-04-15T15:28:59.005Z</time>
      </trkpt>
      <trkpt lat="48.993481" lon="8.871139">
        <ele>281.565589</ele>
        <time>2025-04-15T15:29:08.058Z</time>
      </trkpt>
      <trkpt lat="48.993393" lon="8.871369">
        <ele>281.691024</ele>
        <time>2025-04-15T15:29:13.524Z</time>
      </trkpt>
      <trkpt lat="48.992798" lon="8.871940">
        <ele>282.300422</ele>
        <time>2025-04-15T15:29:35.388Z</time>
      </trkpt>
      <trkpt lat="48.992247" lon="8.872373">
        <ele>282.879605</ele>
        <time>2025-04-15T15:29:56.062Z</time>
      </trkpt>
      <trkpt lat="48.991526" lon="8.872843">
        <ele>283.526879</ele>
        <time>2025-04-15T15:30:23.843Z</time>
      </trkpt>
      <trkpt lat="48.991331" lon="8.872917">
        <ele>283.521670</ele>
        <time>2025-04-15T15:30:30.813Z</time>
      </trkpt>
      <trkpt lat="48.990854" lon="8.872949">
        <ele>283.509294</ele>
        <time>2025-04-15T15:30:46.723Z</time>
      </trkpt>
      <trkpt lat="48.990928" lon="8.873086">
        <ele>283.506276</ele>
        <time>2025-04-15T15:30:50.354Z</time>
      </trkpt>
      <trkpt lat="48.990942" lon="8.873249">
        <ele>283.503480</ele>
        <time>2025-04-15T15:30:53.666Z</time>
      </trkpt>
      <trkpt lat="48.990933" lon="8.874684">
        <ele>283.156600</ele>
        <time>2025-04-15T15:31:19.788Z</time>
      </trkpt>
      <trkpt lat="48.990992" lon="8.874912">
        <ele>282.767249</ele>
        <time>2025-04-15T15:31:23.935Z</time>
      </trkpt>
      <trkpt lat="48.991388" lon="8.875608">
        <ele>281.303814</ele>
        <time>2025-04-15T15:31:39.122Z</time>
      </trkpt>
      <trkpt lat="48.991506" lon="8.875912">
        <ele>280.742712</ele>
        <time>2025-04-15T15:31:44.788Z</time>
      </trkpt>
      <trkpt lat="48.991767" lon="8.876801">
        <ele>279.195540</ele>
        <time>2025-04-15T15:32:00.648Z</time>
      </trkpt>
      <trkpt lat="48.992001" lon="8.877376">
        <ele>278.370460</ele>
        <time>2025-04-15T15:32:12.083Z</time>
      </trkpt>
      <trkpt lat="48.992239" lon="8.878011">
        <ele>277.496792</ele>
        <time>2025-04-15T15:32:24.905Z</time>
      </trkpt>
      <trkpt lat="48.992286" lon="8.878321">
        <ele>277.116681</ele>
        <time>2025-04-15T15:32:30.582Z</time>
      </trkpt>
      <trkpt lat="48.992317" lon="8.878860">
        <ele>276.470276</ele>
        <time>2025-04-15T15:32:40.197Z</time>
      </trkpt>
      <trkpt lat="48.992387" lon="8.879084">
        <ele>276.173866</ele>
        <time>2025-04-15T15:32:44.592Z</time>
      </trkpt>
      <trkpt lat="48.992541" lon="8.879420">
        <ele>275.746332</ele>
        <time>2025-04-15T15:32:51.702Z</time>
      </trkpt>
      <trkpt lat="48.992920" lon="8.880064">
        <ele>275.092704</ele>
        <time>2025-04-15T15:33:06.336Z</time>
      </trkpt>
      <trkpt lat="48.993232" lon="8.880654">
        <ele>274.520168</ele>
        <time>2025-04-15T15:33:19.582Z</time>
      </trkpt>
      <trkpt lat="48.993463" lon="8.881170">
        <ele>274.048201</ele>
        <time>2025-04-15T15:33:31.047Z</time>
      </trkpt>
      <trkpt lat="48.993616" lon="8.881640">
        <ele>273.818615</ele>
        <time>2025-04-15T15:33:41.536Z</time>
      </trkpt>
      <trkpt lat="48.993639" lon="8.881796">
        <ele>273.852524</ele>
        <time>2025-04-15T15:33:44.951Z</time>
      </trkpt>
      <trkpt lat="48.993631" lon="8.881906">
        <ele>273.875996</ele>
        <time>2025-04-15T15:33:47.408Z</time>
      </trkpt>
      <trkpt lat="48.993313" lon="8.883670">
        <ele>274.263965</ele>
        <time>2025-04-15T15:34:27.136Z</time>
      </trkpt>
      <trkpt lat="48.993304" lon="8.884106">
        <ele>274.356477</ele>
        <time>2025-04-15T15:34:35.257Z</time>
      </trkpt>
      <trkpt lat="48.993330" lon="8.884604">
        <ele>274.514399</ele>
        <time>2025-04-15T15:34:44.455Z</time>
      </trkpt>
      <trkpt lat="48.993318" lon="8.885190">
        <ele>274.704001</ele>
        <time>2025-04-15T15:34:55.246Z</time>
      </trkpt>
      <trkpt lat="48.993327" lon="8.885745">
        <ele>274.883540</ele>
        <time>2025-04-15T15:35:05.697Z</time>
      </trkpt>
      <trkpt lat="48.993354" lon="8.885969">
        <ele>274.957192</ele>
        <time>2025-04-15T15:35:10.287Z</time>
      </trkpt>
      <trkpt lat="48.993398" lon="8.886416">
        <ele>275.103367</ele>
        <time>2025-04-15T15:35:16.725Z</time>
      </trkpt>
      <trkpt lat="48.993492" lon="8.886977">
        <ele>275.474600</ele>
        <time>2025-04-15T15:35:26.702Z</time>
      </trkpt>
      <trkpt lat="48.993491" lon="8.887076">
        <ele>275.651327</ele>
        <time>2025-04-15T15:35:28.606Z</time>
      </trkpt>
      <trkpt lat="48.993449" lon="8.887211">
        <ele>275.918005</ele>
        <time>2025-04-15T15:35:31.562Z</time>
      </trkpt>
      <trkpt lat="48.992467" lon="8.888351">
        <ele>279.276065</ele>
        <time>2025-04-15T15:36:13.265Z</time>
      </trkpt>
      <trkpt lat="48.992149" lon="8.888628">
        <ele>280.023480</ele>
        <time>2025-04-15T15:36:21.620Z</time>
      </trkpt>
      <trkpt lat="48.992153" lon="8.888876">
        <ele>279.616212</ele>
        <time>2025-04-15T15:36:24.625Z</time>
      </trkpt>
      <trkpt lat="48.992141" lon="8.889645">
        <ele>278.353378</ele>
        <time>2025-04-15T15:36:32.473Z</time>
      </trkpt>
      <trkpt lat="48.992139" lon="8.889811">
        <ele>278.080807</ele>
        <time>2025-04-15T15:36:34.034Z</time>
      </trkpt>
      <trkpt lat="48.992123" lon="8.890113">
        <ele>277.583396</ele>
        <time>2025-04-15T15:36:36.699Z</time>
      </trkpt>
      <trkpt lat="48.992095" lon="8.890380">
        <ele>277.139496</ele>
        <time>2025-04-15T15:36:40.792Z</time>
      </trkpt>
      <trkpt lat="48.992117" lon="8.890618">
        <ele>276.744910</ele>
        <time>2025-04-15T15:36:44.374Z</time>
      </trkpt>
      <trkpt lat="48.992572" lon="8.891886">
        <ele>273.468577</ele>
        <time>2025-04-15T15:37:06.545Z</time>
      </trkpt>
      <trkpt lat="48.993236" lon="8.894115">
        <ele>266.717237</ele>
        <time>2025-04-15T15:37:44.632Z</time>
      </trkpt>
      <trkpt lat="48.993819" lon="8.895855">
        <ele>261.742229</ele>
        <time>2025-04-15T15:38:15.280Z</time>
      </trkpt>
      <trkpt lat="48.993914" lon="8.896256">
        <ele>260.750876</ele>
        <time>2025-04-15T15:38:22.081Z</time>
      </trkpt>
      <trkpt lat="48.993875" lon="8.896258">
        <ele>260.646401</ele>
        <time>2025-04-15T15:38:22.616Z</time>
      </trkpt>
      <trkpt lat="48.993838" lon="8.896304">
        <ele>260.518560</ele>
        <time>2025-04-15T15:38:23.263Z</time>
      </trkpt>
      <trkpt lat="48.993740" lon="8.896693">
        <ele>259.786558</ele>
        <time>2025-04-15T15:38:26.957Z</time>
      </trkpt>
      <trkpt lat="48.993599" lon="8.897461">
        <ele>258.385577</ele>
        <time>2025-04-15T15:38:34.086Z</time>
      </trkpt>
      <trkpt lat="48.993522" lon="8.898330">
        <ele>256.845127</ele>
        <time>2025-04-15T15:38:42.367Z</time>
      </trkpt>
      <trkpt lat="48.993566" lon="8.898699">
        <ele>256.186279</ele>
        <time>2025-04-15T15:38:46.122Z</time>
      </trkpt>
      <trkpt lat="48.993574" lon="8.899093">
        <ele>255.942232</ele>
        <time>2025-04-15T15:38:50.212Z</time>
      </trkpt>
      <trkpt lat="48.993489" lon="8.899583">
        <ele>255.664991</ele>
        <time>2025-04-15T15:38:55.602Z</time>
      </trkpt>
      <trkpt lat="48.993399" lon="8.899883">
        <ele>255.484551</ele>
        <time>2025-04-15T15:38:59.254Z</time>
      </trkpt>
      <trkpt lat="48.993398" lon="8.899883">
        <ele>255.483717</ele>
        <time>2025-04-15T15:38:59.262Z</time>
      </trkpt>
      <trkpt lat="48.993215" lon="8.900296">
        <ele>255.211115</ele>
        <time>2025-04-15T15:39:04.998Z</time>
      </trkpt>
      <trkpt lat="48.993052" lon="8.901083">
        <ele>254.759682</ele>
        <time>2025-04-15T15:39:14.190Z</time>
      </trkpt>
      <trkpt lat="48.992817" lon="8.901891">
        <ele>253.797698</ele>
        <time>2025-04-15T15:39:22.980Z</time>
      </trkpt>
      <trkpt lat="48.992616" lon="8.902748">
        <ele>252.654801</ele>
        <time>2025-04-15T15:39:31.532Z</time>
      </trkpt>
      <trkpt lat="48.992531" lon="8.903462">
        <ele>251.743527</ele>
        <time>2025-04-15T15:39:38.429Z</time>
      </trkpt>
      <trkpt lat="48.992709" lon="8.903555">
        <ele>251.383397</ele>
        <time>2025-04-15T15:39:41.153Z</time>
      </trkpt>
      <trkpt lat="48.992904" lon="8.903636">
        <ele>251.071111</ele>
        <time>2025-04-15T15:39:44.103Z</time>
      </trkpt>
      <trkpt lat="48.992902" lon="8.903722">
        <ele>251.002029</ele>
        <time>2025-04-15T15:39:44.987Z</time>
      </trkpt>
      <trkpt lat="48.992888" lon="8.904403">
        <ele>250.455072</ele>
        <time>2025-04-15T15:39:51.719Z</time>
      </trkpt>
      <trkpt lat="48.992847" lon="8.904729">
        <ele>250.188604</ele>
        <time>2025-04-15T15:39:55.052Z</time>
      </trkpt>
      <trkpt lat="48.992706" lon="8.905428">
        <ele>249.601547</ele>
        <time>2025-04-15T15:40:02.619Z</time>
      </trkpt>
      <trkpt lat="48.992492" lon="8.906770">
        <ele>249.727538</ele>
        <time>2025-04-15T15:40:17.556Z</time>
      </trkpt>
      <trkpt lat="48.992387" lon="8.907129">
        <ele>250.176240</ele>
        <time>2025-04-15T15:40:22.849Z</time>
      </trkpt>
      <trkpt lat="48.992081" lon="8.907873">
        <ele>251.178648</ele>
        <time>2025-04-15T15:40:37.461Z</time>
      </trkpt>
      <trkpt lat="48.991572" lon="8.908820">
        <ele>252.977975</ele>
        <time>2025-04-15T15:41:04.046Z</time>
      </trkpt>
      <trkpt lat="48.990938" lon="8.909907">
        <ele>256.140147</ele>
        <time>2025-04-15T15:41:37.648Z</time>
      </trkpt>
      <trkpt lat="48.990703" lon="8.911464">
        <ele>257.794497</ele>
        <time>2025-04-15T15:42:04.981Z</time>
      </trkpt>
      <trkpt lat="48.990412" lon="8.913104">
        <ele>257.072747</ele>
        <time>2025-04-15T15:42:22.241Z</time>
      </trkpt>
      <trkpt lat="48.990157" lon="8.915119">
        <ele>254.045115</ele>
        <time>2025-04-15T15:42:40.830Z</time>
      </trkpt>
      <trkpt lat="48.990061" lon="8.916341">
        <ele>252.017213</ele>
        <time>2025-04-15T15:42:52.448Z</time>
      </trkpt>
      <trkpt lat="48.990005" lon="8.916688">
        <ele>251.498233</ele>
        <time>2025-04-15T15:42:55.934Z</time>
      </trkpt>
      <trkpt lat="48.989894" lon="8.917390">
        <ele>250.449505</ele>
        <time>2025-04-15T15:43:02.978Z</time>
      </trkpt>
      <trkpt lat="48.989873" lon="8.917993">
        <ele>249.572507</ele>
        <time>2025-04-15T15:43:08.676Z</time>
      </trkpt>
      <trkpt lat="48.989890" lon="8.918360">
        <ele>249.038169</ele>
        <time>2025-04-15T15:43:12.076Z</time>
      </trkpt>
      <trkpt lat="48.990201" lon="8.920654">
        <ele>245.757958</ele>
        <time>2025-04-15T15:43:34.080Z</time>
      </trkpt>
      <trkpt lat="48.990199" lon="8.920878">
        <ele>245.447338</ele>
        <time>2025-04-15T15:43:36.273Z</time>
      </trkpt>
      <trkpt lat="48.990001" lon="8.921682">
        <ele>244.380129</ele>
        <time>2025-04-15T15:43:44.796Z</time>
      </trkpt>
      <trkpt lat="48.989971" lon="8.921874">
        <ele>244.232122</ele>
        <time>2025-04-15T15:43:46.776Z</time>
      </trkpt>
      <trkpt lat="48.989974" lon="8.922038">
        <ele>244.109091</ele>
        <time>2025-04-15T15:43:48.436Z</time>
      </trkpt>
      <trkpt lat="48.990222" lon="8.922718">
        <ele>243.525691</ele>
        <time>2025-04-15T15:43:56.447Z</time>
      </trkpt>
      <trkpt lat="48.990322" lon="8.923289">
        <ele>243.082511</ele>
        <time>2025-04-15T15:44:02.564Z</time>
      </trkpt>
      <trkpt lat="48.990342" lon="8.924696">
        <ele>242.195724</ele>
        <time>2025-04-15T15:44:17.450Z</time>
      </trkpt>
      <trkpt lat="48.990319" lon="8.925652">
        <ele>241.751342</ele>
        <time>2025-04-15T15:44:27.862Z</time>
      </trkpt>
      <trkpt lat="48.990271" lon="8.927184">
        <ele>241.075654</ele>
        <time>2025-04-15T15:44:44.344Z</time>
      </trkpt>
      <trkpt lat="48.990236" lon="8.927594">
        <ele>240.928309</ele>
        <time>2025-04-15T15:44:48.688Z</time>
      </trkpt>
      <trkpt lat="48.989630" lon="8.931952">
        <ele>239.856226</ele>
        <time>2025-04-15T15:45:37.892Z</time>
      </trkpt>
      <trkpt lat="48.989232" lon="8.931909">
        <ele>239.952827</ele>
        <time>2025-04-15T15:45:46.195Z</time>
      </trkpt>
      <trkpt lat="48.989242" lon="8.932413">
        <ele>240.159476</ele>
        <time>2025-04-15T15:45:53.820Z</time>
      </trkpt>
      <trkpt lat="48.989276" lon="8.932693">
        <ele>240.276176</ele>
        <time>2025-04-15T15:45:58.184Z</time>
      </trkpt>
      <trkpt lat="48.989790" lon="8.935429">
        <ele>241.506372</ele>
        <time>2025-04-15T15:46:40.219Z</time>
      </trkpt>
      <trkpt lat="48.989816" lon="8.935621">
        <ele>241.596910</ele>
        <time>2025-04-15T15:46:43.179Z</time>
      </trkpt>
      <trkpt lat="48.989794" lon="8.935980">
        <ele>241.763425</ele>
        <time>2025-04-15T15:46:48.568Z</time>
      </trkpt>
      <trkpt lat="48.989822" lon="8.936320">
        <ele>241.921676</ele>
        <time>2025-04-15T15:46:53.134Z</time>
      </trkpt>
      <trkpt lat="48.989954" lon="8.937075">
        <ele>242.076844</ele>
        <time>2025-04-15T15:47:04.414Z</time>
      </trkpt>
      <trkpt lat="48.990080" lon="8.937928">
        <ele>241.408389</ele>
        <time>2025-04-15T15:47:15.304Z</time>
      </trkpt>
      <trkpt lat="48.990089" lon="8.939062">
        <ele>240.541361</ele>
        <time>2025-04-15T15:47:25.813Z</time>
      </trkpt>
      <trkpt lat="48.990095" lon="8.939166">
        <ele>240.461544</ele>
        <time>2025-04-15T15:47:26.788Z</time>
      </trkpt>
      <trkpt lat="48.990129" lon="8.939241">
        <ele>240.391853</ele>
        <time>2025-04-15T15:47:27.703Z</time>
      </trkpt>
      <trkpt lat="48.990283" lon="8.939271">
        <ele>240.210969</ele>
        <time>2025-04-15T15:47:30.016Z</time>
      </trkpt>
      <trkpt lat="48.990403" lon="8.939261">
        <ele>240.096125</ele>
        <time>2025-04-15T15:47:31.794Z</time>
      </trkpt>
      <trkpt lat="48.990991" lon="8.939221">
        <ele>239.858407</ele>
        <time>2025-04-15T15:47:40.666Z</time>
      </trkpt>
      <trkpt lat="48.991115" lon="8.939221">
        <ele>239.808326</ele>
        <time>2025-04-15T15:47:42.494Z</time>
      </trkpt>
      <trkpt lat="48.991290" lon="8.939167">
        <ele>239.736212</ele>
        <time>2025-04-15T15:47:45.087Z</time>
      </trkpt>
      <trkpt lat="48.991597" lon="8.938975">
        <ele>239.602187</ele>
        <time>2025-04-15T15:47:51.397Z</time>
      </trkpt>
      <trkpt lat="48.991752" lon="8.939485">
        <ele>239.453236</ele>
        <time>2025-04-15T15:48:00.871Z</time>
      </trkpt>
      <trkpt lat="48.991754" lon="8.939654">
        <ele>239.408441</ele>
        <time>2025-04-15T15:48:03.847Z</time>
      </trkpt>
      <trkpt lat="48.991892" lon="8.939686">
        <ele>239.361621</ele>
        <time>2025-04-15T15:48:07.524Z</time>
      </trkpt>
      <trkpt lat="48.992028" lon="8.940573">
        <ele>239.194685</ele>
        <time>2025-04-15T15:48:20.069Z</time>
      </trkpt>
      <trkpt lat="48.992116" lon="8.941147">
        <ele>239.086657</ele>
        <time>2025-04-15T15:48:26.788Z</time>
      </trkpt>
      <trkpt lat="48.992430" lon="8.943004">
        <ele>237.995317</ele>
        <time>2025-04-15T15:48:45.769Z</time>
      </trkpt>
      <trkpt lat="48.992468" lon="8.943228">
        <ele>237.737255</ele>
        <time>2025-04-15T15:48:47.934Z</time>
      </trkpt>
      <trkpt lat="48.992555" lon="8.943731">
        <ele>237.157052</ele>
        <time>2025-04-15T15:48:52.837Z</time>
      </trkpt>
      <trkpt lat="48.992740" lon="8.944356">
        <ele>236.392288</ele>
        <time>2025-04-15T15:48:59.500Z</time>
      </trkpt>
      <trkpt lat="48.992984" lon="8.945024">
        <ele>235.716267</ele>
        <time>2025-04-15T15:49:07.306Z</time>
      </trkpt>
      <trkpt lat="48.993062" lon="8.945253">
        <ele>235.607765</ele>
        <time>2025-04-15T15:49:09.970Z</time>
      </trkpt>
      <trkpt lat="48.993321" lon="8.946289">
        <ele>235.141550</ele>
        <time>2025-04-15T15:49:22.210Z</time>
      </trkpt>
      <trkpt lat="48.993389" lon="8.946674">
        <ele>234.973886</ele>
        <time>2025-04-15T15:49:26.673Z</time>
      </trkpt>
      <trkpt lat="48.993499" lon="8.947299">
        <ele>234.701768</ele>
        <time>2025-04-15T15:49:34.033Z</time>
      </trkpt>
      <trkpt lat="48.993522" lon="8.947593">
        <ele>234.518891</ele>
        <time>2025-04-15T15:49:37.318Z</time>
      </trkpt>
      <trkpt lat="48.993511" lon="8.947997">
        <ele>234.242381</ele>
        <time>2025-04-15T15:49:41.614Z</time>
      </trkpt>
      <trkpt lat="48.993476" lon="8.948307">
        <ele>234.027274</ele>
        <time>2025-04-15T15:49:44.907Z</time>
      </trkpt>
      <trkpt lat="48.993898" lon="8.948486">
        <ele>233.570743</ele>
        <time>2025-04-15T15:49:52.103Z</time>
      </trkpt>
      <trkpt lat="48.993793" lon="8.949076">
        <ele>233.152701</ele>
        <time>2025-04-15T15:49:58.283Z</time>
      </trkpt>
      <trkpt lat="48.993696" lon="8.949605">
        <ele>232.780123</ele>
        <time>2025-04-15T15:50:03.839Z</time>
      </trkpt>
      <trkpt lat="48.993596" lon="8.949818">
        <ele>232.629911</ele>
        <time>2025-04-15T15:50:06.486Z</time>
      </trkpt>
      <trkpt lat="48.993513" lon="8.949842">
        <ele>232.556067</ele>
        <time>2025-04-15T15:50:07.767Z</time>
      </trkpt>
      <trkpt lat="48.993365" lon="8.949824">
        <ele>232.426290</ele>
        <time>2025-04-15T15:50:10.027Z</time>
      </trkpt>
      <trkpt lat="48.993294" lon="8.949853">
        <ele>232.362040</ele>
        <time>2025-04-15T15:50:11.165Z</time>
      </trkpt>
      <trkpt lat="48.993245" lon="8.949924">
        <ele>232.302941</ele>
        <time>2025-04-15T15:50:12.209Z</time>
      </trkpt>
      <trkpt lat="48.993166" lon="8.950386">
        <ele>232.029119</ele>
        <time>2025-04-15T15:50:17.144Z</time>
      </trkpt>
      <trkpt lat="48.993136" lon="8.951175">
        <ele>231.575841</ele>
        <time>2025-04-15T15:50:25.547Z</time>
      </trkpt>
      <trkpt lat="48.993162" lon="8.952085">
        <ele>231.242581</ele>
        <time>2025-04-15T15:50:35.830Z</time>
      </trkpt>
      <trkpt lat="48.993149" lon="8.952301">
        <ele>231.256358</ele>
        <time>2025-04-15T15:50:38.440Z</time>
      </trkpt>
      <trkpt lat="48.993032" lon="8.952749">
        <ele>231.286985</ele>
        <time>2025-04-15T15:50:44.520Z</time>
      </trkpt>
      <trkpt lat="48.992580" lon="8.954446">
        <ele>231.391663</ele>
        <time>2025-04-15T15:51:07.155Z</time>
      </trkpt>
      <trkpt lat="48.992178" lon="8.955873">
        <ele>231.280600</ele>
        <time>2025-04-15T15:51:24.815Z</time>
      </trkpt>
      <trkpt lat="48.991359" lon="8.957640">
        <ele>231.206569</ele>
        <time>2025-04-15T15:51:49.657Z</time>
      </trkpt>
      <trkpt lat="48.990802" lon="8.958348">
        <ele>231.211542</ele>
        <time>2025-04-15T15:52:02.850Z</time>
      </trkpt>
      <trkpt lat="48.990544" lon="8.958557">
        <ele>231.213545</ele>
        <time>2025-04-15T15:52:08.061Z</time>
      </trkpt>
      <trkpt lat="48.989542" lon="8.959228">
        <ele>231.429137</ele>
        <time>2025-04-15T15:52:27.978Z</time>
      </trkpt>
      <trkpt lat="48.989421" lon="8.959408">
        <ele>231.465141</ele>
        <time>2025-04-15T15:52:31.042Z</time>
      </trkpt>
      <trkpt lat="48.988993" lon="8.960204">
        <ele>231.618656</ele>
        <time>2025-04-15T15:52:43.683Z</time>
      </trkpt>
      <trkpt lat="48.988665" lon="8.960990">
        <ele>231.855849</ele>
        <time>2025-04-15T15:52:56.557Z</time>
      </trkpt>
      <trkpt lat="48.988626" lon="8.961263">
        <ele>231.926996</ele>
        <time>2025-04-15T15:53:00.703Z</time>
      </trkpt>
      <trkpt lat="48.988608" lon="8.961523">
        <ele>231.993571</ele>
        <time>2025-04-15T15:53:04.483Z</time>
      </trkpt>
      <trkpt lat="48.988617" lon="8.963033">
        <ele>232.165567</ele>
        <time>2025-04-15T15:53:22.072Z</time>
      </trkpt>
      <trkpt lat="48.988394" lon="8.963151">
        <ele>232.022708</ele>
        <time>2025-04-15T15:53:25.968Z</time>
      </trkpt>
      <trkpt lat="48.987981" lon="8.963442">
        <ele>231.747344</ele>
        <time>2025-04-15T15:53:33.338Z</time>
      </trkpt>
      <trkpt lat="48.987892" lon="8.963555">
        <ele>231.677238</ele>
        <time>2025-04-15T15:53:35.187Z</time>
      </trkpt>
      <trkpt lat="48.987564" lon="8.964271">
        <ele>231.330460</ele>
        <time>2025-04-15T15:53:44.096Z</time>
      </trkpt>
      <trkpt lat="48.987231" lon="8.964690">
        <ele>231.386850</ele>
        <time>2025-04-15T15:53:51.563Z</time>
      </trkpt>
      <trkpt lat="48.987125" lon="8.964776">
        <ele>231.482179</ele>
        <time>2025-04-15T15:53:53.872Z</time>
      </trkpt>
      <trkpt lat="48.986905" lon="8.964848">
        <ele>231.660805</ele>
        <time>2025-04-15T15:53:58.276Z</time>
      </trkpt>
      <trkpt lat="48.986900" lon="8.965007">
        <ele>231.743729</ele>
        <time>2025-04-15T15:54:00.426Z</time>
      </trkpt>
      <trkpt lat="48.986237" lon="8.966953">
        <ele>233.175157</ele>
        <time>2025-04-15T15:54:33.127Z</time>
      </trkpt>
      <trkpt lat="48.985667" lon="8.968634">
        <ele>235.293946</ele>
        <time>2025-04-15T15:55:06.727Z</time>
      </trkpt>
      <trkpt lat="48.985657" lon="8.968775">
        <ele>235.452756</ele>
        <time>2025-04-15T15:55:09.026Z</time>
      </trkpt>
      <trkpt lat="48.985661" lon="8.968828">
        <ele>235.512496</ele>
        <time>2025-04-15T15:55:09.842Z</time>
      </trkpt>
      <trkpt lat="48.985674" lon="8.968896">
        <ele>235.591807</ele>
        <time>2025-04-15T15:55:10.944Z</time>
      </trkpt>
      <trkpt lat="48.985712" lon="8.969088">
        <ele>235.582701</ele>
        <time>2025-04-15T15:55:13.843Z</time>
      </trkpt>
      <trkpt lat="48.985821" lon="8.969649">
        <ele>234.881491</ele>
        <time>2025-04-15T15:55:20.863Z</time>
      </trkpt>
      <trkpt lat="48.985720" lon="8.969718">
        <ele>234.679346</ele>
        <time>2025-04-15T15:55:22.660Z</time>
      </trkpt>
      <trkpt lat="48.985799" lon="8.969949">
        <ele>234.367153</ele>
        <time>2025-04-15T15:55:25.313Z</time>
      </trkpt>
      <trkpt lat="48.984794" lon="8.971288">
        <ele>231.873650</ele>
        <time>2025-04-15T15:55:43.453Z</time>
      </trkpt>
      <trkpt lat="48.984707" lon="8.971446">
        <ele>231.598469</ele>
        <time>2025-04-15T15:55:45.269Z</time>
      </trkpt>
      <trkpt lat="48.984689" lon="8.971453">
        <ele>231.560701</ele>
        <time>2025-04-15T15:55:45.524Z</time>
      </trkpt>
      <trkpt lat="48.984398" lon="8.971280">
        <ele>230.925647</ele>
        <time>2025-04-15T15:55:49.787Z</time>
      </trkpt>
      <trkpt lat="48.984337" lon="8.971285">
        <ele>230.801451</ele>
        <time>2025-04-15T15:55:50.652Z</time>
      </trkpt>
      <trkpt lat="48.984282" lon="8.971353">
        <ele>230.657455</ele>
        <time>2025-04-15T15:55:51.649Z</time>
      </trkpt>
      <trkpt lat="48.984240" lon="8.971584">
        <ele>230.337638</ele>
        <time>2025-04-15T15:55:53.951Z</time>
      </trkpt>
      <trkpt lat="48.984256" lon="8.972490">
        <ele>229.128387</ele>
        <time>2025-04-15T15:56:03.304Z</time>
      </trkpt>
      <trkpt lat="48.984155" lon="8.972691">
        <ele>228.790622</ele>
        <time>2025-04-15T15:56:06.076Z</time>
      </trkpt>
      <trkpt lat="48.984263" lon="8.972900">
        <ele>228.771374</ele>
        <time>2025-04-15T15:56:09.120Z</time>
      </trkpt>
      <trkpt lat="48.984287" lon="8.973040">
        <ele>228.776987</ele>
        <time>2025-04-15T15:56:10.843Z</time>
      </trkpt>
      <trkpt lat="48.984345" lon="8.974520">
        <ele>228.834506</ele>
        <time>2025-04-15T15:56:29.085Z</time>
      </trkpt>
      <trkpt lat="48.984529" lon="8.976864">
        <ele>228.957352</ele>
        <time>2025-04-15T15:56:57.401Z</time>
      </trkpt>
      <trkpt lat="48.984587" lon="8.977498">
        <ele>228.995600</ele>
        <time>2025-04-15T15:57:05.007Z</time>
      </trkpt>
      <trkpt lat="48.984674" lon="8.978401">
        <ele>228.946542</ele>
        <time>2025-04-15T15:57:15.963Z</time>
      </trkpt>
      <trkpt lat="48.984688" lon="8.978597">
        <ele>228.891110</ele>
        <time>2025-04-15T15:57:18.337Z</time>
      </trkpt>
      <trkpt lat="48.984749" lon="8.979774">
        <ele>228.559160</ele>
        <time>2025-04-15T15:57:31.668Z</time>
      </trkpt>
      <trkpt lat="48.984777" lon="8.980301">
        <ele>228.410507</ele>
        <time>2025-04-15T15:57:37.308Z</time>
      </trkpt>
      <trkpt lat="48.984794" lon="8.980857">
        <ele>228.239387</ele>
        <time>2025-04-15T15:57:43.268Z</time>
      </trkpt>
      <trkpt lat="48.984778" lon="8.981670">
        <ele>227.557842</ele>
        <time>2025-04-15T15:57:51.682Z</time>
      </trkpt>
      <trkpt lat="48.984719" lon="8.982306">
        <ele>227.019618</ele>
        <time>2025-04-15T15:57:58.096Z</time>
      </trkpt>
      <trkpt lat="48.984654" lon="8.982808">
        <ele>226.590866</ele>
        <time>2025-04-15T15:58:03.196Z</time>
      </trkpt>
      <trkpt lat="48.984584" lon="8.983080">
        <ele>226.346049</ele>
        <time>2025-04-15T15:58:06.115Z</time>
      </trkpt>
      <trkpt lat="48.983972" lon="8.984397">
        <ele>225.008914</ele>
        <time>2025-04-15T15:58:22.533Z</time>
      </trkpt>
      <trkpt lat="48.983574" lon="8.984753">
        <ele>224.428798</ele>
        <time>2025-04-15T15:58:29.805Z</time>
      </trkpt>
      <trkpt lat="48.983366" lon="8.985002">
        <ele>224.096303</ele>
        <time>2025-04-15T15:58:33.916Z</time>
      </trkpt>
      <trkpt lat="48.983156" lon="8.985446">
        <ele>223.650452</ele>
        <time>2025-04-15T15:58:39.432Z</time>
      </trkpt>
      <trkpt lat="48.983069" lon="8.985750">
        <ele>223.402933</ele>
        <time>2025-04-15T15:58:42.827Z</time>
      </trkpt>
      <trkpt lat="48.982789" lon="8.986734">
        <ele>222.602481</ele>
        <time>2025-04-15T15:58:53.642Z</time>
      </trkpt>
      <trkpt lat="48.982752" lon="8.986859">
        <ele>222.500139</ele>
        <time>2025-04-15T15:58:55.025Z</time>
      </trkpt>
      <trkpt lat="48.982522" lon="8.987700">
        <ele>221.820151</ele>
        <time>2025-04-15T15:59:04.342Z</time>
      </trkpt>
      <trkpt lat="48.982306" lon="8.988625">
        <ele>221.546665</ele>
        <time>2025-04-15T15:59:15.499Z</time>
      </trkpt>
      <trkpt lat="48.982017" lon="8.989507">
        <ele>221.402594</ele>
        <time>2025-04-15T15:59:26.649Z</time>
      </trkpt>
      <trkpt lat="48.981971" lon="8.989635">
        <ele>221.381267</ele>
        <time>2025-04-15T15:59:28.310Z</time>
      </trkpt>
      <trkpt lat="48.981899" lon="8.989778">
        <ele>221.354926</ele>
        <time>2025-04-15T15:59:30.370Z</time>
      </trkpt>
      <trkpt lat="48.981687" lon="8.989546">
        <ele>221.296804</ele>
        <time>2025-04-15T15:59:34.957Z</time>
      </trkpt>
      <trkpt lat="48.981488" lon="8.989384">
        <ele>221.305844</ele>
        <time>2025-04-15T15:59:39.076Z</time>
      </trkpt>
      <trkpt lat="48.980800" lon="8.988822">
        <ele>222.035156</ele>
        <time>2025-04-15T15:59:53.710Z</time>
      </trkpt>
      <trkpt lat="48.980538" lon="8.988276">
        <ele>222.449882</ele>
        <time>2025-04-15T16:00:04.110Z</time>
      </trkpt>
      <trkpt lat="48.980376" lon="8.987888">
        <ele>222.731852</ele>
        <time>2025-04-15T16:00:11.626Z</time>
      </trkpt>
      <trkpt lat="48.980281" lon="8.987719">
        <ele>222.868291</ele>
        <time>2025-04-15T16:00:15.274Z</time>
      </trkpt>
      <trkpt lat="48.980091" lon="8.987486">
        <ele>223.048344</ele>
        <time>2025-04-15T16:00:21.402Z</time>
      </trkpt>
      <trkpt lat="48.979815" lon="8.987147">
        <ele>223.279199</ele>
        <time>2025-04-15T16:00:30.254Z</time>
      </trkpt>
      <trkpt lat="48.979684" lon="8.987378">
        <ele>223.409676</ele>
        <time>2025-04-15T16:00:34.995Z</time>
      </trkpt>
      <trkpt lat="48.979642" lon="8.987442">
        <ele>223.448357</ele>
        <time>2025-04-15T16:00:36.372Z</time>
      </trkpt>
      <trkpt lat="48.979550" lon="8.987648">
        <ele>223.554850</ele>
        <time>2025-04-15T16:00:40.039Z</time>
      </trkpt>
      <trkpt lat="48.979382" lon="8.987948">
        <ele>223.723398</ele>
        <time>2025-04-15T16:00:45.318Z</time>
      </trkpt>
      <trkpt lat="48.979326" lon="8.988039">
        <ele>223.776713</ele>
        <time>2025-04-15T16:00:46.867Z</time>
      </trkpt>
      <trkpt lat="48.979154" lon="8.988267">
        <ele>223.925174</ele>
        <time>2025-04-15T16:00:50.769Z</time>
      </trkpt>
      <trkpt lat="48.979054" lon="8.988369">
        <ele>224.003539</ele>
        <time>2025-04-15T16:00:52.713Z</time>
      </trkpt>
      <trkpt lat="48.978878" lon="8.988699">
        <ele>223.926729</ele>
        <time>2025-04-15T16:00:57.111Z</time>
      </trkpt>
      <trkpt lat="48.978823" lon="8.988810">
        <ele>223.783026</ele>
        <time>2025-04-15T16:00:58.530Z</time>
      </trkpt>
      <trkpt lat="48.978782" lon="8.988910">
        <ele>223.661199</ele>
        <time>2025-04-15T16:00:59.715Z</time>
      </trkpt>
      <trkpt lat="48.978704" lon="8.989083">
        <ele>223.444337</ele>
        <time>2025-04-15T16:01:01.808Z</time>
      </trkpt>
      <trkpt lat="48.978601" lon="8.989286">
        <ele>223.179221</ele>
        <time>2025-04-15T16:01:04.361Z</time>
      </trkpt>
      <trkpt lat="48.978568" lon="8.989364">
        <ele>223.083336</ele>
        <time>2025-04-15T16:01:05.268Z</time>
      </trkpt>
      <trkpt lat="48.978502" lon="8.989509">
        <ele>222.901013</ele>
        <time>2025-04-15T16:01:07.007Z</time>
      </trkpt>
      <trkpt lat="48.978470" lon="8.989582">
        <ele>222.810311</ele>
        <time>2025-04-15T16:01:07.863Z</time>
      </trkpt>
      <trkpt lat="48.978377" lon="8.989824">
        <ele>222.520557</ele>
        <time>2025-04-15T16:01:10.591Z</time>
      </trkpt>
      <trkpt lat="48.978341" lon="8.989907">
        <ele>222.417763</ele>
        <time>2025-04-15T16:01:11.581Z</time>
      </trkpt>
      <trkpt lat="48.978239" lon="8.990134">
        <ele>222.133516</ele>
        <time>2025-04-15T16:01:14.244Z</time>
      </trkpt>
      <trkpt lat="48.978163" lon="8.990274">
        <ele>221.945794</ele>
        <time>2025-04-15T16:01:16.001Z</time>
      </trkpt>
      <trkpt lat="48.978063" lon="8.990451">
        <ele>221.704485</ele>
        <time>2025-04-15T16:01:18.264Z</time>
      </trkpt>
      <trkpt lat="48.978036" lon="8.990493">
        <ele>221.643741</ele>
        <time>2025-04-15T16:01:18.845Z</time>
      </trkpt>
      <trkpt lat="48.977890" lon="8.990747">
        <ele>221.294878</ele>
        <time>2025-04-15T16:01:22.176Z</time>
      </trkpt>
      <trkpt lat="48.977793" lon="8.990901">
        <ele>221.135474</ele>
        <time>2025-04-15T16:01:24.252Z</time>
      </trkpt>
      <trkpt lat="48.977626" lon="8.991180">
        <ele>220.862372</ele>
        <time>2025-04-15T16:01:27.923Z</time>
      </trkpt>
      <trkpt lat="48.977507" lon="8.991235">
        <ele>220.725339</ele>
        <time>2025-04-15T16:01:29.759Z</time>
      </trkpt>
      <trkpt lat="48.977509" lon="8.991608">
        <ele>220.455551</ele>
        <time>2025-04-15T16:01:33.469Z</time>
      </trkpt>
      <trkpt lat="48.977543" lon="8.991810">
        <ele>220.304724</ele>
        <time>2025-04-15T16:01:35.614Z</time>
      </trkpt>
      <trkpt lat="48.977433" lon="8.991956">
        <ele>220.143964</ele>
        <time>2025-04-15T16:01:37.939Z</time>
      </trkpt>
      <trkpt lat="48.977057" lon="8.992204">
        <ele>219.692472</ele>
        <time>2025-04-15T16:01:44.592Z</time>
      </trkpt>
      <trkpt lat="48.976363" lon="8.992717">
        <ele>219.239610</ele>
        <time>2025-04-15T16:01:57.746Z</time>
      </trkpt>
      <trkpt lat="48.976290" lon="8.992808">
        <ele>219.226666</ele>
        <time>2025-04-15T16:01:59.481Z</time>
      </trkpt>
      <trkpt lat="48.976121" lon="8.993086">
        <ele>219.192536</ele>
        <time>2025-04-15T16:02:04.308Z</time>
      </trkpt>
      <trkpt lat="48.975522" lon="8.994248">
        <ele>219.059452</ele>
        <time>2025-04-15T16:02:22.052Z</time>
      </trkpt>
      <trkpt lat="48.974046" lon="8.997117">
        <ele>217.511497</ele>
        <time>2025-04-15T16:03:00.517Z</time>
      </trkpt>
      <trkpt lat="48.973215" lon="8.998700">
        <ele>217.084025</ele>
        <time>2025-04-15T16:03:23.822Z</time>
      </trkpt>
      <trkpt lat="48.973067" lon="8.998930">
        <ele>217.085196</ele>
        <time>2025-04-15T16:03:27.814Z</time>
      </trkpt>
      <trkpt lat="48.972985" lon="8.999035">
        <ele>217.085790</ele>
        <time>2025-04-15T16:03:29.873Z</time>
      </trkpt>
      <trkpt lat="48.971536" lon="9.000257">
        <ele>216.984672</ele>
        <time>2025-04-15T16:03:59.589Z</time>
      </trkpt>
      <trkpt lat="48.970868" lon="9.000733">
        <ele>216.631847</ele>
        <time>2025-04-15T16:04:11.772Z</time>
      </trkpt>
      <trkpt lat="48.968607" lon="9.003389">
        <ele>215.222996</ele>
        <time>2025-04-15T16:04:59.158Z</time>
      </trkpt>
      <trkpt lat="48.967733" lon="9.004553">
        <ele>214.955591</ele>
        <time>2025-04-15T16:05:19.414Z</time>
      </trkpt>
      <trkpt lat="48.967101" lon="9.005271">
        <ele>214.853999</ele>
        <time>2025-04-15T16:05:33.199Z</time>
      </trkpt>
      <trkpt lat="48.965587" lon="9.007176">
        <ele>215.129844</ele>
        <time>2025-04-15T16:06:07.985Z</time>
      </trkpt>
      <trkpt lat="48.964380" lon="9.008610">
        <ele>215.877301</ele>
        <time>2025-04-15T16:06:40.634Z</time>
      </trkpt>
      <trkpt lat="48.964199" lon="9.008833">
        <ele>215.918813</ele>
        <time>2025-04-15T16:06:45.317Z</time>
      </trkpt>
      <trkpt lat="48.963996" lon="9.009282">
        <ele>215.982635</ele>
        <time>2025-04-15T16:06:52.135Z</time>
      </trkpt>
      <trkpt lat="48.963250" lon="9.011110">
        <ele>216.122677</ele>
        <time>2025-04-15T16:07:16.458Z</time>
      </trkpt>
      <trkpt lat="48.963062" lon="9.011506">
        <ele>216.104498</ele>
        <time>2025-04-15T16:07:22.387Z</time>
      </trkpt>
      <trkpt lat="48.962668" lon="9.012513">
        <ele>216.060889</ele>
        <time>2025-04-15T16:07:36.861Z</time>
      </trkpt>
      <trkpt lat="48.962443" lon="9.013096">
        <ele>216.088739</ele>
        <time>2025-04-15T16:07:44.781Z</time>
      </trkpt>
      <trkpt lat="48.962367" lon="9.013572">
        <ele>216.150854</ele>
        <time>2025-04-15T16:07:50.374Z</time>
      </trkpt>
      <trkpt lat="48.962323" lon="9.014079">
        <ele>216.215700</ele>
        <time>2025-04-15T16:07:56.278Z</time>
      </trkpt>
      <trkpt lat="48.962537" lon="9.014238">
        <ele>216.261685</ele>
        <time>2025-04-15T16:08:00.555Z</time>
      </trkpt>
      <trkpt lat="48.962637" lon="9.014327">
        <ele>216.284053</ele>
        <time>2025-04-15T16:08:02.650Z</time>
      </trkpt>
      <trkpt lat="48.962961" lon="9.014804">
        <ele>216.371079</ele>
        <time>2025-04-15T16:08:11.500Z</time>
      </trkpt>
      <trkpt lat="48.963184" lon="9.015166">
        <ele>216.621539</ele>
        <time>2025-04-15T16:08:19.095Z</time>
      </trkpt>
      <trkpt lat="48.963314" lon="9.015481">
        <ele>216.896143</ele>
        <time>2025-04-15T16:08:25.110Z</time>
      </trkpt>
      <trkpt lat="48.963359" lon="9.016459">
        <ele>217.619730</ele>
        <time>2025-04-15T16:08:40.785Z</time>
      </trkpt>
      <trkpt lat="48.963395" lon="9.017075">
        <ele>218.076169</ele>
        <time>2025-04-15T16:08:50.558Z</time>
      </trkpt>
      <trkpt lat="48.963476" lon="9.018037">
        <ele>218.291879</ele>
        <time>2025-04-15T16:09:02.363Z</time>
      </trkpt>
      <trkpt lat="48.963555" lon="9.018233">
        <ele>218.235197</ele>
        <time>2025-04-15T16:09:04.826Z</time>
      </trkpt>
      <trkpt lat="48.963628" lon="9.018566">
        <ele>218.148672</ele>
        <time>2025-04-15T16:09:08.602Z</time>
      </trkpt>
      <trkpt lat="48.963653" lon="9.018644">
        <ele>218.127280</ele>
        <time>2025-04-15T16:09:09.520Z</time>
      </trkpt>
      <trkpt lat="48.963720" lon="9.019336">
        <ele>217.954888</ele>
        <time>2025-04-15T16:09:17.125Z</time>
      </trkpt>
      <trkpt lat="48.963791" lon="9.019788">
        <ele>217.840346</ele>
        <time>2025-04-15T16:09:22.326Z</time>
      </trkpt>
      <trkpt lat="48.963850" lon="9.020038">
        <ele>217.774872</ele>
        <time>2025-04-15T16:09:25.251Z</time>
      </trkpt>
      <trkpt lat="48.964065" lon="9.020959">
        <ele>217.454345</ele>
        <time>2025-04-15T16:09:35.566Z</time>
      </trkpt>
      <trkpt lat="48.964191" lon="9.021348">
        <ele>217.306504</ele>
        <time>2025-04-15T16:09:40.227Z</time>
      </trkpt>
      <trkpt lat="48.964385" lon="9.022308">
        <ele>216.964159</ele>
        <time>2025-04-15T16:09:51.314Z</time>
      </trkpt>
      <trkpt lat="48.964462" lon="9.023485">
        <ele>216.721627</ele>
        <time>2025-04-15T16:10:04.877Z</time>
      </trkpt>
      <trkpt lat="48.964480" lon="9.023596">
        <ele>216.707984</ele>
        <time>2025-04-15T16:10:06.220Z</time>
      </trkpt>
      <trkpt lat="48.964472" lon="9.024244">
        <ele>216.630652</ele>
        <time>2025-04-15T16:10:13.899Z</time>
      </trkpt>
      <trkpt lat="48.964465" lon="9.024454">
        <ele>216.605563</ele>
        <time>2025-04-15T16:10:16.388Z</time>
      </trkpt>
      <trkpt lat="48.964338" lon="9.024906">
        <ele>216.546900</ele>
        <time>2025-04-15T16:10:22.110Z</time>
      </trkpt>
      <trkpt lat="48.964338" lon="9.025658">
        <ele>216.326035</ele>
        <time>2025-04-15T16:10:30.534Z</time>
      </trkpt>
      <trkpt lat="48.964396" lon="9.026492">
        <ele>215.681005</ele>
        <time>2025-04-15T16:10:39.300Z</time>
      </trkpt>
      <trkpt lat="48.964694" lon="9.028635">
        <ele>214.026404</ele>
        <time>2025-04-15T16:11:01.230Z</time>
      </trkpt>
      <trkpt lat="48.964722" lon="9.028779">
        <ele>213.920118</ele>
        <time>2025-04-15T16:11:02.714Z</time>
      </trkpt>
      <trkpt lat="48.964780" lon="9.030494">
        <ele>212.704793</ele>
        <time>2025-04-15T16:11:20.274Z</time>
      </trkpt>
      <trkpt lat="48.964765" lon="9.031112">
        <ele>212.491542</ele>
        <time>2025-04-15T16:11:27.115Z</time>
      </trkpt>
      <trkpt lat="48.964674" lon="9.031862">
        <ele>212.672082</ele>
        <time>2025-04-15T16:11:36.127Z</time>
      </trkpt>
      <trkpt lat="48.964719" lon="9.031943">
        <ele>212.697200</ele>
        <time>2025-04-15T16:11:37.508Z</time>
      </trkpt>
      <trkpt lat="48.964754" lon="9.032173">
        <ele>212.753087</ele>
        <time>2025-04-15T16:11:40.575Z</time>
      </trkpt>
      <trkpt lat="48.964691" lon="9.032319">
        <ele>212.794443</ele>
        <time>2025-04-15T16:11:42.895Z</time>
      </trkpt>
      <trkpt lat="48.964643" lon="9.032371">
        <ele>212.815680</ele>
        <time>2025-04-15T16:11:44.110Z</time>
      </trkpt>
      <trkpt lat="48.964490" lon="9.034859">
        <ele>213.653760</ele>
        <time>2025-04-15T16:12:19.180Z</time>
      </trkpt>
      <trkpt lat="48.964463" lon="9.035731">
        <ele>214.017950</ele>
        <time>2025-04-15T16:12:30.783Z</time>
      </trkpt>
      <trkpt lat="48.964458" lon="9.037010">
        <ele>214.163946</ele>
        <time>2025-04-15T16:12:46.056Z</time>
      </trkpt>
      <trkpt lat="48.964485" lon="9.038278">
        <ele>214.061627</ele>
        <time>2025-04-15T16:13:00.293Z</time>
      </trkpt>
      <trkpt lat="48.964537" lon="9.039457">
        <ele>214.023595</ele>
        <time>2025-04-15T16:13:13.669Z</time>
      </trkpt>
      <trkpt lat="48.964509" lon="9.040361">
        <ele>214.056542</ele>
        <time>2025-04-15T16:13:24.417Z</time>
      </trkpt>
      <trkpt lat="48.964427" lon="9.041036">
        <ele>214.081533</ele>
        <time>2025-04-15T16:13:32.895Z</time>
      </trkpt>
      <trkpt lat="48.964038" lon="9.042810">
        <ele>214.035270</ele>
        <time>2025-04-15T16:13:55.818Z</time>
      </trkpt>
      <trkpt lat="48.963964" lon="9.043367">
        <ele>214.002314</ele>
        <time>2025-04-15T16:14:02.297Z</time>
      </trkpt>
      <trkpt lat="48.963959" lon="9.044142">
        <ele>213.957368</ele>
        <time>2025-04-15T16:14:10.934Z</time>
      </trkpt>
      <trkpt lat="48.964035" lon="9.044618">
        <ele>213.820290</ele>
        <time>2025-04-15T16:14:16.286Z</time>
      </trkpt>
      <trkpt lat="48.964336" lon="9.046120">
        <ele>213.169695</ele>
        <time>2025-04-15T16:14:33.177Z</time>
      </trkpt>
      <trkpt lat="48.964416" lon="9.046697">
        <ele>212.925383</ele>
        <time>2025-04-15T16:14:39.502Z</time>
      </trkpt>
      <trkpt lat="48.964408" lon="9.047367">
        <ele>212.681871</ele>
        <time>2025-04-15T16:14:46.767Z</time>
      </trkpt>
      <trkpt lat="48.964315" lon="9.047979">
        <ele>212.475775</ele>
        <time>2025-04-15T16:14:53.683Z</time>
      </trkpt>
      <trkpt lat="48.963972" lon="9.049569">
        <ele>211.926681</ele>
        <time>2025-04-15T16:15:12.401Z</time>
      </trkpt>
      <trkpt lat="48.963919" lon="9.049909">
        <ele>211.628007</ele>
        <time>2025-04-15T16:15:16.251Z</time>
      </trkpt>
      <trkpt lat="48.963889" lon="9.050298">
        <ele>211.264935</ele>
        <time>2025-04-15T16:15:20.467Z</time>
      </trkpt>
      <trkpt lat="48.963892" lon="9.050775">
        <ele>210.822748</ele>
        <time>2025-04-15T16:15:25.454Z</time>
      </trkpt>
      <trkpt lat="48.963985" lon="9.052429">
        <ele>209.258272</ele>
        <time>2025-04-15T16:15:41.554Z</time>
      </trkpt>
      <trkpt lat="48.963966" lon="9.052623">
        <ele>209.024271</ele>
        <time>2025-04-15T16:15:43.381Z</time>
      </trkpt>
      <trkpt lat="48.963916" lon="9.052728">
        <ele>208.869526</ele>
        <time>2025-04-15T16:15:44.585Z</time>
      </trkpt>
      <trkpt lat="48.963878" lon="9.053113">
        <ele>208.405062</ele>
        <time>2025-04-15T16:15:48.228Z</time>
      </trkpt>
      <trkpt lat="48.963808" lon="9.053482">
        <ele>207.946839</ele>
        <time>2025-04-15T16:15:51.815Z</time>
      </trkpt>
      <trkpt lat="48.963603" lon="9.054303">
        <ele>206.898943</ele>
        <time>2025-04-15T16:16:00.126Z</time>
      </trkpt>
      <trkpt lat="48.963575" lon="9.054489">
        <ele>206.671287</ele>
        <time>2025-04-15T16:16:02.034Z</time>
      </trkpt>
      <trkpt lat="48.963582" lon="9.054718">
        <ele>206.397793</ele>
        <time>2025-04-15T16:16:04.387Z</time>
      </trkpt>
      <trkpt lat="48.963593" lon="9.055192">
        <ele>206.362158</ele>
        <time>2025-04-15T16:16:09.523Z</time>
      </trkpt>
      <trkpt lat="48.963531" lon="9.055545">
        <ele>206.772808</ele>
        <time>2025-04-15T16:16:13.784Z</time>
      </trkpt>
      <trkpt lat="48.963446" lon="9.055825">
        <ele>207.119480</ele>
        <time>2025-04-15T16:16:17.952Z</time>
      </trkpt>
      <trkpt lat="48.963352" lon="9.056038">
        <ele>207.407901</ele>
        <time>2025-04-15T16:16:21.751Z</time>
      </trkpt>
      <trkpt lat="48.963330" lon="9.056093">
        <ele>207.480278</ele>
        <time>2025-04-15T16:16:22.711Z</time>
      </trkpt>
      <trkpt lat="48.963149" lon="9.056534">
        <ele>208.064747</ele>
        <time>2025-04-15T16:16:31.417Z</time>
      </trkpt>
      <trkpt lat="48.963087" lon="9.056684">
        <ele>208.263942</ele>
        <time>2025-04-15T16:16:34.681Z</time>
      </trkpt>
      <trkpt lat="48.962978" lon="9.056941">
        <ele>208.607783</ele>
        <time>2025-04-15T16:16:40.613Z</time>
      </trkpt>
      <trkpt lat="48.962635" lon="9.057763">
        <ele>210.702133</ele>
        <time>2025-04-15T16:17:02.141Z</time>
      </trkpt>
      <trkpt lat="48.962764" lon="9.057967">
        <ele>211.634041</ele>
        <time>2025-04-15T16:17:09.204Z</time>
      </trkpt>
      <trkpt lat="48.962865" lon="9.058443">
        <ele>213.279956</ele>
        <time>2025-04-15T16:17:22.301Z</time>
      </trkpt>
      <trkpt lat="48.962826" lon="9.058467">
        <ele>213.490751</ele>
        <time>2025-04-15T16:17:23.994Z</time>
      </trkpt>
      <trkpt lat="48.962574" lon="9.059166">
        <ele>216.114552</ele>
        <time>2025-04-15T16:17:46.131Z</time>
      </trkpt>
      <trkpt lat="48.962301" lon="9.059771">
        <ele>218.276649</ele>
        <time>2025-04-15T16:18:06.410Z</time>
      </trkpt>
      <trkpt lat="48.962191" lon="9.060186">
        <ele>218.627288</ele>
        <time>2025-04-15T16:18:17.508Z</time>
      </trkpt>
      <trkpt lat="48.962111" lon="9.060695">
        <ele>219.037345</ele>
        <time>2025-04-15T16:18:27.922Z</time>
      </trkpt>
      <trkpt lat="48.962093" lon="9.060943">
        <ele>219.232831</ele>
        <time>2025-04-15T16:18:31.890Z</time>
      </trkpt>
      <trkpt lat="48.962035" lon="9.061289">
        <ele>219.512611</ele>
        <time>2025-04-15T16:18:36.692Z</time>
      </trkpt>
      <trkpt lat="48.962022" lon="9.061352">
        <ele>219.564350</ele>
        <time>2025-04-15T16:18:37.478Z</time>
      </trkpt>
      <trkpt lat="48.962708" lon="9.061665">
        <ele>220.130134</ele>
        <time>2025-04-15T16:18:48.244Z</time>
      </trkpt>
      <trkpt lat="48.962862" lon="9.061815">
        <ele>219.509403</ele>
        <time>2025-04-15T16:18:50.769Z</time>
      </trkpt>
      <trkpt lat="48.962974" lon="9.062054">
        <ele>218.854753</ele>
        <time>2025-04-15T16:18:53.390Z</time>
      </trkpt>
      <trkpt lat="48.963012" lon="9.062258">
        <ele>218.381992</ele>
        <time>2025-04-15T16:18:55.270Z</time>
      </trkpt>
      <trkpt lat="48.963021" lon="9.062527">
        <ele>217.781489</ele>
        <time>2025-04-15T16:18:57.689Z</time>
      </trkpt>
      <trkpt lat="48.962937" lon="9.064085">
        <ele>214.296295</ele>
        <time>2025-04-15T16:19:11.427Z</time>
      </trkpt>
      <trkpt lat="48.962932" lon="9.064516">
        <ele>213.255806</ele>
        <time>2025-04-15T16:19:15.030Z</time>
      </trkpt>
      <trkpt lat="48.962967" lon="9.064786">
        <ele>212.588121</ele>
        <time>2025-04-15T16:19:17.342Z</time>
      </trkpt>
      <trkpt lat="48.963051" lon="9.065015">
        <ele>211.951723</ele>
        <time>2025-04-15T16:19:19.554Z</time>
      </trkpt>
      <trkpt lat="48.963186" lon="9.065262">
        <ele>211.172019</ele>
        <time>2025-04-15T16:19:22.244Z</time>
      </trkpt>
      <trkpt lat="48.963314" lon="9.065400">
        <ele>210.592535</ele>
        <time>2025-04-15T16:19:24.265Z</time>
      </trkpt>
      <trkpt lat="48.963398" lon="9.065480">
        <ele>210.226455</ele>
        <time>2025-04-15T16:19:25.553Z</time>
      </trkpt>
      <trkpt lat="48.963922" lon="9.066065">
        <ele>207.825746</ele>
        <time>2025-04-15T16:19:34.180Z</time>
      </trkpt>
      <trkpt lat="48.964101" lon="9.066419">
        <ele>207.553687</ele>
        <time>2025-04-15T16:19:39.100Z</time>
      </trkpt>
      <trkpt lat="48.964257" lon="9.066645">
        <ele>207.519855</ele>
        <time>2025-04-15T16:19:44.018Z</time>
      </trkpt>
      <trkpt lat="48.964562" lon="9.066955">
        <ele>207.462234</ele>
        <time>2025-04-15T16:19:52.406Z</time>
      </trkpt>
      <trkpt lat="48.964819" lon="9.067075">
        <ele>207.419993</ele>
        <time>2025-04-15T16:19:57.716Z</time>
      </trkpt>
      <trkpt lat="48.965326" lon="9.067106">
        <ele>207.340256</ele>
        <time>2025-04-15T16:20:07.550Z</time>
      </trkpt>
      <trkpt lat="48.965407" lon="9.067402">
        <ele>207.307172</ele>
        <time>2025-04-15T16:20:11.440Z</time>
      </trkpt>
      <trkpt lat="48.965644" lon="9.067969">
        <ele>207.145662</ele>
        <time>2025-04-15T16:20:19.546Z</time>
      </trkpt>
      <trkpt lat="48.966064" lon="9.068676">
        <ele>206.916429</ele>
        <time>2025-04-15T16:20:29.867Z</time>
      </trkpt>
      <trkpt lat="48.966280" lon="9.069264">
        <ele>206.754438</ele>
        <time>2025-04-15T16:20:37.362Z</time>
      </trkpt>
      <trkpt lat="48.966440" lon="9.070890">
        <ele>206.841680</ele>
        <time>2025-04-15T16:21:00.166Z</time>
      </trkpt>
      <trkpt lat="48.966427" lon="9.070934">
        <ele>206.849429</ele>
        <time>2025-04-15T16:21:00.739Z</time>
      </trkpt>
      <trkpt lat="48.966172" lon="9.070986">
        <ele>206.912372</ele>
        <time>2025-04-15T16:21:05.581Z</time>
      </trkpt>
      <trkpt lat="48.966248" lon="9.071510">
        <ele>206.998564</ele>
        <time>2025-04-15T16:21:11.990Z</time>
      </trkpt>
      <trkpt lat="48.966274" lon="9.071901">
        <ele>207.061685</ele>
        <time>2025-04-15T16:21:16.909Z</time>
      </trkpt>
      <trkpt lat="48.966321" lon="9.071993">
        <ele>207.080409</ele>
        <time>2025-04-15T16:21:18.288Z</time>
      </trkpt>
      <trkpt lat="48.966380" lon="9.072056">
        <ele>207.078169</ele>
        <time>2025-04-15T16:21:19.714Z</time>
      </trkpt>
      <trkpt lat="48.966432" lon="9.072173">
        <ele>207.053745</ele>
        <time>2025-04-15T16:21:21.403Z</time>
      </trkpt>
      <trkpt lat="48.966552" lon="9.072890">
        <ele>206.925837</ele>
        <time>2025-04-15T16:21:29.480Z</time>
      </trkpt>
      <trkpt lat="48.966611" lon="9.074441">
        <ele>206.657277</ele>
        <time>2025-04-15T16:21:46.415Z</time>
      </trkpt>
      <trkpt lat="48.966632" lon="9.075964">
        <ele>207.265290</ele>
        <time>2025-04-15T16:22:05.957Z</time>
      </trkpt>
      <trkpt lat="48.966616" lon="9.076099">
        <ele>207.335108</ele>
        <time>2025-04-15T16:22:08.008Z</time>
      </trkpt>
      <trkpt lat="48.966571" lon="9.076230">
        <ele>207.410355</ele>
        <time>2025-04-15T16:22:10.294Z</time>
      </trkpt>
      <trkpt lat="48.966543" lon="9.076311">
        <ele>207.456945</ele>
        <time>2025-04-15T16:22:12.418Z</time>
      </trkpt>
      <trkpt lat="48.966453" lon="9.076825">
        <ele>207.727687</ele>
        <time>2025-04-15T16:22:25.173Z</time>
      </trkpt>
      <trkpt lat="48.966360" lon="9.077161">
        <ele>207.913270</ele>
        <time>2025-04-15T16:22:33.691Z</time>
      </trkpt>
      <trkpt lat="48.966343" lon="9.077400">
        <ele>207.969158</ele>
        <time>2025-04-15T16:22:39.099Z</time>
      </trkpt>
      <trkpt lat="48.966385" lon="9.077965">
        <ele>207.529349</ele>
        <time>2025-04-15T16:22:50.991Z</time>
      </trkpt>
      <trkpt lat="48.966360" lon="9.078122">
        <ele>207.404392</ele>
        <time>2025-04-15T16:22:54.125Z</time>
      </trkpt>
      <trkpt lat="48.966336" lon="9.078280">
        <ele>207.278954</ele>
        <time>2025-04-15T16:22:57.188Z</time>
      </trkpt>
      <trkpt lat="48.966280" lon="9.078423">
        <ele>207.150162</ele>
        <time>2025-04-15T16:23:00.212Z</time>
      </trkpt>
      <trkpt lat="48.966080" lon="9.078747">
        <ele>206.806172</ele>
        <time>2025-04-15T16:23:08.091Z</time>
      </trkpt>
      <trkpt lat="48.965885" lon="9.079412">
        <ele>206.242827</ele>
        <time>2025-04-15T16:23:20.324Z</time>
      </trkpt>
      <trkpt lat="48.965747" lon="9.079781">
        <ele>205.914349</ele>
        <time>2025-04-15T16:23:27.166Z</time>
      </trkpt>
      <trkpt lat="48.965043" lon="9.081335">
        <ele>203.622215</ele>
        <time>2025-04-15T16:23:58.322Z</time>
      </trkpt>
      <trkpt lat="48.964718" lon="9.082000">
        <ele>202.609597</ele>
        <time>2025-04-15T16:24:13.408Z</time>
      </trkpt>
      <trkpt lat="48.964406" lon="9.082412">
        <ele>203.057852</ele>
        <time>2025-04-15T16:24:26.737Z</time>
      </trkpt>
      <trkpt lat="48.964321" lon="9.082484">
        <ele>203.190297</ele>
        <time>2025-04-15T16:24:30.056Z</time>
      </trkpt>
      <trkpt lat="48.964098" lon="9.082818">
        <ele>203.616192</ele>
        <time>2025-04-15T16:24:41.526Z</time>
      </trkpt>
      <trkpt lat="48.963903" lon="9.083267">
        <ele>204.097500</ele>
        <time>2025-04-15T16:24:54.921Z</time>
      </trkpt>
      <trkpt lat="48.963583" lon="9.084099">
        <ele>204.959593</ele>
        <time>2025-04-15T16:25:18.978Z</time>
      </trkpt>
      <trkpt lat="48.963357" lon="9.085081">
        <ele>205.204944</ele>
        <time>2025-04-15T16:25:44.149Z</time>
      </trkpt>
      <trkpt lat="48.963251" lon="9.085689">
        <ele>205.337807</ele>
        <time>2025-04-15T16:25:57.344Z</time>
      </trkpt>
      <trkpt lat="48.963195" lon="9.086013">
        <ele>205.408569</ele>
        <time>2025-04-15T16:26:03.705Z</time>
      </trkpt>
      <trkpt lat="48.963112" lon="9.086203">
        <ele>205.456770</ele>
        <time>2025-04-15T16:26:07.936Z</time>
      </trkpt>
      <trkpt lat="48.962993" lon="9.086444">
        <ele>205.520459</ele>
        <time>2025-04-15T16:26:13.435Z</time>
      </trkpt>
      <trkpt lat="48.962342" lon="9.088291">
        <ele>203.028016</ele>
        <time>2025-04-15T16:26:48.902Z</time>
      </trkpt>
      <trkpt lat="48.962325" lon="9.088339">
        <ele>202.953180</ele>
        <time>2025-04-15T16:26:49.770Z</time>
      </trkpt>
      <trkpt lat="48.961955" lon="9.088912">
        <ele>201.850376</ele>
        <time>2025-04-15T16:27:03.137Z</time>
      </trkpt>
      <trkpt lat="48.961520" lon="9.089404">
        <ele>201.247693</ele>
        <time>2025-04-15T16:27:17.362Z</time>
      </trkpt>
      <trkpt lat="48.961199" lon="9.089815">
        <ele>200.795385</ele>
        <time>2025-04-15T16:27:28.672Z</time>
      </trkpt>
      <trkpt lat="48.961163" lon="9.089868">
        <ele>200.741382</ele>
        <time>2025-04-15T16:27:29.501Z</time>
      </trkpt>
      <trkpt lat="48.960682" lon="9.090587">
        <ele>200.014469</ele>
        <time>2025-04-15T16:27:40.891Z</time>
      </trkpt>
      <trkpt lat="48.960512" lon="9.090931">
        <ele>199.823410</ele>
        <time>2025-04-15T16:27:46.146Z</time>
      </trkpt>
      <trkpt lat="48.960353" lon="9.091375">
        <ele>199.715321</ele>
        <time>2025-04-15T16:27:52.038Z</time>
      </trkpt>
      <trkpt lat="48.960288" lon="9.091722">
        <ele>199.638201</ele>
        <time>2025-04-15T16:27:56.225Z</time>
      </trkpt>
      <trkpt lat="48.960267" lon="9.092311">
        <ele>199.512134</ele>
        <time>2025-04-15T16:28:03.165Z</time>
      </trkpt>
      <trkpt lat="48.960402" lon="9.093789">
        <ele>198.873527</ele>
        <time>2025-04-15T16:28:19.365Z</time>
      </trkpt>
      <trkpt lat="48.960555" lon="9.094520">
        <ele>198.151511</ele>
        <time>2025-04-15T16:28:27.084Z</time>
      </trkpt>
      <trkpt lat="48.960915" lon="9.095943">
        <ele>196.716433</ele>
        <time>2025-04-15T16:28:41.905Z</time>
      </trkpt>
      <trkpt lat="48.960943" lon="9.096765">
        <ele>196.774726</ele>
        <time>2025-04-15T16:28:50.092Z</time>
      </trkpt>
      <trkpt lat="48.960999" lon="9.097493">
        <ele>196.833611</ele>
        <time>2025-04-15T16:28:57.843Z</time>
      </trkpt>
      <trkpt lat="48.960975" lon="9.098855">
        <ele>197.684280</ele>
        <time>2025-04-15T16:29:18.700Z</time>
      </trkpt>
      <trkpt lat="48.961033" lon="9.098971">
        <ele>198.326288</ele>
        <time>2025-04-15T16:29:21.624Z</time>
      </trkpt>
      <trkpt lat="48.961066" lon="9.099106">
        <ele>198.960573</ele>
        <time>2025-04-15T16:29:24.572Z</time>
      </trkpt>
      <trkpt lat="48.961067" lon="9.099490">
        <ele>200.651395</ele>
        <time>2025-04-15T16:29:32.988Z</time>
      </trkpt>
      <trkpt lat="48.960900" lon="9.100433">
        <ele>204.951957</ele>
        <time>2025-04-15T16:30:00.598Z</time>
      </trkpt>
      <trkpt lat="48.960726" lon="9.101096">
        <ele>208.095832</ele>
        <time>2025-04-15T16:30:27.499Z</time>
      </trkpt>
      <trkpt lat="48.960704" lon="9.101348">
        <ele>209.302028</ele>
        <time>2025-04-15T16:30:38.273Z</time>
      </trkpt>
      <trkpt lat="48.960714" lon="9.102030">
        <ele>213.471536</ele>
        <time>2025-04-15T16:31:08.599Z</time>
      </trkpt>
      <trkpt lat="48.960740" lon="9.102098">
        <ele>213.952498</ele>
        <time>2025-04-15T16:31:12.260Z</time>
      </trkpt>
      <trkpt lat="48.960970" lon="9.102128">
        <ele>216.101425</ele>
        <time>2025-04-15T16:31:27.885Z</time>
      </trkpt>
      <trkpt lat="48.961218" lon="9.102220">
        <ele>218.477571</ele>
        <time>2025-04-15T16:31:44.762Z</time>
      </trkpt>
      <trkpt lat="48.961467" lon="9.102312">
        <ele>220.862762</ele>
        <time>2025-04-15T16:32:00.347Z</time>
      </trkpt>
      <trkpt lat="48.961464" lon="9.102339">
        <ele>221.030133</ele>
        <time>2025-04-15T16:32:01.270Z</time>
      </trkpt>
      <trkpt lat="48.961877" lon="9.102492">
        <ele>224.986878</ele>
        <time>2025-04-15T16:32:21.217Z</time>
      </trkpt>
      <trkpt lat="48.962245" lon="9.102491">
        <ele>224.997326</ele>
        <time>2025-04-15T16:32:31.848Z</time>
      </trkpt>
      <trkpt lat="48.962353" lon="9.102491">
        <ele>224.720253</ele>
        <time>2025-04-15T16:32:34.035Z</time>
      </trkpt>
      <trkpt lat="48.962251" lon="9.102991">
        <ele>223.838342</ele>
        <time>2025-04-15T16:32:39.127Z</time>
      </trkpt>
      <trkpt lat="48.962227" lon="9.103111">
        <ele>223.627045</ele>
        <time>2025-04-15T16:32:40.252Z</time>
      </trkpt>
      <trkpt lat="48.962764" lon="9.103518">
        <ele>222.088232</ele>
        <time>2025-04-15T16:32:47.778Z</time>
      </trkpt>
      <trkpt lat="48.963083" lon="9.103696">
        <ele>221.216650</ele>
        <time>2025-04-15T16:32:51.841Z</time>
      </trkpt>
      <trkpt lat="48.963142" lon="9.103724">
        <ele>221.040391</ele>
        <time>2025-04-15T16:32:52.581Z</time>
      </trkpt>
      <trkpt lat="48.963845" lon="9.104052">
        <ele>218.620996</ele>
        <time>2025-04-15T16:33:01.425Z</time>
      </trkpt>
      <trkpt lat="48.964499" lon="9.104268">
        <ele>216.418929</ele>
        <time>2025-04-15T16:33:10.570Z</time>
      </trkpt>
      <trkpt lat="48.964602" lon="9.104293">
        <ele>216.075721</ele>
        <time>2025-04-15T16:33:12.707Z</time>
      </trkpt>
      <trkpt lat="48.964741" lon="9.104356">
        <ele>215.598506</ele>
        <time>2025-04-15T16:33:16.407Z</time>
      </trkpt>
      <trkpt lat="48.964858" lon="9.104511">
        <ele>215.346400</ele>
        <time>2025-04-15T16:33:20.684Z</time>
      </trkpt>
      <trkpt lat="48.964888" lon="9.104578">
        <ele>215.568240</ele>
        <time>2025-04-15T16:33:22.228Z</time>
      </trkpt>
      <trkpt lat="48.964893" lon="9.104762">
        <ele>216.071989</ele>
        <time>2025-04-15T16:33:25.875Z</time>
      </trkpt>
      <trkpt lat="48.964896" lon="9.105049">
        <ele>216.857156</ele>
        <time>2025-04-15T16:33:31.871Z</time>
      </trkpt>
      <trkpt lat="48.964983" lon="9.105235">
        <ele>217.481867</ele>
        <time>2025-04-15T16:33:37.011Z</time>
      </trkpt>
      <trkpt lat="48.965100" lon="9.105311">
        <ele>218.011830</ele>
        <time>2025-04-15T16:33:41.690Z</time>
      </trkpt>
      <trkpt lat="48.965339" lon="9.105304">
        <ele>219.007818</ele>
        <time>2025-04-15T16:33:51.272Z</time>
      </trkpt>
      <trkpt lat="48.965338" lon="9.105417">
        <ele>219.316946</ele>
        <time>2025-04-15T16:33:54.212Z</time>
      </trkpt>
      <trkpt lat="48.965176" lon="9.106198">
        <ele>221.557390</ele>
        <time>2025-04-15T16:34:15.844Z</time>
      </trkpt>
      <trkpt lat="48.964658" lon="9.108277">
        <ele>229.386617</ele>
        <time>2025-04-15T16:35:06.637Z</time>
      </trkpt>
      <trkpt lat="48.966205" lon="9.109044">
        <ele>240.926109</ele>
        <time>2025-04-15T16:36:27.351Z</time>
      </trkpt>
      <trkpt lat="48.967876" lon="9.110144">
        <ele>253.622669</ele>
        <time>2025-04-15T16:37:58.933Z</time>
      </trkpt>
      <trkpt lat="48.967901" lon="9.110156">
        <ele>253.785755</ele>
        <time>2025-04-15T16:38:00.024Z</time>
      </trkpt>
      <trkpt lat="48.968649" lon="9.110542">
        <ele>258.337037</ele>
        <time>2025-04-15T16:38:28.242Z</time>
      </trkpt>
      <trkpt lat="48.968683" lon="9.110612">
        <ele>258.307890</ele>
        <time>2025-04-15T16:38:29.823Z</time>
      </trkpt>
      <trkpt lat="48.968708" lon="9.110680">
        <ele>258.281802</ele>
        <time>2025-04-15T16:38:31.197Z</time>
      </trkpt>
      <trkpt lat="48.968630" lon="9.111018">
        <ele>258.161879</ele>
        <time>2025-04-15T16:38:36.778Z</time>
      </trkpt>
      <trkpt lat="48.968640" lon="9.111211">
        <ele>258.097076</ele>
        <time>2025-04-15T16:38:39.392Z</time>
      </trkpt>
      <trkpt lat="48.968613" lon="9.111391">
        <ele>258.035273</ele>
        <time>2025-04-15T16:38:41.643Z</time>
      </trkpt>
      <trkpt lat="48.968422" lon="9.111835">
        <ele>257.857588</ele>
        <time>2025-04-15T16:38:47.419Z</time>
      </trkpt>
      <trkpt lat="48.969437" lon="9.112337">
        <ele>256.193482</ele>
        <time>2025-04-15T16:39:02.547Z</time>
      </trkpt>
      <trkpt lat="48.969478" lon="9.112385">
        <ele>255.946634</ele>
        <time>2025-04-15T16:39:03.219Z</time>
      </trkpt>
      <trkpt lat="48.969842" lon="9.112891">
        <ele>253.594235</ele>
        <time>2025-04-15T16:39:09.496Z</time>
      </trkpt>
      <trkpt lat="48.970530" lon="9.112990">
        <ele>250.295284</ele>
        <time>2025-04-15T16:39:18.169Z</time>
      </trkpt>
      <trkpt lat="48.971315" lon="9.112945">
        <ele>246.228493</ele>
        <time>2025-04-15T16:39:27.857Z</time>
      </trkpt>
      <trkpt lat="48.971405" lon="9.112897">
        <ele>245.711027</ele>
        <time>2025-04-15T16:39:29.040Z</time>
      </trkpt>
      <trkpt lat="48.971741" lon="9.112564">
        <ele>243.535763</ele>
        <time>2025-04-15T16:39:34.013Z</time>
      </trkpt>
      <trkpt lat="48.972095" lon="9.111989">
        <ele>240.727592</ele>
        <time>2025-04-15T16:39:40.457Z</time>
      </trkpt>
      <trkpt lat="48.972760" lon="9.111426">
        <ele>237.868240</ele>
        <time>2025-04-15T16:39:50.276Z</time>
      </trkpt>
      <trkpt lat="48.973269" lon="9.111126">
        <ele>236.409263</ele>
        <time>2025-04-15T16:39:57.734Z</time>
      </trkpt>
      <trkpt lat="48.974680" lon="9.110119">
        <ele>233.311949</ele>
        <time>2025-04-15T16:40:22.452Z</time>
      </trkpt>
      <trkpt lat="48.974972" lon="9.109950">
        <ele>232.912320</ele>
        <time>2025-04-15T16:40:27.328Z</time>
      </trkpt>
      <trkpt lat="48.975227" lon="9.109850">
        <ele>232.575442</ele>
        <time>2025-04-15T16:40:31.331Z</time>
      </trkpt>
      <trkpt lat="48.975741" lon="9.109854">
        <ele>231.895910</ele>
        <time>2025-04-15T16:40:39.156Z</time>
      </trkpt>
      <trkpt lat="48.976044" lon="9.109770">
        <ele>231.384019</ele>
        <time>2025-04-15T16:40:43.837Z</time>
      </trkpt>
      <trkpt lat="48.976473" lon="9.109751">
        <ele>230.670670</ele>
        <time>2025-04-15T16:40:50.274Z</time>
      </trkpt>
      <trkpt lat="48.976787" lon="9.109915">
        <ele>230.118949</ele>
        <time>2025-04-15T16:40:55.194Z</time>
      </trkpt>
      <trkpt lat="48.977728" lon="9.110729">
        <ele>228.665725</ele>
        <time>2025-04-15T16:41:11.414Z</time>
      </trkpt>
      <trkpt lat="48.978132" lon="9.111181">
        <ele>228.254998</ele>
        <time>2025-04-15T16:41:19.196Z</time>
      </trkpt>
      <trkpt lat="48.978403" lon="9.111533">
        <ele>227.963183</ele>
        <time>2025-04-15T16:41:25.106Z</time>
      </trkpt>
      <trkpt lat="48.978929" lon="9.112565">
        <ele>227.524137</ele>
        <time>2025-04-15T16:41:40.832Z</time>
      </trkpt>
      <trkpt lat="48.979436" lon="9.113696">
        <ele>227.514410</ele>
        <time>2025-04-15T16:41:58.731Z</time>
      </trkpt>
      <trkpt lat="48.979634" lon="9.114035">
        <ele>227.511187</ele>
        <time>2025-04-15T16:42:03.572Z</time>
      </trkpt>
      <trkpt lat="48.979807" lon="9.114281">
        <ele>227.508626</ele>
        <time>2025-04-15T16:42:07.332Z</time>
      </trkpt>
      <trkpt lat="48.979900" lon="9.114440">
        <ele>227.480638</ele>
        <time>2025-04-15T16:42:09.525Z</time>
      </trkpt>
      <trkpt lat="48.980049" lon="9.114694">
        <ele>227.419411</ele>
        <time>2025-04-15T16:42:13.142Z</time>
      </trkpt>
      <trkpt lat="48.980248" lon="9.115215">
        <ele>227.311070</ele>
        <time>2025-04-15T16:42:19.848Z</time>
      </trkpt>
      <trkpt lat="48.980380" lon="9.115836">
        <ele>227.193753</ele>
        <time>2025-04-15T16:42:26.921Z</time>
      </trkpt>
      <trkpt lat="48.980459" lon="9.116468">
        <ele>227.078124</ele>
        <time>2025-04-15T16:42:34.666Z</time>
      </trkpt>
      <trkpt lat="48.980534" lon="9.117211">
        <ele>226.896976</ele>
        <time>2025-04-15T16:42:44.889Z</time>
      </trkpt>
      <trkpt lat="48.980537" lon="9.117440">
        <ele>226.829720</ele>
        <time>2025-04-15T16:42:47.886Z</time>
      </trkpt>
      <trkpt lat="48.980475" lon="9.118284">
        <ele>226.580345</ele>
        <time>2025-04-15T16:42:57.442Z</time>
      </trkpt>
      <trkpt lat="48.980253" lon="9.120005">
        <ele>225.767058</ele>
        <time>2025-04-15T16:43:15.703Z</time>
      </trkpt>
      <trkpt lat="48.980174" lon="9.120437">
        <ele>225.365654</ele>
        <time>2025-04-15T16:43:20.227Z</time>
      </trkpt>
      <trkpt lat="48.979941" lon="9.121189">
        <ele>224.621314</ele>
        <time>2025-04-15T16:43:28.652Z</time>
      </trkpt>
      <trkpt lat="48.979682" lon="9.122519">
        <ele>223.393267</ele>
        <time>2025-04-15T16:43:42.524Z</time>
      </trkpt>
      <trkpt lat="48.979466" lon="9.123465">
        <ele>222.529228</ele>
        <time>2025-04-15T16:43:52.088Z</time>
      </trkpt>
      <trkpt lat="48.979358" lon="9.125180">
        <ele>221.209212</ele>
        <time>2025-04-15T16:44:10.342Z</time>
      </trkpt>
      <trkpt lat="48.979370" lon="9.127433">
        <ele>220.186209</ele>
        <time>2025-04-15T16:44:36.453Z</time>
      </trkpt>
      <trkpt lat="48.979326" lon="9.128943">
        <ele>216.261901</ele>
        <time>2025-04-15T16:44:49.840Z</time>
      </trkpt>
      <trkpt lat="48.979295" lon="9.129413">
        <ele>214.978507</ele>
        <time>2025-04-15T16:44:53.649Z</time>
      </trkpt>
      <trkpt lat="48.979323" lon="9.129638">
        <ele>214.356304</ele>
        <time>2025-04-15T16:44:55.494Z</time>
      </trkpt>
      <trkpt lat="48.979368" lon="9.129848">
        <ele>213.756108</ele>
        <time>2025-04-15T16:44:57.277Z</time>
      </trkpt>
      <trkpt lat="48.979414" lon="9.130057">
        <ele>213.157190</ele>
        <time>2025-04-15T16:44:59.065Z</time>
      </trkpt>
      <trkpt lat="48.979415" lon="9.130506">
        <ele>212.371616</ele>
        <time>2025-04-15T16:45:02.751Z</time>
      </trkpt>
      <trkpt lat="48.979387" lon="9.130783">
        <ele>212.041514</ele>
        <time>2025-04-15T16:45:05.102Z</time>
      </trkpt>
      <trkpt lat="48.979613" lon="9.130762">
        <ele>211.635193</ele>
        <time>2025-04-15T16:45:08.205Z</time>
      </trkpt>
      <trkpt lat="48.979750" lon="9.130714">
        <ele>211.382923</ele>
        <time>2025-04-15T16:45:10.197Z</time>
      </trkpt>
      <trkpt lat="48.980015" lon="9.130561">
        <ele>210.874370</ele>
        <time>2025-04-15T16:45:14.718Z</time>
      </trkpt>
      <trkpt lat="48.980199" lon="9.130413">
        <ele>210.500986</ele>
        <time>2025-04-15T16:45:19.138Z</time>
      </trkpt>
      <trkpt lat="48.980432" lon="9.130311">
        <ele>210.065940</ele>
        <time>2025-04-15T16:45:25.059Z</time>
      </trkpt>
      <trkpt lat="48.980927" lon="9.130205">
        <ele>209.378275</ele>
        <time>2025-04-15T16:45:36.822Z</time>
      </trkpt>
      <trkpt lat="48.981258" lon="9.130236">
        <ele>209.188574</ele>
        <time>2025-04-15T16:45:43.748Z</time>
      </trkpt>
      <trkpt lat="48.981224" lon="9.130605">
        <ele>209.048682</ele>
        <time>2025-04-15T16:45:48.229Z</time>
      </trkpt>
      <trkpt lat="48.981107" lon="9.131260">
        <ele>208.793830</ele>
        <time>2025-04-15T16:45:55.730Z</time>
      </trkpt>
      <trkpt lat="48.981047" lon="9.131747">
        <ele>208.607801</ele>
        <time>2025-04-15T16:46:00.811Z</time>
      </trkpt>
      <trkpt lat="48.981019" lon="9.132262">
        <ele>208.416482</ele>
        <time>2025-04-15T16:46:05.925Z</time>
      </trkpt>
      <trkpt lat="48.980991" lon="9.133666">
        <ele>207.931401</ele>
        <time>2025-04-15T16:46:20.728Z</time>
      </trkpt>
      <trkpt lat="48.981106" lon="9.135986">
        <ele>207.959624</ele>
        <time>2025-04-15T16:46:53.242Z</time>
      </trkpt>
      <trkpt lat="48.981112" lon="9.136602">
        <ele>208.221248</ele>
        <time>2025-04-15T16:47:03.178Z</time>
      </trkpt>
      <trkpt lat="48.981049" lon="9.137686">
        <ele>208.580584</ele>
        <time>2025-04-15T16:47:19.063Z</time>
      </trkpt>
      <trkpt lat="48.980846" lon="9.139368">
        <ele>205.299489</ele>
        <time>2025-04-15T16:47:36.468Z</time>
      </trkpt>
      <trkpt lat="48.980675" lon="9.140508">
        <ele>202.644895</ele>
        <time>2025-04-15T16:47:46.566Z</time>
      </trkpt>
      <trkpt lat="48.980528" lon="9.141219">
        <ele>199.539723</ele>
        <time>2025-04-15T16:47:52.779Z</time>
      </trkpt>
      <trkpt lat="48.980174" lon="9.142570">
        <ele>193.480132</ele>
        <time>2025-04-15T16:48:04.868Z</time>
      </trkpt>
      <trkpt lat="48.980006" lon="9.143732">
        <ele>190.303449</ele>
        <time>2025-04-15T16:48:14.876Z</time>
      </trkpt>
      <trkpt lat="48.979960" lon="9.144126">
        <ele>189.492067</ele>
        <time>2025-04-15T16:48:18.564Z</time>
      </trkpt>
      <trkpt lat="48.979968" lon="9.144200">
        <ele>189.340009</ele>
        <time>2025-04-15T16:48:19.288Z</time>
      </trkpt>
      <trkpt lat="48.979978" lon="9.144296">
        <ele>189.142931</ele>
        <time>2025-04-15T16:48:20.208Z</time>
      </trkpt>
      <trkpt lat="48.980077" lon="9.144515">
        <ele>188.603773</ele>
        <time>2025-04-15T16:48:22.853Z</time>
      </trkpt>
      <trkpt lat="48.980356" lon="9.144809">
        <ele>187.555836</ele>
        <time>2025-04-15T16:48:28.270Z</time>
      </trkpt>
      <trkpt lat="48.980386" lon="9.144938">
        <ele>187.278354</ele>
        <time>2025-04-15T16:48:29.710Z</time>
      </trkpt>
      <trkpt lat="48.980717" lon="9.145165">
        <ele>186.491504</ele>
        <time>2025-04-15T16:48:35.915Z</time>
      </trkpt>
      <trkpt lat="48.981131" lon="9.145504">
        <ele>186.787822</ele>
        <time>2025-04-15T16:48:46.675Z</time>
      </trkpt>
      <trkpt lat="48.981904" lon="9.146209">
        <ele>187.355810</ele>
        <time>2025-04-15T16:49:07.023Z</time>
      </trkpt>
      <trkpt lat="48.983420" lon="9.147569">
        <ele>187.355866</ele>
        <time>2025-04-15T16:49:38.222Z</time>
      </trkpt>
      <trkpt lat="48.983984" lon="9.147836">
        <ele>187.219892</ele>
        <time>2025-04-15T16:49:47.913Z</time>
      </trkpt>
      <trkpt lat="48.984257" lon="9.147929">
        <ele>187.115707</ele>
        <time>2025-04-15T16:49:52.484Z</time>
      </trkpt>
      <trkpt lat="48.984606" lon="9.147989">
        <ele>186.984901</ele>
        <time>2025-04-15T16:49:58.237Z</time>
      </trkpt>
      <trkpt lat="48.985073" lon="9.147988">
        <ele>186.810972</ele>
        <time>2025-04-15T16:50:06.062Z</time>
      </trkpt>
      <trkpt lat="48.985442" lon="9.147921">
        <ele>186.672570</ele>
        <time>2025-04-15T16:50:12.527Z</time>
      </trkpt>
      <trkpt lat="48.989162" lon="9.147016">
        <ele>187.367067</ele>
        <time>2025-04-15T16:51:23.694Z</time>
      </trkpt>
      <trkpt lat="48.989576" lon="9.146892">
        <ele>187.243242</ele>
        <time>2025-04-15T16:51:30.878Z</time>
      </trkpt>
      <trkpt lat="48.989879" lon="9.146748">
        <ele>187.150094</ele>
        <time>2025-04-15T16:51:36.403Z</time>
      </trkpt>
      <trkpt lat="48.990713" lon="9.146106">
        <ele>186.875879</ele>
        <time>2025-04-15T16:51:52.937Z</time>
      </trkpt>
      <trkpt lat="48.991110" lon="9.145759">
        <ele>186.211358</ele>
        <time>2025-04-15T16:51:59.716Z</time>
      </trkpt>
      <trkpt lat="48.991327" lon="9.145522">
        <ele>185.767044</ele>
        <time>2025-04-15T16:52:03.925Z</time>
      </trkpt>
      <trkpt lat="48.991404" lon="9.145537">
        <ele>185.637852</ele>
        <time>2025-04-15T16:52:05.189Z</time>
      </trkpt>
      <trkpt lat="48.991459" lon="9.145553">
        <ele>185.544664</ele>
        <time>2025-04-15T16:52:06.090Z</time>
      </trkpt>
      <trkpt lat="48.991574" lon="9.145593">
        <ele>185.348350</ele>
        <time>2025-04-15T16:52:07.991Z</time>
      </trkpt>
      <trkpt lat="48.991647" lon="9.145604">
        <ele>185.226266</ele>
        <time>2025-04-15T16:52:09.133Z</time>
      </trkpt>
      <trkpt lat="48.991954" lon="9.145565">
        <ele>184.713560</ele>
        <time>2025-04-15T16:52:13.858Z</time>
      </trkpt>
      <trkpt lat="48.992218" lon="9.144945">
        <ele>183.906429</ele>
        <time>2025-04-15T16:52:20.503Z</time>
      </trkpt>
      <trkpt lat="48.992409" lon="9.144565">
        <ele>183.222399</ele>
        <time>2025-04-15T16:52:24.787Z</time>
      </trkpt>
      <trkpt lat="48.992561" lon="9.144293">
        <ele>182.700570</ele>
        <time>2025-04-15T16:52:28.223Z</time>
      </trkpt>
      <trkpt lat="48.992613" lon="9.144258">
        <ele>182.574034</ele>
        <time>2025-04-15T16:52:29.111Z</time>
      </trkpt>
      <trkpt lat="48.992725" lon="9.144267">
        <ele>182.324381</ele>
        <time>2025-04-15T16:52:30.871Z</time>
      </trkpt>
      <trkpt lat="48.992744" lon="9.144478">
        <ele>182.013313</ele>
        <time>2025-04-15T16:52:32.993Z</time>
      </trkpt>
      <trkpt lat="48.992893" lon="9.144862">
        <ele>181.361727</ele>
        <time>2025-04-15T16:52:37.211Z</time>
      </trkpt>
      <trkpt lat="48.993054" lon="9.145237">
        <ele>180.707187</ele>
        <time>2025-04-15T16:52:41.330Z</time>
      </trkpt>
      <trkpt lat="48.993219" lon="9.145831">
        <ele>179.827954</ele>
        <time>2025-04-15T16:52:47.668Z</time>
      </trkpt>
      <trkpt lat="48.993410" lon="9.145698">
        <ele>179.677010</ele>
        <time>2025-04-15T16:52:53.256Z</time>
      </trkpt>
      <trkpt lat="48.993776" lon="9.145404">
        <ele>179.379622</ele>
        <time>2025-04-15T16:53:04.827Z</time>
      </trkpt>
      <trkpt lat="48.994624" lon="9.144822">
        <ele>178.711121</ele>
        <time>2025-04-15T16:53:31.765Z</time>
      </trkpt>
      <trkpt lat="48.994999" lon="9.144482">
        <ele>178.539373</ele>
        <time>2025-04-15T16:53:44.633Z</time>
      </trkpt>
      <trkpt lat="48.995367" lon="9.143984">
        <ele>178.485139</ele>
        <time>2025-04-15T16:53:59.676Z</time>
      </trkpt>
      <trkpt lat="48.996041" lon="9.142928">
        <ele>178.378617</ele>
        <time>2025-04-15T16:54:27.803Z</time>
      </trkpt>
      <trkpt lat="48.996156" lon="9.142777">
        <ele>178.383235</ele>
        <time>2025-04-15T16:54:30.394Z</time>
      </trkpt>
      <trkpt lat="48.996421" lon="9.142550">
        <ele>178.493840</ele>
        <time>2025-04-15T16:54:35.775Z</time>
      </trkpt>
      <trkpt lat="48.996789" lon="9.142107">
        <ele>178.664462</ele>
        <time>2025-04-15T16:54:43.913Z</time>
      </trkpt>
      <trkpt lat="48.996992" lon="9.141777">
        <ele>178.772450</ele>
        <time>2025-04-15T16:54:49.099Z</time>
      </trkpt>
      <trkpt lat="48.997274" lon="9.141421">
        <ele>178.905679</ele>
        <time>2025-04-15T16:54:56.119Z</time>
      </trkpt>
      <trkpt lat="48.997363" lon="9.141675">
        <ele>178.974419</ele>
        <time>2025-04-15T16:55:09.220Z</time>
      </trkpt>
      <trkpt lat="48.997369" lon="9.141682">
        <ele>178.977168</ele>
        <time>2025-04-15T16:55:09.734Z</time>
      </trkpt>
      <trkpt lat="48.997251" lon="9.141825">
        <ele>179.085916</ele>
        <time>2025-04-15T16:55:13.484Z</time>
      </trkpt>
      <trkpt lat="48.997171" lon="9.141959">
        <ele>179.346284</ele>
        <time>2025-04-15T16:55:16.600Z</time>
      </trkpt>
      <trkpt lat="48.997119" lon="9.142089">
        <ele>179.565094</ele>
        <time>2025-04-15T16:55:19.151Z</time>
      </trkpt>
      <trkpt lat="48.997096" lon="9.142189">
        <ele>179.717382</ele>
        <time>2025-04-15T16:55:20.888Z</time>
      </trkpt>
      <trkpt lat="48.997096" lon="9.142294">
        <ele>179.868280</ele>
        <time>2025-04-15T16:55:22.685Z</time>
      </trkpt>
      <trkpt lat="48.997120" lon="9.142555">
        <ele>180.247036</ele>
        <time>2025-04-15T16:55:27.175Z</time>
      </trkpt>
      <trkpt lat="48.997181" lon="9.142758">
        <ele>180.567916</ele>
        <time>2025-04-15T16:55:31.260Z</time>
      </trkpt>
      <trkpt lat="48.997199" lon="9.142820">
        <ele>180.665351</ele>
        <time>2025-04-15T16:55:32.550Z</time>
      </trkpt>
      <trkpt lat="48.997316" lon="9.143071">
        <ele>181.107840</ele>
        <time>2025-04-15T16:55:38.193Z</time>
      </trkpt>
      <trkpt lat="48.997334" lon="9.143113">
        <ele>181.179935</ele>
        <time>2025-04-15T16:55:39.263Z</time>
      </trkpt>
      <trkpt lat="48.997515" lon="9.142908">
        <ele>181.673878</ele>
        <time>2025-04-15T16:55:45.680Z</time>
      </trkpt>
      <trkpt lat="48.997623" lon="9.142802">
        <ele>181.955248</ele>
        <time>2025-04-15T16:55:49.888Z</time>
      </trkpt>
      <trkpt lat="48.997826" lon="9.142619">
        <ele>182.471855</ele>
        <time>2025-04-15T16:55:57.048Z</time>
      </trkpt>
      <trkpt lat="48.998068" lon="9.142456">
        <ele>183.039300</ele>
        <time>2025-04-15T16:56:04.398Z</time>
      </trkpt>
      <trkpt lat="48.998237" lon="9.142250">
        <ele>183.449862</ele>
        <time>2025-04-15T16:56:09.641Z</time>
      </trkpt>
      <trkpt lat="48.998483" lon="9.141820">
        <ele>184.160020</ele>
        <time>2025-04-15T16:56:18.003Z</time>
      </trkpt>
      <trkpt lat="48.998567" lon="9.141672">
        <ele>184.403612</ele>
        <time>2025-04-15T16:56:21.347Z</time>
      </trkpt>
      <trkpt lat="48.998680" lon="9.141563">
        <ele>184.657329</ele>
        <time>2025-04-15T16:56:25.074Z</time>
      </trkpt>
      <trkpt lat="48.998794" lon="9.141383">
        <ele>184.968748</ele>
        <time>2025-04-15T16:56:29.761Z</time>
      </trkpt>
      <trkpt lat="48.998976" lon="9.141281">
        <ele>185.336653</ele>
        <time>2025-04-15T16:56:34.798Z</time>
      </trkpt>
      <trkpt lat="48.999061" lon="9.141217">
        <ele>185.516524</ele>
        <time>2025-04-15T16:56:37.448Z</time>
      </trkpt>
      <trkpt lat="48.999139" lon="9.141154">
        <ele>185.684004</ele>
        <time>2025-04-15T16:56:39.639Z</time>
      </trkpt>
      <trkpt lat="48.999166" lon="9.141133">
        <ele>185.741514</ele>
        <time>2025-04-15T16:56:40.452Z</time>
      </trkpt>
      <trkpt lat="48.999419" lon="9.140942">
        <ele>186.277173</ele>
        <time>2025-04-15T16:56:47.755Z</time>
      </trkpt>
      <trkpt lat="48.999760" lon="9.140746">
        <ele>186.416221</ele>
        <time>2025-04-15T16:56:55.714Z</time>
      </trkpt>
      <trkpt lat="49.000102" lon="9.140446">
        <ele>186.469876</ele>
        <time>2025-04-15T16:57:04.020Z</time>
      </trkpt>
      <trkpt lat="49.000140" lon="9.140414">
        <ele>186.475779</ele>
        <time>2025-04-15T16:57:04.948Z</time>
      </trkpt>
      <trkpt lat="49.000315" lon="9.140257">
        <ele>186.503391</ele>
        <time>2025-04-15T16:57:09.299Z</time>
      </trkpt>
      <trkpt lat="49.000524" lon="9.140069">
        <ele>186.536389</ele>
        <time>2025-04-15T16:57:14.213Z</time>
      </trkpt>
      <trkpt lat="49.000540" lon="9.140053">
        <ele>186.538991</ele>
        <time>2025-04-15T16:57:14.550Z</time>
      </trkpt>
      <trkpt lat="49.000746" lon="9.139885">
        <ele>186.570760</ele>
        <time>2025-04-15T16:57:18.531Z</time>
      </trkpt>
      <trkpt lat="49.000819" lon="9.139836">
        <ele>186.581606</ele>
        <time>2025-04-15T16:57:19.770Z</time>
      </trkpt>
      <trkpt lat="49.000840" lon="9.139824">
        <ele>186.584656</ele>
        <time>2025-04-15T16:57:20.126Z</time>
      </trkpt>
      <trkpt lat="49.000939" lon="9.139803">
        <ele>186.598247</ele>
        <time>2025-04-15T16:57:22.204Z</time>
      </trkpt>
      <trkpt lat="49.000980" lon="9.139783">
        <ele>186.604101</ele>
        <time>2025-04-15T16:57:23.086Z</time>
      </trkpt>
      <trkpt lat="49.001016" lon="9.139760">
        <ele>186.609408</ele>
        <time>2025-04-15T16:57:23.867Z</time>
      </trkpt>
      <trkpt lat="49.001052" lon="9.139742">
        <ele>186.614560</ele>
        <time>2025-04-15T16:57:24.630Z</time>
      </trkpt>
      <trkpt lat="49.001125" lon="9.139669">
        <ele>186.500322</ele>
        <time>2025-04-15T16:57:26.358Z</time>
      </trkpt>
      <trkpt lat="49.001183" lon="9.139663">
        <ele>186.387888</ele>
        <time>2025-04-15T16:57:27.191Z</time>
      </trkpt>
      <trkpt lat="49.001191" lon="9.139664">
        <ele>186.372363</ele>
        <time>2025-04-15T16:57:27.306Z</time>
      </trkpt>
      <trkpt lat="49.001357" lon="9.139721">
        <ele>186.043262</ele>
        <time>2025-04-15T16:57:29.719Z</time>
      </trkpt>
      <trkpt lat="49.001452" lon="9.139810">
        <ele>185.827596</ele>
        <time>2025-04-15T16:57:31.270Z</time>
      </trkpt>
      <trkpt lat="49.001603" lon="9.140106">
        <ele>185.351838</ele>
        <time>2025-04-15T16:57:34.678Z</time>
      </trkpt>
      <trkpt lat="49.001706" lon="9.140311">
        <ele>185.024209</ele>
        <time>2025-04-15T16:57:36.994Z</time>
      </trkpt>
      <trkpt lat="49.001814" lon="9.140499">
        <ele>184.707142</ele>
        <time>2025-04-15T16:57:39.208Z</time>
      </trkpt>
      <trkpt lat="49.002131" lon="9.141480">
        <ele>183.319628</ele>
        <time>2025-04-15T16:57:49.947Z</time>
      </trkpt>
      <trkpt lat="49.002092" lon="9.141503">
        <ele>183.238751</ele>
        <time>2025-04-15T16:57:50.682Z</time>
      </trkpt>
      <trkpt lat="49.002028" lon="9.141541">
        <ele>183.143890</ele>
        <time>2025-04-15T16:57:51.862Z</time>
      </trkpt>
      <trkpt lat="49.001847" lon="9.141671">
        <ele>183.195266</ele>
        <time>2025-04-15T16:57:55.244Z</time>
      </trkpt>
      <trkpt lat="49.001763" lon="9.141715">
        <ele>183.218073</ele>
        <time>2025-04-15T16:57:56.721Z</time>
      </trkpt>
      <trkpt lat="49.000966" lon="9.142054">
        <ele>183.430540</ele>
        <time>2025-04-15T16:58:11.769Z</time>
      </trkpt>
      <trkpt lat="49.000706" lon="9.142171">
        <ele>183.500149</ele>
        <time>2025-04-15T16:58:18.128Z</time>
      </trkpt>
      <trkpt lat="49.000626" lon="9.142241">
        <ele>183.523835</ele>
        <time>2025-04-15T16:58:20.826Z</time>
      </trkpt>
      <trkpt lat="49.000429" lon="9.142438">
        <ele>183.584334</ele>
        <time>2025-04-15T16:58:27.230Z</time>
      </trkpt>
      <trkpt lat="49.000371" lon="9.142536">
        <ele>183.605261</ele>
        <time>2025-04-15T16:58:29.720Z</time>
      </trkpt>
      <trkpt lat="49.000343" lon="9.142668">
        <ele>183.622853</ele>
        <time>2025-04-15T16:58:32.202Z</time>
      </trkpt>
      <trkpt lat="49.000101" lon="9.142967">
        <ele>183.683067</ele>
        <time>2025-04-15T16:58:40.975Z</time>
      </trkpt>
      <trkpt lat="48.999975" lon="9.143113">
        <ele>183.713660</ele>
        <time>2025-04-15T16:58:45.089Z</time>
      </trkpt>
      <trkpt lat="48.999757" lon="9.143366">
        <ele>183.766622</ele>
        <time>2025-04-15T16:58:51.055Z</time>
      </trkpt>
      <trkpt lat="48.999331" lon="9.143856">
        <ele>183.869780</ele>
        <time>2025-04-15T16:59:01.957Z</time>
      </trkpt>
      <trkpt lat="48.999262" lon="9.143947">
        <ele>183.887416</ele>
        <time>2025-04-15T16:59:03.505Z</time>
      </trkpt>
      <trkpt lat="48.998813" lon="9.144558">
        <ele>183.322028</ele>
        <time>2025-04-15T16:59:12.444Z</time>
      </trkpt>
      <trkpt lat="48.998783" lon="9.144792">
        <ele>182.976210</ele>
        <time>2025-04-15T16:59:14.749Z</time>
      </trkpt>
      <trkpt lat="48.998723" lon="9.145007">
        <ele>182.637331</ele>
        <time>2025-04-15T16:59:16.937Z</time>
      </trkpt>
      <trkpt lat="48.998729" lon="9.145039">
        <ele>182.589059</ele>
        <time>2025-04-15T16:59:17.237Z</time>
      </trkpt>
      <trkpt lat="48.998746" lon="9.145123">
        <ele>182.461558</ele>
        <time>2025-04-15T16:59:18.007Z</time>
      </trkpt>
      <trkpt lat="48.998880" lon="9.145283">
        <ele>182.085242</ele>
        <time>2025-04-15T16:59:20.340Z</time>
      </trkpt>
      <trkpt lat="48.998910" lon="9.145375">
        <ele>181.936231</ele>
        <time>2025-04-15T16:59:21.258Z</time>
      </trkpt>
      <trkpt lat="48.998961" lon="9.145576">
        <ele>181.623654</ele>
        <time>2025-04-15T16:59:23.176Z</time>
      </trkpt>
      <trkpt lat="48.998949" lon="9.145745">
        <ele>181.377102</ele>
        <time>2025-04-15T16:59:24.676Z</time>
      </trkpt>
      <trkpt lat="48.998880" lon="9.145902">
        <ele>181.103016</ele>
        <time>2025-04-15T16:59:26.357Z</time>
      </trkpt>
      <trkpt lat="48.998891" lon="9.146060">
        <ele>180.872563</ele>
        <time>2025-04-15T16:59:27.800Z</time>
      </trkpt>
      <trkpt lat="48.998830" lon="9.146115">
        <ele>180.715879</ele>
        <time>2025-04-15T16:59:29.546Z</time>
      </trkpt>
      <trkpt lat="48.998589" lon="9.146722">
        <ele>179.995566</ele>
        <time>2025-04-15T16:59:41.723Z</time>
      </trkpt>
      <trkpt lat="48.998365" lon="9.147445">
        <ele>180.088808</ele>
        <time>2025-04-15T16:59:57.241Z</time>
      </trkpt>
      <trkpt lat="48.998299" lon="9.147657">
        <ele>180.116172</ele>
        <time>2025-04-15T17:00:01.866Z</time>
      </trkpt>
      <trkpt lat="48.998182" lon="9.148186">
        <ele>180.181273</ele>
        <time>2025-04-15T17:00:13.221Z</time>
      </trkpt>
      <trkpt lat="48.998162" lon="9.148289">
        <ele>180.193800</ele>
        <time>2025-04-15T17:00:15.566Z</time>
      </trkpt>
      <trkpt lat="48.998172" lon="9.148371">
        <ele>180.203526</ele>
        <time>2025-04-15T17:00:17.247Z</time>
      </trkpt>
      <trkpt lat="48.998276" lon="9.148549">
        <ele>180.231322</ele>
        <time>2025-04-15T17:00:22.422Z</time>
      </trkpt>
      <trkpt lat="48.998249" lon="9.148610">
        <ele>180.239903</ele>
        <time>2025-04-15T17:00:23.780Z</time>
      </trkpt>
      <trkpt lat="48.998272" lon="9.148666">
        <ele>180.247608</ele>
        <time>2025-04-15T17:00:24.790Z</time>
      </trkpt>
      <trkpt lat="48.998260" lon="9.148824">
        <ele>180.266156</ele>
        <time>2025-04-15T17:00:27.095Z</time>
      </trkpt>
      <trkpt lat="48.998217" lon="9.149055">
        <ele>180.317157</ele>
        <time>2025-04-15T17:00:30.771Z</time>
      </trkpt>
      <trkpt lat="48.998138" lon="9.149494">
        <ele>181.024573</ele>
        <time>2025-04-15T17:00:38.169Z</time>
      </trkpt>
      <trkpt lat="48.998087" lon="9.149779">
        <ele>181.483650</ele>
        <time>2025-04-15T17:00:43.407Z</time>
      </trkpt>
      <trkpt lat="48.997958" lon="9.151082">
        <ele>183.531480</ele>
        <time>2025-04-15T17:01:09.592Z</time>
      </trkpt>
      <trkpt lat="48.997915" lon="9.151546">
        <ele>184.259711</ele>
        <time>2025-04-15T17:01:18.833Z</time>
      </trkpt>
      <trkpt lat="48.997864" lon="9.152078">
        <ele>184.524806</ele>
        <time>2025-04-15T17:01:28.211Z</time>
      </trkpt>
      <trkpt lat="48.997834" lon="9.152410">
        <ele>184.498089</ele>
        <time>2025-04-15T17:01:32.935Z</time>
      </trkpt>
      <trkpt lat="48.997858" lon="9.152840">
        <ele>184.463685</ele>
        <time>2025-04-15T17:01:37.920Z</time>
      </trkpt>
      <trkpt lat="48.997981" lon="9.153179">
        <ele>184.432802</ele>
        <time>2025-04-15T17:01:42.203Z</time>
      </trkpt>
      <trkpt lat="48.998120" lon="9.153382">
        <ele>184.409411</ele>
        <time>2025-04-15T17:01:45.418Z</time>
      </trkpt>
      <trkpt lat="48.998223" lon="9.153495">
        <ele>184.393990</ele>
        <time>2025-04-15T17:01:47.507Z</time>
      </trkpt>
      <trkpt lat="48.998421" lon="9.153684">
        <ele>184.365603</ele>
        <time>2025-04-15T17:01:51.114Z</time>
      </trkpt>
      <trkpt lat="48.998518" lon="9.153770">
        <ele>184.351967</ele>
        <time>2025-04-15T17:01:52.802Z</time>
      </trkpt>
      <trkpt lat="48.998680" lon="9.153907">
        <ele>184.260079</ele>
        <time>2025-04-15T17:01:55.529Z</time>
      </trkpt>
      <trkpt lat="48.998874" lon="9.154075">
        <ele>183.826916</ele>
        <time>2025-04-15T17:01:58.747Z</time>
      </trkpt>
      <trkpt lat="48.998899" lon="9.154153">
        <ele>183.716349</ele>
        <time>2025-04-15T17:01:59.550Z</time>
      </trkpt>
      <trkpt lat="48.998863" lon="9.154299">
        <ele>183.517693</ele>
        <time>2025-04-15T17:02:01.020Z</time>
      </trkpt>
      <trkpt lat="48.999062" lon="9.154402">
        <ele>183.109699</ele>
        <time>2025-04-15T17:02:04.008Z</time>
      </trkpt>
      <trkpt lat="48.999290" lon="9.154514">
        <ele>182.644652</ele>
        <time>2025-04-15T17:02:07.472Z</time>
      </trkpt>
      <trkpt lat="48.999456" lon="9.154601">
        <ele>182.303870</ele>
        <time>2025-04-15T17:02:10.117Z</time>
      </trkpt>
      <trkpt lat="48.999775" lon="9.154751">
        <ele>181.655781</ele>
        <time>2025-04-15T17:02:15.155Z</time>
      </trkpt>
      <trkpt lat="49.000201" lon="9.154951">
        <ele>180.808505</ele>
        <time>2025-04-15T17:02:21.633Z</time>
      </trkpt>
      <trkpt lat="49.000268" lon="9.154983">
        <ele>180.719708</ele>
        <time>2025-04-15T17:02:22.650Z</time>
      </trkpt>
      <trkpt lat="49.000749" lon="9.155211">
        <ele>180.082653</ele>
        <time>2025-04-15T17:02:30.145Z</time>
      </trkpt>
      <trkpt lat="49.002307" lon="9.156081">
        <ele>178.288152</ele>
        <time>2025-04-15T17:02:56.701Z</time>
      </trkpt>
      <trkpt lat="49.002509" lon="9.156253">
        <ele>178.147997</ele>
        <time>2025-04-15T17:03:00.522Z</time>
      </trkpt>
      <trkpt lat="49.002765" lon="9.156574">
        <ele>177.947204</ele>
        <time>2025-04-15T17:03:05.991Z</time>
      </trkpt>
      <trkpt lat="49.003467" lon="9.157798">
        <ele>177.519094</ele>
        <time>2025-04-15T17:03:24.052Z</time>
      </trkpt>
      <trkpt lat="49.004576" lon="9.160046">
        <ele>177.872659</ele>
        <time>2025-04-15T17:03:58.832Z</time>
      </trkpt>
      <trkpt lat="49.004756" lon="9.160552">
        <ele>178.030821</ele>
        <time>2025-04-15T17:04:06.416Z</time>
      </trkpt>
      <trkpt lat="49.004953" lon="9.161365">
        <ele>178.268964</ele>
        <time>2025-04-15T17:04:17.491Z</time>
      </trkpt>
      <trkpt lat="49.005110" lon="9.162264">
        <ele>178.504802</ele>
        <time>2025-04-15T17:04:29.542Z</time>
      </trkpt>
      <trkpt lat="49.005164" lon="9.162743">
        <ele>178.572872</ele>
        <time>2025-04-15T17:04:35.505Z</time>
      </trkpt>
      <trkpt lat="49.005186" lon="9.163055">
        <ele>178.616821</ele>
        <time>2025-04-15T17:04:39.200Z</time>
      </trkpt>
      <trkpt lat="49.005153" lon="9.163560">
        <ele>178.687900</ele>
        <time>2025-04-15T17:04:45.178Z</time>
      </trkpt>
      <trkpt lat="49.004961" lon="9.165405">
        <ele>178.851186</ele>
        <time>2025-04-15T17:05:08.127Z</time>
      </trkpt>
      <trkpt lat="49.004859" lon="9.165838">
        <ele>178.837661</ele>
        <time>2025-04-15T17:05:13.472Z</time>
      </trkpt>
      <trkpt lat="49.004696" lon="9.166515">
        <ele>178.816460</ele>
        <time>2025-04-15T17:05:21.697Z</time>
      </trkpt>
      <trkpt lat="49.004445" lon="9.167279">
        <ele>178.791340</ele>
        <time>2025-04-15T17:05:31.344Z</time>
      </trkpt>
      <trkpt lat="49.004224" lon="9.167744">
        <ele>178.874144</ele>
        <time>2025-04-15T17:05:37.966Z</time>
      </trkpt>
      <trkpt lat="49.003737" lon="9.168568">
        <ele>179.088086</ele>
        <time>2025-04-15T17:05:51.599Z</time>
      </trkpt>
      <trkpt lat="49.003028" lon="9.169506">
        <ele>179.329695</ele>
        <time>2025-04-15T17:06:10.902Z</time>
      </trkpt>
      <trkpt lat="49.002163" lon="9.170274">
        <ele>179.411098</ele>
        <time>2025-04-15T17:06:29.131Z</time>
      </trkpt>
      <trkpt lat="49.001366" lon="9.170701">
        <ele>179.449498</ele>
        <time>2025-04-15T17:06:43.686Z</time>
      </trkpt>
      <trkpt lat="49.000255" lon="9.171131">
        <ele>179.376609</ele>
        <time>2025-04-15T17:07:03.936Z</time>
      </trkpt>
      <trkpt lat="48.999337" lon="9.171694">
        <ele>179.358622</ele>
        <time>2025-04-15T17:07:21.617Z</time>
      </trkpt>
      <trkpt lat="48.998452" lon="9.172088">
        <ele>179.375843</ele>
        <time>2025-04-15T17:07:37.922Z</time>
      </trkpt>
      <trkpt lat="48.997320" lon="9.172473">
        <ele>179.445750</ele>
        <time>2025-04-15T17:07:59.180Z</time>
      </trkpt>
      <trkpt lat="48.997443" lon="9.173659">
        <ele>179.506288</ele>
        <time>2025-04-15T17:08:13.249Z</time>
      </trkpt>
      <trkpt lat="48.997549" lon="9.174706">
        <ele>180.002729</ele>
        <time>2025-04-15T17:08:25.637Z</time>
      </trkpt>
      <trkpt lat="48.997509" lon="9.174915">
        <ele>180.136919</ele>
        <time>2025-04-15T17:08:28.286Z</time>
      </trkpt>
      <trkpt lat="48.997187" lon="9.176444">
        <ele>181.126707</ele>
        <time>2025-04-15T17:08:52.223Z</time>
      </trkpt>
      <trkpt lat="48.997081" lon="9.176932">
        <ele>182.006969</ele>
        <time>2025-04-15T17:09:01.023Z</time>
      </trkpt>
      <trkpt lat="48.997026" lon="9.176977">
        <ele>182.207068</ele>
        <time>2025-04-15T17:09:02.734Z</time>
      </trkpt>
      <trkpt lat="48.996560" lon="9.177074">
        <ele>183.714704</ele>
        <time>2025-04-15T17:09:16.055Z</time>
      </trkpt>
      <trkpt lat="48.996405" lon="9.177135">
        <ele>184.227855</ele>
        <time>2025-04-15T17:09:20.944Z</time>
      </trkpt>
      <trkpt lat="48.996262" lon="9.177307">
        <ele>184.811789</ele>
        <time>2025-04-15T17:09:26.778Z</time>
      </trkpt>
      <trkpt lat="48.996173" lon="9.177447">
        <ele>185.221774</ele>
        <time>2025-04-15T17:09:30.882Z</time>
      </trkpt>
      <trkpt lat="48.995692" lon="9.177948">
        <ele>187.155496</ele>
        <time>2025-04-15T17:09:50.438Z</time>
      </trkpt>
      <trkpt lat="48.995310" lon="9.178723">
        <ele>190.381151</ele>
        <time>2025-04-15T17:10:15.403Z</time>
      </trkpt>
      <trkpt lat="48.994779" lon="9.180188">
        <ele>195.950732</ele>
        <time>2025-04-15T17:11:00.462Z</time>
      </trkpt>
      <trkpt lat="48.994676" lon="9.180410">
        <ele>196.173249</ele>
        <time>2025-04-15T17:11:06.464Z</time>
      </trkpt>
      <trkpt lat="48.994642" lon="9.180433">
        <ele>196.191995</ele>
        <time>2025-04-15T17:11:07.779Z</time>
      </trkpt>
      <trkpt lat="48.994602" lon="9.180434">
        <ele>196.212155</ele>
        <time>2025-04-15T17:11:08.961Z</time>
      </trkpt>
      <trkpt lat="48.994428" lon="9.180324">
        <ele>196.307085</ele>
        <time>2025-04-15T17:11:14.452Z</time>
      </trkpt>
      <trkpt lat="48.994386" lon="9.180340">
        <ele>196.328902</ele>
        <time>2025-04-15T17:11:15.703Z</time>
      </trkpt>
      <trkpt lat="48.994355" lon="9.180396">
        <ele>196.353128</ele>
        <time>2025-04-15T17:11:17.182Z</time>
      </trkpt>
      <trkpt lat="48.994373" lon="9.180436">
        <ele>196.369166</ele>
        <time>2025-04-15T17:11:17.890Z</time>
      </trkpt>
      <trkpt lat="48.994400" lon="9.180495">
        <ele>196.392951</ele>
        <time>2025-04-15T17:11:18.958Z</time>
      </trkpt>
      <trkpt lat="48.994616" lon="9.180823">
        <ele>196.546609</ele>
        <time>2025-04-15T17:11:25.655Z</time>
      </trkpt>
      <trkpt lat="48.994706" lon="9.180947">
        <ele>196.607750</ele>
        <time>2025-04-15T17:11:27.938Z</time>
      </trkpt>
      <trkpt lat="48.994844" lon="9.181054">
        <ele>196.685776</ele>
        <time>2025-04-15T17:11:30.455Z</time>
      </trkpt>
      <trkpt lat="48.995258" lon="9.181283">
        <ele>196.907723</ele>
        <time>2025-04-15T17:11:36.715Z</time>
      </trkpt>
      <trkpt lat="48.995382" lon="9.181165">
        <ele>196.981392</ele>
        <time>2025-04-15T17:11:38.624Z</time>
      </trkpt>
      <trkpt lat="48.995601" lon="9.180833">
        <ele>197.105667</ele>
        <time>2025-04-15T17:11:42.918Z</time>
      </trkpt>
      <trkpt lat="48.995641" lon="9.180739">
        <ele>197.133948</ele>
        <time>2025-04-15T17:11:43.992Z</time>
      </trkpt>
      <trkpt lat="48.995737" lon="9.180483">
        <ele>197.208377</ele>
        <time>2025-04-15T17:11:46.910Z</time>
      </trkpt>
      <trkpt lat="48.995801" lon="9.180306">
        <ele>197.259390</ele>
        <time>2025-04-15T17:11:49.021Z</time>
      </trkpt>
      <trkpt lat="48.995899" lon="9.180056">
        <ele>197.332900</ele>
        <time>2025-04-15T17:11:52.232Z</time>
      </trkpt>
      <trkpt lat="48.995962" lon="9.179901">
        <ele>197.378923</ele>
        <time>2025-04-15T17:11:54.321Z</time>
      </trkpt>
      <trkpt lat="48.996000" lon="9.179771">
        <ele>197.414847</ele>
        <time>2025-04-15T17:11:56.075Z</time>
      </trkpt>
      <trkpt lat="48.996192" lon="9.179158">
        <ele>197.586305</ele>
        <time>2025-04-15T17:12:05.524Z</time>
      </trkpt>
      <trkpt lat="48.996413" lon="9.178680">
        <ele>198.491660</ele>
        <time>2025-04-15T17:12:17.587Z</time>
      </trkpt>
      <trkpt lat="48.996548" lon="9.178399">
        <ele>200.353588</ele>
        <time>2025-04-15T17:12:27.500Z</time>
      </trkpt>
      <trkpt lat="48.996863" lon="9.178076">
        <ele>203.447074</ele>
        <time>2025-04-15T17:12:45.746Z</time>
      </trkpt>
      <trkpt lat="48.996996" lon="9.177995">
        <ele>204.614099</ele>
        <time>2025-04-15T17:12:53.399Z</time>
      </trkpt>
      <trkpt lat="48.997173" lon="9.177906">
        <ele>206.132790</ele>
        <time>2025-04-15T17:13:03.872Z</time>
      </trkpt>
      <trkpt lat="48.997692" lon="9.177872">
        <ele>210.365618</ele>
        <time>2025-04-15T17:13:34.280Z</time>
      </trkpt>
      <trkpt lat="48.997917" lon="9.177867">
        <ele>212.199162</ele>
        <time>2025-04-15T17:13:48.325Z</time>
      </trkpt>
      <trkpt lat="48.998087" lon="9.177853">
        <ele>213.571895</ele>
        <time>2025-04-15T17:13:59.730Z</time>
      </trkpt>
      <trkpt lat="48.999702" lon="9.177666">
        <ele>226.614318</ele>
        <time>2025-04-15T17:15:25.485Z</time>
      </trkpt>
      <trkpt lat="49.000022" lon="9.177536">
        <ele>226.864833</ele>
        <time>2025-04-15T17:15:32.217Z</time>
      </trkpt>
      <trkpt lat="49.000483" lon="9.177350">
        <ele>226.910352</ele>
        <time>2025-04-15T17:15:40.640Z</time>
      </trkpt>
      <trkpt lat="49.000781" lon="9.177149">
        <ele>226.941457</ele>
        <time>2025-04-15T17:15:47.735Z</time>
      </trkpt>
      <trkpt lat="49.000904" lon="9.177088">
        <ele>226.953803</ele>
        <time>2025-04-15T17:15:49.812Z</time>
      </trkpt>
      <trkpt lat="49.001033" lon="9.177035">
        <ele>226.966555</ele>
        <time>2025-04-15T17:15:51.612Z</time>
      </trkpt>
      <trkpt lat="49.001219" lon="9.176951">
        <ele>226.985072</ele>
        <time>2025-04-15T17:15:53.931Z</time>
      </trkpt>
      <trkpt lat="49.001320" lon="9.176883">
        <ele>226.995611</ele>
        <time>2025-04-15T17:15:55.323Z</time>
      </trkpt>
      <trkpt lat="49.001439" lon="9.176797">
        <ele>227.000481</ele>
        <time>2025-04-15T17:15:57.058Z</time>
      </trkpt>
      <trkpt lat="49.001571" lon="9.176691">
        <ele>226.846219</ele>
        <time>2025-04-15T17:15:59.338Z</time>
      </trkpt>
      <trkpt lat="49.001713" lon="9.176578">
        <ele>226.680595</ele>
        <time>2025-04-15T17:16:03.031Z</time>
      </trkpt>
      <trkpt lat="49.001867" lon="9.176456">
        <ele>226.501148</ele>
        <time>2025-04-15T17:16:06.775Z</time>
      </trkpt>
      <trkpt lat="49.001890" lon="9.176433">
        <ele>226.472706</ele>
        <time>2025-04-15T17:16:07.146Z</time>
      </trkpt>
      <trkpt lat="49.002131" lon="9.176108">
        <ele>226.140008</ele>
        <time>2025-04-15T17:16:12.232Z</time>
      </trkpt>
      <trkpt lat="49.002188" lon="9.176047">
        <ele>226.067999</ele>
        <time>2025-04-15T17:16:14.132Z</time>
      </trkpt>
      <trkpt lat="49.002209" lon="9.176024">
        <ele>226.041262</ele>
        <time>2025-04-15T17:16:14.509Z</time>
      </trkpt>
      <trkpt lat="49.002311" lon="9.175976">
        <ele>225.930889</ele>
        <time>2025-04-15T17:16:16.053Z</time>
      </trkpt>
      <trkpt lat="49.002323" lon="9.175972">
        <ele>225.918188</ele>
        <time>2025-04-15T17:16:16.310Z</time>
      </trkpt>
      <trkpt lat="49.002421" lon="9.175952">
        <ele>225.815958</ele>
        <time>2025-04-15T17:16:17.612Z</time>
      </trkpt>
      <trkpt lat="49.002527" lon="9.175937">
        <ele>225.705888</ele>
        <time>2025-04-15T17:16:19.298Z</time>
      </trkpt>
      <trkpt lat="49.002643" lon="9.175902">
        <ele>225.583624</ele>
        <time>2025-04-15T17:16:21.155Z</time>
      </trkpt>
      <trkpt lat="49.002760" lon="9.175806">
        <ele>225.446240</ele>
        <time>2025-04-15T17:16:23.124Z</time>
      </trkpt>
      <trkpt lat="49.002926" lon="9.175610">
        <ele>225.229140</ele>
        <time>2025-04-15T17:16:26.251Z</time>
      </trkpt>
      <trkpt lat="49.003085" lon="9.175422">
        <ele>225.765019</ele>
        <time>2025-04-15T17:16:30.873Z</time>
      </trkpt>
      <trkpt lat="49.003276" lon="9.175197">
        <ele>226.980302</ele>
        <time>2025-04-15T17:16:38.164Z</time>
      </trkpt>
      <trkpt lat="49.003484" lon="9.174951">
        <ele>228.305718</ele>
        <time>2025-04-15T17:16:44.618Z</time>
      </trkpt>
      <trkpt lat="49.003594" lon="9.174822">
        <ele>229.004445</ele>
        <time>2025-04-15T17:16:46.611Z</time>
      </trkpt>
      <trkpt lat="49.003687" lon="9.174708">
        <ele>229.605267</ele>
        <time>2025-04-15T17:16:48.456Z</time>
      </trkpt>
      <trkpt lat="49.003857" lon="9.174507">
        <ele>230.688420</ele>
        <time>2025-04-15T17:16:55.881Z</time>
      </trkpt>
      <trkpt lat="49.004058" lon="9.174270">
        <ele>231.967767</ele>
        <time>2025-04-15T17:17:10.223Z</time>
      </trkpt>
      <trkpt lat="49.004136" lon="9.174185">
        <ele>232.450488</ele>
        <time>2025-04-15T17:17:16.257Z</time>
      </trkpt>
      <trkpt lat="49.004236" lon="9.174074">
        <ele>233.073276</ele>
        <time>2025-04-15T17:17:24.809Z</time>
      </trkpt>
      <trkpt lat="49.004302" lon="9.174001">
        <ele>233.483810</ele>
        <time>2025-04-15T17:17:29.938Z</time>
      </trkpt>
      <trkpt lat="49.004458" lon="9.173863">
        <ele>234.642599</ele>
        <time>2025-04-15T17:17:40.831Z</time>
      </trkpt>
      <trkpt lat="49.004535" lon="9.173852">
        <ele>235.549494</ele>
        <time>2025-04-15T17:17:45.684Z</time>
      </trkpt>
      <trkpt lat="49.004698" lon="9.173968">
        <ele>237.658942</ele>
        <time>2025-04-15T17:17:57.347Z</time>
      </trkpt>
      <trkpt lat="49.004802" lon="9.174309">
        <ele>240.551732</ele>
        <time>2025-04-15T17:18:14.593Z</time>
      </trkpt>
      <trkpt lat="49.004803" lon="9.174667">
        <ele>243.305679</ele>
        <time>2025-04-15T17:18:33.333Z</time>
      </trkpt>
      <trkpt lat="49.004738" lon="9.175043">
        <ele>246.296815</ele>
        <time>2025-04-15T17:18:53.531Z</time>
      </trkpt>
      <trkpt lat="49.004779" lon="9.175479">
        <ele>249.685041</ele>
        <time>2025-04-15T17:19:15.691Z</time>
      </trkpt>
      <trkpt lat="49.004831" lon="9.175695">
        <ele>251.454981</ele>
        <time>2025-04-15T17:19:26.237Z</time>
      </trkpt>
      <trkpt lat="49.002093" lon="9.178383">
        <ele>270.649123</ele>
        <time>2025-04-15T17:21:41.091Z</time>
      </trkpt>
      <trkpt lat="49.002569" lon="9.179453">
        <ele>272.780097</ele>
        <time>2025-04-15T17:21:57.713Z</time>
      </trkpt>
      <trkpt lat="49.003321" lon="9.181255">
        <ele>270.903569</ele>
        <time>2025-04-15T17:22:18.920Z</time>
      </trkpt>
      <trkpt lat="49.003481" lon="9.181635">
        <ele>270.717394</ele>
        <time>2025-04-15T17:22:23.819Z</time>
      </trkpt>
      <trkpt lat="49.003939" lon="9.182730">
        <ele>271.855497</ele>
        <time>2025-04-15T17:22:41.189Z</time>
      </trkpt>
      <trkpt lat="49.004174" lon="9.182592">
        <ele>272.191930</ele>
        <time>2025-04-15T17:22:47.718Z</time>
      </trkpt>
      <trkpt lat="49.004520" lon="9.182401">
        <ele>272.683537</ele>
        <time>2025-04-15T17:22:57.691Z</time>
      </trkpt>
      <trkpt lat="49.005218" lon="9.184467">
        <ele>277.582395</ele>
        <time>2025-04-15T17:23:56.603Z</time>
      </trkpt>
      <trkpt lat="49.005602" lon="9.185626">
        <ele>280.242581</ele>
        <time>2025-04-15T17:24:29.205Z</time>
      </trkpt>
      <trkpt lat="49.006290" lon="9.187670">
        <ele>283.849339</ele>
        <time>2025-04-15T17:25:16.907Z</time>
      </trkpt>
      <trkpt lat="49.006310" lon="9.187862">
        <ele>284.116949</ele>
        <time>2025-04-15T17:25:20.718Z</time>
      </trkpt>
      <trkpt lat="49.006341" lon="9.188009">
        <ele>284.329501</ele>
        <time>2025-04-15T17:25:24.405Z</time>
      </trkpt>
      <trkpt lat="49.006388" lon="9.188059">
        <ele>284.449771</ele>
        <time>2025-04-15T17:25:26.474Z</time>
      </trkpt>
      <trkpt lat="49.006599" lon="9.187896">
        <ele>284.946157</ele>
        <time>2025-04-15T17:25:35.169Z</time>
      </trkpt>
      <trkpt lat="49.006859" lon="9.187861">
        <ele>285.493885</ele>
        <time>2025-04-15T17:25:45.054Z</time>
      </trkpt>
      <trkpt lat="49.006826" lon="9.188040">
        <ele>285.749831</ele>
        <time>2025-04-15T17:25:49.723Z</time>
      </trkpt>
      <trkpt lat="49.006557" lon="9.188727">
        <ele>286.851180</ele>
        <time>2025-04-15T17:26:10.524Z</time>
      </trkpt>
      <trkpt lat="49.006520" lon="9.188931">
        <ele>287.142532</ele>
        <time>2025-04-15T17:26:16.022Z</time>
      </trkpt>
      <trkpt lat="49.006540" lon="9.189336">
        <ele>287.671049</ele>
        <time>2025-04-15T17:26:26.133Z</time>
      </trkpt>
      <trkpt lat="49.006457" lon="9.190675">
        <ele>289.162369</ele>
        <time>2025-04-15T17:26:58.413Z</time>
      </trkpt>
      <trkpt lat="49.006041" lon="9.191035">
        <ele>289.970950</ele>
        <time>2025-04-15T17:27:15.882Z</time>
      </trkpt>
      <trkpt lat="49.006070" lon="9.191501">
        <ele>290.489984</ele>
        <time>2025-04-15T17:27:26.767Z</time>
      </trkpt>
      <trkpt lat="49.006010" lon="9.191580">
        <ele>290.593994</ele>
        <time>2025-04-15T17:27:28.735Z</time>
      </trkpt>
      <trkpt lat="49.005074" lon="9.191940">
        <ele>290.977076</ele>
        <time>2025-04-15T17:27:51.592Z</time>
      </trkpt>
      <trkpt lat="49.004714" lon="9.192192">
        <ele>291.134281</ele>
        <time>2025-04-15T17:27:59.737Z</time>
      </trkpt>
      <trkpt lat="49.004642" lon="9.192354">
        <ele>291.185221</ele>
        <time>2025-04-15T17:28:02.214Z</time>
      </trkpt>
      <trkpt lat="49.004651" lon="9.192462">
        <ele>291.213562</ele>
        <time>2025-04-15T17:28:03.569Z</time>
      </trkpt>
      <trkpt lat="49.004732" lon="9.192588">
        <ele>291.259488</ele>
        <time>2025-04-15T17:28:05.698Z</time>
      </trkpt>
      <trkpt lat="49.004732" lon="9.192732">
        <ele>291.296975</ele>
        <time>2025-04-15T17:28:07.449Z</time>
      </trkpt>
      <trkpt lat="49.004607" lon="9.192984">
        <ele>290.852082</ele>
        <time>2025-04-15T17:28:11.131Z</time>
      </trkpt>
      <trkpt lat="49.004697" lon="9.193252">
        <ele>290.418218</ele>
        <time>2025-04-15T17:28:16.487Z</time>
      </trkpt>
      <trkpt lat="49.004699" lon="9.193381">
        <ele>290.232271</ele>
        <time>2025-04-15T17:28:18.738Z</time>
      </trkpt>
      <trkpt lat="49.004763" lon="9.193664">
        <ele>289.800902</ele>
        <time>2025-04-15T17:28:23.917Z</time>
      </trkpt>
      <trkpt lat="49.005466" lon="9.195716">
        <ele>285.834789</ele>
        <time>2025-04-15T17:29:01.922Z</time>
      </trkpt>
      <trkpt lat="49.005571" lon="9.196136">
        <ele>284.724624</ele>
        <time>2025-04-15T17:29:08.912Z</time>
      </trkpt>
      <trkpt lat="49.005666" lon="9.196729">
        <ele>283.216895</ele>
        <time>2025-04-15T17:29:18.258Z</time>
      </trkpt>
      <trkpt lat="49.005835" lon="9.198079">
        <ele>281.151700</ele>
        <time>2025-04-15T17:29:39.314Z</time>
      </trkpt>
      <trkpt lat="49.005844" lon="9.198151">
        <ele>281.290372</ele>
        <time>2025-04-15T17:29:40.490Z</time>
      </trkpt>
      <trkpt lat="49.005906" lon="9.198468">
        <ele>281.916208</ele>
        <time>2025-04-15T17:29:44.185Z</time>
      </trkpt>
      <trkpt lat="49.005920" lon="9.198539">
        <ele>282.056473</ele>
        <time>2025-04-15T17:29:45.108Z</time>
      </trkpt>
      <trkpt lat="49.005980" lon="9.198884">
        <ele>282.731743</ele>
        <time>2025-04-15T17:29:53.106Z</time>
      </trkpt>
      <trkpt lat="49.006134" lon="9.199490">
        <ele>283.961284</ele>
        <time>2025-04-15T17:30:12.634Z</time>
      </trkpt>
      <trkpt lat="49.006207" lon="9.199682">
        <ele>284.381141</ele>
        <time>2025-04-15T17:30:20.641Z</time>
      </trkpt>
      <trkpt lat="49.006281" lon="9.199794">
        <ele>284.681891</ele>
        <time>2025-04-15T17:30:26.659Z</time>
      </trkpt>
      <trkpt lat="49.006675" lon="9.199864">
        <ele>285.917905</ele>
        <time>2025-04-15T17:30:50.909Z</time>
      </trkpt>
      <trkpt lat="49.007181" lon="9.199900">
        <ele>289.501051</ele>
        <time>2025-04-15T17:31:25.767Z</time>
      </trkpt>
      <trkpt lat="49.007235" lon="9.199958">
        <ele>289.968311</ele>
        <time>2025-04-15T17:31:30.470Z</time>
      </trkpt>
      <trkpt lat="49.007276" lon="9.200441">
        <ele>292.228135</ele>
        <time>2025-04-15T17:31:52.891Z</time>
      </trkpt>
      <trkpt lat="49.007282" lon="9.200817">
        <ele>293.973303</ele>
        <time>2025-04-15T17:32:07.980Z</time>
      </trkpt>
      <trkpt lat="49.007388" lon="9.202013">
        <ele>298.723466</ele>
        <time>2025-04-15T17:32:45.540Z</time>
      </trkpt>
      <trkpt lat="49.007358" lon="9.202123">
        <ele>298.844386</ele>
        <time>2025-04-15T17:32:48.730Z</time>
      </trkpt>
      <trkpt lat="49.007192" lon="9.202160">
        <ele>299.103985</ele>
        <time>2025-04-15T17:32:55.358Z</time>
      </trkpt>
      <trkpt lat="49.007371" lon="9.204304">
        <ele>301.305374</ele>
        <time>2025-04-15T17:33:23.929Z</time>
      </trkpt>
      <trkpt lat="49.007439" lon="9.205324">
        <ele>302.618301</ele>
        <time>2025-04-15T17:33:39.265Z</time>
      </trkpt>
      <trkpt lat="49.007549" lon="9.206982">
        <ele>304.752341</ele>
        <time>2025-04-15T17:34:09.188Z</time>
      </trkpt>
      <trkpt lat="49.007600" lon="9.207058">
        <ele>304.946603</ele>
        <time>2025-04-15T17:34:11.295Z</time>
      </trkpt>
      <trkpt lat="49.007625" lon="9.207221">
        <ele>305.266809</ele>
        <time>2025-04-15T17:34:14.430Z</time>
      </trkpt>
      <trkpt lat="49.007610" lon="9.207363">
        <ele>305.541934</ele>
        <time>2025-04-15T17:34:17.150Z</time>
      </trkpt>
      <trkpt lat="49.007662" lon="9.208381">
        <ele>307.495120</ele>
        <time>2025-04-15T17:34:37.601Z</time>
      </trkpt>
      <trkpt lat="49.007722" lon="9.210048">
        <ele>310.409845</ele>
        <time>2025-04-15T17:35:10.814Z</time>
      </trkpt>
      <trkpt lat="49.007800" lon="9.212121">
        <ele>312.712637</ele>
        <time>2025-04-15T17:35:44.497Z</time>
      </trkpt>
      <trkpt lat="49.007771" lon="9.212202">
        <ele>312.814978</ele>
        <time>2025-04-15T17:35:45.617Z</time>
      </trkpt>
      <trkpt lat="49.007775" lon="9.213698">
        <ele>313.005405</ele>
        <time>2025-04-15T17:36:03.126Z</time>
      </trkpt>
      <trkpt lat="49.007947" lon="9.216029">
        <ele>313.150323</ele>
        <time>2025-04-15T17:36:29.085Z</time>
      </trkpt>
      <trkpt lat="49.007919" lon="9.216281">
        <ele>313.213364</ele>
        <time>2025-04-15T17:36:32.216Z</time>
      </trkpt>
      <trkpt lat="49.007879" lon="9.216349">
        <ele>313.235892</ele>
        <time>2025-04-15T17:36:33.421Z</time>
      </trkpt>
      <trkpt lat="49.007796" lon="9.216390">
        <ele>313.268699</ele>
        <time>2025-04-15T17:36:34.979Z</time>
      </trkpt>
      <trkpt lat="49.007832" lon="9.216553">
        <ele>313.311120</ele>
        <time>2025-04-15T17:36:37.160Z</time>
      </trkpt>
      <trkpt lat="49.008076" lon="9.217228">
        <ele>313.501215</ele>
        <time>2025-04-15T17:36:47.502Z</time>
      </trkpt>
      <trkpt lat="49.008328" lon="9.218008">
        <ele>314.455011</ele>
        <time>2025-04-15T17:37:00.241Z</time>
      </trkpt>
      <trkpt lat="49.008533" lon="9.218713">
        <ele>315.992133</ele>
        <time>2025-04-15T17:37:13.406Z</time>
      </trkpt>
      <trkpt lat="49.009000" lon="9.219659">
        <ele>318.352063</ele>
        <time>2025-04-15T17:37:39.604Z</time>
      </trkpt>
      <trkpt lat="49.009239" lon="9.220002">
        <ele>319.287856</ele>
        <time>2025-04-15T17:37:51.833Z</time>
      </trkpt>
      <trkpt lat="49.009297" lon="9.219948">
        <ele>319.447687</ele>
        <time>2025-04-15T17:37:55.399Z</time>
      </trkpt>
      <trkpt lat="49.010064" lon="9.220758">
        <ele>321.642051</ele>
        <time>2025-04-15T17:38:29.350Z</time>
      </trkpt>
      <trkpt lat="49.011698" lon="9.220749">
        <ele>322.743643</ele>
        <time>2025-04-15T17:38:59.914Z</time>
      </trkpt>
      <trkpt lat="49.013134" lon="9.220799">
        <ele>321.830942</ele>
        <time>2025-04-15T17:39:25.878Z</time>
      </trkpt>
      <trkpt lat="49.013236" lon="9.220838">
        <ele>321.759700</ele>
        <time>2025-04-15T17:39:28.183Z</time>
      </trkpt>
      <trkpt lat="49.013373" lon="9.221041">
        <ele>321.630277</ele>
        <time>2025-04-15T17:39:32.283Z</time>
      </trkpt>
      <trkpt lat="49.013623" lon="9.221822">
        <ele>321.244126</ele>
        <time>2025-04-15T17:39:43.865Z</time>
      </trkpt>
      <trkpt lat="49.013730" lon="9.222023">
        <ele>321.129100</ele>
        <time>2025-04-15T17:39:47.162Z</time>
      </trkpt>
      <trkpt lat="49.015244" lon="9.223173">
        <ele>317.551277</ele>
        <time>2025-04-15T17:40:14.065Z</time>
      </trkpt>
      <trkpt lat="49.016294" lon="9.223836">
        <ele>315.911389</ele>
        <time>2025-04-15T17:40:32.795Z</time>
      </trkpt>
      <trkpt lat="49.016726" lon="9.224237">
        <ele>315.342569</ele>
        <time>2025-04-15T17:40:42.627Z</time>
      </trkpt>
      <trkpt lat="49.016937" lon="9.224433">
        <ele>315.064690</ele>
        <time>2025-04-15T17:40:47.458Z</time>
      </trkpt>
      <trkpt lat="49.017372" lon="9.224904">
        <ele>314.099086</ele>
        <time>2025-04-15T17:40:57.829Z</time>
      </trkpt>
      <trkpt lat="49.017497" lon="9.225033">
        <ele>313.755912</ele>
        <time>2025-04-15T17:41:00.598Z</time>
      </trkpt>
      <trkpt lat="49.017792" lon="9.226202">
        <ele>311.888241</ele>
        <time>2025-04-15T17:41:14.022Z</time>
      </trkpt>
      <trkpt lat="49.017821" lon="9.226715">
        <ele>311.120478</ele>
        <time>2025-04-15T17:41:19.042Z</time>
      </trkpt>
      <trkpt lat="49.017812" lon="9.227766">
        <ele>309.109361</ele>
        <time>2025-04-15T17:41:29.116Z</time>
      </trkpt>
      <trkpt lat="49.017901" lon="9.228677">
        <ele>307.219357</ele>
        <time>2025-04-15T17:41:38.265Z</time>
      </trkpt>
      <trkpt lat="49.017808" lon="9.229316">
        <ele>305.876225</ele>
        <time>2025-04-15T17:41:45.220Z</time>
      </trkpt>
      <trkpt lat="49.017783" lon="9.229712">
        <ele>305.079379</ele>
        <time>2025-04-15T17:41:49.647Z</time>
      </trkpt>
      <trkpt lat="49.018273" lon="9.230285">
        <ele>303.976392</ele>
        <time>2025-04-15T17:42:00.529Z</time>
      </trkpt>
      <trkpt lat="49.019768" lon="9.232153">
        <ele>299.150336</ele>
        <time>2025-04-15T17:42:32.544Z</time>
      </trkpt>
      <trkpt lat="49.021001" lon="9.233539">
        <ele>292.899631</ele>
        <time>2025-04-15T17:42:54.754Z</time>
      </trkpt>
      <trkpt lat="49.021131" lon="9.233740">
        <ele>291.952186</ele>
        <time>2025-04-15T17:42:57.386Z</time>
      </trkpt>
      <trkpt lat="49.021305" lon="9.234172">
        <ele>290.250753</ele>
        <time>2025-04-15T17:43:02.115Z</time>
      </trkpt>
      <trkpt lat="49.021880" lon="9.235366">
        <ele>286.070625</ele>
        <time>2025-04-15T17:43:15.795Z</time>
      </trkpt>
      <trkpt lat="49.022049" lon="9.235672">
        <ele>285.822045</ele>
        <time>2025-04-15T17:43:19.650Z</time>
      </trkpt>
      <trkpt lat="49.022384" lon="9.236045">
        <ele>285.429023</ele>
        <time>2025-04-15T17:43:26.151Z</time>
      </trkpt>
      <trkpt lat="49.022517" lon="9.236179">
        <ele>285.277984</ele>
        <time>2025-04-15T17:43:30.397Z</time>
      </trkpt>
      <trkpt lat="49.022610" lon="9.236278">
        <ele>285.170519</ele>
        <time>2025-04-15T17:43:33.560Z</time>
      </trkpt>
      <trkpt lat="49.023349" lon="9.236956">
        <ele>286.019085</ele>
        <time>2025-04-15T17:44:07.462Z</time>
      </trkpt>
      <trkpt lat="49.023587" lon="9.237135">
        <ele>287.939479</ele>
        <time>2025-04-15T17:44:22.421Z</time>
      </trkpt>
      <trkpt lat="49.024123" lon="9.237739">
        <ele>292.762398</ele>
        <time>2025-04-15T17:45:05.401Z</time>
      </trkpt>
      <trkpt lat="49.024215" lon="9.237862">
        <ele>293.647796</ele>
        <time>2025-04-15T17:45:13.560Z</time>
      </trkpt>
      <trkpt lat="49.024492" lon="9.238231">
        <ele>296.309434</ele>
        <time>2025-04-15T17:45:37.881Z</time>
      </trkpt>
      <trkpt lat="49.024775" lon="9.238747">
        <ele>299.244231</ele>
        <time>2025-04-15T17:46:05.944Z</time>
      </trkpt>
      <trkpt lat="49.025406" lon="9.239570">
        <ele>304.455477</ele>
        <time>2025-04-15T17:46:45.883Z</time>
      </trkpt>
      <trkpt lat="49.026112" lon="9.240646">
        <ele>309.581651</ele>
        <time>2025-04-15T17:47:23.507Z</time>
      </trkpt>
      <trkpt lat="49.026514" lon="9.241581">
        <ele>311.380144</ele>
        <time>2025-04-15T17:47:46.127Z</time>
      </trkpt>
      <trkpt lat="49.026150" lon="9.242093">
        <ele>312.594908</ele>
        <time>2025-04-15T17:47:59.220Z</time>
      </trkpt>
      <trkpt lat="49.025388" lon="9.243841">
        <ele>312.596895</ele>
        <time>2025-04-15T17:48:29.080Z</time>
      </trkpt>
      <trkpt lat="49.025290" lon="9.244130">
        <ele>312.468038</ele>
        <time>2025-04-15T17:48:32.991Z</time>
      </trkpt>
      <trkpt lat="49.028586" lon="9.247187">
        <ele>302.783827</ele>
        <time>2025-04-15T17:49:32.975Z</time>
      </trkpt>
      <trkpt lat="49.029003" lon="9.247499">
        <ele>302.387667</ele>
        <time>2025-04-15T17:49:41.427Z</time>
      </trkpt>
      <trkpt lat="49.029062" lon="9.247583">
        <ele>302.441410</ele>
        <time>2025-04-15T17:49:43.069Z</time>
      </trkpt>
      <trkpt lat="49.029200" lon="9.247946">
        <ele>302.624605</ele>
        <time>2025-04-15T17:49:49.331Z</time>
      </trkpt>
      <trkpt lat="49.029332" lon="9.248135">
        <ele>302.745163</ele>
        <time>2025-04-15T17:49:53.880Z</time>
      </trkpt>
      <trkpt lat="49.029646" lon="9.248238">
        <ele>302.959027</ele>
        <time>2025-04-15T17:50:02.379Z</time>
      </trkpt>
      <trkpt lat="49.030310" lon="9.248338">
        <ele>303.403312</ele>
        <time>2025-04-15T17:50:20.912Z</time>
      </trkpt>
      <trkpt lat="49.032397" lon="9.248800">
        <ele>302.769041</ele>
        <time>2025-04-15T17:51:01.287Z</time>
      </trkpt>
      <trkpt lat="49.031618" lon="9.251708">
        <ele>299.012196</ele>
        <time>2025-04-15T17:51:35.532Z</time>
      </trkpt>
      <trkpt lat="49.033190" lon="9.252325">
        <ele>295.096844</ele>
        <time>2025-04-15T17:52:16.090Z</time>
      </trkpt>
      <trkpt lat="49.033667" lon="9.252537">
        <ele>294.123944</ele>
        <time>2025-04-15T17:52:28.842Z</time>
      </trkpt>
      <trkpt lat="49.033948" lon="9.252698">
        <ele>293.536153</ele>
        <time>2025-04-15T17:52:36.707Z</time>
      </trkpt>
      <trkpt lat="49.034520" lon="9.253219">
        <ele>292.288958</ele>
        <time>2025-04-15T17:52:54.513Z</time>
      </trkpt>
      <trkpt lat="49.034640" lon="9.253456">
        <ele>292.275715</ele>
        <time>2025-04-15T17:53:00.110Z</time>
      </trkpt>
      <trkpt lat="49.034757" lon="9.253787">
        <ele>292.259084</ele>
        <time>2025-04-15T17:53:07.200Z</time>
      </trkpt>
      <trkpt lat="49.034702" lon="9.254047">
        <ele>292.247002</ele>
        <time>2025-04-15T17:53:10.586Z</time>
      </trkpt>
      <trkpt lat="49.034541" lon="9.254899">
        <ele>292.207788</ele>
        <time>2025-04-15T17:53:20.591Z</time>
      </trkpt>
      <trkpt lat="49.034451" lon="9.255387">
        <ele>292.185368</ele>
        <time>2025-04-15T17:53:27.612Z</time>
      </trkpt>
      <trkpt lat="49.034350" lon="9.255733">
        <ele>292.203271</ele>
        <time>2025-04-15T17:53:33.497Z</time>
      </trkpt>
      <trkpt lat="49.034093" lon="9.256216">
        <ele>293.078429</ele>
        <time>2025-04-15T17:53:43.869Z</time>
      </trkpt>
      <trkpt lat="49.033832" lon="9.256751">
        <ele>294.016631</ele>
        <time>2025-04-15T17:53:55.930Z</time>
      </trkpt>
      <trkpt lat="49.033649" lon="9.256987">
        <ele>294.530884</ele>
        <time>2025-04-15T17:54:02.985Z</time>
      </trkpt>
      <trkpt lat="49.033488" lon="9.257097">
        <ele>294.909453</ele>
        <time>2025-04-15T17:54:08.383Z</time>
      </trkpt>
      <trkpt lat="49.032864" lon="9.257015">
        <ele>296.365178</ele>
        <time>2025-04-15T17:54:27.927Z</time>
      </trkpt>
      <trkpt lat="49.032725" lon="9.257100">
        <ele>296.846770</ele>
        <time>2025-04-15T17:54:32.694Z</time>
      </trkpt>
      <trkpt lat="49.032144" lon="9.257801">
        <ele>299.229093</ele>
        <time>2025-04-15T17:54:57.447Z</time>
      </trkpt>
      <trkpt lat="49.031175" lon="9.259118">
        <ele>302.146811</ele>
        <time>2025-04-15T17:55:40.528Z</time>
      </trkpt>
      <trkpt lat="49.030860" lon="9.259944">
        <ele>302.569223</ele>
        <time>2025-04-15T17:55:55.363Z</time>
      </trkpt>
      <trkpt lat="49.030840" lon="9.260070">
        <ele>302.626531</ele>
        <time>2025-04-15T17:55:56.987Z</time>
      </trkpt>
      <trkpt lat="49.030795" lon="9.260547">
        <ele>302.839565</ele>
        <time>2025-04-15T17:56:02.655Z</time>
      </trkpt>
      <trkpt lat="49.030809" lon="9.260785">
        <ele>302.945197</ele>
        <time>2025-04-15T17:56:05.356Z</time>
      </trkpt>
      <trkpt lat="49.030793" lon="9.260877">
        <ele>302.987273</ele>
        <time>2025-04-15T17:56:06.421Z</time>
      </trkpt>
      <trkpt lat="49.030987" lon="9.262033">
        <ele>299.986311</ele>
        <time>2025-04-15T17:56:26.018Z</time>
      </trkpt>
      <trkpt lat="49.031158" lon="9.262711">
        <ele>297.987888</ele>
        <time>2025-04-15T17:56:37.122Z</time>
      </trkpt>
      <trkpt lat="49.031227" lon="9.262895">
        <ele>297.404759</ele>
        <time>2025-04-15T17:56:39.113Z</time>
      </trkpt>
      <trkpt lat="49.031331" lon="9.263077">
        <ele>296.740607</ele>
        <time>2025-04-15T17:56:41.362Z</time>
      </trkpt>
      <trkpt lat="49.031453" lon="9.263214">
        <ele>296.104936</ele>
        <time>2025-04-15T17:56:43.507Z</time>
      </trkpt>
      <trkpt lat="49.032472" lon="9.263840">
        <ele>289.592311</ele>
        <time>2025-04-15T17:56:58.418Z</time>
      </trkpt>
      <trkpt lat="49.032552" lon="9.263908">
        <ele>289.024453</ele>
        <time>2025-04-15T17:56:59.669Z</time>
      </trkpt>
      <trkpt lat="49.032814" lon="9.264161">
        <ele>287.101748</ele>
        <time>2025-04-15T17:57:03.953Z</time>
      </trkpt>
      <trkpt lat="49.033376" lon="9.264807">
        <ele>283.345032</ele>
        <time>2025-04-15T17:57:13.906Z</time>
      </trkpt>
      <trkpt lat="49.034122" lon="9.265693">
        <ele>279.721123</ele>
        <time>2025-04-15T17:57:28.164Z</time>
      </trkpt>
      <trkpt lat="49.034904" lon="9.266602">
        <ele>276.361404</ele>
        <time>2025-04-15T17:57:52.661Z</time>
      </trkpt>
      <trkpt lat="49.035370" lon="9.267145">
        <ele>274.734299</ele>
        <time>2025-04-15T17:58:07.427Z</time>
      </trkpt>
      <trkpt lat="49.035378" lon="9.267154">
        <ele>274.706717</ele>
        <time>2025-04-15T17:58:07.681Z</time>
      </trkpt>
      <trkpt lat="49.035640" lon="9.267383">
        <ele>273.868866</ele>
        <time>2025-04-15T17:58:15.246Z</time>
      </trkpt>
      <trkpt lat="49.036427" lon="9.268210">
        <ele>271.651029</ele>
        <time>2025-04-15T17:58:39.269Z</time>
      </trkpt>
      <trkpt lat="49.036708" lon="9.268567">
        <ele>270.995592</ele>
        <time>2025-04-15T17:58:48.685Z</time>
      </trkpt>
      <trkpt lat="49.036782" lon="9.268697">
        <ele>270.793300</ele>
        <time>2025-04-15T17:58:51.631Z</time>
      </trkpt>
      <trkpt lat="49.037535" lon="9.269941">
        <ele>268.942081</ele>
        <time>2025-04-15T17:59:21.856Z</time>
      </trkpt>
      <trkpt lat="49.037666" lon="9.270095">
        <ele>268.744382</ele>
        <time>2025-04-15T17:59:26.512Z</time>
      </trkpt>
      <trkpt lat="49.037684" lon="9.270149">
        <ele>268.696909</ele>
        <time>2025-04-15T17:59:27.172Z</time>
      </trkpt>
      <trkpt lat="49.037995" lon="9.270333">
        <ele>268.298167</ele>
        <time>2025-04-15T17:59:32.623Z</time>
      </trkpt>
      <trkpt lat="49.039001" lon="9.270776">
        <ele>267.023217</ele>
        <time>2025-04-15T17:59:48.999Z</time>
      </trkpt>
      <trkpt lat="49.039819" lon="9.271196">
        <ele>264.912992</ele>
        <time>2025-04-15T18:00:01.425Z</time>
      </trkpt>
      <trkpt lat="49.040785" lon="9.271629">
        <ele>262.380313</ele>
        <time>2025-04-15T18:00:15.502Z</time>
      </trkpt>
      <trkpt lat="49.040970" lon="9.271712">
        <ele>261.756608</ele>
        <time>2025-04-15T18:00:18.132Z</time>
      </trkpt>
      <trkpt lat="49.041075" lon="9.271856">
        <ele>261.299934</ele>
        <time>2025-04-15T18:00:20.066Z</time>
      </trkpt>
      <trkpt lat="49.041095" lon="9.272030">
        <ele>260.925389</ele>
        <time>2025-04-15T18:00:21.660Z</time>
      </trkpt>
      <trkpt lat="49.041132" lon="9.272027">
        <ele>260.805548</ele>
        <time>2025-04-15T18:00:22.156Z</time>
      </trkpt>
      <trkpt lat="49.041245" lon="9.272026">
        <ele>260.440054</ele>
        <time>2025-04-15T18:00:23.718Z</time>
      </trkpt>
      <trkpt lat="49.041482" lon="9.272130">
        <ele>259.642417</ele>
        <time>2025-04-15T18:00:27.137Z</time>
      </trkpt>
      <trkpt lat="49.041780" lon="9.272337">
        <ele>258.583349</ele>
        <time>2025-04-15T18:00:31.685Z</time>
      </trkpt>
      <trkpt lat="49.041849" lon="9.272386">
        <ele>258.337180</ele>
        <time>2025-04-15T18:00:32.724Z</time>
      </trkpt>
      <trkpt lat="49.041996" lon="9.272548">
        <ele>257.750639</ele>
        <time>2025-04-15T18:00:35.186Z</time>
      </trkpt>
      <trkpt lat="49.042198" lon="9.272876">
        <ele>256.774692</ele>
        <time>2025-04-15T18:00:39.093Z</time>
      </trkpt>
      <trkpt lat="49.042307" lon="9.273107">
        <ele>255.941727</ele>
        <time>2025-04-15T18:00:41.548Z</time>
      </trkpt>
      <trkpt lat="49.042377" lon="9.273188">
        <ele>255.549476</ele>
        <time>2025-04-15T18:00:42.687Z</time>
      </trkpt>
      <trkpt lat="49.042589" lon="9.273298">
        <ele>254.549741</ele>
        <time>2025-04-15T18:00:45.649Z</time>
      </trkpt>
      <trkpt lat="49.042704" lon="9.273415">
        <ele>253.932616</ele>
        <time>2025-04-15T18:00:47.480Z</time>
      </trkpt>
      <trkpt lat="49.042743" lon="9.273454">
        <ele>253.724425</ele>
        <time>2025-04-15T18:00:48.105Z</time>
      </trkpt>
      <trkpt lat="49.042912" lon="9.273587">
        <ele>252.875435</ele>
        <time>2025-04-15T18:00:50.608Z</time>
      </trkpt>
      <trkpt lat="49.043000" lon="9.273707">
        <ele>252.348479</ele>
        <time>2025-04-15T18:00:52.167Z</time>
      </trkpt>
      <trkpt lat="49.043472" lon="9.274847">
        <ele>248.454348</ele>
        <time>2025-04-15T18:01:03.298Z</time>
      </trkpt>
      <trkpt lat="49.043884" lon="9.275856">
        <ele>245.403879</ele>
        <time>2025-04-15T18:01:13.198Z</time>
      </trkpt>
      <trkpt lat="49.043984" lon="9.276238">
        <ele>244.348353</ele>
        <time>2025-04-15T18:01:16.649Z</time>
      </trkpt>
      <trkpt lat="49.044584" lon="9.276034">
        <ele>241.941841</ele>
        <time>2025-04-15T18:01:25.063Z</time>
      </trkpt>
      <trkpt lat="49.044708" lon="9.275954">
        <ele>241.820790</ele>
        <time>2025-04-15T18:01:27.116Z</time>
      </trkpt>
      <trkpt lat="49.044950" lon="9.275700">
        <ele>241.941676</ele>
        <time>2025-04-15T18:01:32.063Z</time>
      </trkpt>
      <trkpt lat="49.046258" lon="9.274273">
        <ele>242.672268</ele>
        <time>2025-04-15T18:02:08.735Z</time>
      </trkpt>
      <trkpt lat="49.046605" lon="9.274326">
        <ele>242.937646</ele>
        <time>2025-04-15T18:02:16.491Z</time>
      </trkpt>
      <trkpt lat="49.048446" lon="9.274780">
        <ele>243.379720</ele>
        <time>2025-04-15T18:02:53.866Z</time>
      </trkpt>
      <trkpt lat="49.049831" lon="9.275109">
        <ele>241.845028</ele>
        <time>2025-04-15T18:03:15.253Z</time>
      </trkpt>
      <trkpt lat="49.051045" lon="9.275373">
        <ele>238.747813</ele>
        <time>2025-04-15T18:03:32.646Z</time>
      </trkpt>
      <trkpt lat="49.052217" lon="9.275788">
        <ele>234.938814</ele>
        <time>2025-04-15T18:03:48.981Z</time>
      </trkpt>
      <trkpt lat="49.052230" lon="9.275792">
        <ele>234.893242</ele>
        <time>2025-04-15T18:03:49.163Z</time>
      </trkpt>
      <trkpt lat="49.053252" lon="9.276443">
        <ele>231.351359</ele>
        <time>2025-04-15T18:04:03.950Z</time>
      </trkpt>
      <trkpt lat="49.053303" lon="9.276425">
        <ele>231.253753</ele>
        <time>2025-04-15T18:04:04.667Z</time>
      </trkpt>
      <trkpt lat="49.053321" lon="9.276459">
        <ele>231.200343</ele>
        <time>2025-04-15T18:04:05.055Z</time>
      </trkpt>
      <trkpt lat="49.053342" lon="9.276477">
        <ele>231.155431</ele>
        <time>2025-04-15T18:04:05.392Z</time>
      </trkpt>
      <trkpt lat="49.053435" lon="9.276550">
        <ele>230.960423</ele>
        <time>2025-04-15T18:04:06.826Z</time>
      </trkpt>
      <trkpt lat="49.053617" lon="9.276674">
        <ele>230.588772</ele>
        <time>2025-04-15T18:04:09.633Z</time>
      </trkpt>
      <trkpt lat="49.053837" lon="9.276810">
        <ele>230.146173</ele>
        <time>2025-04-15T18:04:13.071Z</time>
      </trkpt>
      <trkpt lat="49.054430" lon="9.277206">
        <ele>228.939210</ele>
        <time>2025-04-15T18:04:23.019Z</time>
      </trkpt>
      <trkpt lat="49.054634" lon="9.277334">
        <ele>228.527928</ele>
        <time>2025-04-15T18:04:26.664Z</time>
      </trkpt>
      <trkpt lat="49.054769" lon="9.277415">
        <ele>228.314834</ele>
        <time>2025-04-15T18:04:29.094Z</time>
      </trkpt>
      <trkpt lat="49.054946" lon="9.277522">
        <ele>228.343321</ele>
        <time>2025-04-15T18:04:32.393Z</time>
      </trkpt>
      <trkpt lat="49.054969" lon="9.277536">
        <ele>228.347026</ele>
        <time>2025-04-15T18:04:32.828Z</time>
      </trkpt>
      <trkpt lat="49.055124" lon="9.277621">
        <ele>228.371671</ele>
        <time>2025-04-15T18:04:35.743Z</time>
      </trkpt>
      <trkpt lat="49.055154" lon="9.277638">
        <ele>228.376459</ele>
        <time>2025-04-15T18:04:36.324Z</time>
      </trkpt>
      <trkpt lat="49.055166" lon="9.277596">
        <ele>228.380952</ele>
        <time>2025-04-15T18:04:36.853Z</time>
      </trkpt>
      <trkpt lat="49.055191" lon="9.277510">
        <ele>228.390177</ele>
        <time>2025-04-15T18:04:37.967Z</time>
      </trkpt>
      <trkpt lat="49.055322" lon="9.277556">
        <ele>228.410291</ele>
        <time>2025-04-15T18:04:40.449Z</time>
      </trkpt>
      <trkpt lat="49.055370" lon="9.277564">
        <ele>228.417516</ele>
        <time>2025-04-15T18:04:41.368Z</time>
      </trkpt>
      <trkpt lat="49.055633" lon="9.277457">
        <ele>228.458244</ele>
        <time>2025-04-15T18:04:46.584Z</time>
      </trkpt>
      <trkpt lat="49.055737" lon="9.277466">
        <ele>228.473830</ele>
        <time>2025-04-15T18:04:48.606Z</time>
      </trkpt>
      <trkpt lat="49.055811" lon="9.277513">
        <ele>228.485824</ele>
        <time>2025-04-15T18:04:50.179Z</time>
      </trkpt>
      <trkpt lat="49.055954" lon="9.277661">
        <ele>228.511678</ele>
        <time>2025-04-15T18:04:53.579Z</time>
      </trkpt>
      <trkpt lat="49.056064" lon="9.277808">
        <ele>228.533557</ele>
        <time>2025-04-15T18:04:56.472Z</time>
      </trkpt>
      <trkpt lat="49.056087" lon="9.277840">
        <ele>228.538214</ele>
        <time>2025-04-15T18:04:57.095Z</time>
      </trkpt>
      <trkpt lat="49.056207" lon="9.278115">
        <ele>228.570610</ele>
        <time>2025-04-15T18:05:01.473Z</time>
      </trkpt>
      <trkpt lat="49.056235" lon="9.278169">
        <ele>228.577362</ele>
        <time>2025-04-15T18:05:02.442Z</time>
      </trkpt>
      <trkpt lat="49.056314" lon="9.278288">
        <ele>228.612180</ele>
        <time>2025-04-15T18:05:04.712Z</time>
      </trkpt>
      <trkpt lat="49.056704" lon="9.278564">
        <ele>228.758579</ele>
        <time>2025-04-15T18:05:13.319Z</time>
      </trkpt>
      <trkpt lat="49.056854" lon="9.277759">
        <ele>228.945345</ele>
        <time>2025-04-15T18:05:23.493Z</time>
      </trkpt>
      <trkpt lat="49.056977" lon="9.277106">
        <ele>229.096970</ele>
        <time>2025-04-15T18:05:31.739Z</time>
      </trkpt>
      <trkpt lat="49.057025" lon="9.277129">
        <ele>229.114103</ele>
        <time>2025-04-15T18:05:32.692Z</time>
      </trkpt>
      <trkpt lat="49.057511" lon="9.277403">
        <ele>229.337578</ele>
        <time>2025-04-15T18:05:43.029Z</time>
      </trkpt>
      <trkpt lat="49.057789" lon="9.277560">
        <ele>229.486816</ele>
        <time>2025-04-15T18:05:49.020Z</time>
      </trkpt>
      <trkpt lat="49.058027" lon="9.277785">
        <ele>229.627769</ele>
        <time>2025-04-15T18:05:54.756Z</time>
      </trkpt>
      <trkpt lat="49.058062" lon="9.277897">
        <ele>229.668705</ele>
        <time>2025-04-15T18:05:56.398Z</time>
      </trkpt>
      <trkpt lat="49.058216" lon="9.277903">
        <ele>229.746263</ele>
        <time>2025-04-15T18:05:59.486Z</time>
      </trkpt>
      <trkpt lat="49.058299" lon="9.277991">
        <ele>229.797145</ele>
        <time>2025-04-15T18:06:01.483Z</time>
      </trkpt>
      <trkpt lat="49.058331" lon="9.278030">
        <ele>229.817763</ele>
        <time>2025-04-15T18:06:02.300Z</time>
      </trkpt>
      <trkpt lat="49.058458" lon="9.277894">
        <ele>229.895874</ele>
        <time>2025-04-15T18:06:05.355Z</time>
      </trkpt>
      <trkpt lat="49.058518" lon="9.277868">
        <ele>229.927276</ele>
        <time>2025-04-15T18:06:06.572Z</time>
      </trkpt>
      <trkpt lat="49.058730" lon="9.277791">
        <ele>230.036990</ele>
        <time>2025-04-15T18:06:10.861Z</time>
      </trkpt>
      <trkpt lat="49.058928" lon="9.277646">
        <ele>230.148042</ele>
        <time>2025-04-15T18:06:15.185Z</time>
      </trkpt>
      <trkpt lat="49.058998" lon="9.277487">
        <ele>230.211849</ele>
        <time>2025-04-15T18:06:17.602Z</time>
      </trkpt>
      <trkpt lat="49.059032" lon="9.277376">
        <ele>230.252665</ele>
        <time>2025-04-15T18:06:19.096Z</time>
      </trkpt>
      <trkpt lat="49.059117" lon="9.277122">
        <ele>230.347669</ele>
        <time>2025-04-15T18:06:22.436Z</time>
      </trkpt>
      <trkpt lat="49.059215" lon="9.277224">
        <ele>230.407970</ele>
        <time>2025-04-15T18:06:24.520Z</time>
      </trkpt>
      <trkpt lat="49.059329" lon="9.277278">
        <ele>230.468648</ele>
        <time>2025-04-15T18:06:26.679Z</time>
      </trkpt>
      <trkpt lat="49.059883" lon="9.277483">
        <ele>230.758431</ele>
        <time>2025-04-15T18:06:37.084Z</time>
      </trkpt>
      <trkpt lat="49.060209" lon="9.277610">
        <ele>230.929465</ele>
        <time>2025-04-15T18:06:43.912Z</time>
      </trkpt>
      <trkpt lat="49.060201" lon="9.277725">
        <ele>230.967987</ele>
        <time>2025-04-15T18:06:45.512Z</time>
      </trkpt>
      <trkpt lat="49.060198" lon="9.277768">
        <ele>230.982391</ele>
        <time>2025-04-15T18:06:46.115Z</time>
      </trkpt>
      <trkpt lat="49.060191" lon="9.277867">
        <ele>231.022464</ele>
        <time>2025-04-15T18:06:47.692Z</time>
      </trkpt>
      <trkpt lat="49.060809" lon="9.278186">
        <ele>232.013106</ele>
        <time>2025-04-15T18:07:04.835Z</time>
      </trkpt>
      <trkpt lat="49.060950" lon="9.278373">
        <ele>232.296761</ele>
        <time>2025-04-15T18:07:09.500Z</time>
      </trkpt>
      <trkpt lat="49.061053" lon="9.278609">
        <ele>232.578897</ele>
        <time>2025-04-15T18:07:14.143Z</time>
      </trkpt>
      <trkpt lat="49.061182" lon="9.279040">
        <ele>233.050355</ele>
        <time>2025-04-15T18:07:21.631Z</time>
      </trkpt>
      <trkpt lat="49.061304" lon="9.279157">
        <ele>233.269149</ele>
        <time>2025-04-15T18:07:25.019Z</time>
      </trkpt>
      <trkpt lat="49.061453" lon="9.279223">
        <ele>233.504739</ele>
        <time>2025-04-15T18:07:28.641Z</time>
      </trkpt>
      <trkpt lat="49.061515" lon="9.279273">
        <ele>233.611220</ele>
        <time>2025-04-15T18:07:30.228Z</time>
      </trkpt>
      <trkpt lat="49.062006" lon="9.279972">
        <ele>233.842954</ele>
        <time>2025-04-15T18:07:52.777Z</time>
      </trkpt>
      <trkpt lat="49.062546" lon="9.281136">
        <ele>234.002324</ele>
        <time>2025-04-15T18:08:19.676Z</time>
      </trkpt>
      <trkpt lat="49.062969" lon="9.282248">
        <ele>233.985094</ele>
        <time>2025-04-15T18:08:44.305Z</time>
      </trkpt>
      <trkpt lat="49.063137" lon="9.282950">
        <ele>233.928615</ele>
        <time>2025-04-15T18:08:58.724Z</time>
      </trkpt>
      <trkpt lat="49.063395" lon="9.283823">
        <ele>233.856241</ele>
        <time>2025-04-15T18:09:17.455Z</time>
      </trkpt>
      <trkpt lat="49.063482" lon="9.284493">
        <ele>233.703012</ele>
        <time>2025-04-15T18:09:30.610Z</time>
      </trkpt>
      <trkpt lat="49.063724" lon="9.285109">
        <ele>233.503366</ele>
        <time>2025-04-15T18:09:44.058Z</time>
      </trkpt>
      <trkpt lat="49.063740" lon="9.285381">
        <ele>233.427455</ele>
        <time>2025-04-15T18:09:49.126Z</time>
      </trkpt>
      <trkpt lat="49.064060" lon="9.286321">
        <ele>233.133008</ele>
        <time>2025-04-15T18:10:08.788Z</time>
      </trkpt>
      <trkpt lat="49.064126" lon="9.286439">
        <ele>233.089883</ele>
        <time>2025-04-15T18:10:11.653Z</time>
      </trkpt>
      <trkpt lat="49.064304" lon="9.286689">
        <ele>233.094938</ele>
        <time>2025-04-15T18:10:18.510Z</time>
      </trkpt>
      <trkpt lat="49.064403" lon="9.286943">
        <ele>233.108664</ele>
        <time>2025-04-15T18:10:23.982Z</time>
      </trkpt>
      <trkpt lat="49.064863" lon="9.288824">
        <ele>233.201907</ele>
        <time>2025-04-15T18:11:04.131Z</time>
      </trkpt>
      <trkpt lat="49.064972" lon="9.289243">
        <ele>233.498320</ele>
        <time>2025-04-15T18:11:13.621Z</time>
      </trkpt>
      <trkpt lat="49.065033" lon="9.289455">
        <ele>233.696185</ele>
        <time>2025-04-15T18:11:18.513Z</time>
      </trkpt>
      <trkpt lat="49.065292" lon="9.290354">
        <ele>234.535416</ele>
        <time>2025-04-15T18:11:39.701Z</time>
      </trkpt>
      <trkpt lat="49.065618" lon="9.291138">
        <ele>235.328914</ele>
        <time>2025-04-15T18:11:55.305Z</time>
      </trkpt>
      <trkpt lat="49.065713" lon="9.291424">
        <ele>235.627933</ele>
        <time>2025-04-15T18:12:01.034Z</time>
      </trkpt>
      <trkpt lat="49.065766" lon="9.291653">
        <ele>235.939232</ele>
        <time>2025-04-15T18:12:05.464Z</time>
      </trkpt>
      <trkpt lat="49.065817" lon="9.291844">
        <ele>236.203599</ele>
        <time>2025-04-15T18:12:09.185Z</time>
      </trkpt>
      <trkpt lat="49.065907" lon="9.292157">
        <ele>236.641726</ele>
        <time>2025-04-15T18:12:15.192Z</time>
      </trkpt>
      <trkpt lat="49.065938" lon="9.292267">
        <ele>236.795210</ele>
        <time>2025-04-15T18:12:17.222Z</time>
      </trkpt>
      <trkpt lat="49.065962" lon="9.292369">
        <ele>236.934125</ele>
        <time>2025-04-15T18:12:19.069Z</time>
      </trkpt>
      <trkpt lat="49.065985" lon="9.292452">
        <ele>237.049635</ele>
        <time>2025-04-15T18:12:20.675Z</time>
      </trkpt>
      <trkpt lat="49.066060" lon="9.292720">
        <ele>237.423170</ele>
        <time>2025-04-15T18:12:25.792Z</time>
      </trkpt>
      <trkpt lat="49.066147" lon="9.293032">
        <ele>237.857790</ele>
        <time>2025-04-15T18:12:31.835Z</time>
      </trkpt>
      <trkpt lat="49.066195" lon="9.293195">
        <ele>238.086849</ele>
        <time>2025-04-15T18:12:34.989Z</time>
      </trkpt>
      <trkpt lat="49.066382" lon="9.293895">
        <ele>239.055792</ele>
        <time>2025-04-15T18:12:47.444Z</time>
      </trkpt>
      <trkpt lat="49.066393" lon="9.293932">
        <ele>239.083591</ele>
        <time>2025-04-15T18:12:48.038Z</time>
      </trkpt>
      <trkpt lat="49.066451" lon="9.294136">
        <ele>239.177619</ele>
        <time>2025-04-15T18:12:51.038Z</time>
      </trkpt>
      <trkpt lat="49.066717" lon="9.294920">
        <ele>239.550928</ele>
        <time>2025-04-15T18:13:01.981Z</time>
      </trkpt>
      <trkpt lat="49.066872" lon="9.295327">
        <ele>239.749979</ele>
        <time>2025-04-15T18:13:08.421Z</time>
      </trkpt>
      <trkpt lat="49.066979" lon="9.295579">
        <ele>239.876951</ele>
        <time>2025-04-15T18:13:12.579Z</time>
      </trkpt>
      <trkpt lat="49.067014" lon="9.295635">
        <ele>239.909675</ele>
        <time>2025-04-15T18:13:13.508Z</time>
      </trkpt>
      <trkpt lat="49.067115" lon="9.295763">
        <ele>239.994396</ele>
        <time>2025-04-15T18:13:15.972Z</time>
      </trkpt>
      <trkpt lat="49.067138" lon="9.295790">
        <ele>240.013122</ele>
        <time>2025-04-15T18:13:16.510Z</time>
      </trkpt>
      <trkpt lat="49.067224" lon="9.295892">
        <ele>240.083410</ele>
        <time>2025-04-15T18:13:18.525Z</time>
      </trkpt>
      <trkpt lat="49.067304" lon="9.295982">
        <ele>240.147548</ele>
        <time>2025-04-15T18:13:20.434Z</time>
      </trkpt>
      <trkpt lat="49.067563" lon="9.296295">
        <ele>240.395312</ele>
        <time>2025-04-15T18:13:26.694Z</time>
      </trkpt>
      <trkpt lat="49.067757" lon="9.296565">
        <ele>240.610384</ele>
        <time>2025-04-15T18:13:31.685Z</time>
      </trkpt>
      <trkpt lat="49.067780" lon="9.296601">
        <ele>240.637371</ele>
        <time>2025-04-15T18:13:32.343Z</time>
      </trkpt>
      <trkpt lat="49.067925" lon="9.296800">
        <ele>240.797110</ele>
        <time>2025-04-15T18:13:36.272Z</time>
      </trkpt>
      <trkpt lat="49.068035" lon="9.296967">
        <ele>240.924206</ele>
        <time>2025-04-15T18:13:39.778Z</time>
      </trkpt>
      <trkpt lat="49.068097" lon="9.297066">
        <ele>240.997709</ele>
        <time>2025-04-15T18:13:41.857Z</time>
      </trkpt>
      <trkpt lat="49.068180" lon="9.297211">
        <ele>241.101050</ele>
        <time>2025-04-15T18:13:44.733Z</time>
      </trkpt>
      <trkpt lat="49.068218" lon="9.297281">
        <ele>241.149840</ele>
        <time>2025-04-15T18:13:46.101Z</time>
      </trkpt>
      <trkpt lat="49.068244" lon="9.297309">
        <ele>241.175907</ele>
        <time>2025-04-15T18:13:46.789Z</time>
      </trkpt>
      <trkpt lat="49.068540" lon="9.297937">
        <ele>241.591114</ele>
        <time>2025-04-15T18:13:57.785Z</time>
      </trkpt>
      <trkpt lat="49.068555" lon="9.297976">
        <ele>241.615386</ele>
        <time>2025-04-15T18:13:58.475Z</time>
      </trkpt>
      <trkpt lat="49.068837" lon="9.298673">
        <ele>241.960079</ele>
        <time>2025-04-15T18:14:10.636Z</time>
      </trkpt>
      <trkpt lat="49.068986" lon="9.299051">
        <ele>242.132451</ele>
        <time>2025-04-15T18:14:16.785Z</time>
      </trkpt>
      <trkpt lat="49.069102" lon="9.299383">
        <ele>242.279472</ele>
        <time>2025-04-15T18:14:21.788Z</time>
      </trkpt>
      <trkpt lat="49.069153" lon="9.299528">
        <ele>242.343777</ele>
        <time>2025-04-15T18:14:23.916Z</time>
      </trkpt>
      <trkpt lat="49.069240" lon="9.299771">
        <ele>242.451980</ele>
        <time>2025-04-15T18:14:27.389Z</time>
      </trkpt>
      <trkpt lat="49.069272" lon="9.299855">
        <ele>242.489947</ele>
        <time>2025-04-15T18:14:28.562Z</time>
      </trkpt>
      <trkpt lat="49.069438" lon="9.300202">
        <ele>242.657831</ele>
        <time>2025-04-15T18:14:33.654Z</time>
      </trkpt>
      <trkpt lat="49.069760" lon="9.300767">
        <ele>242.872033</ele>
        <time>2025-04-15T18:14:42.363Z</time>
      </trkpt>
      <trkpt lat="49.070148" lon="9.301933">
        <ele>243.149910</ele>
        <time>2025-04-15T18:14:57.797Z</time>
      </trkpt>
      <trkpt lat="49.070383" lon="9.302640">
        <ele>243.318361</ele>
        <time>2025-04-15T18:15:07.970Z</time>
      </trkpt>
      <trkpt lat="49.070464" lon="9.303057">
        <ele>243.755088</ele>
        <time>2025-04-15T18:15:13.623Z</time>
      </trkpt>
      <trkpt lat="49.070544" lon="9.304897">
        <ele>246.908418</ele>
        <time>2025-04-15T18:15:44.312Z</time>
      </trkpt>
      <trkpt lat="49.070596" lon="9.305353">
        <ele>247.699903</ele>
        <time>2025-04-15T18:15:55.450Z</time>
      </trkpt>
      <trkpt lat="49.070707" lon="9.305931">
        <ele>249.289728</ele>
        <time>2025-04-15T18:16:11.265Z</time>
      </trkpt>
      <trkpt lat="49.070737" lon="9.307024">
        <ele>252.716164</ele>
        <time>2025-04-15T18:16:41.980Z</time>
      </trkpt>
      <trkpt lat="49.070914" lon="9.308183">
        <ele>256.443639</ele>
        <time>2025-04-15T18:17:10.472Z</time>
      </trkpt>
      <trkpt lat="49.070875" lon="9.309094">
        <ele>257.072271</ele>
        <time>2025-04-15T18:17:24.948Z</time>
      </trkpt>
      <trkpt lat="49.070718" lon="9.309737">
        <ele>257.410287</ele>
        <time>2025-04-15T18:17:32.857Z</time>
      </trkpt>
      <trkpt lat="49.070225" lon="9.310973">
        <ele>258.488589</ele>
        <time>2025-04-15T18:17:48.703Z</time>
      </trkpt>
      <trkpt lat="49.070202" lon="9.311083">
        <ele>258.726644</ele>
        <time>2025-04-15T18:17:50.198Z</time>
      </trkpt>
      <trkpt lat="49.070239" lon="9.311438">
        <ele>259.467743</ele>
        <time>2025-04-15T18:17:55.125Z</time>
      </trkpt>
      <trkpt lat="49.070398" lon="9.311955">
        <ele>260.645230</ele>
        <time>2025-04-15T18:18:04.248Z</time>
      </trkpt>
      <trkpt lat="49.070412" lon="9.312000">
        <ele>260.747935</ele>
        <time>2025-04-15T18:18:05.129Z</time>
      </trkpt>
      <trkpt lat="49.070561" lon="9.312393">
        <ele>261.684067</ele>
        <time>2025-04-15T18:18:14.423Z</time>
      </trkpt>
      <trkpt lat="49.070159" lon="9.312772">
        <ele>263.170997</ele>
        <time>2025-04-15T18:18:33.213Z</time>
      </trkpt>
      <trkpt lat="49.069926" lon="9.313039">
        <ele>264.876772</ele>
        <time>2025-04-15T18:18:46.674Z</time>
      </trkpt>
      <trkpt lat="49.069855" lon="9.313169">
        <ele>265.882271</ele>
        <time>2025-04-15T18:18:52.067Z</time>
      </trkpt>
      <trkpt lat="49.069800" lon="9.313798">
        <ele>269.652282</ele>
        <time>2025-04-15T18:19:13.169Z</time>
      </trkpt>
      <trkpt lat="49.069783" lon="9.313998">
        <ele>270.850437</ele>
        <time>2025-04-15T18:19:20.381Z</time>
      </trkpt>
      <trkpt lat="49.069773" lon="9.314104">
        <ele>271.486676</ele>
        <time>2025-04-15T18:19:24.326Z</time>
      </trkpt>
      <trkpt lat="49.069702" lon="9.315024">
        <ele>276.990176</ele>
        <time>2025-04-15T18:20:00.150Z</time>
      </trkpt>
      <trkpt lat="49.069721" lon="9.315226">
        <ele>278.202561</ele>
        <time>2025-04-15T18:20:08.304Z</time>
      </trkpt>
      <trkpt lat="49.069734" lon="9.315350">
        <ele>278.948616</ele>
        <time>2025-04-15T18:20:13.378Z</time>
      </trkpt>
      <trkpt lat="49.069842" lon="9.315621">
        <ele>280.860663</ele>
        <time>2025-04-15T18:20:26.284Z</time>
      </trkpt>
      <trkpt lat="49.070196" lon="9.315899">
        <ele>284.587288</ele>
        <time>2025-04-15T18:20:50.609Z</time>
      </trkpt>
      <trkpt lat="49.070450" lon="9.316292">
        <ele>287.972861</ele>
        <time>2025-04-15T18:21:11.198Z</time>
      </trkpt>
      <trkpt lat="49.070716" lon="9.316644">
        <ele>291.268322</ele>
        <time>2025-04-15T18:21:29.023Z</time>
      </trkpt>
      <trkpt lat="49.070728" lon="9.316757">
        <ele>291.970352</ele>
        <time>2025-04-15T18:21:32.705Z</time>
      </trkpt>
      <trkpt lat="49.070844" lon="9.317106">
        <ele>294.370330</ele>
        <time>2025-04-15T18:21:46.273Z</time>
      </trkpt>
      <trkpt lat="49.071231" lon="9.317809">
        <ele>299.656600</ele>
        <time>2025-04-15T18:22:17.298Z</time>
      </trkpt>
      <trkpt lat="49.071271" lon="9.317984">
        <ele>300.670162</ele>
        <time>2025-04-15T18:22:23.597Z</time>
      </trkpt>
      <trkpt lat="49.071261" lon="9.318147">
        <ele>301.565426</ele>
        <time>2025-04-15T18:22:29.211Z</time>
      </trkpt>
      <trkpt lat="49.071232" lon="9.318275">
        <ele>302.306070</ele>
        <time>2025-04-15T18:22:33.743Z</time>
      </trkpt>
      <trkpt lat="49.071199" lon="9.318326">
        <ele>302.698066</ele>
        <time>2025-04-15T18:22:36.279Z</time>
      </trkpt>
      <trkpt lat="49.071245" lon="9.318518">
        <ele>303.816027</ele>
        <time>2025-04-15T18:22:44.804Z</time>
      </trkpt>
      <trkpt lat="49.071338" lon="9.318877">
        <ele>305.927128</ele>
        <time>2025-04-15T18:23:00.838Z</time>
      </trkpt>
      <trkpt lat="49.071460" lon="9.319380">
        <ele>308.860238</ele>
        <time>2025-04-15T18:23:24.756Z</time>
      </trkpt>
      <trkpt lat="49.071814" lon="9.321072">
        <ele>316.910294</ele>
        <time>2025-04-15T18:24:33.386Z</time>
      </trkpt>
      <trkpt lat="49.071948" lon="9.321608">
        <ele>319.273860</ele>
        <time>2025-04-15T18:24:52.563Z</time>
      </trkpt>
      <trkpt lat="49.072031" lon="9.321845">
        <ele>320.381023</ele>
        <time>2025-04-15T18:25:01.647Z</time>
      </trkpt>
      <trkpt lat="49.072410" lon="9.322732">
        <ele>324.345416</ele>
        <time>2025-04-15T18:25:36.171Z</time>
      </trkpt>
      <trkpt lat="49.072668" lon="9.323490">
        <ele>326.989574</ele>
        <time>2025-04-15T18:26:05.045Z</time>
      </trkpt>
      <trkpt lat="49.072775" lon="9.324186">
        <ele>329.202535</ele>
        <time>2025-04-15T18:26:28.702Z</time>
      </trkpt>
      <trkpt lat="49.072586" lon="9.326030">
        <ele>333.070021</ele>
        <time>2025-04-15T18:27:22.139Z</time>
      </trkpt>
      <trkpt lat="49.072678" lon="9.327208">
        <ele>334.642226</ele>
        <time>2025-04-15T18:27:53.658Z</time>
      </trkpt>
      <trkpt lat="49.072652" lon="9.328219">
        <ele>334.136628</ele>
        <time>2025-04-15T18:28:11.339Z</time>
      </trkpt>
      <trkpt lat="49.072661" lon="9.328299">
        <ele>333.962197</ele>
        <time>2025-04-15T18:28:12.708Z</time>
      </trkpt>
      <trkpt lat="49.072779" lon="9.328535">
        <ele>333.324211</ele>
        <time>2025-04-15T18:28:17.530Z</time>
      </trkpt>
      <trkpt lat="49.072921" lon="9.328685">
        <ele>332.757752</ele>
        <time>2025-04-15T18:28:21.728Z</time>
      </trkpt>
      <trkpt lat="49.073098" lon="9.328808">
        <ele>332.119806</ele>
        <time>2025-04-15T18:28:26.283Z</time>
      </trkpt>
      <trkpt lat="49.073442" lon="9.328986">
        <ele>330.928314</ele>
        <time>2025-04-15T18:28:34.763Z</time>
      </trkpt>
      <trkpt lat="49.073904" lon="9.329450">
        <ele>329.457942</ele>
        <time>2025-04-15T18:28:47.352Z</time>
      </trkpt>
      <trkpt lat="49.074061" lon="9.329675">
        <ele>329.669782</ele>
        <time>2025-04-15T18:28:52.530Z</time>
      </trkpt>
      <trkpt lat="49.074236" lon="9.330080">
        <ele>329.982433</ele>
        <time>2025-04-15T18:29:00.882Z</time>
      </trkpt>
      <trkpt lat="49.074403" lon="9.331295">
        <ele>330.782445</ele>
        <time>2025-04-15T18:29:29.614Z</time>
      </trkpt>
      <trkpt lat="49.074559" lon="9.331841">
        <ele>331.283247</ele>
        <time>2025-04-15T18:29:49.596Z</time>
      </trkpt>
      <trkpt lat="49.073734" lon="9.333029">
        <ele>339.528662</ele>
        <time>2025-04-15T18:31:01.382Z</time>
      </trkpt>
      <trkpt lat="49.073631" lon="9.333323">
        <ele>341.116529</ele>
        <time>2025-04-15T18:31:15.591Z</time>
      </trkpt>
      <trkpt lat="49.073469" lon="9.334051">
        <ele>344.587080</ele>
        <time>2025-04-15T18:31:44.778Z</time>
      </trkpt>
      <trkpt lat="49.073468" lon="9.334448">
        <ele>345.825055</ele>
        <time>2025-04-15T18:31:58.025Z</time>
      </trkpt>
      <trkpt lat="49.073547" lon="9.334805">
        <ele>347.000086</ele>
        <time>2025-04-15T18:32:09.841Z</time>
      </trkpt>
      <trkpt lat="49.073926" lon="9.335517">
        <ele>349.860868</ele>
        <time>2025-04-15T18:32:36.053Z</time>
      </trkpt>
      <trkpt lat="49.073986" lon="9.335721">
        <ele>350.558170</ele>
        <time>2025-04-15T18:32:42.269Z</time>
      </trkpt>
      <trkpt lat="49.073989" lon="9.335990">
        <ele>351.397105</ele>
        <time>2025-04-15T18:32:50.077Z</time>
      </trkpt>
      <trkpt lat="49.073951" lon="9.336248">
        <ele>352.221703</ele>
        <time>2025-04-15T18:32:58.100Z</time>
      </trkpt>
      <trkpt lat="49.073920" lon="9.336373">
        <ele>352.638484</ele>
        <time>2025-04-15T18:33:02.262Z</time>
      </trkpt>
      <trkpt lat="49.073853" lon="9.336505">
        <ele>353.345915</ele>
        <time>2025-04-15T18:33:07.699Z</time>
      </trkpt>
      <trkpt lat="49.073685" lon="9.336654">
        <ele>354.733772</ele>
        <time>2025-04-15T18:33:17.910Z</time>
      </trkpt>
      <trkpt lat="49.073553" lon="9.336710">
        <ele>355.712380</ele>
        <time>2025-04-15T18:33:25.487Z</time>
      </trkpt>
      <trkpt lat="49.073393" lon="9.336717">
        <ele>356.855724</ele>
        <time>2025-04-15T18:33:34.779Z</time>
      </trkpt>
      <trkpt lat="49.073006" lon="9.336572">
        <ele>359.702104</ele>
        <time>2025-04-15T18:33:59.043Z</time>
      </trkpt>
      <trkpt lat="49.072412" lon="9.336507">
        <ele>363.955916</ele>
        <time>2025-04-15T18:34:36.776Z</time>
      </trkpt>
      <trkpt lat="49.072144" lon="9.336545">
        <ele>365.807974</ele>
        <time>2025-04-15T18:34:53.867Z</time>
      </trkpt>
      <trkpt lat="49.071733" lon="9.336635">
        <ele>367.919075</ele>
        <time>2025-04-15T18:35:19.003Z</time>
      </trkpt>
      <trkpt lat="49.071027" lon="9.336927">
        <ele>371.638131</ele>
        <time>2025-04-15T18:35:57.322Z</time>
      </trkpt>
      <trkpt lat="49.069161" lon="9.336264">
        <ele>377.085101</ele>
        <time>2025-04-15T18:37:10.833Z</time>
      </trkpt>
      <trkpt lat="49.068983" lon="9.336195">
        <ele>377.411353</ele>
        <time>2025-04-15T18:37:16.844Z</time>
      </trkpt>
      <trkpt lat="49.068947" lon="9.335949">
        <ele>377.704718</ele>
        <time>2025-04-15T18:37:22.172Z</time>
      </trkpt>
      <trkpt lat="49.068689" lon="9.335204">
        <ele>378.602595</ele>
        <time>2025-04-15T18:37:39.900Z</time>
      </trkpt>
      <trkpt lat="49.068560" lon="9.335043">
        <ele>378.864122</ele>
        <time>2025-04-15T18:37:45.340Z</time>
      </trkpt>
      <trkpt lat="49.068410" lon="9.334939">
        <ele>379.122692</ele>
        <time>2025-04-15T18:37:50.967Z</time>
      </trkpt>
      <trkpt lat="49.068218" lon="9.334916">
        <ele>379.424956</ele>
        <time>2025-04-15T18:37:57.754Z</time>
      </trkpt>
      <trkpt lat="49.068077" lon="9.334948">
        <ele>379.648683</ele>
        <time>2025-04-15T18:38:03.036Z</time>
      </trkpt>
      <trkpt lat="49.067606" lon="9.335395">
        <ele>380.519145</ele>
        <time>2025-04-15T18:38:24.570Z</time>
      </trkpt>
      <trkpt lat="49.067556" lon="9.335415">
        <ele>380.600269</ele>
        <time>2025-04-15T18:38:26.644Z</time>
      </trkpt>
      <trkpt lat="49.067489" lon="9.335643">
        <ele>380.852197</ele>
        <time>2025-04-15T18:38:33.160Z</time>
      </trkpt>
      <trkpt lat="49.067438" lon="9.335776">
        <ele>380.997425</ele>
        <time>2025-04-15T18:38:37.102Z</time>
      </trkpt>
      <trkpt lat="49.067303" lon="9.335824">
        <ele>381.196809</ele>
        <time>2025-04-15T18:38:42.511Z</time>
      </trkpt>
      <trkpt lat="49.067228" lon="9.335793">
        <ele>381.308575</ele>
        <time>2025-04-15T18:38:45.538Z</time>
      </trkpt>
      <trkpt lat="49.067100" lon="9.335641">
        <ele>381.541851</ele>
        <time>2025-04-15T18:38:51.762Z</time>
      </trkpt>
      <trkpt lat="49.067048" lon="9.335498">
        <ele>381.695981</ele>
        <time>2025-04-15T18:38:55.803Z</time>
      </trkpt>
      <trkpt lat="49.066904" lon="9.334851">
        <ele>382.339940</ele>
        <time>2025-04-15T18:39:11.832Z</time>
      </trkpt>
      <trkpt lat="49.066709" lon="9.334280">
        <ele>382.946771</ele>
        <time>2025-04-15T18:39:25.731Z</time>
      </trkpt>
      <trkpt lat="49.066438" lon="9.333769">
        <ele>383.312303</ele>
        <time>2025-04-15T18:39:39.775Z</time>
      </trkpt>
      <trkpt lat="49.066090" lon="9.333339">
        <ele>383.057623</ele>
        <time>2025-04-15T18:39:53.511Z</time>
      </trkpt>
      <trkpt lat="49.065678" lon="9.332999">
        <ele>382.791214</ele>
        <time>2025-04-15T18:40:07.012Z</time>
      </trkpt>
      <trkpt lat="49.065226" lon="9.332730">
        <ele>382.515260</ele>
        <time>2025-04-15T18:40:20.414Z</time>
      </trkpt>
      <trkpt lat="49.065062" lon="9.332675">
        <ele>382.419750</ele>
        <time>2025-04-15T18:40:24.887Z</time>
      </trkpt>
      <trkpt lat="49.064705" lon="9.332709">
        <ele>381.804710</ele>
        <time>2025-04-15T18:40:34.158Z</time>
      </trkpt>
      <trkpt lat="49.064143" lon="9.332818">
        <ele>380.567308</ele>
        <time>2025-04-15T18:40:48.437Z</time>
      </trkpt>
      <trkpt lat="49.063328" lon="9.333091">
        <ele>378.744801</ele>
        <time>2025-04-15T18:41:09.693Z</time>
      </trkpt>
      <trkpt lat="49.063224" lon="9.333350">
        <ele>378.367698</ele>
        <time>2025-04-15T18:41:14.965Z</time>
      </trkpt>
      <trkpt lat="49.063225" lon="9.333637">
        <ele>378.150162</ele>
        <time>2025-04-15T18:41:19.976Z</time>
      </trkpt>
      <trkpt lat="49.063263" lon="9.334092">
        <ele>377.802503</ele>
        <time>2025-04-15T18:41:28.044Z</time>
      </trkpt>
      <trkpt lat="49.063262" lon="9.334360">
        <ele>377.599368</ele>
        <time>2025-04-15T18:41:32.793Z</time>
      </trkpt>
      <trkpt lat="49.063262" lon="9.334481">
        <ele>377.507656</ele>
        <time>2025-04-15T18:41:34.964Z</time>
      </trkpt>
      <trkpt lat="49.063178" lon="9.334913">
        <ele>377.166106</ele>
        <time>2025-04-15T18:41:43.173Z</time>
      </trkpt>
      <trkpt lat="49.062872" lon="9.335729">
        <ele>376.453484</ele>
        <time>2025-04-15T18:42:00.599Z</time>
      </trkpt>
      <trkpt lat="49.062730" lon="9.336167">
        <ele>376.025863</ele>
        <time>2025-04-15T18:42:09.439Z</time>
      </trkpt>
      <trkpt lat="49.062669" lon="9.336459">
        <ele>375.744125</ele>
        <time>2025-04-15T18:42:14.961Z</time>
      </trkpt>
      <trkpt lat="49.062570" lon="9.336693">
        <ele>375.488073</ele>
        <time>2025-04-15T18:42:19.976Z</time>
      </trkpt>
      <trkpt lat="49.062290" lon="9.337046">
        <ele>374.978547</ele>
        <time>2025-04-15T18:42:29.971Z</time>
      </trkpt>
      <trkpt lat="49.062216" lon="9.337092">
        <ele>374.866446</ele>
        <time>2025-04-15T18:42:32.185Z</time>
      </trkpt>
      <trkpt lat="49.062142" lon="9.337138">
        <ele>374.754346</ele>
        <time>2025-04-15T18:42:34.386Z</time>
      </trkpt>
      <trkpt lat="49.062487" lon="9.337549">
        <ele>374.140322</ele>
        <time>2025-04-15T18:42:46.113Z</time>
      </trkpt>
      <trkpt lat="49.062696" lon="9.337746">
        <ele>373.787971</ele>
        <time>2025-04-15T18:42:52.425Z</time>
      </trkpt>
      <trkpt lat="49.063073" lon="9.337998">
        <ele>373.074854</ele>
        <time>2025-04-15T18:43:02.639Z</time>
      </trkpt>
      <trkpt lat="49.063199" lon="9.338119">
        <ele>372.816916</ele>
        <time>2025-04-15T18:43:06.327Z</time>
      </trkpt>
      <trkpt lat="49.063665" lon="9.339290">
        <ele>371.261521</ele>
        <time>2025-04-15T18:43:28.842Z</time>
      </trkpt>
      <trkpt lat="49.063880" lon="9.339832">
        <ele>371.009184</ele>
        <time>2025-04-15T18:43:41.366Z</time>
      </trkpt>
      <trkpt lat="49.064097" lon="9.340100">
        <ele>371.855114</ele>
        <time>2025-04-15T18:43:52.224Z</time>
      </trkpt>
      <trkpt lat="49.064466" lon="9.340404">
        <ele>373.125843</ele>
        <time>2025-04-15T18:44:10.945Z</time>
      </trkpt>
      <trkpt lat="49.064733" lon="9.340647">
        <ele>374.067896</ele>
        <time>2025-04-15T18:44:26.330Z</time>
      </trkpt>
      <trkpt lat="49.064949" lon="9.340935">
        <ele>374.937062</ele>
        <time>2025-04-15T18:44:40.580Z</time>
      </trkpt>
      <trkpt lat="49.065346" lon="9.341876">
        <ele>375.750115</ele>
        <time>2025-04-15T18:45:12.933Z</time>
      </trkpt>
      <trkpt lat="49.065490" lon="9.342229">
        <ele>375.408302</ele>
        <time>2025-04-15T18:45:21.444Z</time>
      </trkpt>
      <trkpt lat="49.065610" lon="9.342409">
        <ele>375.197214</ele>
        <time>2025-04-15T18:45:26.051Z</time>
      </trkpt>
      <trkpt lat="49.065801" lon="9.342576">
        <ele>374.921052</ele>
        <time>2025-04-15T18:45:31.641Z</time>
      </trkpt>
      <trkpt lat="49.066183" lon="9.342694">
        <ele>374.432079</ele>
        <time>2025-04-15T18:45:40.916Z</time>
      </trkpt>
      <trkpt lat="49.066298" lon="9.342766">
        <ele>374.276134</ele>
        <time>2025-04-15T18:45:43.820Z</time>
      </trkpt>
      <trkpt lat="49.066381" lon="9.342967">
        <ele>374.080837</ele>
        <time>2025-04-15T18:45:47.446Z</time>
      </trkpt>
      <trkpt lat="49.066405" lon="9.343176">
        <ele>373.906422</ele>
        <time>2025-04-15T18:45:50.714Z</time>
      </trkpt>
      <trkpt lat="49.066347" lon="9.343440">
        <ele>373.980268</ele>
        <time>2025-04-15T18:45:55.035Z</time>
      </trkpt>
      <trkpt lat="49.066193" lon="9.343867">
        <ele>374.110214</ele>
        <time>2025-04-15T18:46:02.883Z</time>
      </trkpt>
      <trkpt lat="49.066321" lon="9.344078">
        <ele>374.186877</ele>
        <time>2025-04-15T18:46:07.735Z</time>
      </trkpt>
      <trkpt lat="49.066371" lon="9.344588">
        <ele>374.324357</ele>
        <time>2025-04-15T18:46:17.333Z</time>
      </trkpt>
      <trkpt lat="49.066407" lon="9.344781">
        <ele>374.377855</ele>
        <time>2025-04-15T18:46:21.961Z</time>
      </trkpt>
      <trkpt lat="49.066490" lon="9.344987">
        <ele>374.442328</ele>
        <time>2025-04-15T18:46:28.225Z</time>
      </trkpt>
      <trkpt lat="49.066823" lon="9.345578">
        <ele>374.847774</ele>
        <time>2025-04-15T18:46:52.919Z</time>
      </trkpt>
      <trkpt lat="49.066976" lon="9.345758">
        <ele>376.207416</ele>
        <time>2025-04-15T18:47:03.361Z</time>
      </trkpt>
      <trkpt lat="49.067066" lon="9.345795">
        <ele>376.863444</ele>
        <time>2025-04-15T18:47:08.694Z</time>
      </trkpt>
      <trkpt lat="49.067217" lon="9.345635">
        <ele>378.157237</ele>
        <time>2025-04-15T18:47:19.499Z</time>
      </trkpt>
      <trkpt lat="49.067243" lon="9.345505">
        <ele>378.784021</ele>
        <time>2025-04-15T18:47:24.819Z</time>
      </trkpt>
      <trkpt lat="49.067403" lon="9.343286">
        <ele>389.205987</ele>
        <time>2025-04-15T18:48:52.841Z</time>
      </trkpt>
      <trkpt lat="49.067433" lon="9.342502">
        <ele>393.086974</ele>
        <time>2025-04-15T18:49:24.709Z</time>
      </trkpt>
      <trkpt lat="49.067416" lon="9.340670">
        <ele>401.326731</ele>
        <time>2025-04-15T18:50:37.463Z</time>
      </trkpt>
      <trkpt lat="49.067438" lon="9.340236">
        <ele>402.105712</ele>
        <time>2025-04-15T18:50:52.075Z</time>
      </trkpt>
      <trkpt lat="49.067480" lon="9.339997">
        <ele>402.548529</ele>
        <time>2025-04-15T18:50:59.880Z</time>
      </trkpt>
      <trkpt lat="49.067543" lon="9.339634">
        <ele>403.220536</ele>
        <time>2025-04-15T18:51:10.687Z</time>
      </trkpt>
      <trkpt lat="49.067595" lon="9.339847">
        <ele>403.627309</ele>
        <time>2025-04-15T18:51:16.654Z</time>
      </trkpt>
      <trkpt lat="49.067825" lon="9.340832">
        <ele>405.498598</ele>
        <time>2025-04-15T18:51:38.425Z</time>
      </trkpt>
      <trkpt lat="49.067897" lon="9.341221">
        <ele>405.368843</ele>
        <time>2025-04-15T18:51:45.525Z</time>
      </trkpt>
      <trkpt lat="49.068123" lon="9.342436">
        <ele>403.294287</ele>
        <time>2025-04-15T18:52:06.302Z</time>
      </trkpt>
      <trkpt lat="49.068242" lon="9.342785">
        <ele>402.648055</ele>
        <time>2025-04-15T18:52:12.538Z</time>
      </trkpt>
      <trkpt lat="49.068301" lon="9.343522">
        <ele>401.428508</ele>
        <time>2025-04-15T18:52:24.393Z</time>
      </trkpt>
      <trkpt lat="49.068368" lon="9.344942">
        <ele>399.880234</ele>
        <time>2025-04-15T18:52:48.257Z</time>
      </trkpt>
      <trkpt lat="49.068392" lon="9.345788">
        <ele>398.994012</ele>
        <time>2025-04-15T18:53:03.839Z</time>
      </trkpt>
      <trkpt lat="49.068434" lon="9.346397">
        <ele>398.350299</ele>
        <time>2025-04-15T18:53:15.402Z</time>
      </trkpt>
      <trkpt lat="49.068655" lon="9.347644">
        <ele>396.905954</ele>
        <time>2025-04-15T18:53:38.876Z</time>
      </trkpt>
      <trkpt lat="49.068780" lon="9.348964">
        <ele>395.414769</ele>
        <time>2025-04-15T18:54:01.179Z</time>
      </trkpt>
      <trkpt lat="49.068854" lon="9.349524">
        <ele>394.594647</ele>
        <time>2025-04-15T18:54:10.424Z</time>
      </trkpt>
      <trkpt lat="49.068911" lon="9.349953">
        <ele>393.943544</ele>
        <time>2025-04-15T18:54:17.519Z</time>
      </trkpt>
      <trkpt lat="49.069034" lon="9.350438">
        <ele>393.169972</ele>
        <time>2025-04-15T18:54:26.019Z</time>
      </trkpt>
      <trkpt lat="49.069139" lon="9.350717">
        <ele>392.691380</ele>
        <time>2025-04-15T18:54:31.349Z</time>
      </trkpt>
      <trkpt lat="49.069287" lon="9.350967">
        <ele>392.190196</ele>
        <time>2025-04-15T18:54:37.020Z</time>
      </trkpt>
      <trkpt lat="49.069373" lon="9.351174">
        <ele>391.825608</ele>
        <time>2025-04-15T18:54:41.196Z</time>
      </trkpt>
      <trkpt lat="49.069430" lon="9.351409">
        <ele>391.452876</ele>
        <time>2025-04-15T18:54:45.608Z</time>
      </trkpt>
      <trkpt lat="49.069546" lon="9.351620">
        <ele>391.346268</ele>
        <time>2025-04-15T18:54:50.611Z</time>
      </trkpt>
      <trkpt lat="49.069806" lon="9.352222">
        <ele>391.912725</ele>
        <time>2025-04-15T18:55:04.396Z</time>
      </trkpt>
      <trkpt lat="49.069915" lon="9.352461">
        <ele>392.141500</ele>
        <time>2025-04-15T18:55:10.450Z</time>
      </trkpt>
      <trkpt lat="49.070032" lon="9.352860">
        <ele>392.484922</ele>
        <time>2025-04-15T18:55:20.140Z</time>
      </trkpt>
      <trkpt lat="49.070486" lon="9.354995">
        <ele>395.873964</ele>
        <time>2025-04-15T18:56:21.071Z</time>
      </trkpt>
      <trkpt lat="49.070938" lon="9.357661">
        <ele>400.254210</ele>
        <time>2025-04-15T18:57:42.836Z</time>
      </trkpt>
      <trkpt lat="49.071381" lon="9.360134">
        <ele>400.141813</ele>
        <time>2025-04-15T18:58:28.509Z</time>
      </trkpt>
      <trkpt lat="49.071443" lon="9.360535">
        <ele>399.695747</ele>
        <time>2025-04-15T18:58:34.851Z</time>
      </trkpt>
      <trkpt lat="49.071444" lon="9.361094">
        <ele>399.090548</ele>
        <time>2025-04-15T18:58:43.822Z</time>
      </trkpt>
      <trkpt lat="49.071450" lon="9.361315">
        <ele>398.851079</ele>
        <time>2025-04-15T18:58:47.531Z</time>
      </trkpt>
      <trkpt lat="49.071468" lon="9.361534">
        <ele>398.612122</ele>
        <time>2025-04-15T18:58:51.321Z</time>
      </trkpt>
      <trkpt lat="49.071601" lon="9.361878">
        <ele>398.179674</ele>
        <time>2025-04-15T18:58:58.534Z</time>
      </trkpt>
      <trkpt lat="49.071728" lon="9.362103">
        <ele>398.977337</ele>
        <time>2025-04-15T18:59:04.374Z</time>
      </trkpt>
      <trkpt lat="49.071772" lon="9.362274">
        <ele>399.533226</ele>
        <time>2025-04-15T18:59:08.472Z</time>
      </trkpt>
      <trkpt lat="49.072176" lon="9.363830">
        <ele>404.597615</ele>
        <time>2025-04-15T19:00:04.618Z</time>
      </trkpt>
      <trkpt lat="49.072251" lon="9.363909">
        <ele>405.018487</ele>
        <time>2025-04-15T19:00:10.258Z</time>
      </trkpt>
      <trkpt lat="49.072352" lon="9.363769">
        <ele>405.648611</ele>
        <time>2025-04-15T19:00:17.041Z</time>
      </trkpt>
      <trkpt lat="49.072454" lon="9.363712">
        <ele>406.150297</ele>
        <time>2025-04-15T19:00:22.428Z</time>
      </trkpt>
      <trkpt lat="49.072704" lon="9.363787">
        <ele>407.523733</ele>
        <time>2025-04-15T19:00:34.868Z</time>
      </trkpt>
      <trkpt lat="49.072769" lon="9.363875">
        <ele>408.016084</ele>
        <time>2025-04-15T19:00:39.104Z</time>
      </trkpt>
      <trkpt lat="49.072815" lon="9.364094">
        <ele>408.869870</ele>
        <time>2025-04-15T19:00:46.343Z</time>
      </trkpt>
      <trkpt lat="49.072831" lon="9.364244">
        <ele>409.434064</ele>
        <time>2025-04-15T19:00:51.077Z</time>
      </trkpt>
      <trkpt lat="49.072787" lon="9.364535">
        <ele>410.542777</ele>
        <time>2025-04-15T19:01:00.315Z</time>
      </trkpt>
      <trkpt lat="49.072752" lon="9.364627">
        <ele>410.937733</ele>
        <time>2025-04-15T19:01:03.454Z</time>
      </trkpt>
      <trkpt lat="49.072552" lon="9.365660">
        <ele>414.936637</ele>
        <time>2025-04-15T19:01:32.800Z</time>
      </trkpt>
      <trkpt lat="49.072584" lon="9.366132">
        <ele>416.648693</ele>
        <time>2025-04-15T19:01:43.580Z</time>
      </trkpt>
      <trkpt lat="49.073030" lon="9.367990">
        <ele>415.898293</ele>
        <time>2025-04-15T19:02:08.588Z</time>
      </trkpt>
      <trkpt lat="49.073045" lon="9.368071">
        <ele>415.866372</ele>
        <time>2025-04-15T19:02:09.320Z</time>
      </trkpt>
      <trkpt lat="49.073230" lon="9.369039">
        <ele>415.072845</ele>
        <time>2025-04-15T19:02:17.814Z</time>
      </trkpt>
      <trkpt lat="49.073337" lon="9.369355">
        <ele>414.505051</ele>
        <time>2025-04-15T19:02:20.755Z</time>
      </trkpt>
      <trkpt lat="49.073486" lon="9.369597">
        <ele>413.974940</ele>
        <time>2025-04-15T19:02:23.475Z</time>
      </trkpt>
      <trkpt lat="49.073879" lon="9.369906">
        <ele>412.897800</ele>
        <time>2025-04-15T19:02:29.233Z</time>
      </trkpt>
      <trkpt lat="49.074430" lon="9.370252">
        <ele>411.446083</ele>
        <time>2025-04-15T19:02:38.222Z</time>
      </trkpt>
      <trkpt lat="49.074575" lon="9.370342">
        <ele>411.755688</ele>
        <time>2025-04-15T19:02:42.003Z</time>
      </trkpt>
      <trkpt lat="49.074996" lon="9.370947">
        <ele>416.252219</ele>
        <time>2025-04-15T19:03:05.286Z</time>
      </trkpt>
      <trkpt lat="49.075373" lon="9.371209">
        <ele>419.473605</ele>
        <time>2025-04-15T19:03:28.996Z</time>
      </trkpt>
      <trkpt lat="49.075819" lon="9.371700">
        <ele>423.749914</ele>
        <time>2025-04-15T19:04:03.224Z</time>
      </trkpt>
      <trkpt lat="49.075928" lon="9.371806">
        <ele>424.754975</ele>
        <time>2025-04-15T19:04:13.070Z</time>
      </trkpt>
      <trkpt lat="49.076126" lon="9.372180">
        <ele>427.165289</ele>
        <time>2025-04-15T19:04:36.849Z</time>
      </trkpt>
      <trkpt lat="49.076274" lon="9.372728">
        <ele>430.125056</ele>
        <time>2025-04-15T19:05:04.887Z</time>
      </trkpt>
      <trkpt lat="49.076404" lon="9.373038">
        <ele>431.962999</ele>
        <time>2025-04-15T19:05:20.414Z</time>
      </trkpt>
      <trkpt lat="49.076527" lon="9.373182">
        <ele>433.144561</ele>
        <time>2025-04-15T19:05:29.227Z</time>
      </trkpt>
      <trkpt lat="49.076821" lon="9.373401">
        <ele>435.638196</ele>
        <time>2025-04-15T19:05:44.939Z</time>
      </trkpt>
      <trkpt lat="49.077197" lon="9.373772">
        <ele>439.017870</ele>
        <time>2025-04-15T19:06:05.622Z</time>
      </trkpt>
      <trkpt lat="49.077415" lon="9.374524">
        <ele>442.022309</ele>
        <time>2025-04-15T19:06:32.221Z</time>
      </trkpt>
      <trkpt lat="49.077542" lon="9.374929">
        <ele>443.662770</ele>
        <time>2025-04-15T19:06:47.996Z</time>
      </trkpt>
      <trkpt lat="49.077621" lon="9.375308">
        <ele>445.115844</ele>
        <time>2025-04-15T19:07:02.388Z</time>
      </trkpt>
      <trkpt lat="49.077957" lon="9.376538">
        <ele>449.473209</ele>
        <time>2025-04-15T19:07:50.076Z</time>
      </trkpt>
      <trkpt lat="49.077969" lon="9.376992">
        <ele>450.304838</ele>
        <time>2025-04-15T19:08:05.118Z</time>
      </trkpt>
      <trkpt lat="49.077992" lon="9.377487">
        <ele>451.213110</ele>
        <time>2025-04-15T19:08:19.714Z</time>
      </trkpt>
      <trkpt lat="49.078101" lon="9.377838">
        <ele>451.924081</ele>
        <time>2025-04-15T19:08:30.076Z</time>
      </trkpt>
      <trkpt lat="49.078241" lon="9.378107">
        <ele>452.552917</ele>
        <time>2025-04-15T19:08:38.043Z</time>
      </trkpt>
      <trkpt lat="49.078293" lon="9.378175">
        <ele>452.744233</ele>
        <time>2025-04-15T19:08:40.362Z</time>
      </trkpt>
      <trkpt lat="49.078468" lon="9.378406">
        <ele>453.390656</ele>
        <time>2025-04-15T19:08:47.513Z</time>
      </trkpt>
      <trkpt lat="49.078609" lon="9.378810">
        <ele>453.613713</ele>
        <time>2025-04-15T19:08:56.570Z</time>
      </trkpt>
      <trkpt lat="49.078670" lon="9.378871">
        <ele>453.301950</ele>
        <time>2025-04-15T19:08:58.842Z</time>
      </trkpt>
      <trkpt lat="49.078833" lon="9.379356">
        <ele>451.775389</ele>
        <time>2025-04-15T19:09:08.616Z</time>
      </trkpt>
      <trkpt lat="49.078933" lon="9.379654">
        <ele>450.837719</ele>
        <time>2025-04-15T19:09:14.154Z</time>
      </trkpt>
      <trkpt lat="49.079085" lon="9.379962">
        <ele>449.757780</ele>
        <time>2025-04-15T19:09:20.141Z</time>
      </trkpt>
      <trkpt lat="49.079124" lon="9.380040">
        <ele>449.482981</ele>
        <time>2025-04-15T19:09:21.648Z</time>
      </trkpt>
      <trkpt lat="49.079150" lon="9.380472">
        <ele>448.268104</ele>
        <time>2025-04-15T19:09:27.997Z</time>
      </trkpt>
      <trkpt lat="49.079232" lon="9.380843">
        <ele>447.171595</ele>
        <time>2025-04-15T19:09:33.513Z</time>
      </trkpt>
      <trkpt lat="49.079315" lon="9.381361">
        <ele>445.575645</ele>
        <time>2025-04-15T19:09:40.850Z</time>
      </trkpt>
      <trkpt lat="49.079419" lon="9.382002">
        <ele>443.419158</ele>
        <time>2025-04-15T19:09:49.872Z</time>
      </trkpt>
      <trkpt lat="49.079500" lon="9.382688">
        <ele>441.142879</ele>
        <time>2025-04-15T19:09:59.634Z</time>
      </trkpt>
      <trkpt lat="49.079599" lon="9.383829">
        <ele>437.384335</ele>
        <time>2025-04-15T19:10:18.438Z</time>
      </trkpt>
      <trkpt lat="49.079611" lon="9.384539">
        <ele>440.179792</ele>
        <time>2025-04-15T19:10:39.652Z</time>
      </trkpt>
      <trkpt lat="49.079726" lon="9.385424">
        <ele>443.891094</ele>
        <time>2025-04-15T19:11:16.705Z</time>
      </trkpt>
      <trkpt lat="49.079783" lon="9.385640">
        <ele>444.848983</ele>
        <time>2025-04-15T19:11:26.895Z</time>
      </trkpt>
      <trkpt lat="49.079878" lon="9.386385">
        <ele>447.970988</ele>
        <time>2025-04-15T19:11:59.501Z</time>
      </trkpt>
      <trkpt lat="49.079870" lon="9.386462">
        <ele>448.291678</ele>
        <time>2025-04-15T19:12:02.751Z</time>
      </trkpt>
      <trkpt lat="49.079858" lon="9.386627">
        <ele>448.898869</ele>
        <time>2025-04-15T19:12:09.601Z</time>
      </trkpt>
      <trkpt lat="49.079697" lon="9.387153">
        <ele>450.771631</ele>
        <time>2025-04-15T19:12:32.581Z</time>
      </trkpt>
      <trkpt lat="49.079435" lon="9.387855">
        <ele>453.377781</ele>
        <time>2025-04-15T19:13:00.525Z</time>
      </trkpt>
      <trkpt lat="49.079412" lon="9.387951">
        <ele>453.707503</ele>
        <time>2025-04-15T19:13:03.505Z</time>
      </trkpt>
      <trkpt lat="49.079376" lon="9.388096">
        <ele>454.207687</ele>
        <time>2025-04-15T19:13:07.857Z</time>
      </trkpt>
      <trkpt lat="49.079362" lon="9.388384">
        <ele>455.139216</ele>
        <time>2025-04-15T19:13:15.571Z</time>
      </trkpt>
      <trkpt lat="49.079411" lon="9.388799">
        <ele>456.499417</ele>
        <time>2025-04-15T19:13:26.510Z</time>
      </trkpt>
      <trkpt lat="49.079402" lon="9.388984">
        <ele>457.097797</ele>
        <time>2025-04-15T19:13:31.210Z</time>
      </trkpt>
      <trkpt lat="49.079240" lon="9.390025">
        <ele>458.240438</ele>
        <time>2025-04-15T19:13:57.320Z</time>
      </trkpt>
      <trkpt lat="49.079038" lon="9.390419">
        <ele>458.639807</ele>
        <time>2025-04-15T19:14:08.253Z</time>
      </trkpt>
      <trkpt lat="49.078849" lon="9.390656">
        <ele>458.937852</ele>
        <time>2025-04-15T19:14:16.027Z</time>
      </trkpt>
      <trkpt lat="49.078337" lon="9.391261">
        <ele>459.644795</ele>
        <time>2025-04-15T19:14:36.810Z</time>
      </trkpt>
      <trkpt lat="49.077942" lon="9.391808">
        <ele>459.302514</ele>
        <time>2025-04-15T19:14:54.464Z</time>
      </trkpt>
      <trkpt lat="49.077628" lon="9.392348">
        <ele>458.998943</ele>
        <time>2025-04-15T19:15:08.443Z</time>
      </trkpt>
      <trkpt lat="49.077554" lon="9.392481">
        <ele>458.925579</ele>
        <time>2025-04-15T19:15:11.704Z</time>
      </trkpt>
      <trkpt lat="49.077607" lon="9.392513">
        <ele>458.888999</ele>
        <time>2025-04-15T19:15:13.282Z</time>
      </trkpt>
      <trkpt lat="49.077646" lon="9.392537">
        <ele>458.862010</ele>
        <time>2025-04-15T19:15:14.459Z</time>
      </trkpt>
      <trkpt lat="49.077841" lon="9.392626">
        <ele>458.731381</ele>
        <time>2025-04-15T19:15:19.948Z</time>
      </trkpt>
      <trkpt lat="49.078246" lon="9.392711">
        <ele>458.165919</ele>
        <time>2025-04-15T19:15:30.524Z</time>
      </trkpt>
      <trkpt lat="49.078342" lon="9.392670">
        <ele>457.711670</ele>
        <time>2025-04-15T19:15:32.992Z</time>
      </trkpt>
      <trkpt lat="49.078708" lon="9.392375">
        <ele>455.825709</ele>
        <time>2025-04-15T19:15:42.856Z</time>
      </trkpt>
      <trkpt lat="49.079084" lon="9.392200">
        <ele>454.034496</ele>
        <time>2025-04-15T19:15:51.834Z</time>
      </trkpt>
      <trkpt lat="49.079206" lon="9.392110">
        <ele>453.417064</ele>
        <time>2025-04-15T19:15:54.945Z</time>
      </trkpt>
      <trkpt lat="49.079675" lon="9.391587">
        <ele>450.770518</ele>
        <time>2025-04-15T19:16:08.209Z</time>
      </trkpt>
      <trkpt lat="49.079961" lon="9.391209">
        <ele>448.804908</ele>
        <time>2025-04-15T19:16:16.744Z</time>
      </trkpt>
      <trkpt lat="49.080204" lon="9.390984">
        <ele>447.264388</ele>
        <time>2025-04-15T19:16:23.114Z</time>
      </trkpt>
      <trkpt lat="49.080348" lon="9.390806">
        <ele>446.260054</ele>
        <time>2025-04-15T19:16:27.217Z</time>
      </trkpt>
      <trkpt lat="49.080622" lon="9.390355">
        <ele>444.076027</ele>
        <time>2025-04-15T19:16:36.198Z</time>
      </trkpt>
      <trkpt lat="49.080982" lon="9.389850">
        <ele>441.425977</ele>
        <time>2025-04-15T19:16:47.361Z</time>
      </trkpt>
      <trkpt lat="49.081047" lon="9.389664">
        <ele>440.677483</ele>
        <time>2025-04-15T19:16:50.569Z</time>
      </trkpt>
      <trkpt lat="49.081092" lon="9.389303">
        <ele>440.119328</ele>
        <time>2025-04-15T19:16:56.263Z</time>
      </trkpt>
      <trkpt lat="49.081104" lon="9.388902">
        <ele>439.580676</ele>
        <time>2025-04-15T19:17:02.771Z</time>
      </trkpt>
      <trkpt lat="49.081090" lon="9.388581">
        <ele>439.148982</ele>
        <time>2025-04-15T19:17:08.264Z</time>
      </trkpt>
      <trkpt lat="49.080999" lon="9.387847">
        <ele>438.146560</ele>
        <time>2025-04-15T19:17:21.517Z</time>
      </trkpt>
      <trkpt lat="49.080791" lon="9.387035">
        <ele>436.976594</ele>
        <time>2025-04-15T19:17:37.812Z</time>
      </trkpt>
      <trkpt lat="49.080541" lon="9.385237">
        <ele>434.837898</ele>
        <time>2025-04-15T19:18:10.603Z</time>
      </trkpt>
      <trkpt lat="49.080344" lon="9.383274">
        <ele>428.818023</ele>
        <time>2025-04-15T19:18:43.138Z</time>
      </trkpt>
      <trkpt lat="49.080358" lon="9.382976">
        <ele>427.373412</ele>
        <time>2025-04-15T19:18:47.530Z</time>
      </trkpt>
      <trkpt lat="49.080408" lon="9.382736">
        <ele>426.155664</ele>
        <time>2025-04-15T19:18:51.118Z</time>
      </trkpt>
      <trkpt lat="49.080799" lon="9.381600">
        <ele>419.579205</ele>
        <time>2025-04-15T19:19:08.154Z</time>
      </trkpt>
      <trkpt lat="49.080941" lon="9.381315">
        <ele>416.515666</ele>
        <time>2025-04-15T19:19:12.720Z</time>
      </trkpt>
      <trkpt lat="49.081322" lon="9.380781">
        <ele>409.760155</ele>
        <time>2025-04-15T19:19:22.797Z</time>
      </trkpt>
      <trkpt lat="49.081704" lon="9.380460">
        <ele>404.064762</ele>
        <time>2025-04-15T19:19:31.349Z</time>
      </trkpt>
      <trkpt lat="49.081859" lon="9.380163">
        <ele>400.815926</ele>
        <time>2025-04-15T19:19:36.257Z</time>
      </trkpt>
      <trkpt lat="49.081969" lon="9.379802">
        <ele>397.409667</ele>
        <time>2025-04-15T19:19:41.430Z</time>
      </trkpt>
      <trkpt lat="49.082137" lon="9.379076">
        <ele>392.040507</ele>
        <time>2025-04-15T19:19:51.536Z</time>
      </trkpt>
      <trkpt lat="49.082390" lon="9.378149">
        <ele>385.159658</ele>
        <time>2025-04-15T19:20:04.972Z</time>
      </trkpt>
      <trkpt lat="49.082499" lon="9.377960">
        <ele>383.434237</ele>
        <time>2025-04-15T19:20:08.397Z</time>
      </trkpt>
      <trkpt lat="49.082640" lon="9.377919">
        <ele>381.932729</ele>
        <time>2025-04-15T19:20:11.417Z</time>
      </trkpt>
      <trkpt lat="49.082703" lon="9.377955">
        <ele>381.229043</ele>
        <time>2025-04-15T19:20:12.832Z</time>
      </trkpt>
      <trkpt lat="49.082774" lon="9.378038">
        <ele>380.293605</ele>
        <time>2025-04-15T19:20:14.690Z</time>
      </trkpt>
      <trkpt lat="49.082899" lon="9.378335">
        <ele>377.934965</ele>
        <time>2025-04-15T19:20:19.463Z</time>
      </trkpt>
      <trkpt lat="49.082939" lon="9.378531">
        <ele>376.867396</ele>
        <time>2025-04-15T19:20:22.269Z</time>
      </trkpt>
      <trkpt lat="49.082950" lon="9.378815">
        <ele>375.387962</ele>
        <time>2025-04-15T19:20:26.179Z</time>
      </trkpt>
      <trkpt lat="49.082898" lon="9.379351">
        <ele>372.570250</ele>
        <time>2025-04-15T19:20:33.774Z</time>
      </trkpt>
      <trkpt lat="49.082938" lon="9.379481">
        <ele>371.823343</ele>
        <time>2025-04-15T19:20:35.813Z</time>
      </trkpt>
      <trkpt lat="49.083008" lon="9.379554">
        <ele>371.150297</ele>
        <time>2025-04-15T19:20:37.660Z</time>
      </trkpt>
      <trkpt lat="49.083082" lon="9.379520">
        <ele>370.536737</ele>
        <time>2025-04-15T19:20:39.339Z</time>
      </trkpt>
      <trkpt lat="49.083314" lon="9.379055">
        <ele>367.496995</ele>
        <time>2025-04-15T19:20:47.692Z</time>
      </trkpt>
      <trkpt lat="49.083775" lon="9.377983">
        <ele>361.956065</ele>
        <time>2025-04-15T19:21:05.585Z</time>
      </trkpt>
      <trkpt lat="49.084105" lon="9.377453">
        <ele>359.575500</ele>
        <time>2025-04-15T19:21:16.276Z</time>
      </trkpt>
      <trkpt lat="49.084198" lon="9.377505">
        <ele>359.083236</ele>
        <time>2025-04-15T19:21:17.684Z</time>
      </trkpt>
      <trkpt lat="49.084342" lon="9.377475">
        <ele>358.360873</ele>
        <time>2025-04-15T19:21:19.754Z</time>
      </trkpt>
      <trkpt lat="49.084902" lon="9.376796">
        <ele>354.933722</ele>
        <time>2025-04-15T19:21:30.598Z</time>
      </trkpt>
      <trkpt lat="49.085412" lon="9.376296">
        <ele>355.850257</ele>
        <time>2025-04-15T19:21:43.731Z</time>
      </trkpt>
      <trkpt lat="49.085607" lon="9.376176">
        <ele>356.168192</ele>
        <time>2025-04-15T19:21:49.470Z</time>
      </trkpt>
      <trkpt lat="49.086152" lon="9.376084">
        <ele>356.997379</ele>
        <time>2025-04-15T19:22:06.430Z</time>
      </trkpt>
      <trkpt lat="49.086915" lon="9.375622">
        <ele>358.269927</ele>
        <time>2025-04-15T19:22:34.986Z</time>
      </trkpt>
      <trkpt lat="49.087254" lon="9.375484">
        <ele>358.827501</ele>
        <time>2025-04-15T19:22:45.062Z</time>
      </trkpt>
      <trkpt lat="49.086973" lon="9.375807">
        <ele>359.386477</ele>
        <time>2025-04-15T19:22:56.974Z</time>
      </trkpt>
      <trkpt lat="49.086554" lon="9.376138">
        <ele>360.136216</ele>
        <time>2025-04-15T19:23:10.692Z</time>
      </trkpt>
      <trkpt lat="49.085747" lon="9.376777">
        <ele>363.127053</ele>
        <time>2025-04-15T19:23:40.058Z</time>
      </trkpt>
      <trkpt lat="49.085581" lon="9.377171">
        <ele>364.301047</ele>
        <time>2025-04-15T19:23:50.836Z</time>
      </trkpt>
      <trkpt lat="49.085564" lon="9.377258">
        <ele>364.528561</ele>
        <time>2025-04-15T19:23:53.126Z</time>
      </trkpt>
      <trkpt lat="49.085545" lon="9.377356">
        <ele>364.784677</ele>
        <time>2025-04-15T19:23:55.856Z</time>
      </trkpt>
      <trkpt lat="49.085531" lon="9.377774">
        <ele>365.833529</ele>
        <time>2025-04-15T19:24:10.513Z</time>
      </trkpt>
      <trkpt lat="49.085592" lon="9.378181">
        <ele>366.879811</ele>
        <time>2025-04-15T19:24:26.089Z</time>
      </trkpt>
      <trkpt lat="49.085650" lon="9.378573">
        <ele>368.075784</ele>
        <time>2025-04-15T19:24:42.052Z</time>
      </trkpt>
      <trkpt lat="49.085711" lon="9.378770">
        <ele>368.819335</ele>
        <time>2025-04-15T19:24:50.953Z</time>
      </trkpt>
      <trkpt lat="49.085890" lon="9.379180">
        <ele>370.500693</ele>
        <time>2025-04-15T19:25:11.112Z</time>
      </trkpt>
      <trkpt lat="49.086099" lon="9.379852">
        <ele>373.039108</ele>
        <time>2025-04-15T19:25:37.748Z</time>
      </trkpt>
      <trkpt lat="49.086050" lon="9.380804">
        <ele>376.297533</ele>
        <time>2025-04-15T19:26:03.228Z</time>
      </trkpt>
      <trkpt lat="49.085990" lon="9.381351">
        <ele>377.752753</ele>
        <time>2025-04-15T19:26:16.363Z</time>
      </trkpt>
      <trkpt lat="49.086040" lon="9.381925">
        <ele>379.134570</ele>
        <time>2025-04-15T19:26:31.648Z</time>
      </trkpt>
      <trkpt lat="49.086082" lon="9.382220">
        <ele>379.854979</ele>
        <time>2025-04-15T19:26:40.411Z</time>
      </trkpt>
      <trkpt lat="49.086081" lon="9.382467">
        <ele>380.444414</ele>
        <time>2025-04-15T19:26:48.336Z</time>
      </trkpt>
      <trkpt lat="49.085993" lon="9.383088">
        <ele>381.960617</ele>
        <time>2025-04-15T19:27:09.836Z</time>
      </trkpt>
      <trkpt lat="49.085814" lon="9.383761">
        <ele>382.792266</ele>
        <time>2025-04-15T19:27:32.055Z</time>
      </trkpt>
      <trkpt lat="49.085611" lon="9.384231">
        <ele>381.142210</ele>
        <time>2025-04-15T19:27:48.565Z</time>
      </trkpt>
      <trkpt lat="49.085529" lon="9.384626">
        <ele>379.927773</ele>
        <time>2025-04-15T19:27:57.242Z</time>
      </trkpt>
      <trkpt lat="49.085518" lon="9.384874">
        <ele>379.199265</ele>
        <time>2025-04-15T19:28:01.334Z</time>
      </trkpt>
      <trkpt lat="49.085543" lon="9.385110">
        <ele>378.498602</ele>
        <time>2025-04-15T19:28:04.919Z</time>
      </trkpt>
      <trkpt lat="49.085781" lon="9.385807">
        <ele>376.194853</ele>
        <time>2025-04-15T19:28:15.459Z</time>
      </trkpt>
      <trkpt lat="49.085932" lon="9.385967">
        <ele>375.372359</ele>
        <time>2025-04-15T19:28:19.006Z</time>
      </trkpt>
      <trkpt lat="49.086034" lon="9.386157">
        <ele>373.867411</ele>
        <time>2025-04-15T19:28:22.101Z</time>
      </trkpt>
      <trkpt lat="49.086172" lon="9.386318">
        <ele>372.052825</ele>
        <time>2025-04-15T19:28:25.440Z</time>
      </trkpt>
      <trkpt lat="49.086461" lon="9.386508">
        <ele>368.765255</ele>
        <time>2025-04-15T19:28:31.575Z</time>
      </trkpt>
      <trkpt lat="49.086929" lon="9.386610">
        <ele>363.825883</ele>
        <time>2025-04-15T19:28:40.979Z</time>
      </trkpt>
      <trkpt lat="49.087119" lon="9.386541">
        <ele>361.785328</ele>
        <time>2025-04-15T19:28:45.016Z</time>
      </trkpt>
      <trkpt lat="49.087122" lon="9.386280">
        <ele>359.999105</ele>
        <time>2025-04-15T19:28:48.695Z</time>
      </trkpt>
      <trkpt lat="49.086958" lon="9.385655">
        <ele>356.378080</ele>
        <time>2025-04-15T19:28:58.702Z</time>
      </trkpt>
      <trkpt lat="49.086913" lon="9.385287">
        <ele>356.209416</ele>
        <time>2025-04-15T19:29:04.681Z</time>
      </trkpt>
      <trkpt lat="49.087131" lon="9.384773">
        <ele>355.933518</ele>
        <time>2025-04-15T19:29:15.707Z</time>
      </trkpt>
      <trkpt lat="49.087240" lon="9.384606">
        <ele>355.827293</ele>
        <time>2025-04-15T19:29:20.260Z</time>
      </trkpt>
      <trkpt lat="49.087456" lon="9.384170">
        <ele>355.580986</ele>
        <time>2025-04-15T19:29:31.261Z</time>
      </trkpt>
      <trkpt lat="49.087777" lon="9.383578">
        <ele>355.234716</ele>
        <time>2025-04-15T19:29:49.343Z</time>
      </trkpt>
      <trkpt lat="49.088208" lon="9.383076">
        <ele>357.188590</ele>
        <time>2025-04-15T19:30:12.751Z</time>
      </trkpt>
      <trkpt lat="49.088404" lon="9.382992">
        <ele>357.983766</ele>
        <time>2025-04-15T19:30:22.894Z</time>
      </trkpt>
      <trkpt lat="49.088623" lon="9.382849">
        <ele>358.914130</ele>
        <time>2025-04-15T19:30:34.909Z</time>
      </trkpt>
      <trkpt lat="49.088882" lon="9.382837">
        <ele>359.926272</ele>
        <time>2025-04-15T19:30:47.938Z</time>
      </trkpt>
      <trkpt lat="49.089067" lon="9.382936">
        <ele>360.691988</ele>
        <time>2025-04-15T19:30:57.505Z</time>
      </trkpt>
      <trkpt lat="49.089196" lon="9.383090">
        <ele>361.331587</ele>
        <time>2025-04-15T19:31:05.302Z</time>
      </trkpt>
      <trkpt lat="49.089656" lon="9.383495">
        <ele>362.966718</ele>
        <time>2025-04-15T19:31:28.590Z</time>
      </trkpt>
      <trkpt lat="49.090433" lon="9.384799">
        <ele>365.784237</ele>
        <time>2025-04-15T19:32:12.521Z</time>
      </trkpt>
      <trkpt lat="49.090892" lon="9.386078">
        <ele>367.444295</ele>
        <time>2025-04-15T19:32:48.051Z</time>
      </trkpt>
      <trkpt lat="49.090973" lon="9.386230">
        <ele>367.616471</ele>
        <time>2025-04-15T19:32:52.689Z</time>
      </trkpt>
      <trkpt lat="49.091054" lon="9.386382">
        <ele>367.788648</ele>
        <time>2025-04-15T19:32:57.110Z</time>
      </trkpt>
      <trkpt lat="49.091177" lon="9.386513">
        <ele>367.989844</ele>
        <time>2025-04-15T19:33:02.291Z</time>
      </trkpt>
      <trkpt lat="49.091466" lon="9.386731">
        <ele>368.422308</ele>
        <time>2025-04-15T19:33:13.289Z</time>
      </trkpt>
      <trkpt lat="49.091596" lon="9.386956">
        <ele>368.685934</ele>
        <time>2025-04-15T19:33:19.894Z</time>
      </trkpt>
      <trkpt lat="49.091661" lon="9.387205">
        <ele>368.921443</ele>
        <time>2025-04-15T19:33:25.700Z</time>
      </trkpt>
      <trkpt lat="49.091717" lon="9.387272">
        <ele>369.016889</ele>
        <time>2025-04-15T19:33:28.028Z</time>
      </trkpt>
      <trkpt lat="49.091831" lon="9.387257">
        <ele>369.021210</ele>
        <time>2025-04-15T19:33:31.681Z</time>
      </trkpt>
      <trkpt lat="49.091911" lon="9.387196">
        <ele>369.005572</ele>
        <time>2025-04-15T19:33:34.612Z</time>
      </trkpt>
      <trkpt lat="49.092033" lon="9.386723">
        <ele>368.947350</ele>
        <time>2025-04-15T19:33:45.114Z</time>
      </trkpt>
      <trkpt lat="49.092103" lon="9.386540">
        <ele>368.923078</ele>
        <time>2025-04-15T19:33:49.392Z</time>
      </trkpt>
      <trkpt lat="49.092135" lon="9.386182">
        <ele>368.881697</ele>
        <time>2025-04-15T19:33:56.307Z</time>
      </trkpt>
      <trkpt lat="49.092053" lon="9.385377">
        <ele>368.788394</ele>
        <time>2025-04-15T19:34:11.306Z</time>
      </trkpt>
      <trkpt lat="49.092034" lon="9.385125">
        <ele>368.759343</ele>
        <time>2025-04-15T19:34:15.919Z</time>
      </trkpt>
      <trkpt lat="49.091949" lon="9.383629">
        <ele>368.943364</ele>
        <time>2025-04-15T19:34:33.742Z</time>
      </trkpt>
      <trkpt lat="49.091758" lon="9.382800">
        <ele>369.105245</ele>
        <time>2025-04-15T19:34:46.797Z</time>
      </trkpt>
      <trkpt lat="49.091794" lon="9.382375">
        <ele>369.184184</ele>
        <time>2025-04-15T19:34:54.546Z</time>
      </trkpt>
      <trkpt lat="49.091958" lon="9.381842">
        <ele>369.370474</ele>
        <time>2025-04-15T19:35:04.297Z</time>
      </trkpt>
      <trkpt lat="49.092330" lon="9.381283">
        <ele>369.698982</ele>
        <time>2025-04-15T19:35:16.997Z</time>
      </trkpt>
      <trkpt lat="49.092395" lon="9.381291">
        <ele>369.740029</ele>
        <time>2025-04-15T19:35:18.773Z</time>
      </trkpt>
      <trkpt lat="49.092545" lon="9.381085">
        <ele>369.867010</ele>
        <time>2025-04-15T19:35:22.620Z</time>
      </trkpt>
      <trkpt lat="49.092755" lon="9.380887">
        <ele>370.022358</ele>
        <time>2025-04-15T19:35:27.548Z</time>
      </trkpt>
      <trkpt lat="49.092968" lon="9.380737">
        <ele>370.169999</ele>
        <time>2025-04-15T19:35:31.684Z</time>
      </trkpt>
      <trkpt lat="49.093298" lon="9.380603">
        <ele>370.423969</ele>
        <time>2025-04-15T19:35:37.106Z</time>
      </trkpt>
      <trkpt lat="49.093504" lon="9.380565">
        <ele>370.776306</ele>
        <time>2025-04-15T19:35:40.521Z</time>
      </trkpt>
      <trkpt lat="49.093741" lon="9.380576">
        <ele>371.178925</ele>
        <time>2025-04-15T19:35:45.490Z</time>
      </trkpt>
      <trkpt lat="49.093958" lon="9.380634">
        <ele>371.552998</ele>
        <time>2025-04-15T19:35:50.667Z</time>
      </trkpt>
      <trkpt lat="49.094070" lon="9.380612">
        <ele>371.744744</ele>
        <time>2025-04-15T19:35:54.122Z</time>
      </trkpt>
      <trkpt lat="49.094240" lon="9.380487">
        <ele>372.065126</ele>
        <time>2025-04-15T19:35:59.924Z</time>
      </trkpt>
      <trkpt lat="49.094341" lon="9.380748">
        <ele>372.402219</ele>
        <time>2025-04-15T19:36:05.891Z</time>
      </trkpt>
      <trkpt lat="49.094527" lon="9.381081">
        <ele>372.888885</ele>
        <time>2025-04-15T19:36:13.811Z</time>
      </trkpt>
      <trkpt lat="49.094657" lon="9.381298">
        <ele>373.215908</ele>
        <time>2025-04-15T19:36:19.269Z</time>
      </trkpt>
      <trkpt lat="49.094605" lon="9.381438">
        <ele>373.394871</ele>
        <time>2025-04-15T19:36:22.226Z</time>
      </trkpt>
      <trkpt lat="49.094601" lon="9.381661">
        <ele>373.669073</ele>
        <time>2025-04-15T19:36:26.094Z</time>
      </trkpt>
      <trkpt lat="49.094602" lon="9.381718">
        <ele>373.739784</ele>
        <time>2025-04-15T19:36:27.239Z</time>
      </trkpt>
      <trkpt lat="49.094830" lon="9.382450">
        <ele>374.745007</ele>
        <time>2025-04-15T19:36:41.958Z</time>
      </trkpt>
      <trkpt lat="49.094753" lon="9.382625">
        <ele>375.006468</ele>
        <time>2025-04-15T19:36:45.425Z</time>
      </trkpt>
      <trkpt lat="49.094271" lon="9.383779">
        <ele>376.703901</ele>
        <time>2025-04-15T19:37:05.882Z</time>
      </trkpt>
      <trkpt lat="49.094218" lon="9.383968">
        <ele>377.159240</ele>
        <time>2025-04-15T19:37:09.346Z</time>
      </trkpt>
      <trkpt lat="49.094213" lon="9.384220">
        <ele>377.931037</ele>
        <time>2025-04-15T19:37:13.819Z</time>
      </trkpt>
      <trkpt lat="49.094338" lon="9.384547">
        <ele>379.090164</ele>
        <time>2025-04-15T19:37:21.174Z</time>
      </trkpt>
      <trkpt lat="49.094641" lon="9.384926">
        <ele>380.921193</ele>
        <time>2025-04-15T19:37:34.581Z</time>
      </trkpt>
      <trkpt lat="49.094790" lon="9.385065">
        <ele>381.737455</ele>
        <time>2025-04-15T19:37:41.140Z</time>
      </trkpt>
      <trkpt lat="49.094778" lon="9.385136">
        <ele>381.961927</ele>
        <time>2025-04-15T19:37:43.039Z</time>
      </trkpt>
      <trkpt lat="49.094809" lon="9.385282">
        <ele>382.431778</ele>
        <time>2025-04-15T19:37:46.989Z</time>
      </trkpt>
      <trkpt lat="49.095068" lon="9.385880">
        <ele>384.626608</ele>
        <time>2025-04-15T19:38:07.252Z</time>
      </trkpt>
      <trkpt lat="49.095211" lon="9.386328">
        <ele>387.168138</ele>
        <time>2025-04-15T19:38:23.078Z</time>
      </trkpt>
      <trkpt lat="49.095353" lon="9.386995">
        <ele>391.682826</ele>
        <time>2025-04-15T19:38:47.979Z</time>
      </trkpt>
      <trkpt lat="49.095345" lon="9.387237">
        <ele>393.242556</ele>
        <time>2025-04-15T19:38:56.447Z</time>
      </trkpt>
      <trkpt lat="49.095345" lon="9.387241">
        <ele>393.268304</ele>
        <time>2025-04-15T19:38:56.594Z</time>
      </trkpt>
      <trkpt lat="49.095369" lon="9.387674">
        <ele>396.065477</ele>
        <time>2025-04-15T19:39:12.798Z</time>
      </trkpt>
      <trkpt lat="49.095433" lon="9.388254">
        <ele>399.851554</ele>
        <time>2025-04-15T19:39:37.247Z</time>
      </trkpt>
      <trkpt lat="49.095433" lon="9.388548">
        <ele>401.744019</ele>
        <time>2025-04-15T19:39:50.611Z</time>
      </trkpt>
      <trkpt lat="49.095374" lon="9.388887">
        <ele>403.767660</ele>
        <time>2025-04-15T19:40:07.388Z</time>
      </trkpt>
      <trkpt lat="49.094757" lon="9.390323">
        <ele>412.446201</ele>
        <time>2025-04-15T19:41:27.822Z</time>
      </trkpt>
      <trkpt lat="49.094681" lon="9.390501">
        <ele>413.519928</ele>
        <time>2025-04-15T19:41:35.232Z</time>
      </trkpt>
      <trkpt lat="49.094532" lon="9.391276">
        <ele>416.605303</ele>
        <time>2025-04-15T19:41:55.467Z</time>
      </trkpt>
      <trkpt lat="49.094516" lon="9.392181">
        <ele>415.550483</ele>
        <time>2025-04-15T19:42:09.844Z</time>
      </trkpt>
      <trkpt lat="49.094308" lon="9.393263">
        <ele>414.236614</ele>
        <time>2025-04-15T19:42:27.459Z</time>
      </trkpt>
      <trkpt lat="49.094329" lon="9.394411">
        <ele>413.597875</ele>
        <time>2025-04-15T19:42:48.912Z</time>
      </trkpt>
      <trkpt lat="49.094481" lon="9.395429">
        <ele>413.608966</ele>
        <time>2025-04-15T19:43:12.185Z</time>
      </trkpt>
      <trkpt lat="49.094485" lon="9.395883">
        <ele>413.613789</ele>
        <time>2025-04-15T19:43:22.066Z</time>
      </trkpt>
      <trkpt lat="49.094558" lon="9.396304">
        <ele>413.618415</ele>
        <time>2025-04-15T19:43:31.198Z</time>
      </trkpt>
      <trkpt lat="49.094652" lon="9.396467">
        <ele>413.620722</ele>
        <time>2025-04-15T19:43:35.404Z</time>
      </trkpt>
      <trkpt lat="49.094844" lon="9.396542">
        <ele>412.772867</ele>
        <time>2025-04-15T19:43:40.907Z</time>
      </trkpt>
      <trkpt lat="49.095174" lon="9.396868">
        <ele>411.085252</ele>
        <time>2025-04-15T19:43:50.969Z</time>
      </trkpt>
      <trkpt lat="49.095299" lon="9.396933">
        <ele>410.518250</ele>
        <time>2025-04-15T19:43:54.151Z</time>
      </trkpt>
      <trkpt lat="49.095498" lon="9.396910">
        <ele>409.661316</ele>
        <time>2025-04-15T19:43:58.891Z</time>
      </trkpt>
      <trkpt lat="49.095558" lon="9.396843">
        <ele>409.342156</ele>
        <time>2025-04-15T19:44:00.583Z</time>
      </trkpt>
      <trkpt lat="49.095596" lon="9.396937">
        <ele>409.031549</ele>
        <time>2025-04-15T19:44:01.648Z</time>
      </trkpt>
      <trkpt lat="49.095700" lon="9.397026">
        <ele>408.519650</ele>
        <time>2025-04-15T19:44:03.325Z</time>
      </trkpt>
      <trkpt lat="49.095764" lon="9.397113">
        <ele>408.151741</ele>
        <time>2025-04-15T19:44:05.232Z</time>
      </trkpt>
      <trkpt lat="49.095748" lon="9.397353">
        <ele>407.473458</ele>
        <time>2025-04-15T19:44:08.713Z</time>
      </trkpt>
      <trkpt lat="49.095630" lon="9.397588">
        <ele>406.640810</ele>
        <time>2025-04-15T19:44:12.937Z</time>
      </trkpt>
      <trkpt lat="49.095484" lon="9.398045">
        <ele>404.605396</ele>
        <time>2025-04-15T19:44:20.110Z</time>
      </trkpt>
      <trkpt lat="49.095312" lon="9.398358">
        <ele>402.442666</ele>
        <time>2025-04-15T19:44:25.863Z</time>
      </trkpt>
      <trkpt lat="49.095059" lon="9.398968">
        <ele>398.620865</ele>
        <time>2025-04-15T19:44:36.002Z</time>
      </trkpt>
      <trkpt lat="49.094761" lon="9.399427">
        <ele>395.199720</ele>
        <time>2025-04-15T19:44:44.999Z</time>
      </trkpt>
      <trkpt lat="49.094555" lon="9.399634">
        <ele>393.206479</ele>
        <time>2025-04-15T19:44:50.167Z</time>
      </trkpt>
      <trkpt lat="49.094500" lon="9.399898">
        <ele>391.740134</ele>
        <time>2025-04-15T19:44:53.952Z</time>
      </trkpt>
      <trkpt lat="49.094438" lon="9.400034">
        <ele>390.873853</ele>
        <time>2025-04-15T19:44:56.231Z</time>
      </trkpt>
      <trkpt lat="49.094421" lon="9.400210">
        <ele>389.952775</ele>
        <time>2025-04-15T19:44:58.669Z</time>
      </trkpt>
      <trkpt lat="49.094610" lon="9.400377">
        <ele>388.226316</ele>
        <time>2025-04-15T19:45:03.258Z</time>
      </trkpt>
      <trkpt lat="49.094920" lon="9.400558">
        <ele>385.602230</ele>
        <time>2025-04-15T19:45:10.239Z</time>
      </trkpt>
      <trkpt lat="49.095320" lon="9.400876">
        <ele>382.036709</ele>
        <time>2025-04-15T19:45:19.730Z</time>
      </trkpt>
      <trkpt lat="49.095517" lon="9.400887">
        <ele>380.478062</ele>
        <time>2025-04-15T19:45:23.925Z</time>
      </trkpt>
      <trkpt lat="49.096375" lon="9.401101">
        <ele>375.526144</ele>
        <time>2025-04-15T19:45:43.329Z</time>
      </trkpt>
      <trkpt lat="49.096721" lon="9.401137">
        <ele>374.275519</ele>
        <time>2025-04-15T19:45:51.908Z</time>
      </trkpt>
      <trkpt lat="49.096857" lon="9.401308">
        <ele>373.640253</ele>
        <time>2025-04-15T19:45:56.356Z</time>
      </trkpt>
      <trkpt lat="49.097134" lon="9.401474">
        <ele>372.567194</ele>
        <time>2025-04-15T19:46:03.935Z</time>
      </trkpt>
      <trkpt lat="49.097380" lon="9.401570">
        <ele>371.651575</ele>
        <time>2025-04-15T19:46:10.451Z</time>
      </trkpt>
      <trkpt lat="49.097633" lon="9.401817">
        <ele>370.570939</ele>
        <time>2025-04-15T19:46:18.102Z</time>
      </trkpt>
      <trkpt lat="49.097879" lon="9.402203">
        <ele>369.332959</ele>
        <time>2025-04-15T19:46:27.181Z</time>
      </trkpt>
      <trkpt lat="49.098152" lon="9.402815">
        <ele>367.631024</ele>
        <time>2025-04-15T19:46:39.879Z</time>
      </trkpt>
      <trkpt lat="49.098272" lon="9.403223">
        <ele>366.603077</ele>
        <time>2025-04-15T19:46:46.974Z</time>
      </trkpt>
      <trkpt lat="49.098321" lon="9.403469">
        <ele>366.012124</ele>
        <time>2025-04-15T19:46:50.949Z</time>
      </trkpt>
      <trkpt lat="49.098230" lon="9.403839">
        <ele>365.103759</ele>
        <time>2025-04-15T19:46:56.890Z</time>
      </trkpt>
      <trkpt lat="49.098304" lon="9.403707">
        <ele>364.704384</ele>
        <time>2025-04-15T19:46:59.470Z</time>
      </trkpt>
      <trkpt lat="49.098259" lon="9.404089">
        <ele>363.649550</ele>
        <time>2025-04-15T19:47:03.006Z</time>
      </trkpt>
      <trkpt lat="49.098077" lon="9.404848">
        <ele>361.216702</ele>
        <time>2025-04-15T19:47:10.397Z</time>
      </trkpt>
      <trkpt lat="49.097888" lon="9.405450">
        <ele>359.207245</ele>
        <time>2025-04-15T19:47:16.596Z</time>
      </trkpt>
      <trkpt lat="49.097733" lon="9.405711">
        <ele>358.146680</ele>
        <time>2025-04-15T19:47:19.957Z</time>
      </trkpt>
      <trkpt lat="49.097561" lon="9.405772">
        <ele>357.334987</ele>
        <time>2025-04-15T19:47:22.617Z</time>
      </trkpt>
      <trkpt lat="49.096815" lon="9.405669">
        <ele>354.784366</ele>
        <time>2025-04-15T19:47:34.897Z</time>
      </trkpt>
      <trkpt lat="49.096261" lon="9.405785">
        <ele>353.267171</ele>
        <time>2025-04-15T19:47:44.540Z</time>
      </trkpt>
      <trkpt lat="49.096010" lon="9.405961">
        <ele>352.517797</ele>
        <time>2025-04-15T19:47:48.921Z</time>
      </trkpt>
      <trkpt lat="49.095965" lon="9.406106">
        <ele>352.232718</ele>
        <time>2025-04-15T19:47:50.521Z</time>
      </trkpt>
      <trkpt lat="49.096008" lon="9.406226">
        <ele>351.989689</ele>
        <time>2025-04-15T19:47:51.880Z</time>
      </trkpt>
      <trkpt lat="49.096146" lon="9.406301">
        <ele>351.592261</ele>
        <time>2025-04-15T19:47:54.058Z</time>
      </trkpt>
      <trkpt lat="49.096752" lon="9.406246">
        <ele>350.359839</ele>
        <time>2025-04-15T19:48:03.025Z</time>
      </trkpt>
      <trkpt lat="49.096827" lon="9.406255">
        <ele>350.223719</ele>
        <time>2025-04-15T19:48:03.996Z</time>
      </trkpt>
      <trkpt lat="49.096925" lon="9.406329">
        <ele>350.025913</ele>
        <time>2025-04-15T19:48:05.425Z</time>
      </trkpt>
      <trkpt lat="49.097015" lon="9.406435">
        <ele>349.820272</ele>
        <time>2025-04-15T19:48:06.930Z</time>
      </trkpt>
      <trkpt lat="49.097059" lon="9.406530">
        <ele>349.682412</ele>
        <time>2025-04-15T19:48:07.924Z</time>
      </trkpt>
      <trkpt lat="49.097942" lon="9.408255">
        <ele>351.411020</ele>
        <time>2025-04-15T19:48:32.911Z</time>
      </trkpt>
      <trkpt lat="49.098006" lon="9.408878">
        <ele>354.475809</ele>
        <time>2025-04-15T19:48:48.766Z</time>
      </trkpt>
      <trkpt lat="49.097798" lon="9.409068">
        <ele>356.274743</ele>
        <time>2025-04-15T19:49:01.324Z</time>
      </trkpt>
      <trkpt lat="49.097662" lon="9.409312">
        <ele>357.832044</ele>
        <time>2025-04-15T19:49:14.371Z</time>
      </trkpt>
      <trkpt lat="49.097624" lon="9.409747">
        <ele>359.964870</ele>
        <time>2025-04-15T19:49:35.143Z</time>
      </trkpt>
      <trkpt lat="49.097346" lon="9.409796">
        <ele>362.727875</ele>
        <time>2025-04-15T19:49:57.201Z</time>
      </trkpt>
      <trkpt lat="49.097161" lon="9.409986">
        <ele>365.883615</ele>
        <time>2025-04-15T19:50:15.592Z</time>
      </trkpt>
      <trkpt lat="49.096885" lon="9.410424">
        <ele>371.517749</ele>
        <time>2025-04-15T19:50:48.347Z</time>
      </trkpt>
      <trkpt lat="49.096379" lon="9.411244">
        <ele>381.961141</ele>
        <time>2025-04-15T19:51:55.210Z</time>
      </trkpt>
      <trkpt lat="49.096176" lon="9.411377">
        <ele>385.087887</ele>
        <time>2025-04-15T19:52:13.771Z</time>
      </trkpt>
      <trkpt lat="49.096131" lon="9.411468">
        <ele>386.144838</ele>
        <time>2025-04-15T19:52:19.481Z</time>
      </trkpt>
      <trkpt lat="49.096047" lon="9.411662">
        <ele>387.318944</ele>
        <time>2025-04-15T19:52:31.194Z</time>
      </trkpt>
      <trkpt lat="49.095784" lon="9.412015">
        <ele>389.145951</ele>
        <time>2025-04-15T19:52:56.061Z</time>
      </trkpt>
      <trkpt lat="49.095144" lon="9.412557">
        <ele>392.964554</ele>
        <time>2025-04-15T19:53:28.672Z</time>
      </trkpt>
      <trkpt lat="49.095144" lon="9.412557">
        <ele>392.964554</ele>
        <time>2025-04-15T19:53:28.684Z</time>
      </trkpt>
      <trkpt lat="49.095077" lon="9.412820">
        <ele>393.928774</ele>
        <time>2025-04-15T19:53:35.805Z</time>
      </trkpt>
      <trkpt lat="49.095095" lon="9.412950">
        <ele>394.382775</ele>
        <time>2025-04-15T19:53:39.064Z</time>
      </trkpt>
      <trkpt lat="49.095166" lon="9.413135">
        <ele>395.115444</ele>
        <time>2025-04-15T19:53:44.249Z</time>
      </trkpt>
      <trkpt lat="49.095435" lon="9.413467">
        <ele>396.012213</ele>
        <time>2025-04-15T19:53:56.079Z</time>
      </trkpt>
      <trkpt lat="49.095469" lon="9.413745">
        <ele>395.866593</ele>
        <time>2025-04-15T19:54:01.844Z</time>
      </trkpt>
      <trkpt lat="49.095443" lon="9.414188">
        <ele>395.637573</ele>
        <time>2025-04-15T19:54:10.108Z</time>
      </trkpt>
      <trkpt lat="49.095228" lon="9.415947">
        <ele>394.714139</ele>
        <time>2025-04-15T19:54:42.425Z</time>
      </trkpt>
      <trkpt lat="49.095267" lon="9.416146">
        <ele>394.197426</ele>
        <time>2025-04-15T19:54:45.821Z</time>
      </trkpt>
      <trkpt lat="49.095354" lon="9.416173">
        <ele>393.860167</ele>
        <time>2025-04-15T19:54:47.978Z</time>
      </trkpt>
      <trkpt lat="49.095405" lon="9.416144">
        <ele>393.653430</ele>
        <time>2025-04-15T19:54:49.272Z</time>
      </trkpt>
      <trkpt lat="49.095436" lon="9.416068">
        <ele>393.430699</ele>
        <time>2025-04-15T19:54:50.658Z</time>
      </trkpt>
      <trkpt lat="49.095471" lon="9.416102">
        <ele>393.273118</ele>
        <time>2025-04-15T19:54:51.200Z</time>
      </trkpt>
      <trkpt lat="49.095542" lon="9.416099">
        <ele>393.003294</ele>
        <time>2025-04-15T19:54:52.112Z</time>
      </trkpt>
      <trkpt lat="49.095746" lon="9.415791">
        <ele>391.913537</ele>
        <time>2025-04-15T19:54:55.707Z</time>
      </trkpt>
      <trkpt lat="49.096210" lon="9.415480">
        <ele>389.988563</ele>
        <time>2025-04-15T19:55:01.867Z</time>
      </trkpt>
      <trkpt lat="49.096601" lon="9.415121">
        <ele>388.255427</ele>
        <time>2025-04-15T19:55:07.601Z</time>
      </trkpt>
      <trkpt lat="49.097381" lon="9.414511">
        <ele>393.553302</ele>
        <time>2025-04-15T19:55:27.992Z</time>
      </trkpt>
      <trkpt lat="49.097508" lon="9.414440">
        <ele>394.538171</ele>
        <time>2025-04-15T19:55:34.509Z</time>
      </trkpt>
      <trkpt lat="49.097605" lon="9.414449">
        <ele>395.245856</ele>
        <time>2025-04-15T19:55:39.795Z</time>
      </trkpt>
      <trkpt lat="49.097660" lon="9.414495">
        <ele>395.702509</ele>
        <time>2025-04-15T19:55:43.338Z</time>
      </trkpt>
      <trkpt lat="49.097756" lon="9.414668">
        <ele>396.783810</ele>
        <time>2025-04-15T19:55:52.493Z</time>
      </trkpt>
      <trkpt lat="49.097792" lon="9.414808">
        <ele>397.500996</ele>
        <time>2025-04-15T19:55:59.051Z</time>
      </trkpt>
      <trkpt lat="49.097809" lon="9.414964">
        <ele>398.255072</ele>
        <time>2025-04-15T19:56:06.302Z</time>
      </trkpt>
      <trkpt lat="49.097825" lon="9.415121">
        <ele>399.012697</ele>
        <time>2025-04-15T19:56:13.901Z</time>
      </trkpt>
      <trkpt lat="49.097874" lon="9.415894">
        <ele>404.619110</ele>
        <time>2025-04-15T19:56:56.801Z</time>
      </trkpt>
      <trkpt lat="49.097839" lon="9.416379">
        <ele>409.500085</ele>
        <time>2025-04-15T19:57:26.533Z</time>
      </trkpt>
      <trkpt lat="49.097714" lon="9.417141">
        <ele>417.358188</ele>
        <time>2025-04-15T19:58:13.637Z</time>
      </trkpt>
      <trkpt lat="49.097725" lon="9.418220">
        <ele>428.153080</ele>
        <time>2025-04-15T19:59:07.899Z</time>
      </trkpt>
      <trkpt lat="49.097651" lon="9.419552">
        <ele>433.851584</ele>
        <time>2025-04-15T19:59:46.595Z</time>
      </trkpt>
      <trkpt lat="49.097662" lon="9.419643">
        <ele>434.233533</ele>
        <time>2025-04-15T19:59:48.436Z</time>
      </trkpt>
      <trkpt lat="49.097761" lon="9.419796">
        <ele>435.121375</ele>
        <time>2025-04-15T19:59:52.871Z</time>
      </trkpt>
      <trkpt lat="49.098248" lon="9.419797">
        <ele>438.191291</ele>
        <time>2025-04-15T20:00:08.525Z</time>
      </trkpt>
      <trkpt lat="49.098343" lon="9.419863">
        <ele>438.849192</ele>
        <time>2025-04-15T20:00:12.288Z</time>
      </trkpt>
      <trkpt lat="49.098372" lon="9.419934">
        <ele>439.194584</ele>
        <time>2025-04-15T20:00:14.199Z</time>
      </trkpt>
      <trkpt lat="49.098396" lon="9.420127">
        <ele>439.950107</ele>
        <time>2025-04-15T20:00:18.817Z</time>
      </trkpt>
      <trkpt lat="49.098229" lon="9.421514">
        <ele>444.209292</ele>
        <time>2025-04-15T20:00:56.598Z</time>
      </trkpt>
      <trkpt lat="49.098222" lon="9.422076">
        <ele>445.906927</ele>
        <time>2025-04-15T20:01:12.710Z</time>
      </trkpt>
      <trkpt lat="49.098251" lon="9.422474">
        <ele>447.116369</ele>
        <time>2025-04-15T20:01:22.004Z</time>
      </trkpt>
      <trkpt lat="49.098328" lon="9.422730">
        <ele>447.967204</ele>
        <time>2025-04-15T20:01:27.339Z</time>
      </trkpt>
      <trkpt lat="49.098919" lon="9.423367">
        <ele>448.902715</ele>
        <time>2025-04-15T20:01:40.905Z</time>
      </trkpt>
      <trkpt lat="49.099030" lon="9.423433">
        <ele>449.040938</ele>
        <time>2025-04-15T20:01:42.780Z</time>
      </trkpt>
      <trkpt lat="49.099310" lon="9.423491">
        <ele>449.368829</ele>
        <time>2025-04-15T20:01:47.391Z</time>
      </trkpt>
      <trkpt lat="49.099478" lon="9.423547">
        <ele>449.568367</ele>
        <time>2025-04-15T20:01:50.461Z</time>
      </trkpt>
      <trkpt lat="49.099809" lon="9.423657">
        <ele>449.961452</ele>
        <time>2025-04-15T20:01:58.005Z</time>
      </trkpt>
      <trkpt lat="49.099969" lon="9.423719">
        <ele>450.153000</ele>
        <time>2025-04-15T20:02:02.371Z</time>
      </trkpt>
      <trkpt lat="49.100018" lon="9.423780">
        <ele>450.378591</ele>
        <time>2025-04-15T20:02:04.174Z</time>
      </trkpt>
      <trkpt lat="49.100170" lon="9.424188">
        <ele>451.982070</ele>
        <time>2025-04-15T20:02:13.806Z</time>
      </trkpt>
      <trkpt lat="49.100213" lon="9.424419">
        <ele>452.802398</ele>
        <time>2025-04-15T20:02:19.345Z</time>
      </trkpt>
      <trkpt lat="49.100258" lon="9.425467">
        <ele>456.389880</ele>
        <time>2025-04-15T20:02:47.290Z</time>
      </trkpt>
      <trkpt lat="49.100326" lon="9.425838">
        <ele>457.705872</ele>
        <time>2025-04-15T20:02:58.572Z</time>
      </trkpt>
      <trkpt lat="49.100583" lon="9.427054">
        <ele>462.344718</ele>
        <time>2025-04-15T20:03:37.398Z</time>
      </trkpt>
      <trkpt lat="49.100846" lon="9.428446">
        <ele>467.835375</ele>
        <time>2025-04-15T20:04:17.458Z</time>
      </trkpt>
      <trkpt lat="49.100945" lon="9.428945">
        <ele>469.811394</ele>
        <time>2025-04-15T20:04:29.051Z</time>
      </trkpt>
      <trkpt lat="49.100967" lon="9.429261">
        <ele>470.568408</ele>
        <time>2025-04-15T20:04:35.834Z</time>
      </trkpt>
      <trkpt lat="49.100928" lon="9.429439">
        <ele>470.973238</ele>
        <time>2025-04-15T20:04:39.706Z</time>
      </trkpt>
      <trkpt lat="49.100793" lon="9.429801">
        <ele>471.871755</ele>
        <time>2025-04-15T20:04:47.933Z</time>
      </trkpt>
      <trkpt lat="49.100764" lon="9.429947">
        <ele>472.200815</ele>
        <time>2025-04-15T20:04:50.824Z</time>
      </trkpt>
      <trkpt lat="49.100937" lon="9.430432">
        <ele>473.392011</ele>
        <time>2025-04-15T20:05:00.865Z</time>
      </trkpt>
      <trkpt lat="49.101027" lon="9.430882">
        <ele>474.406825</ele>
        <time>2025-04-15T20:05:09.209Z</time>
      </trkpt>
      <trkpt lat="49.101039" lon="9.431274">
        <ele>475.253197</ele>
        <time>2025-04-15T20:05:16.681Z</time>
      </trkpt>
      <trkpt lat="49.101004" lon="9.431728">
        <ele>476.380789</ele>
        <time>2025-04-15T20:05:26.744Z</time>
      </trkpt>
      <trkpt lat="49.100881" lon="9.432504">
        <ele>478.827660</ele>
        <time>2025-04-15T20:05:45.637Z</time>
      </trkpt>
      <trkpt lat="49.100832" lon="9.433257">
        <ele>481.146719</ele>
        <time>2025-04-15T20:06:04.356Z</time>
      </trkpt>
      <trkpt lat="49.100848" lon="9.433727">
        <ele>482.589056</ele>
        <time>2025-04-15T20:06:16.421Z</time>
      </trkpt>
      <trkpt lat="49.100943" lon="9.434502">
        <ele>484.788803</ele>
        <time>2025-04-15T20:06:36.643Z</time>
      </trkpt>
      <trkpt lat="49.100947" lon="9.434694">
        <ele>485.190990</ele>
        <time>2025-04-15T20:06:41.177Z</time>
      </trkpt>
      <trkpt lat="49.100911" lon="9.435061">
        <ele>485.967940</ele>
        <time>2025-04-15T20:06:49.527Z</time>
      </trkpt>
      <trkpt lat="49.100847" lon="9.435297">
        <ele>486.502753</ele>
        <time>2025-04-15T20:06:54.888Z</time>
      </trkpt>
      <trkpt lat="49.100783" lon="9.435483">
        <ele>486.942678</ele>
        <time>2025-04-15T20:06:59.037Z</time>
      </trkpt>
      <trkpt lat="49.100611" lon="9.435814">
        <ele>487.827422</ele>
        <time>2025-04-15T20:07:06.799Z</time>
      </trkpt>
      <trkpt lat="49.100360" lon="9.436066">
        <ele>488.787941</ele>
        <time>2025-04-15T20:07:14.745Z</time>
      </trkpt>
      <trkpt lat="49.099762" lon="9.436338">
        <ele>491.107379</ele>
        <time>2025-04-15T20:07:30.357Z</time>
      </trkpt>
      <trkpt lat="49.099698" lon="9.436375">
        <ele>491.426140</ele>
        <time>2025-04-15T20:07:32.095Z</time>
      </trkpt>
      <trkpt lat="49.099602" lon="9.436403">
        <ele>491.881399</ele>
        <time>2025-04-15T20:07:34.627Z</time>
      </trkpt>
      <trkpt lat="49.099010" lon="9.436706">
        <ele>494.789717</ele>
        <time>2025-04-15T20:07:53.643Z</time>
      </trkpt>
      <trkpt lat="49.098137" lon="9.437338">
        <ele>499.533416</ele>
        <time>2025-04-15T20:08:38.198Z</time>
      </trkpt>
      <trkpt lat="49.097483" lon="9.437650">
        <ele>503.651842</ele>
        <time>2025-04-15T20:09:13.589Z</time>
      </trkpt>
      <trkpt lat="49.097263" lon="9.437811">
        <ele>505.118210</ele>
        <time>2025-04-15T20:09:24.696Z</time>
      </trkpt>
      <trkpt lat="49.097087" lon="9.438050">
        <ele>506.533838</ele>
        <time>2025-04-15T20:09:34.568Z</time>
      </trkpt>
      <trkpt lat="49.096934" lon="9.438436">
        <ele>508.309731</ele>
        <time>2025-04-15T20:09:45.016Z</time>
      </trkpt>
      <trkpt lat="49.096902" lon="9.438810">
        <ele>509.230397</ele>
        <time>2025-04-15T20:09:51.929Z</time>
      </trkpt>
      <trkpt lat="49.096931" lon="9.439453">
        <ele>509.074818</ele>
        <time>2025-04-15T20:10:00.227Z</time>
      </trkpt>
      <trkpt lat="49.096925" lon="9.439896">
        <ele>508.967860</ele>
        <time>2025-04-15T20:10:04.725Z</time>
      </trkpt>
      <trkpt lat="49.096823" lon="9.440206">
        <ele>508.884114</ele>
        <time>2025-04-15T20:10:08.092Z</time>
      </trkpt>
      <trkpt lat="49.096600" lon="9.440608">
        <ele>508.756934</ele>
        <time>2025-04-15T20:10:13.132Z</time>
      </trkpt>
      <trkpt lat="49.096469" lon="9.440946">
        <ele>508.662123</ele>
        <time>2025-04-15T20:10:16.932Z</time>
      </trkpt>
      <trkpt lat="49.096366" lon="9.442681">
        <ele>507.939763</ele>
        <time>2025-04-15T20:10:35.795Z</time>
      </trkpt>
      <trkpt lat="49.096235" lon="9.443614">
        <ele>507.515398</ele>
        <time>2025-04-15T20:10:46.696Z</time>
      </trkpt>
      <trkpt lat="49.096188" lon="9.443924">
        <ele>507.368547</ele>
        <time>2025-04-15T20:10:50.058Z</time>
      </trkpt>
      <trkpt lat="49.096038" lon="9.444167">
        <ele>507.039496</ele>
        <time>2025-04-15T20:10:53.473Z</time>
      </trkpt>
      <trkpt lat="49.096006" lon="9.444220">
        <ele>506.968462</ele>
        <time>2025-04-15T20:10:54.210Z</time>
      </trkpt>
      <trkpt lat="49.095861" lon="9.444508">
        <ele>506.610504</ele>
        <time>2025-04-15T20:10:57.890Z</time>
      </trkpt>
      <trkpt lat="49.095579" lon="9.445348">
        <ele>505.680394</ele>
        <time>2025-04-15T20:11:07.151Z</time>
      </trkpt>
      <trkpt lat="49.095476" lon="9.445599">
        <ele>505.388525</ele>
        <time>2025-04-15T20:11:09.982Z</time>
      </trkpt>
      <trkpt lat="49.095028" lon="9.446363">
        <ele>504.353274</ele>
        <time>2025-04-15T20:11:19.879Z</time>
      </trkpt>
      <trkpt lat="49.094811" lon="9.446777">
        <ele>503.786761</ele>
        <time>2025-04-15T20:11:25.264Z</time>
      </trkpt>
      <trkpt lat="49.094721" lon="9.447000">
        <ele>503.506917</ele>
        <time>2025-04-15T20:11:27.992Z</time>
      </trkpt>
      <trkpt lat="49.094629" lon="9.447249">
        <ele>503.201488</ele>
        <time>2025-04-15T20:11:30.957Z</time>
      </trkpt>
      <trkpt lat="49.094305" lon="9.448774">
        <ele>501.457968</ele>
        <time>2025-04-15T20:11:46.726Z</time>
      </trkpt>
      <trkpt lat="49.094122" lon="9.449294">
        <ele>500.749273</ele>
        <time>2025-04-15T20:11:52.192Z</time>
      </trkpt>
      <trkpt lat="49.093703" lon="9.449785">
        <ele>499.781024</ele>
        <time>2025-04-15T20:11:59.757Z</time>
      </trkpt>
      <trkpt lat="49.093430" lon="9.450178">
        <ele>499.093211</ele>
        <time>2025-04-15T20:12:05.328Z</time>
      </trkpt>
      <trkpt lat="49.093242" lon="9.450432">
        <ele>498.633022</ele>
        <time>2025-04-15T20:12:09.177Z</time>
      </trkpt>
      <trkpt lat="49.093165" lon="9.450584">
        <ele>498.456253</ele>
        <time>2025-04-15T20:12:11.138Z</time>
      </trkpt>
      <trkpt lat="49.093084" lon="9.451010">
        <ele>498.688957</ele>
        <time>2025-04-15T20:12:15.880Z</time>
      </trkpt>
      <trkpt lat="49.093045" lon="9.451508">
        <ele>498.952062</ele>
        <time>2025-04-15T20:12:21.600Z</time>
      </trkpt>
      <trkpt lat="49.092996" lon="9.451811">
        <ele>499.115787</ele>
        <time>2025-04-15T20:12:25.855Z</time>
      </trkpt>
      <trkpt lat="49.092923" lon="9.452028">
        <ele>499.243765</ele>
        <time>2025-04-15T20:12:29.514Z</time>
      </trkpt>
      <trkpt lat="49.092904" lon="9.452167">
        <ele>499.318254</ele>
        <time>2025-04-15T20:12:31.739Z</time>
      </trkpt>
      <trkpt lat="49.092962" lon="9.452414">
        <ele>499.455906</ele>
        <time>2025-04-15T20:12:36.224Z</time>
      </trkpt>
      <trkpt lat="49.092785" lon="9.452720">
        <ele>499.670087</ele>
        <time>2025-04-15T20:12:43.066Z</time>
      </trkpt>
      <trkpt lat="49.092683" lon="9.452973">
        <ele>499.825945</ele>
        <time>2025-04-15T20:12:48.070Z</time>
      </trkpt>
      <trkpt lat="49.092511" lon="9.453513">
        <ele>500.881653</ele>
        <time>2025-04-15T20:12:58.416Z</time>
      </trkpt>
      <trkpt lat="49.092485" lon="9.453594">
        <ele>501.063677</ele>
        <time>2025-04-15T20:13:00.039Z</time>
      </trkpt>
      <trkpt lat="49.092431" lon="9.453834">
        <ele>501.575745</ele>
        <time>2025-04-15T20:13:04.720Z</time>
      </trkpt>
      <trkpt lat="49.092332" lon="9.453806">
        <ele>501.885992</ele>
        <time>2025-04-15T20:13:08.068Z</time>
      </trkpt>
      <trkpt lat="49.092195" lon="9.453941">
        <ele>502.388406</ele>
        <time>2025-04-15T20:13:13.720Z</time>
      </trkpt>
      <trkpt lat="49.092051" lon="9.454060">
        <ele>502.892935</ele>
        <time>2025-04-15T20:13:20.568Z</time>
      </trkpt>
      <trkpt lat="49.091869" lon="9.454211">
        <ele>503.531178</ele>
        <time>2025-04-15T20:13:29.418Z</time>
      </trkpt>
      <trkpt lat="49.091697" lon="9.454473">
        <ele>504.279779</ele>
        <time>2025-04-15T20:13:39.944Z</time>
      </trkpt>
      <trkpt lat="49.091464" lon="9.454903">
        <ele>505.405990</ele>
        <time>2025-04-15T20:13:56.157Z</time>
      </trkpt>
      <trkpt lat="49.091239" lon="9.455164">
        <ele>506.824739</ele>
        <time>2025-04-15T20:14:09.585Z</time>
      </trkpt>
      <trkpt lat="49.090953" lon="9.455306">
        <ele>508.346473</ele>
        <time>2025-04-15T20:14:24.756Z</time>
      </trkpt>
      <trkpt lat="49.090797" lon="9.455490">
        <ele>509.343884</ele>
        <time>2025-04-15T20:14:34.946Z</time>
      </trkpt>
      <trkpt lat="49.090335" lon="9.456188">
        <ele>512.632424</ele>
        <time>2025-04-15T20:15:09.048Z</time>
      </trkpt>
      <trkpt lat="49.089693" lon="9.455998">
        <ele>515.586495</ele>
        <time>2025-04-15T20:15:34.272Z</time>
      </trkpt>
      <trkpt lat="49.089256" lon="9.455852">
        <ele>517.283163</ele>
        <time>2025-04-15T20:15:52.723Z</time>
      </trkpt>
      <trkpt lat="49.089011" lon="9.455765">
        <ele>518.237198</ele>
        <time>2025-04-15T20:16:02.479Z</time>
      </trkpt>
      <trkpt lat="49.088361" lon="9.455516">
        <ele>520.778924</ele>
        <time>2025-04-15T20:16:26.742Z</time>
      </trkpt>
      <trkpt lat="49.088045" lon="9.455415">
        <ele>521.580891</ele>
        <time>2025-04-15T20:16:37.914Z</time>
      </trkpt>
      <trkpt lat="49.086331" lon="9.454926">
        <ele>523.629986</ele>
        <time>2025-04-15T20:17:27.731Z</time>
      </trkpt>
      <trkpt lat="49.085988" lon="9.454904">
        <ele>523.187546</ele>
        <time>2025-04-15T20:17:35.009Z</time>
      </trkpt>
      <trkpt lat="49.083988" lon="9.455440">
        <ele>521.674249</ele>
        <time>2025-04-15T20:18:15.918Z</time>
      </trkpt>
      <trkpt lat="49.083872" lon="9.455444">
        <ele>521.709355</ele>
        <time>2025-04-15T20:18:18.740Z</time>
      </trkpt>
      <trkpt lat="49.083444" lon="9.455564">
        <ele>521.841015</ele>
        <time>2025-04-15T20:18:27.910Z</time>
      </trkpt>
      <trkpt lat="49.082405" lon="9.455678">
        <ele>523.923323</ele>
        <time>2025-04-15T20:18:56.800Z</time>
      </trkpt>
      <trkpt lat="49.081708" lon="9.455416">
        <ele>526.741086</ele>
        <time>2025-04-15T20:19:20.853Z</time>
      </trkpt>
      <trkpt lat="49.081281" lon="9.455302">
        <ele>528.442700</ele>
        <time>2025-04-15T20:19:37.666Z</time>
      </trkpt>
      <trkpt lat="49.080891" lon="9.455333">
        <ele>529.390508</ele>
        <time>2025-04-15T20:19:53.212Z</time>
      </trkpt>
      <trkpt lat="49.080722" lon="9.455391">
        <ele>529.631547</ele>
        <time>2025-04-15T20:19:59.940Z</time>
      </trkpt>
      <trkpt lat="49.080326" lon="9.455585">
        <ele>530.210270</ele>
        <time>2025-04-15T20:20:14.588Z</time>
      </trkpt>
      <trkpt lat="49.080030" lon="9.455814">
        <ele>530.672032</ele>
        <time>2025-04-15T20:20:24.098Z</time>
      </trkpt>
      <trkpt lat="49.079953" lon="9.455883">
        <ele>530.796274</ele>
        <time>2025-04-15T20:20:26.212Z</time>
      </trkpt>
      <trkpt lat="49.079245" lon="9.456796">
        <ele>529.200529</ele>
        <time>2025-04-15T20:20:38.601Z</time>
      </trkpt>
      <trkpt lat="49.078816" lon="9.457346">
        <ele>525.603071</ele>
        <time>2025-04-15T20:20:45.260Z</time>
      </trkpt>
      <trkpt lat="49.078719" lon="9.457470">
        <ele>524.790628</ele>
        <time>2025-04-15T20:20:46.741Z</time>
      </trkpt>
      <trkpt lat="49.078084" lon="9.458286">
        <ele>519.574025</ele>
        <time>2025-04-15T20:20:56.484Z</time>
      </trkpt>
      <trkpt lat="49.077937" lon="9.458458">
        <ele>518.625180</ele>
        <time>2025-04-15T20:20:58.774Z</time>
      </trkpt>
      <trkpt lat="49.077852" lon="9.458624">
        <ele>517.918111</ele>
        <time>2025-04-15T20:21:00.524Z</time>
      </trkpt>
      <trkpt lat="49.077862" lon="9.458852">
        <ele>517.151277</ele>
        <time>2025-04-15T20:21:02.435Z</time>
      </trkpt>
      <trkpt lat="49.078073" lon="9.459488">
        <ele>514.758859</ele>
        <time>2025-04-15T20:21:08.471Z</time>
      </trkpt>
      <trkpt lat="49.078393" lon="9.460068">
        <ele>512.214086</ele>
        <time>2025-04-15T20:21:14.868Z</time>
      </trkpt>
      <trkpt lat="49.077967" lon="9.460167">
        <ele>510.253198</ele>
        <time>2025-04-15T20:21:20.464Z</time>
      </trkpt>
      <trkpt lat="49.077768" lon="9.460261">
        <ele>509.514874</ele>
        <time>2025-04-15T20:21:23.184Z</time>
      </trkpt>
      <trkpt lat="49.077609" lon="9.460393">
        <ele>508.873377</ele>
        <time>2025-04-15T20:21:25.567Z</time>
      </trkpt>
      <trkpt lat="49.077421" lon="9.460734">
        <ele>507.838579</ele>
        <time>2025-04-15T20:21:29.428Z</time>
      </trkpt>
      <trkpt lat="49.077245" lon="9.461163">
        <ele>506.663339</ele>
        <time>2025-04-15T20:21:33.815Z</time>
      </trkpt>
      <trkpt lat="49.077145" lon="9.461475">
        <ele>505.856897</ele>
        <time>2025-04-15T20:21:36.857Z</time>
      </trkpt>
      <trkpt lat="49.077075" lon="9.461787">
        <ele>505.091207</ele>
        <time>2025-04-15T20:21:39.779Z</time>
      </trkpt>
      <trkpt lat="49.076979" lon="9.462587">
        <ele>504.846936</ele>
        <time>2025-04-15T20:21:47.589Z</time>
      </trkpt>
      <trkpt lat="49.076900" lon="9.463387">
        <ele>505.481145</ele>
        <time>2025-04-15T20:21:56.625Z</time>
      </trkpt>
      <trkpt lat="49.076863" lon="9.463561">
        <ele>505.624551</ele>
        <time>2025-04-15T20:21:59.208Z</time>
      </trkpt>
      <trkpt lat="49.076737" lon="9.463787">
        <ele>505.857195</ele>
        <time>2025-04-15T20:22:04.049Z</time>
      </trkpt>
      <trkpt lat="49.076581" lon="9.463858">
        <ele>506.052003</ele>
        <time>2025-04-15T20:22:08.616Z</time>
      </trkpt>
      <trkpt lat="49.076481" lon="9.463829">
        <ele>506.173815</ele>
        <time>2025-04-15T20:22:11.719Z</time>
      </trkpt>
      <trkpt lat="49.076441" lon="9.463911">
        <ele>506.253962</ele>
        <time>2025-04-15T20:22:13.902Z</time>
      </trkpt>
      <trkpt lat="49.076238" lon="9.464016">
        <ele>506.510461</ele>
        <time>2025-04-15T20:22:21.302Z</time>
      </trkpt>
      <trkpt lat="49.076090" lon="9.464027">
        <ele>507.222771</ele>
        <time>2025-04-15T20:22:26.890Z</time>
      </trkpt>
      <trkpt lat="49.075070" lon="9.463628">
        <ele>515.005420</ele>
        <time>2025-04-15T20:23:16.647Z</time>
      </trkpt>
      <trkpt lat="49.075001" lon="9.463816">
        <ele>516.048808</ele>
        <time>2025-04-15T20:23:25.803Z</time>
      </trkpt>
      <trkpt lat="49.074916" lon="9.464033">
        <ele>517.272986</ele>
        <time>2025-04-15T20:23:36.593Z</time>
      </trkpt>
      <trkpt lat="49.074856" lon="9.464187">
        <ele>518.140536</ele>
        <time>2025-04-15T20:23:44.270Z</time>
      </trkpt>
      <trkpt lat="49.074729" lon="9.464402">
        <ele>519.542247</ele>
        <time>2025-04-15T20:23:56.810Z</time>
      </trkpt>
      <trkpt lat="49.074585" lon="9.464568">
        <ele>520.818913</ele>
        <time>2025-04-15T20:24:08.682Z</time>
      </trkpt>
      <trkpt lat="49.074468" lon="9.464655">
        <ele>521.725796</ele>
        <time>2025-04-15T20:24:17.289Z</time>
      </trkpt>
      <trkpt lat="49.074077" lon="9.464827">
        <ele>524.561309</ele>
        <time>2025-04-15T20:24:43.436Z</time>
      </trkpt>
      <trkpt lat="49.073983" lon="9.464986">
        <ele>525.538995</ele>
        <time>2025-04-15T20:24:52.048Z</time>
      </trkpt>
      <trkpt lat="49.073901" lon="9.465209">
        <ele>526.706371</ele>
        <time>2025-04-15T20:25:02.252Z</time>
      </trkpt>
      <trkpt lat="49.073820" lon="9.465340">
        <ele>527.528683</ele>
        <time>2025-04-15T20:25:09.118Z</time>
      </trkpt>
      <trkpt lat="49.073589" lon="9.465608">
        <ele>529.550519</ele>
        <time>2025-04-15T20:25:24.969Z</time>
      </trkpt>
      <trkpt lat="49.073517" lon="9.465784">
        <ele>530.497736</ele>
        <time>2025-04-15T20:25:31.995Z</time>
      </trkpt>
      <trkpt lat="49.073362" lon="9.466563">
        <ele>532.937337</ele>
        <time>2025-04-15T20:25:56.958Z</time>
      </trkpt>
      <trkpt lat="49.073263" lon="9.467230">
        <ele>533.847021</ele>
        <time>2025-04-15T20:26:15.137Z</time>
      </trkpt>
      <trkpt lat="49.073259" lon="9.467577">
        <ele>534.308649</ele>
        <time>2025-04-15T20:26:23.476Z</time>
      </trkpt>
      <trkpt lat="49.073184" lon="9.468132">
        <ele>535.062416</ele>
        <time>2025-04-15T20:26:36.192Z</time>
      </trkpt>
      <trkpt lat="49.073232" lon="9.468459">
        <ele>535.508155</ele>
        <time>2025-04-15T20:26:43.293Z</time>
      </trkpt>
      <trkpt lat="49.073361" lon="9.468881">
        <ele>536.010611</ele>
        <time>2025-04-15T20:26:53.037Z</time>
      </trkpt>
      <trkpt lat="49.073362" lon="9.469095">
        <ele>535.768776</ele>
        <time>2025-04-15T20:26:57.435Z</time>
      </trkpt>
      <trkpt lat="49.073230" lon="9.469403">
        <ele>535.352857</ele>
        <time>2025-04-15T20:27:04.583Z</time>
      </trkpt>
      <trkpt lat="49.073254" lon="9.469524">
        <ele>535.209992</ele>
        <time>2025-04-15T20:27:06.991Z</time>
      </trkpt>
      <trkpt lat="49.073606" lon="9.470152">
        <ele>534.276011</ele>
        <time>2025-04-15T20:27:21.706Z</time>
      </trkpt>
      <trkpt lat="49.073718" lon="9.470420">
        <ele>533.916784</ele>
        <time>2025-04-15T20:27:26.992Z</time>
      </trkpt>
      <trkpt lat="49.073949" lon="9.471131">
        <ele>533.019947</ele>
        <time>2025-04-15T20:27:39.661Z</time>
      </trkpt>
      <trkpt lat="49.074601" lon="9.473349">
        <ele>526.971765</ele>
        <time>2025-04-15T20:28:17.315Z</time>
      </trkpt>
      <trkpt lat="49.075005" lon="9.474897">
        <ele>522.773002</ele>
        <time>2025-04-15T20:28:44.519Z</time>
      </trkpt>
      <trkpt lat="49.075705" lon="9.477532">
        <ele>513.482080</ele>
        <time>2025-04-15T20:29:28.113Z</time>
      </trkpt>
      <trkpt lat="49.075757" lon="9.477918">
        <ele>511.889988</ele>
        <time>2025-04-15T20:29:33.769Z</time>
      </trkpt>
      <trkpt lat="49.075708" lon="9.478106">
        <ele>511.072547</ele>
        <time>2025-04-15T20:29:36.642Z</time>
      </trkpt>
      <trkpt lat="49.075024" lon="9.479476">
        <ele>503.041038</ele>
        <time>2025-04-15T20:30:00.493Z</time>
      </trkpt>
      <trkpt lat="49.074306" lon="9.480258">
        <ele>496.114521</ele>
        <time>2025-04-15T20:30:19.159Z</time>
      </trkpt>
      <trkpt lat="49.073450" lon="9.481046">
        <ele>490.241201</ele>
        <time>2025-04-15T20:30:41.733Z</time>
      </trkpt>
      <trkpt lat="49.072980" lon="9.481451">
        <ele>487.486379</ele>
        <time>2025-04-15T20:30:54.461Z</time>
      </trkpt>
      <trkpt lat="49.072626" lon="9.481899">
        <ele>485.139272</ele>
        <time>2025-04-15T20:31:05.287Z</time>
      </trkpt>
      <trkpt lat="49.072100" lon="9.482170">
        <ele>483.104417</ele>
        <time>2025-04-15T20:31:18.204Z</time>
      </trkpt>
      <trkpt lat="49.071568" lon="9.482191">
        <ele>481.282719</ele>
        <time>2025-04-15T20:31:30.337Z</time>
      </trkpt>
      <trkpt lat="49.071172" lon="9.482472">
        <ele>479.787860</ele>
        <time>2025-04-15T20:31:40.814Z</time>
      </trkpt>
      <trkpt lat="49.070817" lon="9.483310">
        <ele>479.796974</ele>
        <time>2025-04-15T20:31:59.564Z</time>
      </trkpt>
      <trkpt lat="49.070795" lon="9.483390">
        <ele>480.029365</ele>
        <time>2025-04-15T20:32:01.681Z</time>
      </trkpt>
      <trkpt lat="49.070536" lon="9.483493">
        <ele>481.123632</ele>
        <time>2025-04-15T20:32:12.642Z</time>
      </trkpt>
      <trkpt lat="49.070270" lon="9.483339">
        <ele>482.286769</ele>
        <time>2025-04-15T20:32:25.982Z</time>
      </trkpt>
      <trkpt lat="49.070127" lon="9.483256">
        <ele>482.912265</ele>
        <time>2025-04-15T20:32:33.901Z</time>
      </trkpt>
      <trkpt lat="49.069814" lon="9.483181">
        <ele>484.207634</ele>
        <time>2025-04-15T20:32:51.363Z</time>
      </trkpt>
      <trkpt lat="49.069499" lon="9.483218">
        <ele>485.499317</ele>
        <time>2025-04-15T20:33:10.708Z</time>
      </trkpt>
      <trkpt lat="49.069355" lon="9.483339">
        <ele>486.209029</ele>
        <time>2025-04-15T20:33:20.610Z</time>
      </trkpt>
      <trkpt lat="49.069353" lon="9.483532">
        <ele>486.805939</ele>
        <time>2025-04-15T20:33:28.088Z</time>
      </trkpt>
      <trkpt lat="49.069376" lon="9.483589">
        <ele>487.012956</ele>
        <time>2025-04-15T20:33:30.666Z</time>
      </trkpt>
      <trkpt lat="49.069461" lon="9.483797">
        <ele>487.771050</ele>
        <time>2025-04-15T20:33:39.981Z</time>
      </trkpt>
      <trkpt lat="49.069543" lon="9.484101">
        <ele>488.787701</ele>
        <time>2025-04-15T20:33:51.950Z</time>
      </trkpt>
      <trkpt lat="49.069566" lon="9.484404">
        <ele>489.730965</ele>
        <time>2025-04-15T20:34:02.529Z</time>
      </trkpt>
      <trkpt lat="49.069403" lon="9.484686">
        <ele>490.893912</ele>
        <time>2025-04-15T20:34:14.715Z</time>
      </trkpt>
      <trkpt lat="49.068913" lon="9.485109">
        <ele>493.551087</ele>
        <time>2025-04-15T20:34:38.700Z</time>
      </trkpt>
      <trkpt lat="49.068684" lon="9.485264">
        <ele>494.389688</ele>
        <time>2025-04-15T20:34:48.320Z</time>
      </trkpt>
      <trkpt lat="49.068528" lon="9.485425">
        <ele>494.311156</ele>
        <time>2025-04-15T20:34:54.827Z</time>
      </trkpt>
      <trkpt lat="49.068379" lon="9.485627">
        <ele>494.228049</ele>
        <time>2025-04-15T20:35:01.057Z</time>
      </trkpt>
      <trkpt lat="49.068193" lon="9.486047">
        <ele>494.089541</ele>
        <time>2025-04-15T20:35:10.760Z</time>
      </trkpt>
      <trkpt lat="49.067882" lon="9.486622">
        <ele>493.885822</ele>
        <time>2025-04-15T20:35:24.403Z</time>
      </trkpt>
      <trkpt lat="49.067788" lon="9.487727">
        <ele>493.028453</ele>
        <time>2025-04-15T20:35:43.476Z</time>
      </trkpt>
      <trkpt lat="49.067765" lon="9.487867">
        <ele>492.735890</ele>
        <time>2025-04-15T20:35:45.858Z</time>
      </trkpt>
      <trkpt lat="49.067589" lon="9.488414">
        <ele>491.500638</ele>
        <time>2025-04-15T20:35:55.593Z</time>
      </trkpt>
      <trkpt lat="49.067261" lon="9.488955">
        <ele>490.006543</ele>
        <time>2025-04-15T20:36:07.097Z</time>
      </trkpt>
      <trkpt lat="49.067070" lon="9.489179">
        <ele>489.261323</ele>
        <time>2025-04-15T20:36:12.836Z</time>
      </trkpt>
      <trkpt lat="49.066708" lon="9.489343">
        <ele>488.107816</ele>
        <time>2025-04-15T20:36:21.904Z</time>
      </trkpt>
      <trkpt lat="49.066285" lon="9.489366">
        <ele>488.781977</ele>
        <time>2025-04-15T20:36:32.948Z</time>
      </trkpt>
      <trkpt lat="49.066177" lon="9.489433">
        <ele>488.967661</ele>
        <time>2025-04-15T20:36:36.356Z</time>
      </trkpt>
      <trkpt lat="49.066020" lon="9.489852">
        <ele>489.471364</ele>
        <time>2025-04-15T20:36:47.021Z</time>
      </trkpt>
      <trkpt lat="49.065971" lon="9.490108">
        <ele>489.749680</ele>
        <time>2025-04-15T20:36:53.811Z</time>
      </trkpt>
      <trkpt lat="49.065945" lon="9.490289">
        <ele>489.943050</ele>
        <time>2025-04-15T20:36:58.960Z</time>
      </trkpt>
      <trkpt lat="49.065937" lon="9.490800">
        <ele>490.476459</ele>
        <time>2025-04-15T20:37:14.356Z</time>
      </trkpt>
      <trkpt lat="49.066018" lon="9.491452">
        <ele>491.463315</ele>
        <time>2025-04-15T20:37:36.528Z</time>
      </trkpt>
      <trkpt lat="49.066004" lon="9.491882">
        <ele>492.569239</ele>
        <time>2025-04-15T20:37:51.522Z</time>
      </trkpt>
      <trkpt lat="49.066151" lon="9.492352">
        <ele>493.907055</ele>
        <time>2025-04-15T20:38:09.170Z</time>
      </trkpt>
      <trkpt lat="49.066310" lon="9.492654">
        <ele>494.902244</ele>
        <time>2025-04-15T20:38:21.129Z</time>
      </trkpt>
      <trkpt lat="49.066648" lon="9.493593">
        <ele>497.654327</ele>
        <time>2025-04-15T20:38:50.147Z</time>
      </trkpt>
      <trkpt lat="49.066771" lon="9.494248">
        <ele>497.860122</ele>
        <time>2025-04-15T20:39:06.523Z</time>
      </trkpt>
      <trkpt lat="49.066938" lon="9.494760">
        <ele>497.691208</ele>
        <time>2025-04-15T20:39:19.464Z</time>
      </trkpt>
      <trkpt lat="49.066994" lon="9.495145">
        <ele>497.574735</ele>
        <time>2025-04-15T20:39:26.883Z</time>
      </trkpt>
      <trkpt lat="49.067171" lon="9.495535">
        <ele>497.434619</ele>
        <time>2025-04-15T20:39:35.073Z</time>
      </trkpt>
      <trkpt lat="49.067477" lon="9.495880">
        <ele>497.263131</ele>
        <time>2025-04-15T20:39:44.769Z</time>
      </trkpt>
      <trkpt lat="49.067566" lon="9.496054">
        <ele>497.143717</ele>
        <time>2025-04-15T20:39:48.360Z</time>
      </trkpt>
      <trkpt lat="49.067760" lon="9.496374">
        <ele>496.360526</ele>
        <time>2025-04-15T20:39:55.370Z</time>
      </trkpt>
      <trkpt lat="49.067926" lon="9.496732">
        <ele>495.572651</ele>
        <time>2025-04-15T20:40:02.307Z</time>
      </trkpt>
      <trkpt lat="49.068023" lon="9.497129">
        <ele>494.811511</ele>
        <time>2025-04-15T20:40:08.910Z</time>
      </trkpt>
      <trkpt lat="49.068083" lon="9.497533">
        <ele>494.067363</ele>
        <time>2025-04-15T20:40:15.324Z</time>
      </trkpt>
      <trkpt lat="49.068174" lon="9.498741">
        <ele>492.211732</ele>
        <time>2025-04-15T20:40:36.342Z</time>
      </trkpt>
      <trkpt lat="49.068249" lon="9.499016">
        <ele>492.123140</ele>
        <time>2025-04-15T20:40:42.039Z</time>
      </trkpt>
      <trkpt lat="49.068462" lon="9.499594">
        <ele>491.925907</ele>
        <time>2025-04-15T20:40:55.234Z</time>
      </trkpt>
      <trkpt lat="49.068608" lon="9.500715">
        <ele>491.585984</ele>
        <time>2025-04-15T20:41:17.714Z</time>
      </trkpt>
      <trkpt lat="49.068703" lon="9.502011">
        <ele>490.837830</ele>
        <time>2025-04-15T20:41:41.570Z</time>
      </trkpt>
      <trkpt lat="49.068711" lon="9.502179">
        <ele>490.718920</ele>
        <time>2025-04-15T20:41:44.572Z</time>
      </trkpt>
      <trkpt lat="49.068693" lon="9.502976">
        <ele>490.155958</ele>
        <time>2025-04-15T20:41:52.875Z</time>
      </trkpt>
      <trkpt lat="49.068754" lon="9.504140">
        <ele>489.462149</ele>
        <time>2025-04-15T20:42:05.280Z</time>
      </trkpt>
      <trkpt lat="49.068784" lon="9.504422">
        <ele>489.398459</ele>
        <time>2025-04-15T20:42:08.433Z</time>
      </trkpt>
      <trkpt lat="49.068867" lon="9.504700">
        <ele>489.330352</ele>
        <time>2025-04-15T20:42:11.891Z</time>
      </trkpt>
      <trkpt lat="49.068874" lon="9.504847">
        <ele>489.297495</ele>
        <time>2025-04-15T20:42:13.567Z</time>
      </trkpt>
      <trkpt lat="49.068783" lon="9.504901">
        <ele>489.264272</ele>
        <time>2025-04-15T20:42:15.319Z</time>
      </trkpt>
      <trkpt lat="49.068686" lon="9.505017">
        <ele>489.222341</ele>
        <time>2025-04-15T20:42:17.526Z</time>
      </trkpt>
      <trkpt lat="49.068122" lon="9.505733">
        <ele>488.972721</ele>
        <time>2025-04-15T20:42:31.522Z</time>
      </trkpt>
      <trkpt lat="49.067561" lon="9.506959">
        <ele>488.411338</ele>
        <time>2025-04-15T20:42:50.128Z</time>
      </trkpt>
      <trkpt lat="49.066995" lon="9.508085">
        <ele>487.828764</ele>
        <time>2025-04-15T20:43:05.512Z</time>
      </trkpt>
      <trkpt lat="49.066729" lon="9.508490">
        <ele>487.350707</ele>
        <time>2025-04-15T20:43:11.412Z</time>
      </trkpt>
      <trkpt lat="49.066637" lon="9.508826">
        <ele>487.010390</ele>
        <time>2025-04-15T20:43:17.750Z</time>
      </trkpt>
      <trkpt lat="49.066652" lon="9.509635">
        <ele>486.254058</ele>
        <time>2025-04-15T20:43:31.912Z</time>
      </trkpt>
      <trkpt lat="49.066533" lon="9.511305">
        <ele>484.391099</ele>
        <time>2025-04-15T20:44:01.824Z</time>
      </trkpt>
      <trkpt lat="49.066164" lon="9.513307">
        <ele>481.380244</ele>
        <time>2025-04-15T20:44:37.090Z</time>
      </trkpt>
      <trkpt lat="49.065420" lon="9.513043">
        <ele>477.919754</ele>
        <time>2025-04-15T20:44:55.000Z</time>
      </trkpt>
      <trkpt lat="49.064897" lon="9.513047">
        <ele>475.443391</ele>
        <time>2025-04-15T20:45:06.842Z</time>
      </trkpt>
      <trkpt lat="49.064773" lon="9.513114">
        <ele>474.820562</ele>
        <time>2025-04-15T20:45:09.812Z</time>
      </trkpt>
      <trkpt lat="49.064705" lon="9.513179">
        <ele>474.440657</ele>
        <time>2025-04-15T20:45:11.635Z</time>
      </trkpt>
      <trkpt lat="49.064479" lon="9.513533">
        <ele>472.907309</ele>
        <time>2025-04-15T20:45:19.025Z</time>
      </trkpt>
      <trkpt lat="49.064232" lon="9.514066">
        <ele>471.464088</ele>
        <time>2025-04-15T20:45:28.939Z</time>
      </trkpt>
      <trkpt lat="49.064040" lon="9.514417">
        <ele>470.493055</ele>
        <time>2025-04-15T20:45:36.051Z</time>
      </trkpt>
      <trkpt lat="49.063170" lon="9.516002">
        <ele>466.371744</ele>
        <time>2025-04-15T20:46:10.603Z</time>
      </trkpt>
      <trkpt lat="49.062738" lon="9.516756">
        <ele>464.966011</ele>
        <time>2025-04-15T20:46:28.310Z</time>
      </trkpt>
      <trkpt lat="49.062349" lon="9.517649">
        <ele>463.460991</ele>
        <time>2025-04-15T20:46:46.678Z</time>
      </trkpt>
      <trkpt lat="49.061968" lon="9.518729">
        <ele>461.133912</ele>
        <time>2025-04-15T20:47:06.315Z</time>
      </trkpt>
      <trkpt lat="49.061808" lon="9.519464">
        <ele>459.542617</ele>
        <time>2025-04-15T20:47:18.465Z</time>
      </trkpt>
      <trkpt lat="49.061594" lon="9.520281">
        <ele>457.734843</ele>
        <time>2025-04-15T20:47:32.679Z</time>
      </trkpt>
      <trkpt lat="49.061475" lon="9.520999">
        <ele>456.852457</ele>
        <time>2025-04-15T20:47:45.183Z</time>
      </trkpt>
      <trkpt lat="49.061473" lon="9.521786">
        <ele>456.102847</ele>
        <time>2025-04-15T20:47:59.190Z</time>
      </trkpt>
      <trkpt lat="49.061912" lon="9.523442">
        <ele>454.326334</ele>
        <time>2025-04-15T20:48:31.563Z</time>
      </trkpt>
      <trkpt lat="49.061928" lon="9.524059">
        <ele>453.624803</ele>
        <time>2025-04-15T20:48:42.481Z</time>
      </trkpt>
      <trkpt lat="49.061783" lon="9.525124">
        <ele>452.388997</ele>
        <time>2025-04-15T20:49:01.389Z</time>
      </trkpt>
      <trkpt lat="49.061877" lon="9.526385">
        <ele>450.204586</ele>
        <time>2025-04-15T20:49:22.361Z</time>
      </trkpt>
      <trkpt lat="49.061960" lon="9.526751">
        <ele>449.313695</ele>
        <time>2025-04-15T20:49:28.543Z</time>
      </trkpt>
      <trkpt lat="49.062165" lon="9.527219">
        <ele>448.018781</ele>
        <time>2025-04-15T20:49:37.403Z</time>
      </trkpt>
      <trkpt lat="49.062737" lon="9.527708">
        <ele>445.717174</ele>
        <time>2025-04-15T20:49:52.663Z</time>
      </trkpt>
      <trkpt lat="49.063017" lon="9.528002">
        <ele>445.307090</ele>
        <time>2025-04-15T20:50:00.795Z</time>
      </trkpt>
      <trkpt lat="49.063125" lon="9.528330">
        <ele>445.255971</ele>
        <time>2025-04-15T20:50:07.071Z</time>
      </trkpt>
      <trkpt lat="49.063134" lon="9.528507">
        <ele>445.231249</ele>
        <time>2025-04-15T20:50:10.307Z</time>
      </trkpt>
      <trkpt lat="49.063137" lon="9.528956">
        <ele>445.168720</ele>
        <time>2025-04-15T20:50:19.025Z</time>
      </trkpt>
      <trkpt lat="49.063147" lon="9.529535">
        <ele>445.088064</ele>
        <time>2025-04-15T20:50:27.961Z</time>
      </trkpt>
      <trkpt lat="49.063096" lon="9.529685">
        <ele>445.064531</ele>
        <time>2025-04-15T20:50:30.723Z</time>
      </trkpt>
      <trkpt lat="49.063004" lon="9.529755">
        <ele>445.042683</ele>
        <time>2025-04-15T20:50:33.416Z</time>
      </trkpt>
      <trkpt lat="49.062893" lon="9.530071">
        <ele>444.992754</ele>
        <time>2025-04-15T20:50:42.423Z</time>
      </trkpt>
      <trkpt lat="49.063170" lon="9.530697">
        <ele>444.881563</ele>
        <time>2025-04-15T20:51:02.713Z</time>
      </trkpt>
      <trkpt lat="49.063239" lon="9.530878">
        <ele>444.850408</ele>
        <time>2025-04-15T20:51:08.060Z</time>
      </trkpt>
      <trkpt lat="49.063290" lon="9.531234">
        <ele>444.796192</ele>
        <time>2025-04-15T20:51:16.672Z</time>
      </trkpt>
      <trkpt lat="49.063280" lon="9.531600">
        <ele>444.741691</ele>
        <time>2025-04-15T20:51:23.754Z</time>
      </trkpt>
      <trkpt lat="49.063344" lon="9.531965">
        <ele>444.685476</ele>
        <time>2025-04-15T20:51:30.353Z</time>
      </trkpt>
      <trkpt lat="49.063434" lon="9.532738">
        <ele>444.568669</ele>
        <time>2025-04-15T20:51:43.207Z</time>
      </trkpt>
      <trkpt lat="49.063427" lon="9.533081">
        <ele>444.050767</ele>
        <time>2025-04-15T20:51:48.645Z</time>
      </trkpt>
      <trkpt lat="49.063277" lon="9.534292">
        <ele>442.129746</ele>
        <time>2025-04-15T20:52:08.136Z</time>
      </trkpt>
      <trkpt lat="49.063188" lon="9.534506">
        <ele>441.734664</ele>
        <time>2025-04-15T20:52:12.334Z</time>
      </trkpt>
      <trkpt lat="49.063061" lon="9.534609">
        <ele>441.392537</ele>
        <time>2025-04-15T20:52:16.054Z</time>
      </trkpt>
      <trkpt lat="49.062905" lon="9.534636">
        <ele>441.019052</ele>
        <time>2025-04-15T20:52:20.268Z</time>
      </trkpt>
      <trkpt lat="49.062767" lon="9.534560">
        <ele>440.670047</ele>
        <time>2025-04-15T20:52:24.349Z</time>
      </trkpt>
      <trkpt lat="49.062438" lon="9.534285">
        <ele>440.156853</ele>
        <time>2025-04-15T20:52:35.412Z</time>
      </trkpt>
      <trkpt lat="49.061924" lon="9.533806">
        <ele>439.788424</ele>
        <time>2025-04-15T20:52:55.116Z</time>
      </trkpt>
      <trkpt lat="49.061720" lon="9.533714">
        <ele>439.658291</ele>
        <time>2025-04-15T20:53:02.050Z</time>
      </trkpt>
      <trkpt lat="49.061252" lon="9.533685">
        <ele>439.371753</ele>
        <time>2025-04-15T20:53:15.530Z</time>
      </trkpt>
      <trkpt lat="49.061087" lon="9.533733">
        <ele>439.268996</ele>
        <time>2025-04-15T20:53:19.966Z</time>
      </trkpt>
      <trkpt lat="49.060773" lon="9.534016">
        <ele>438.702347</ele>
        <time>2025-04-15T20:53:28.884Z</time>
      </trkpt>
      <trkpt lat="49.060641" lon="9.534089">
        <ele>438.408465</ele>
        <time>2025-04-15T20:53:32.213Z</time>
      </trkpt>
      <trkpt lat="49.060588" lon="9.534099">
        <ele>438.296681</ele>
        <time>2025-04-15T20:53:33.484Z</time>
      </trkpt>
      <trkpt lat="49.060511" lon="9.534114">
        <ele>438.134198</ele>
        <time>2025-04-15T20:53:35.351Z</time>
      </trkpt>
      <trkpt lat="49.060143" lon="9.534106">
        <ele>437.363828</ele>
        <time>2025-04-15T20:53:44.306Z</time>
      </trkpt>
      <trkpt lat="49.059759" lon="9.534035">
        <ele>436.554168</ele>
        <time>2025-04-15T20:53:54.009Z</time>
      </trkpt>
      <trkpt lat="49.059624" lon="9.534022">
        <ele>436.271026</ele>
        <time>2025-04-15T20:53:57.535Z</time>
      </trkpt>
      <trkpt lat="49.059343" lon="9.534024">
        <ele>435.682835</ele>
        <time>2025-04-15T20:54:02.493Z</time>
      </trkpt>
      <trkpt lat="49.059249" lon="9.534055">
        <ele>435.481534</ele>
        <time>2025-04-15T20:54:04.345Z</time>
      </trkpt>
      <trkpt lat="49.058755" lon="9.534650">
        <ele>436.602877</ele>
        <time>2025-04-15T20:54:19.892Z</time>
      </trkpt>
      <trkpt lat="49.058337" lon="9.535420">
        <ele>437.888661</ele>
        <time>2025-04-15T20:54:40.537Z</time>
      </trkpt>
      <trkpt lat="49.058206" lon="9.535631">
        <ele>438.262431</ele>
        <time>2025-04-15T20:54:46.729Z</time>
      </trkpt>
      <trkpt lat="49.057924" lon="9.536330">
        <ele>439.029923</ele>
        <time>2025-04-15T20:55:03.609Z</time>
      </trkpt>
      <trkpt lat="49.057699" lon="9.536694">
        <ele>439.166264</ele>
        <time>2025-04-15T20:55:12.620Z</time>
      </trkpt>
      <trkpt lat="49.057526" lon="9.537100">
        <ele>439.298217</ele>
        <time>2025-04-15T20:55:20.436Z</time>
      </trkpt>
      <trkpt lat="49.057183" lon="9.538650">
        <ele>439.439807</ele>
        <time>2025-04-15T20:55:40.122Z</time>
      </trkpt>
      <trkpt lat="49.057155" lon="9.538985">
        <ele>438.890364</ele>
        <time>2025-04-15T20:55:43.641Z</time>
      </trkpt>
      <trkpt lat="49.057203" lon="9.539748">
        <ele>437.643297</ele>
        <time>2025-04-15T20:55:51.585Z</time>
      </trkpt>
      <trkpt lat="49.057286" lon="9.540524">
        <ele>436.364083</ele>
        <time>2025-04-15T20:55:59.640Z</time>
      </trkpt>
      <trkpt lat="49.057506" lon="9.541651">
        <ele>435.166561</ele>
        <time>2025-04-15T20:56:11.690Z</time>
      </trkpt>
      <trkpt lat="49.057496" lon="9.541818">
        <ele>435.142811</ele>
        <time>2025-04-15T20:56:13.480Z</time>
      </trkpt>
      <trkpt lat="49.057448" lon="9.541934">
        <ele>435.123382</ele>
        <time>2025-04-15T20:56:14.968Z</time>
      </trkpt>
      <trkpt lat="49.057359" lon="9.542043">
        <ele>435.098718</ele>
        <time>2025-04-15T20:56:16.863Z</time>
      </trkpt>
      <trkpt lat="49.056860" lon="9.542493">
        <ele>434.973448</ele>
        <time>2025-04-15T20:56:27.423Z</time>
      </trkpt>
      <trkpt lat="49.056568" lon="9.542717">
        <ele>434.902815</ele>
        <time>2025-04-15T20:56:35.008Z</time>
      </trkpt>
      <trkpt lat="49.056453" lon="9.542873">
        <ele>434.869560</ele>
        <time>2025-04-15T20:56:39.109Z</time>
      </trkpt>
      <trkpt lat="49.056290" lon="9.542990">
        <ele>435.111148</ele>
        <time>2025-04-15T20:56:44.800Z</time>
      </trkpt>
      <trkpt lat="49.056263" lon="9.543113">
        <ele>435.426506</ele>
        <time>2025-04-15T20:56:47.734Z</time>
      </trkpt>
      <trkpt lat="49.055841" lon="9.543643">
        <ele>437.454109</ele>
        <time>2025-04-15T20:57:09.725Z</time>
      </trkpt>
      <trkpt lat="49.055543" lon="9.544163">
        <ele>439.133511</ele>
        <time>2025-04-15T20:57:27.916Z</time>
      </trkpt>
      <trkpt lat="49.055387" lon="9.544462">
        <ele>440.062672</ele>
        <time>2025-04-15T20:57:36.982Z</time>
      </trkpt>
      <trkpt lat="49.055303" lon="9.545116">
        <ele>441.388021</ele>
        <time>2025-04-15T20:57:49.608Z</time>
      </trkpt>
      <trkpt lat="49.055317" lon="9.546044">
        <ele>439.591096</ele>
        <time>2025-04-15T20:57:59.207Z</time>
      </trkpt>
      <trkpt lat="49.055334" lon="9.546352">
        <ele>438.992750</ele>
        <time>2025-04-15T20:58:01.856Z</time>
      </trkpt>
      <trkpt lat="49.055410" lon="9.546587">
        <ele>438.485451</ele>
        <time>2025-04-15T20:58:04.041Z</time>
      </trkpt>
      <trkpt lat="49.055764" lon="9.547283">
        <ele>436.779930</ele>
        <time>2025-04-15T20:58:11.174Z</time>
      </trkpt>
      <trkpt lat="49.055839" lon="9.547560">
        <ele>436.201409</ele>
        <time>2025-04-15T20:58:13.609Z</time>
      </trkpt>
      <trkpt lat="49.055833" lon="9.548334">
        <ele>435.129344</ele>
        <time>2025-04-15T20:58:20.245Z</time>
      </trkpt>
      <trkpt lat="49.055770" lon="9.548843">
        <ele>434.411915</ele>
        <time>2025-04-15T20:58:25.163Z</time>
      </trkpt>
      <trkpt lat="49.055645" lon="9.549426">
        <ele>433.562340</ele>
        <time>2025-04-15T20:58:31.534Z</time>
      </trkpt>
      <trkpt lat="49.055561" lon="9.549713">
        <ele>433.127000</ele>
        <time>2025-04-15T20:58:34.866Z</time>
      </trkpt>
      <trkpt lat="49.055320" lon="9.550293">
        <ele>432.579190</ele>
        <time>2025-04-15T20:58:42.395Z</time>
      </trkpt>
      <trkpt lat="49.055268" lon="9.550604">
        <ele>432.919706</ele>
        <time>2025-04-15T20:58:46.740Z</time>
      </trkpt>
      <trkpt lat="49.055254" lon="9.550916">
        <ele>433.251487</ele>
        <time>2025-04-15T20:58:51.100Z</time>
      </trkpt>
      <trkpt lat="49.055271" lon="9.551195">
        <ele>433.548760</ele>
        <time>2025-04-15T20:58:55.097Z</time>
      </trkpt>
      <trkpt lat="49.055347" lon="9.551670">
        <ele>434.067499</ele>
        <time>2025-04-15T20:59:02.148Z</time>
      </trkpt>
      <trkpt lat="49.055386" lon="9.551865">
        <ele>434.283798</ele>
        <time>2025-04-15T20:59:05.371Z</time>
      </trkpt>
      <trkpt lat="49.055740" lon="9.553514">
        <ele>436.921316</ele>
        <time>2025-04-15T20:59:41.452Z</time>
      </trkpt>
      <trkpt lat="49.055848" lon="9.554150">
        <ele>438.304967</ele>
        <time>2025-04-15T20:59:57.332Z</time>
      </trkpt>
      <trkpt lat="49.055844" lon="9.554592">
        <ele>439.235906</ele>
        <time>2025-04-15T21:00:07.063Z</time>
      </trkpt>
      <trkpt lat="49.055770" lon="9.555127">
        <ele>440.387438</ele>
        <time>2025-04-15T21:00:18.007Z</time>
      </trkpt>
      <trkpt lat="49.055653" lon="9.555594">
        <ele>441.074286</ele>
        <time>2025-04-15T21:00:26.910Z</time>
      </trkpt>
      <trkpt lat="49.055042" lon="9.556820">
        <ele>440.866550</ele>
        <time>2025-04-15T21:00:48.882Z</time>
      </trkpt>
      <trkpt lat="49.054585" lon="9.558055">
        <ele>439.840466</ele>
        <time>2025-04-15T21:01:02.855Z</time>
      </trkpt>
      <trkpt lat="49.054449" lon="9.558629">
        <ele>438.407551</ele>
        <time>2025-04-15T21:01:08.528Z</time>
      </trkpt>
      <trkpt lat="49.054442" lon="9.558972">
        <ele>437.601918</ele>
        <time>2025-04-15T21:01:11.664Z</time>
      </trkpt>
      <trkpt lat="49.054464" lon="9.559278">
        <ele>436.879228</ele>
        <time>2025-04-15T21:01:14.647Z</time>
      </trkpt>
      <trkpt lat="49.054466" lon="9.559308">
        <ele>436.808435</ele>
        <time>2025-04-15T21:01:14.944Z</time>
      </trkpt>
      <trkpt lat="49.054548" lon="9.559899">
        <ele>435.390222</ele>
        <time>2025-04-15T21:01:20.683Z</time>
      </trkpt>
      <trkpt lat="49.054674" lon="9.560403">
        <ele>434.170525</ele>
        <time>2025-04-15T21:01:25.887Z</time>
      </trkpt>
      <trkpt lat="49.055143" lon="9.561905">
        <ele>431.411600</ele>
        <time>2025-04-15T21:01:42.897Z</time>
      </trkpt>
      <trkpt lat="49.055248" lon="9.562360">
        <ele>430.611700</ele>
        <time>2025-04-15T21:01:48.057Z</time>
      </trkpt>
      <trkpt lat="49.055272" lon="9.562837">
        <ele>429.818406</ele>
        <time>2025-04-15T21:01:53.448Z</time>
      </trkpt>
      <trkpt lat="49.055214" lon="9.563370">
        <ele>429.850360</ele>
        <time>2025-04-15T21:02:00.160Z</time>
      </trkpt>
      <trkpt lat="49.055115" lon="9.563768">
        <ele>429.953935</ele>
        <time>2025-04-15T21:02:06.291Z</time>
      </trkpt>
      <trkpt lat="49.054983" lon="9.564127">
        <ele>430.054090</ele>
        <time>2025-04-15T21:02:12.913Z</time>
      </trkpt>
      <trkpt lat="49.054916" lon="9.564251">
        <ele>430.093192</ele>
        <time>2025-04-15T21:02:15.646Z</time>
      </trkpt>
      <trkpt lat="49.054598" lon="9.564630">
        <ele>430.242999</ele>
        <time>2025-04-15T21:02:26.686Z</time>
      </trkpt>
      <trkpt lat="49.054535" lon="9.564748">
        <ele>430.280030</ele>
        <time>2025-04-15T21:02:29.434Z</time>
      </trkpt>
      <trkpt lat="49.054293" lon="9.566300">
        <ele>427.955243</ele>
        <time>2025-04-15T21:02:49.008Z</time>
      </trkpt>
      <trkpt lat="49.054290" lon="9.566754">
        <ele>426.950675</ele>
        <time>2025-04-15T21:02:53.361Z</time>
      </trkpt>
      <trkpt lat="49.054612" lon="9.568706">
        <ele>422.582166</ele>
        <time>2025-04-15T21:03:11.696Z</time>
      </trkpt>
      <trkpt lat="49.054632" lon="9.568832">
        <ele>422.308673</ele>
        <time>2025-04-15T21:03:12.947Z</time>
      </trkpt>
      <trkpt lat="49.054802" lon="9.569753">
        <ele>420.290158</ele>
        <time>2025-04-15T21:03:22.825Z</time>
      </trkpt>
      <trkpt lat="49.055080" lon="9.570578">
        <ele>418.531808</ele>
        <time>2025-04-15T21:03:34.244Z</time>
      </trkpt>
      <trkpt lat="49.055624" lon="9.571874">
        <ele>418.451756</ele>
        <time>2025-04-15T21:03:52.346Z</time>
      </trkpt>
      <trkpt lat="49.055936" lon="9.572488">
        <ele>418.411344</ele>
        <time>2025-04-15T21:04:02.190Z</time>
      </trkpt>
      <trkpt lat="49.056019" lon="9.572739">
        <ele>418.396720</ele>
        <time>2025-04-15T21:04:06.518Z</time>
      </trkpt>
      <trkpt lat="49.056033" lon="9.572909">
        <ele>418.600906</ele>
        <time>2025-04-15T21:04:09.313Z</time>
      </trkpt>
      <trkpt lat="49.055985" lon="9.573291">
        <ele>419.269118</ele>
        <time>2025-04-15T21:04:17.992Z</time>
      </trkpt>
      <trkpt lat="49.055949" lon="9.573487">
        <ele>419.618812</ele>
        <time>2025-04-15T21:04:22.721Z</time>
      </trkpt>
      <trkpt lat="49.055859" lon="9.574174">
        <ele>420.822398</ele>
        <time>2025-04-15T21:04:39.012Z</time>
      </trkpt>
      <trkpt lat="49.055773" lon="9.574390">
        <ele>421.256596</ele>
        <time>2025-04-15T21:04:44.944Z</time>
      </trkpt>
      <trkpt lat="49.055719" lon="9.574438">
        <ele>421.420425</ele>
        <time>2025-04-15T21:04:47.043Z</time>
      </trkpt>
      <trkpt lat="49.055576" lon="9.574539">
        <ele>421.833514</ele>
        <time>2025-04-15T21:04:52.339Z</time>
      </trkpt>
      <trkpt lat="49.055505" lon="9.574652">
        <ele>422.102457</ele>
        <time>2025-04-15T21:04:55.920Z</time>
      </trkpt>
      <trkpt lat="49.055327" lon="9.575135">
        <ele>423.054445</ele>
        <time>2025-04-15T21:05:07.074Z</time>
      </trkpt>
      <trkpt lat="49.055180" lon="9.575416">
        <ele>422.678748</ele>
        <time>2025-04-15T21:05:12.969Z</time>
      </trkpt>
      <trkpt lat="49.054659" lon="9.575895">
        <ele>421.459057</ele>
        <time>2025-04-15T21:05:23.072Z</time>
      </trkpt>
      <trkpt lat="49.054433" lon="9.576147">
        <ele>420.897778</ele>
        <time>2025-04-15T21:05:27.234Z</time>
      </trkpt>
      <trkpt lat="49.053909" lon="9.576982">
        <ele>419.438946</ele>
        <time>2025-04-15T21:05:38.638Z</time>
      </trkpt>
      <trkpt lat="49.053724" lon="9.577099">
        <ele>419.232889</ele>
        <time>2025-04-15T21:05:41.750Z</time>
      </trkpt>
      <trkpt lat="49.053712" lon="9.577251">
        <ele>419.129651</ele>
        <time>2025-04-15T21:05:43.322Z</time>
      </trkpt>
      <trkpt lat="49.053766" lon="9.577621">
        <ele>418.874040</ele>
        <time>2025-04-15T21:05:47.385Z</time>
      </trkpt>
      <trkpt lat="49.053938" lon="9.577998">
        <ele>418.564284</ele>
        <time>2025-04-15T21:05:52.766Z</time>
      </trkpt>
      <trkpt lat="49.053959" lon="9.578194">
        <ele>418.430363</ele>
        <time>2025-04-15T21:05:55.344Z</time>
      </trkpt>
      <trkpt lat="49.053881" lon="9.579798">
        <ele>417.339198</ele>
        <time>2025-04-15T21:06:18.192Z</time>
      </trkpt>
      <trkpt lat="49.053970" lon="9.580446">
        <ele>416.883145</ele>
        <time>2025-04-15T21:06:27.380Z</time>
      </trkpt>
      <trkpt lat="49.054063" lon="9.580930">
        <ele>416.535721</ele>
        <time>2025-04-15T21:06:33.606Z</time>
      </trkpt>
      <trkpt lat="49.054276" lon="9.581947">
        <ele>415.800287</ele>
        <time>2025-04-15T21:06:44.921Z</time>
      </trkpt>
      <trkpt lat="49.054433" lon="9.582392">
        <ele>414.829465</ele>
        <time>2025-04-15T21:06:49.942Z</time>
      </trkpt>
      <trkpt lat="49.054951" lon="9.583414">
        <ele>412.147364</ele>
        <time>2025-04-15T21:07:02.707Z</time>
      </trkpt>
      <trkpt lat="49.055007" lon="9.583608">
        <ele>411.707298</ele>
        <time>2025-04-15T21:07:04.809Z</time>
      </trkpt>
      <trkpt lat="49.055283" lon="9.585325">
        <ele>409.056059</ele>
        <time>2025-04-15T21:07:23.347Z</time>
      </trkpt>
      <trkpt lat="49.055632" lon="9.586277">
        <ele>407.929991</ele>
        <time>2025-04-15T21:07:35.444Z</time>
      </trkpt>
      <trkpt lat="49.055736" lon="9.586714">
        <ele>407.450052</ele>
        <time>2025-04-15T21:07:40.826Z</time>
      </trkpt>
      <trkpt lat="49.055737" lon="9.587389">
        <ele>407.929576</ele>
        <time>2025-04-15T21:07:49.690Z</time>
      </trkpt>
      <trkpt lat="49.055834" lon="9.588013">
        <ele>408.899337</ele>
        <time>2025-04-15T21:08:00.934Z</time>
      </trkpt>
      <trkpt lat="49.055819" lon="9.588453">
        <ele>409.565580</ele>
        <time>2025-04-15T21:08:10.264Z</time>
      </trkpt>
      <trkpt lat="49.055790" lon="9.588644">
        <ele>409.862050</ele>
        <time>2025-04-15T21:08:14.833Z</time>
      </trkpt>
      <trkpt lat="49.055736" lon="9.588854">
        <ele>410.203173</ele>
        <time>2025-04-15T21:08:20.210Z</time>
      </trkpt>
      <trkpt lat="49.055393" lon="9.589520">
        <ele>411.339318</ele>
        <time>2025-04-15T21:08:40.826Z</time>
      </trkpt>
      <trkpt lat="49.055199" lon="9.590039">
        <ele>410.976075</ele>
        <time>2025-04-15T21:08:53.686Z</time>
      </trkpt>
      <trkpt lat="49.054909" lon="9.591064">
        <ele>410.297334</ele>
        <time>2025-04-15T21:09:07.047Z</time>
      </trkpt>
      <trkpt lat="49.054845" lon="9.591421">
        <ele>410.072321</ele>
        <time>2025-04-15T21:09:10.649Z</time>
      </trkpt>
      <trkpt lat="49.054854" lon="9.591840">
        <ele>409.817453</ele>
        <time>2025-04-15T21:09:14.613Z</time>
      </trkpt>
      <trkpt lat="49.055032" lon="9.592359">
        <ele>408.715636</ele>
        <time>2025-04-15T21:09:20.098Z</time>
      </trkpt>
      <trkpt lat="49.055179" lon="9.592947">
        <ele>407.195930</ele>
        <time>2025-04-15T21:09:25.993Z</time>
      </trkpt>
      <trkpt lat="49.055215" lon="9.594372">
        <ele>403.752308</ele>
        <time>2025-04-15T21:09:40.591Z</time>
      </trkpt>
      <trkpt lat="49.055349" lon="9.595289">
        <ele>401.650468</ele>
        <time>2025-04-15T21:09:50.480Z</time>
      </trkpt>
      <trkpt lat="49.055449" lon="9.595727">
        <ele>400.647205</ele>
        <time>2025-04-15T21:09:55.135Z</time>
      </trkpt>
      <trkpt lat="49.055694" lon="9.596463">
        <ele>398.861599</ele>
        <time>2025-04-15T21:10:02.716Z</time>
      </trkpt>
      <trkpt lat="49.055848" lon="9.596803">
        <ele>397.967602</ele>
        <time>2025-04-15T21:10:06.470Z</time>
      </trkpt>
      <trkpt lat="49.056067" lon="9.597157">
        <ele>397.075832</ele>
        <time>2025-04-15T21:10:10.881Z</time>
      </trkpt>
      <trkpt lat="49.056133" lon="9.597340">
        <ele>396.936439</ele>
        <time>2025-04-15T21:10:12.802Z</time>
      </trkpt>
      <trkpt lat="49.056139" lon="9.597490">
        <ele>396.836153</ele>
        <time>2025-04-15T21:10:14.219Z</time>
      </trkpt>
      <trkpt lat="49.056146" lon="9.597644">
        <ele>396.733139</ele>
        <time>2025-04-15T21:10:15.705Z</time>
      </trkpt>
      <trkpt lat="49.056097" lon="9.597936">
        <ele>396.531992</ele>
        <time>2025-04-15T21:10:18.699Z</time>
      </trkpt>
      <trkpt lat="49.055981" lon="9.598618">
        <ele>396.061796</ele>
        <time>2025-04-15T21:10:27.129Z</time>
      </trkpt>
      <trkpt lat="49.055810" lon="9.599112">
        <ele>395.688971</ele>
        <time>2025-04-15T21:10:35.234Z</time>
      </trkpt>
      <trkpt lat="49.055768" lon="9.599478">
        <ele>395.441012</ele>
        <time>2025-04-15T21:10:40.228Z</time>
      </trkpt>
      <trkpt lat="49.055809" lon="9.599903">
        <ele>395.133885</ele>
        <time>2025-04-15T21:10:45.626Z</time>
      </trkpt>
      <trkpt lat="49.055823" lon="9.600106">
        <ele>394.980451</ele>
        <time>2025-04-15T21:10:48.080Z</time>
      </trkpt>
      <trkpt lat="49.055756" lon="9.600661">
        <ele>394.556250</ele>
        <time>2025-04-15T21:10:54.483Z</time>
      </trkpt>
      <trkpt lat="49.055464" lon="9.601852">
        <ele>393.600394</ele>
        <time>2025-04-15T21:11:07.707Z</time>
      </trkpt>
      <trkpt lat="49.055372" lon="9.602548">
        <ele>393.006704</ele>
        <time>2025-04-15T21:11:14.516Z</time>
      </trkpt>
      <trkpt lat="49.055377" lon="9.607716">
        <ele>388.156015</ele>
        <time>2025-04-15T21:12:09.279Z</time>
      </trkpt>
      <trkpt lat="49.055452" lon="9.608733">
        <ele>387.134302</ele>
        <time>2025-04-15T21:12:19.923Z</time>
      </trkpt>
      <trkpt lat="49.055536" lon="9.609160">
        <ele>386.685398</ele>
        <time>2025-04-15T21:12:24.505Z</time>
      </trkpt>
      <trkpt lat="49.056044" lon="9.610910">
        <ele>385.011966</ele>
        <time>2025-04-15T21:12:44.385Z</time>
      </trkpt>
      <trkpt lat="49.056060" lon="9.611205">
        <ele>384.846809</ele>
        <time>2025-04-15T21:12:47.543Z</time>
      </trkpt>
      <trkpt lat="49.056006" lon="9.611805">
        <ele>384.508899</ele>
        <time>2025-04-15T21:12:54.096Z</time>
      </trkpt>
      <trkpt lat="49.056004" lon="9.612186">
        <ele>384.296315</ele>
        <time>2025-04-15T21:12:58.341Z</time>
      </trkpt>
      <trkpt lat="49.056037" lon="9.612647">
        <ele>384.037572</ele>
        <time>2025-04-15T21:13:03.716Z</time>
      </trkpt>
      <trkpt lat="49.056112" lon="9.612986">
        <ele>383.837940</ele>
        <time>2025-04-15T21:13:08.045Z</time>
      </trkpt>
      <trkpt lat="49.056220" lon="9.613313">
        <ele>383.815424</ele>
        <time>2025-04-15T21:13:12.542Z</time>
      </trkpt>
      <trkpt lat="49.056464" lon="9.613769">
        <ele>383.854764</ele>
        <time>2025-04-15T21:13:20.066Z</time>
      </trkpt>
      <trkpt lat="49.056543" lon="9.614208">
        <ele>383.885186</ele>
        <time>2025-04-15T21:13:26.162Z</time>
      </trkpt>
      <trkpt lat="49.056567" lon="9.614712">
        <ele>383.918954</ele>
        <time>2025-04-15T21:13:33.136Z</time>
      </trkpt>
      <trkpt lat="49.056530" lon="9.614959">
        <ele>383.935886</ele>
        <time>2025-04-15T21:13:36.604Z</time>
      </trkpt>
      <trkpt lat="49.056436" lon="9.615289">
        <ele>383.959931</ele>
        <time>2025-04-15T21:13:41.160Z</time>
      </trkpt>
      <trkpt lat="49.056151" lon="9.616050">
        <ele>383.510128</ele>
        <time>2025-04-15T21:13:50.891Z</time>
      </trkpt>
      <trkpt lat="49.055925" lon="9.616454">
        <ele>383.084230</ele>
        <time>2025-04-15T21:13:56.570Z</time>
      </trkpt>
      <trkpt lat="49.055664" lon="9.616753">
        <ele>382.684915</ele>
        <time>2025-04-15T21:14:01.795Z</time>
      </trkpt>
      <trkpt lat="49.055559" lon="9.616900">
        <ele>382.510569</ele>
        <time>2025-04-15T21:14:04.056Z</time>
      </trkpt>
      <trkpt lat="49.055478" lon="9.617127">
        <ele>382.303326</ele>
        <time>2025-04-15T21:14:06.702Z</time>
      </trkpt>
      <trkpt lat="49.055216" lon="9.618208">
        <ele>381.469967</ele>
        <time>2025-04-15T21:14:18.496Z</time>
      </trkpt>
      <trkpt lat="49.054439" lon="9.620227">
        <ele>380.102918</ele>
        <time>2025-04-15T21:14:44.529Z</time>
      </trkpt>
      <trkpt lat="49.054163" lon="9.621167">
        <ele>380.372302</ele>
        <time>2025-04-15T21:14:56.766Z</time>
      </trkpt>
      <trkpt lat="49.054020" lon="9.621828">
        <ele>380.554350</ele>
        <time>2025-04-15T21:15:06.337Z</time>
      </trkpt>
      <trkpt lat="49.054006" lon="9.622166">
        <ele>380.642924</ele>
        <time>2025-04-15T21:15:11.405Z</time>
      </trkpt>
      <trkpt lat="49.054027" lon="9.622461">
        <ele>380.720529</ele>
        <time>2025-04-15T21:15:16.025Z</time>
      </trkpt>
      <trkpt lat="49.054087" lon="9.622791">
        <ele>380.826156</ele>
        <time>2025-04-15T21:15:21.436Z</time>
      </trkpt>
      <trkpt lat="49.054296" lon="9.623159">
        <ele>381.097087</ele>
        <time>2025-04-15T21:15:28.490Z</time>
      </trkpt>
      <trkpt lat="49.054429" lon="9.623478">
        <ele>381.307442</ele>
        <time>2025-04-15T21:15:34.121Z</time>
      </trkpt>
      <trkpt lat="49.054735" lon="9.623998">
        <ele>381.696272</ele>
        <time>2025-04-15T21:15:45.083Z</time>
      </trkpt>
      <trkpt lat="49.054544" lon="9.624323">
        <ele>381.939148</ele>
        <time>2025-04-15T21:15:51.549Z</time>
      </trkpt>
      <trkpt lat="49.055342" lon="9.625076">
        <ele>382.379055</ele>
        <time>2025-04-15T21:16:08.304Z</time>
      </trkpt>
      <trkpt lat="49.055485" lon="9.625145">
        <ele>382.396391</ele>
        <time>2025-04-15T21:16:10.907Z</time>
      </trkpt>
      <trkpt lat="49.056277" lon="9.625305">
        <ele>382.488735</ele>
        <time>2025-04-15T21:16:25.323Z</time>
      </trkpt>
      <trkpt lat="49.056677" lon="9.625372">
        <ele>382.552353</ele>
        <time>2025-04-15T21:16:32.459Z</time>
      </trkpt>
      <trkpt lat="49.057772" lon="9.625557">
        <ele>383.163559</ele>
        <time>2025-04-15T21:16:54.682Z</time>
      </trkpt>
      <trkpt lat="49.057765" lon="9.625707">
        <ele>383.218229</ele>
        <time>2025-04-15T21:16:56.732Z</time>
      </trkpt>
      <trkpt lat="49.057704" lon="9.626610">
        <ele>383.562905</ele>
        <time>2025-04-15T21:17:09.051Z</time>
      </trkpt>
      <trkpt lat="49.058251" lon="9.626936">
        <ele>384.131647</ele>
        <time>2025-04-15T21:17:21.041Z</time>
      </trkpt>
      <trkpt lat="49.058506" lon="9.627191">
        <ele>384.426918</ele>
        <time>2025-04-15T21:17:27.447Z</time>
      </trkpt>
      <trkpt lat="49.058732" lon="9.627358">
        <ele>384.670112</ele>
        <time>2025-04-15T21:17:32.895Z</time>
      </trkpt>
      <trkpt lat="49.059308" lon="9.627670">
        <ele>385.262072</ele>
        <time>2025-04-15T21:17:46.657Z</time>
      </trkpt>
      <trkpt lat="49.059675" lon="9.628002">
        <ele>386.147145</ele>
        <time>2025-04-15T21:17:56.637Z</time>
      </trkpt>
      <trkpt lat="49.060170" lon="9.628545">
        <ele>387.426048</ele>
        <time>2025-04-15T21:18:11.992Z</time>
      </trkpt>
      <trkpt lat="49.060612" lon="9.629076">
        <ele>388.606159</ele>
        <time>2025-04-15T21:18:27.810Z</time>
      </trkpt>
      <trkpt lat="49.060971" lon="9.629639">
        <ele>389.830536</ele>
        <time>2025-04-15T21:18:43.354Z</time>
      </trkpt>
      <trkpt lat="49.061092" lon="9.629853">
        <ele>390.306520</ele>
        <time>2025-04-15T21:18:49.039Z</time>
      </trkpt>
      <trkpt lat="49.061397" lon="9.630581">
        <ele>391.761597</ele>
        <time>2025-04-15T21:19:06.141Z</time>
      </trkpt>
      <trkpt lat="49.061891" lon="9.631463">
        <ele>393.697679</ele>
        <time>2025-04-15T21:19:26.012Z</time>
      </trkpt>
      <trkpt lat="49.062099" lon="9.631766">
        <ele>394.168890</ele>
        <time>2025-04-15T21:19:32.704Z</time>
      </trkpt>
      <trkpt lat="49.062691" lon="9.632212">
        <ele>395.250791</ele>
        <time>2025-04-15T21:19:47.266Z</time>
      </trkpt>
      <trkpt lat="49.063097" lon="9.632581">
        <ele>396.025163</ele>
        <time>2025-04-15T21:19:58.425Z</time>
      </trkpt>
      <trkpt lat="49.063526" lon="9.632971">
        <ele>396.767671</ele>
        <time>2025-04-15T21:20:12.263Z</time>
      </trkpt>
      <trkpt lat="49.063710" lon="9.633197">
        <ele>397.026956</ele>
        <time>2025-04-15T21:20:19.217Z</time>
      </trkpt>
      <trkpt lat="49.064301" lon="9.634072">
        <ele>397.930875</ele>
        <time>2025-04-15T21:20:38.912Z</time>
      </trkpt>
      <trkpt lat="49.064389" lon="9.634244">
        <ele>398.087844</ele>
        <time>2025-04-15T21:20:41.766Z</time>
      </trkpt>
      <trkpt lat="49.064655" lon="9.634558">
        <ele>398.457011</ele>
        <time>2025-04-15T21:20:47.731Z</time>
      </trkpt>
      <trkpt lat="49.064900" lon="9.634817">
        <ele>398.463047</ele>
        <time>2025-04-15T21:20:52.662Z</time>
      </trkpt>
      <trkpt lat="49.065414" lon="9.635132">
        <ele>398.073580</ele>
        <time>2025-04-15T21:21:01.290Z</time>
      </trkpt>
      <trkpt lat="49.065683" lon="9.635418">
        <ele>397.843063</ele>
        <time>2025-04-15T21:21:06.462Z</time>
      </trkpt>
      <trkpt lat="49.066198" lon="9.636115">
        <ele>397.359078</ele>
        <time>2025-04-15T21:21:18.179Z</time>
      </trkpt>
      <trkpt lat="49.066629" lon="9.636501">
        <ele>396.821379</ele>
        <time>2025-04-15T21:21:26.265Z</time>
      </trkpt>
      <trkpt lat="49.066883" lon="9.636506">
        <ele>396.537454</ele>
        <time>2025-04-15T21:21:30.236Z</time>
      </trkpt>
      <trkpt lat="49.067025" lon="9.636402">
        <ele>396.361410</ele>
        <time>2025-04-15T21:21:32.747Z</time>
      </trkpt>
      <trkpt lat="49.067094" lon="9.636170">
        <ele>396.174830</ele>
        <time>2025-04-15T21:21:35.395Z</time>
      </trkpt>
      <trkpt lat="49.066983" lon="9.635881">
        <ele>395.929509</ele>
        <time>2025-04-15T21:21:38.871Z</time>
      </trkpt>
      <trkpt lat="49.066738" lon="9.635436">
        <ele>395.503850</ele>
        <time>2025-04-15T21:21:44.861Z</time>
      </trkpt>
      <trkpt lat="49.066692" lon="9.635307">
        <ele>395.396296</ele>
        <time>2025-04-15T21:21:46.381Z</time>
      </trkpt>
      <trkpt lat="49.066688" lon="9.635151">
        <ele>395.388774</ele>
        <time>2025-04-15T21:21:48.017Z</time>
      </trkpt>
      <trkpt lat="49.066714" lon="9.635000">
        <ele>395.663855</ele>
        <time>2025-04-15T21:21:49.675Z</time>
      </trkpt>
      <trkpt lat="49.067063" lon="9.634313">
        <ele>397.195503</ele>
        <time>2025-04-15T21:22:00.265Z</time>
      </trkpt>
      <trkpt lat="49.067395" lon="9.634776">
        <ele>398.404865</ele>
        <time>2025-04-15T21:22:15.037Z</time>
      </trkpt>
      <trkpt lat="49.067769" lon="9.635218">
        <ele>399.676866</ele>
        <time>2025-04-15T21:22:33.094Z</time>
      </trkpt>
      <trkpt lat="49.067947" lon="9.634828">
        <ele>400.802108</ele>
        <time>2025-04-15T21:22:49.841Z</time>
      </trkpt>
      <trkpt lat="49.068061" lon="9.634748">
        <ele>401.406272</ele>
        <time>2025-04-15T21:22:56.697Z</time>
      </trkpt>
      <trkpt lat="49.068181" lon="9.634758">
        <ele>401.984949</ele>
        <time>2025-04-15T21:23:03.278Z</time>
      </trkpt>
      <trkpt lat="49.068945" lon="9.635122">
        <ele>405.838768</ele>
        <time>2025-04-15T21:23:46.609Z</time>
      </trkpt>
      <trkpt lat="49.071600" lon="9.636393">
        <ele>414.495925</ele>
        <time>2025-04-15T21:25:39.397Z</time>
      </trkpt>
      <trkpt lat="49.071853" lon="9.636480">
        <ele>414.975935</ele>
        <time>2025-04-15T21:25:50.355Z</time>
      </trkpt>
      <trkpt lat="49.072072" lon="9.636406">
        <ele>415.391091</ele>
        <time>2025-04-15T21:25:59.183Z</time>
      </trkpt>
      <trkpt lat="49.072473" lon="9.636036">
        <ele>416.258352</ele>
        <time>2025-04-15T21:26:16.389Z</time>
      </trkpt>
      <trkpt lat="49.072618" lon="9.635977">
        <ele>416.536101</ele>
        <time>2025-04-15T21:26:21.614Z</time>
      </trkpt>
      <trkpt lat="49.072783" lon="9.635996">
        <ele>416.842365</ele>
        <time>2025-04-15T21:26:27.183Z</time>
      </trkpt>
      <trkpt lat="49.072948" lon="9.636096">
        <ele>417.146484</ele>
        <time>2025-04-15T21:26:32.826Z</time>
      </trkpt>
      <trkpt lat="49.073201" lon="9.636646">
        <ele>417.147805</ele>
        <time>2025-04-15T21:26:45.913Z</time>
      </trkpt>
      <trkpt lat="49.073515" lon="9.637550">
        <ele>417.149816</ele>
        <time>2025-04-15T21:27:04.930Z</time>
      </trkpt>
      <trkpt lat="49.073643" lon="9.638290">
        <ele>417.151321</ele>
        <time>2025-04-15T21:27:20.023Z</time>
      </trkpt>
      <trkpt lat="49.073686" lon="9.638673">
        <ele>417.180077</ele>
        <time>2025-04-15T21:27:27.885Z</time>
      </trkpt>
      <trkpt lat="49.073680" lon="9.638992">
        <ele>417.252871</ele>
        <time>2025-04-15T21:27:34.327Z</time>
      </trkpt>
      <trkpt lat="49.073597" lon="9.639891">
        <ele>417.459959</ele>
        <time>2025-04-15T21:27:52.372Z</time>
      </trkpt>
      <trkpt lat="49.073604" lon="9.640084">
        <ele>417.504050</ele>
        <time>2025-04-15T21:27:56.132Z</time>
      </trkpt>
      <trkpt lat="49.073643" lon="9.640314">
        <ele>417.558242</ele>
        <time>2025-04-15T21:28:00.740Z</time>
      </trkpt>
      <trkpt lat="49.073950" lon="9.641387">
        <ele>418.086610</ele>
        <time>2025-04-15T21:28:24.702Z</time>
      </trkpt>
      <trkpt lat="49.074116" lon="9.641841">
        <ele>418.861810</ele>
        <time>2025-04-15T21:28:36.528Z</time>
      </trkpt>
      <trkpt lat="49.074506" lon="9.642719">
        <ele>420.443434</ele>
        <time>2025-04-15T21:29:04.009Z</time>
      </trkpt>
      <trkpt lat="49.074574" lon="9.643003">
        <ele>420.894261</ele>
        <time>2025-04-15T21:29:12.430Z</time>
      </trkpt>
      <trkpt lat="49.074595" lon="9.643346">
        <ele>421.407885</ele>
        <time>2025-04-15T21:29:22.313Z</time>
      </trkpt>
      <trkpt lat="49.074579" lon="9.643834">
        <ele>422.044539</ele>
        <time>2025-04-15T21:29:36.250Z</time>
      </trkpt>
      <trkpt lat="49.074569" lon="9.644090">
        <ele>422.294167</ele>
        <time>2025-04-15T21:29:43.397Z</time>
      </trkpt>
      <trkpt lat="49.074635" lon="9.644448">
        <ele>422.656173</ele>
        <time>2025-04-15T21:29:53.534Z</time>
      </trkpt>
      <trkpt lat="49.074707" lon="9.644337">
        <ele>422.808223</ele>
        <time>2025-04-15T21:29:57.696Z</time>
      </trkpt>
      <trkpt lat="49.074888" lon="9.644750">
        <ele>423.291896</ele>
        <time>2025-04-15T21:30:10.554Z</time>
      </trkpt>
      <trkpt lat="49.075330" lon="9.646116">
        <ele>423.775948</ele>
        <time>2025-04-15T21:30:42.343Z</time>
      </trkpt>
      <trkpt lat="49.075480" lon="9.646345">
        <ele>422.724808</ele>
        <time>2025-04-15T21:30:47.694Z</time>
      </trkpt>
      <trkpt lat="49.075701" lon="9.646568">
        <ele>421.412165</ele>
        <time>2025-04-15T21:30:54.070Z</time>
      </trkpt>
      <trkpt lat="49.075806" lon="9.646996">
        <ele>419.928736</ele>
        <time>2025-04-15T21:31:00.943Z</time>
      </trkpt>
      <trkpt lat="49.075822" lon="9.647165">
        <ele>419.374498</ele>
        <time>2025-04-15T21:31:03.457Z</time>
      </trkpt>
      <trkpt lat="49.075795" lon="9.647354">
        <ele>418.746624</ele>
        <time>2025-04-15T21:31:06.246Z</time>
      </trkpt>
      <trkpt lat="49.075649" lon="9.647909">
        <ele>416.805375</ele>
        <time>2025-04-15T21:31:14.708Z</time>
      </trkpt>
      <trkpt lat="49.075688" lon="9.648352">
        <ele>415.233316</ele>
        <time>2025-04-15T21:31:20.894Z</time>
      </trkpt>
      <trkpt lat="49.075950" lon="9.649191">
        <ele>410.899224</ele>
        <time>2025-04-15T21:31:33.780Z</time>
      </trkpt>
      <trkpt lat="49.076036" lon="9.649703">
        <ele>408.434520</ele>
        <time>2025-04-15T21:31:41.252Z</time>
      </trkpt>
      <trkpt lat="49.076245" lon="9.650093">
        <ele>406.084916</ele>
        <time>2025-04-15T21:31:48.500Z</time>
      </trkpt>
      <trkpt lat="49.076435" lon="9.650157">
        <ele>404.699871</ele>
        <time>2025-04-15T21:31:52.821Z</time>
      </trkpt>
      <trkpt lat="49.076610" lon="9.650292">
        <ele>403.304118</ele>
        <time>2025-04-15T21:31:57.229Z</time>
      </trkpt>
      <trkpt lat="49.076705" lon="9.650473">
        <ele>402.469238</ele>
        <time>2025-04-15T21:32:00.693Z</time>
      </trkpt>
      <trkpt lat="49.076727" lon="9.650753">
        <ele>401.689412</ele>
        <time>2025-04-15T21:32:04.925Z</time>
      </trkpt>
      <trkpt lat="49.076661" lon="9.651571">
        <ele>399.410327</ele>
        <time>2025-04-15T21:32:17.548Z</time>
      </trkpt>
      <trkpt lat="49.076681" lon="9.652223">
        <ele>397.605394</ele>
        <time>2025-04-15T21:32:27.797Z</time>
      </trkpt>
      <trkpt lat="49.076714" lon="9.652558">
        <ele>396.668612</ele>
        <time>2025-04-15T21:32:33.182Z</time>
      </trkpt>
      <trkpt lat="49.077042" lon="9.654254">
        <ele>393.031495</ele>
        <time>2025-04-15T21:33:01.826Z</time>
      </trkpt>
      <trkpt lat="49.077047" lon="9.654276">
        <ele>392.990438</ele>
        <time>2025-04-15T21:33:02.215Z</time>
      </trkpt>
      <trkpt lat="49.077555" lon="9.656460">
        <ele>389.146789</ele>
        <time>2025-04-15T21:33:41.049Z</time>
      </trkpt>
      <trkpt lat="49.077875" lon="9.657571">
        <ele>387.355179</ele>
        <time>2025-04-15T21:34:01.998Z</time>
      </trkpt>
      <trkpt lat="49.077970" lon="9.658036">
        <ele>386.636135</ele>
        <time>2025-04-15T21:34:10.120Z</time>
      </trkpt>
      <trkpt lat="49.077973" lon="9.658247">
        <ele>386.318505</ele>
        <time>2025-04-15T21:34:13.603Z</time>
      </trkpt>
      <trkpt lat="49.077847" lon="9.658807">
        <ele>385.122128</ele>
        <time>2025-04-15T21:34:23.144Z</time>
      </trkpt>
      <trkpt lat="49.077807" lon="9.659153">
        <ele>384.412226</ele>
        <time>2025-04-15T21:34:28.739Z</time>
      </trkpt>
      <trkpt lat="49.077778" lon="9.659822">
        <ele>383.057544</ele>
        <time>2025-04-15T21:34:39.413Z</time>
      </trkpt>
      <trkpt lat="49.077646" lon="9.660369">
        <ele>381.879705</ele>
        <time>2025-04-15T21:34:48.771Z</time>
      </trkpt>
      <trkpt lat="49.077636" lon="9.660590">
        <ele>381.432105</ele>
        <time>2025-04-15T21:34:52.316Z</time>
      </trkpt>
      <trkpt lat="49.077665" lon="9.660774">
        <ele>381.049719</ele>
        <time>2025-04-15T21:34:55.351Z</time>
      </trkpt>
      <trkpt lat="49.077973" lon="9.661540">
        <ele>379.528076</ele>
        <time>2025-04-15T21:35:10.434Z</time>
      </trkpt>
      <trkpt lat="49.078094" lon="9.662203">
        <ele>378.400011</ele>
        <time>2025-04-15T21:35:22.269Z</time>
      </trkpt>
      <trkpt lat="49.078569" lon="9.661725">
        <ele>376.976478</ele>
        <time>2025-04-15T21:35:30.356Z</time>
      </trkpt>
      <trkpt lat="49.078721" lon="9.661650">
        <ele>376.576770</ele>
        <time>2025-04-15T21:35:32.542Z</time>
      </trkpt>
      <trkpt lat="49.078893" lon="9.661697">
        <ele>376.122007</ele>
        <time>2025-04-15T21:35:34.957Z</time>
      </trkpt>
      <trkpt lat="49.079533" lon="9.662338">
        <ele>373.986907</ele>
        <time>2025-04-15T21:35:45.557Z</time>
      </trkpt>
      <trkpt lat="49.079693" lon="9.662577">
        <ele>373.362509</ele>
        <time>2025-04-15T21:35:48.591Z</time>
      </trkpt>
      <trkpt lat="49.079898" lon="9.662994">
        <ele>372.409898</ele>
        <time>2025-04-15T21:35:53.307Z</time>
      </trkpt>
      <trkpt lat="49.080220" lon="9.663785">
        <ele>370.989121</ele>
        <time>2025-04-15T21:36:02.036Z</time>
      </trkpt>
      <trkpt lat="49.080295" lon="9.663968">
        <ele>370.790065</ele>
        <time>2025-04-15T21:36:04.127Z</time>
      </trkpt>
      <trkpt lat="49.080740" lon="9.665059">
        <ele>369.604940</ele>
        <time>2025-04-15T21:36:17.027Z</time>
      </trkpt>
      <trkpt lat="49.081090" lon="9.666203">
        <ele>368.540114</ele>
        <time>2025-04-15T21:36:30.468Z</time>
      </trkpt>
      <trkpt lat="49.081193" lon="9.666541">
        <ele>368.309391</ele>
        <time>2025-04-15T21:36:34.528Z</time>
      </trkpt>
      <trkpt lat="49.081283" lon="9.666835">
        <ele>368.108541</ele>
        <time>2025-04-15T21:36:38.050Z</time>
      </trkpt>
      <trkpt lat="49.081547" lon="9.667822">
        <ele>367.448710</ele>
        <time>2025-04-15T21:36:49.370Z</time>
      </trkpt>
      <trkpt lat="49.081791" lon="9.668820">
        <ele>366.471025</ele>
        <time>2025-04-15T21:37:08.262Z</time>
      </trkpt>
      <trkpt lat="49.082002" lon="9.669685">
        <ele>365.184091</ele>
        <time>2025-04-15T21:37:23.956Z</time>
      </trkpt>
      <trkpt lat="49.082139" lon="9.669907">
        <ele>364.758829</ele>
        <time>2025-04-15T21:37:29.052Z</time>
      </trkpt>
      <trkpt lat="49.082826" lon="9.670680">
        <ele>363.022223</ele>
        <time>2025-04-15T21:37:50.532Z</time>
      </trkpt>
      <trkpt lat="49.083200" lon="9.671976">
        <ele>361.627158</ele>
        <time>2025-04-15T21:38:14.332Z</time>
      </trkpt>
      <trkpt lat="49.083491" lon="9.672735">
        <ele>360.760821</ele>
        <time>2025-04-15T21:38:30.341Z</time>
      </trkpt>
      <trkpt lat="49.083477" lon="9.672898">
        <ele>360.598883</ele>
        <time>2025-04-15T21:38:32.326Z</time>
      </trkpt>
      <trkpt lat="49.083622" lon="9.673302">
        <ele>360.798077</ele>
        <time>2025-04-15T21:38:38.506Z</time>
      </trkpt>
      <trkpt lat="49.083626" lon="9.673412">
        <ele>360.883900</ele>
        <time>2025-04-15T21:38:40.112Z</time>
      </trkpt>
      <trkpt lat="49.083589" lon="9.674483">
        <ele>361.719377</ele>
        <time>2025-04-15T21:38:56.862Z</time>
      </trkpt>
      <trkpt lat="49.083503" lon="9.675134">
        <ele>362.236724</ele>
        <time>2025-04-15T21:39:07.820Z</time>
      </trkpt>
      <trkpt lat="49.083426" lon="9.675861">
        <ele>362.860409</ele>
        <time>2025-04-15T21:39:20.197Z</time>
      </trkpt>
      <trkpt lat="49.083447" lon="9.676479">
        <ele>363.491796</ele>
        <time>2025-04-15T21:39:30.604Z</time>
      </trkpt>
      <trkpt lat="49.083170" lon="9.677326">
        <ele>364.457724</ele>
        <time>2025-04-15T21:39:46.358Z</time>
      </trkpt>
      <trkpt lat="49.082967" lon="9.677609">
        <ele>364.885947</ele>
        <time>2025-04-15T21:39:53.525Z</time>
      </trkpt>
      <trkpt lat="49.082156" lon="9.678334">
        <ele>365.156364</ele>
        <time>2025-04-15T21:40:14.555Z</time>
      </trkpt>
      <trkpt lat="49.082059" lon="9.678465">
        <ele>365.090262</ele>
        <time>2025-04-15T21:40:16.968Z</time>
      </trkpt>
      <trkpt lat="49.081995" lon="9.678621">
        <ele>365.028722</ele>
        <time>2025-04-15T21:40:19.143Z</time>
      </trkpt>
      <trkpt lat="49.081953" lon="9.678949">
        <ele>364.916990</ele>
        <time>2025-04-15T21:40:23.019Z</time>
      </trkpt>
      <trkpt lat="49.081972" lon="9.679960">
        <ele>364.578854</ele>
        <time>2025-04-15T21:40:33.690Z</time>
      </trkpt>
      <trkpt lat="49.082014" lon="9.680247">
        <ele>364.124751</ele>
        <time>2025-04-15T21:40:36.555Z</time>
      </trkpt>
      <trkpt lat="49.082087" lon="9.680458">
        <ele>363.502459</ele>
        <time>2025-04-15T21:40:38.841Z</time>
      </trkpt>
      <trkpt lat="49.082132" lon="9.680433">
        <ele>363.311799</ele>
        <time>2025-04-15T21:40:39.553Z</time>
      </trkpt>
      <trkpt lat="49.082228" lon="9.680736">
        <ele>362.434046</ele>
        <time>2025-04-15T21:40:42.565Z</time>
      </trkpt>
      <trkpt lat="49.082301" lon="9.681070">
        <ele>361.515831</ele>
        <time>2025-04-15T21:40:45.654Z</time>
      </trkpt>
      <trkpt lat="49.082440" lon="9.681797">
        <ele>359.540848</ele>
        <time>2025-04-15T21:40:52.097Z</time>
      </trkpt>
      <trkpt lat="49.082506" lon="9.682282">
        <ele>358.249067</ele>
        <time>2025-04-15T21:40:56.205Z</time>
      </trkpt>
      <trkpt lat="49.082436" lon="9.683131">
        <ele>356.184738</ele>
        <time>2025-04-15T21:41:03.177Z</time>
      </trkpt>
      <trkpt lat="49.082426" lon="9.684037">
        <ele>354.113466</ele>
        <time>2025-04-15T21:41:10.771Z</time>
      </trkpt>
      <trkpt lat="49.082456" lon="9.684336">
        <ele>353.422025</ele>
        <time>2025-04-15T21:41:13.425Z</time>
      </trkpt>
      <trkpt lat="49.082515" lon="9.684596">
        <ele>352.793045</ele>
        <time>2025-04-15T21:41:15.922Z</time>
      </trkpt>
      <trkpt lat="49.082667" lon="9.685327">
        <ele>351.121778</ele>
        <time>2025-04-15T21:41:23.411Z</time>
      </trkpt>
      <trkpt lat="49.082812" lon="9.686321">
        <ele>352.297774</ele>
        <time>2025-04-15T21:41:36.405Z</time>
      </trkpt>
      <trkpt lat="49.082754" lon="9.686424">
        <ele>352.454634</ele>
        <time>2025-04-15T21:41:38.646Z</time>
      </trkpt>
      <trkpt lat="49.082572" lon="9.686746">
        <ele>352.945796</ele>
        <time>2025-04-15T21:41:45.909Z</time>
      </trkpt>
      <trkpt lat="49.082477" lon="9.686932">
        <ele>353.218178</ele>
        <time>2025-04-15T21:41:50.341Z</time>
      </trkpt>
      <trkpt lat="49.082205" lon="9.687463">
        <ele>353.996644</ele>
        <time>2025-04-15T21:42:04.250Z</time>
      </trkpt>
      <trkpt lat="49.082122" lon="9.687675">
        <ele>354.302730</ele>
        <time>2025-04-15T21:42:09.711Z</time>
      </trkpt>
      <trkpt lat="49.082047" lon="9.687869">
        <ele>354.895590</ele>
        <time>2025-04-15T21:42:14.818Z</time>
      </trkpt>
      <trkpt lat="49.082042" lon="9.688075">
        <ele>355.438100</ele>
        <time>2025-04-15T21:42:19.551Z</time>
      </trkpt>
      <trkpt lat="49.082193" lon="9.688128">
        <ele>356.060654</ele>
        <time>2025-04-15T21:42:25.144Z</time>
      </trkpt>
      <trkpt lat="49.082570" lon="9.688603">
        <ele>358.024658</ele>
        <time>2025-04-15T21:42:42.972Z</time>
      </trkpt>
      <trkpt lat="49.082874" lon="9.688991">
        <ele>359.616728</ele>
        <time>2025-04-15T21:42:56.696Z</time>
      </trkpt>
      <trkpt lat="49.082979" lon="9.689129">
        <ele>360.173407</ele>
        <time>2025-04-15T21:43:01.498Z</time>
      </trkpt>
      <trkpt lat="49.083490" lon="9.690117">
        <ele>362.493898</ele>
        <time>2025-04-15T21:43:27.091Z</time>
      </trkpt>
      <trkpt lat="49.083531" lon="9.690196">
        <ele>362.627109</ele>
        <time>2025-04-15T21:43:28.877Z</time>
      </trkpt>
      <trkpt lat="49.083684" lon="9.690469">
        <ele>363.101963</ele>
        <time>2025-04-15T21:43:34.985Z</time>
      </trkpt>
      <trkpt lat="49.083943" lon="9.690917">
        <ele>363.891697</ele>
        <time>2025-04-15T21:43:44.268Z</time>
      </trkpt>
      <trkpt lat="49.084050" lon="9.691094">
        <ele>364.210029</ele>
        <time>2025-04-15T21:43:47.887Z</time>
      </trkpt>
      <trkpt lat="49.084365" lon="9.691615">
        <ele>365.129706</ele>
        <time>2025-04-15T21:43:58.172Z</time>
      </trkpt>
      <trkpt lat="49.084511" lon="9.691851">
        <ele>365.261743</ele>
        <time>2025-04-15T21:44:02.752Z</time>
      </trkpt>
      <trkpt lat="49.084790" lon="9.692249">
        <ele>365.498856</ele>
        <time>2025-04-15T21:44:10.818Z</time>
      </trkpt>
      <trkpt lat="49.084969" lon="9.692476">
        <ele>365.643356</ele>
        <time>2025-04-15T21:44:15.511Z</time>
      </trkpt>
      <trkpt lat="49.085360" lon="9.692898">
        <ele>365.940704</ele>
        <time>2025-04-15T21:44:25.551Z</time>
      </trkpt>
      <trkpt lat="49.085474" lon="9.693027">
        <ele>366.028820</ele>
        <time>2025-04-15T21:44:28.557Z</time>
      </trkpt>
      <trkpt lat="49.085636" lon="9.693248">
        <ele>366.163727</ele>
        <time>2025-04-15T21:44:32.793Z</time>
      </trkpt>
      <trkpt lat="49.085844" lon="9.693582">
        <ele>366.118693</ele>
        <time>2025-04-15T21:44:38.047Z</time>
      </trkpt>
      <trkpt lat="49.086083" lon="9.694116">
        <ele>365.836900</ele>
        <time>2025-04-15T21:44:45.090Z</time>
      </trkpt>
      <trkpt lat="49.085965" lon="9.694244">
        <ele>365.740608</ele>
        <time>2025-04-15T21:44:47.467Z</time>
      </trkpt>
      <trkpt lat="49.085557" lon="9.694733">
        <ele>365.395559</ele>
        <time>2025-04-15T21:44:55.712Z</time>
      </trkpt>
      <trkpt lat="49.084691" lon="9.695659">
        <ele>364.967098</ele>
        <time>2025-04-15T21:45:12.522Z</time>
      </trkpt>
      <trkpt lat="49.085230" lon="9.696376">
        <ele>364.864830</ele>
        <time>2025-04-15T21:45:25.411Z</time>
      </trkpt>
      <trkpt lat="49.085344" lon="9.696611">
        <ele>364.837430</ele>
        <time>2025-04-15T21:45:29.076Z</time>
      </trkpt>
      <trkpt lat="49.085544" lon="9.697512">
        <ele>364.859800</ele>
        <time>2025-04-15T21:45:41.414Z</time>
      </trkpt>
      <trkpt lat="49.085635" lon="9.697736">
        <ele>364.909948</ele>
        <time>2025-04-15T21:45:44.822Z</time>
      </trkpt>
      <trkpt lat="49.086041" lon="9.698471">
        <ele>365.092873</ele>
        <time>2025-04-15T21:45:56.938Z</time>
      </trkpt>
      <trkpt lat="49.086425" lon="9.699799">
        <ele>365.460697</ele>
        <time>2025-04-15T21:46:14.132Z</time>
      </trkpt>
      <trkpt lat="49.086575" lon="9.699965">
        <ele>365.594733</ele>
        <time>2025-04-15T21:46:17.507Z</time>
      </trkpt>
      <trkpt lat="49.087243" lon="9.700570">
        <ele>366.156671</ele>
        <time>2025-04-15T21:46:33.395Z</time>
      </trkpt>
      <trkpt lat="49.087693" lon="9.700930">
        <ele>366.524235</ele>
        <time>2025-04-15T21:46:44.694Z</time>
      </trkpt>
      <trkpt lat="49.087859" lon="9.701590">
        <ele>367.064012</ele>
        <time>2025-04-15T21:46:55.526Z</time>
      </trkpt>
      <trkpt lat="49.087977" lon="9.702114">
        <ele>367.541363</ele>
        <time>2025-04-15T21:47:04.242Z</time>
      </trkpt>
      <trkpt lat="49.089245" lon="9.707334">
        <ele>371.639245</ele>
        <time>2025-04-15T21:48:27.599Z</time>
      </trkpt>
      <trkpt lat="49.089389" lon="9.708012">
        <ele>371.885545</ele>
        <time>2025-04-15T21:48:37.158Z</time>
      </trkpt>
      <trkpt lat="49.089933" lon="9.710175">
        <ele>371.574795</ele>
        <time>2025-04-15T21:49:04.115Z</time>
      </trkpt>
      <trkpt lat="49.090002" lon="9.710734">
        <ele>371.332400</ele>
        <time>2025-04-15T21:49:10.377Z</time>
      </trkpt>
      <trkpt lat="49.090086" lon="9.711209">
        <ele>371.122743</ele>
        <time>2025-04-15T21:49:15.740Z</time>
      </trkpt>
      <trkpt lat="49.090308" lon="9.712554">
        <ele>369.634351</ele>
        <time>2025-04-15T21:49:30.490Z</time>
      </trkpt>
      <trkpt lat="49.090767" lon="9.712616">
        <ele>368.781444</ele>
        <time>2025-04-15T21:49:37.272Z</time>
      </trkpt>
      <trkpt lat="49.090879" lon="9.712691">
        <ele>368.555079</ele>
        <time>2025-04-15T21:49:39.043Z</time>
      </trkpt>
      <trkpt lat="49.090929" lon="9.712855">
        <ele>368.335804</ele>
        <time>2025-04-15T21:49:40.745Z</time>
      </trkpt>
      <trkpt lat="49.091039" lon="9.714100">
        <ele>366.585595</ele>
        <time>2025-04-15T21:49:52.338Z</time>
      </trkpt>
      <trkpt lat="49.091072" lon="9.714530">
        <ele>365.924547</ele>
        <time>2025-04-15T21:49:56.251Z</time>
      </trkpt>
      <trkpt lat="49.091244" lon="9.716564">
        <ele>363.690586</ele>
        <time>2025-04-15T21:50:15.625Z</time>
      </trkpt>
      <trkpt lat="49.091231" lon="9.717432">
        <ele>364.059457</ele>
        <time>2025-04-15T21:50:25.811Z</time>
      </trkpt>
      <trkpt lat="49.091183" lon="9.718008">
        <ele>364.306148</ele>
        <time>2025-04-15T21:50:34.926Z</time>
      </trkpt>
      <trkpt lat="49.090696" lon="9.717782">
        <ele>364.636371</ele>
        <time>2025-04-15T21:50:49.259Z</time>
      </trkpt>
      <trkpt lat="49.089984" lon="9.717620">
        <ele>365.591862</ele>
        <time>2025-04-15T21:51:09.918Z</time>
      </trkpt>
      <trkpt lat="49.088441" lon="9.717381">
        <ele>366.402071</ele>
        <time>2025-04-15T21:51:41.868Z</time>
      </trkpt>
      <trkpt lat="49.087742" lon="9.717284">
        <ele>365.235439</ele>
        <time>2025-04-15T21:51:52.056Z</time>
      </trkpt>
      <trkpt lat="49.086750" lon="9.717358">
        <ele>363.895964</ele>
        <time>2025-04-15T21:52:05.725Z</time>
      </trkpt>
      <trkpt lat="49.086302" lon="9.717644">
        <ele>363.548610</ele>
        <time>2025-04-15T21:52:12.921Z</time>
      </trkpt>
      <trkpt lat="49.084978" lon="9.719029">
        <ele>363.176697</ele>
        <time>2025-04-15T21:52:46.348Z</time>
      </trkpt>
      <trkpt lat="49.084620" lon="9.719610">
        <ele>363.456273</ele>
        <time>2025-04-15T21:52:57.840Z</time>
      </trkpt>
      <trkpt lat="49.084266" lon="9.720131">
        <ele>363.719381</ele>
        <time>2025-04-15T21:53:06.890Z</time>
      </trkpt>
      <trkpt lat="49.083639" lon="9.720879">
        <ele>364.202457</ele>
        <time>2025-04-15T21:53:20.613Z</time>
      </trkpt>
      <trkpt lat="49.083370" lon="9.721157">
        <ele>364.405726</ele>
        <time>2025-04-15T21:53:26.373Z</time>
      </trkpt>
      <trkpt lat="49.082479" lon="9.722355">
        <ele>365.426248</ele>
        <time>2025-04-15T21:53:53.935Z</time>
      </trkpt>
      <trkpt lat="49.082340" lon="9.722574">
        <ele>365.711795</ele>
        <time>2025-04-15T21:53:59.409Z</time>
      </trkpt>
      <trkpt lat="49.082279" lon="9.722721">
        <ele>365.874739</ele>
        <time>2025-04-15T21:54:02.503Z</time>
      </trkpt>
      <trkpt lat="49.082320" lon="9.722903">
        <ele>366.054953</ele>
        <time>2025-04-15T21:54:05.854Z</time>
      </trkpt>
      <trkpt lat="49.082592" lon="9.723469">
        <ele>366.712278</ele>
        <time>2025-04-15T21:54:17.257Z</time>
      </trkpt>
      <trkpt lat="49.082730" lon="9.723538">
        <ele>366.919872</ele>
        <time>2025-04-15T21:54:20.582Z</time>
      </trkpt>
      <trkpt lat="49.082798" lon="9.723693">
        <ele>367.094554</ele>
        <time>2025-04-15T21:54:23.263Z</time>
      </trkpt>
      <trkpt lat="49.082760" lon="9.723785">
        <ele>367.196396</ele>
        <time>2025-04-15T21:54:24.781Z</time>
      </trkpt>
      <trkpt lat="49.082682" lon="9.723855">
        <ele>367.325742</ele>
        <time>2025-04-15T21:54:26.703Z</time>
      </trkpt>
      <trkpt lat="49.082915" lon="9.724308">
        <ele>367.319340</ele>
        <time>2025-04-15T21:54:34.189Z</time>
      </trkpt>
      <trkpt lat="49.083202" lon="9.724957">
        <ele>366.944583</ele>
        <time>2025-04-15T21:54:43.282Z</time>
      </trkpt>
      <trkpt lat="49.083575" lon="9.725938">
        <ele>366.401735</ele>
        <time>2025-04-15T21:54:54.931Z</time>
      </trkpt>
      <trkpt lat="49.083811" lon="9.726706">
        <ele>365.155377</ele>
        <time>2025-04-15T21:55:03.127Z</time>
      </trkpt>
      <trkpt lat="49.084126" lon="9.727685">
        <ele>362.371425</ele>
        <time>2025-04-15T21:55:13.013Z</time>
      </trkpt>
      <trkpt lat="49.084336" lon="9.728155">
        <ele>360.919290</ele>
        <time>2025-04-15T21:55:17.824Z</time>
      </trkpt>
      <trkpt lat="49.084398" lon="9.728258">
        <ele>360.562240</ele>
        <time>2025-04-15T21:55:18.977Z</time>
      </trkpt>
      <trkpt lat="49.084588" lon="9.728413">
        <ele>359.722764</ele>
        <time>2025-04-15T21:55:21.646Z</time>
      </trkpt>
      <trkpt lat="49.084779" lon="9.728408">
        <ele>358.724673</ele>
        <time>2025-04-15T21:55:24.001Z</time>
      </trkpt>
      <trkpt lat="49.085403" lon="9.728091">
        <ele>352.946125</ele>
        <time>2025-04-15T21:55:31.887Z</time>
      </trkpt>
      <trkpt lat="49.085502" lon="9.728158">
        <ele>351.994601</ele>
        <time>2025-04-15T21:55:33.154Z</time>
      </trkpt>
      <trkpt lat="49.085682" lon="9.728470">
        <ele>349.601816</ele>
        <time>2025-04-15T21:55:36.309Z</time>
      </trkpt>
      <trkpt lat="49.085718" lon="9.729034">
        <ele>346.340731</ele>
        <time>2025-04-15T21:55:40.530Z</time>
      </trkpt>
      <trkpt lat="49.085747" lon="9.729634">
        <ele>342.689804</ele>
        <time>2025-04-15T21:55:44.919Z</time>
      </trkpt>
      <trkpt lat="49.085718" lon="9.729911">
        <ele>340.463352</ele>
        <time>2025-04-15T21:55:46.948Z</time>
      </trkpt>
      <trkpt lat="49.085653" lon="9.730179">
        <ele>338.195071</ele>
        <time>2025-04-15T21:55:49.006Z</time>
      </trkpt>
      <trkpt lat="49.085565" lon="9.730542">
        <ele>335.122904</ele>
        <time>2025-04-15T21:55:51.781Z</time>
      </trkpt>
      <trkpt lat="49.085538" lon="9.730763">
        <ele>333.338570</ele>
        <time>2025-04-15T21:55:53.386Z</time>
      </trkpt>
      <trkpt lat="49.085617" lon="9.731630">
        <ele>326.390921</ele>
        <time>2025-04-15T21:55:59.611Z</time>
      </trkpt>
      <trkpt lat="49.085785" lon="9.732920">
        <ele>318.499450</ele>
        <time>2025-04-15T21:56:09.338Z</time>
      </trkpt>
      <trkpt lat="49.085847" lon="9.733137">
        <ele>317.471175</ele>
        <time>2025-04-15T21:56:11.193Z</time>
      </trkpt>
      <trkpt lat="49.085926" lon="9.733258">
        <ele>316.729107</ele>
        <time>2025-04-15T21:56:12.542Z</time>
      </trkpt>
      <trkpt lat="49.085984" lon="9.733293">
        <ele>316.315518</ele>
        <time>2025-04-15T21:56:13.304Z</time>
      </trkpt>
      <trkpt lat="49.086142" lon="9.733322">
        <ele>315.260166</ele>
        <time>2025-04-15T21:56:15.267Z</time>
      </trkpt>
      <trkpt lat="49.086196" lon="9.733303">
        <ele>314.892669</ele>
        <time>2025-04-15T21:56:15.955Z</time>
      </trkpt>
      <trkpt lat="49.086774" lon="9.733103">
        <ele>310.962354</ele>
        <time>2025-04-15T21:56:23.694Z</time>
      </trkpt>
      <trkpt lat="49.087081" lon="9.733080">
        <ele>309.137276</ele>
        <time>2025-04-15T21:56:27.933Z</time>
      </trkpt>
      <trkpt lat="49.087745" lon="9.733459">
        <ele>305.816415</ele>
        <time>2025-04-15T21:56:37.172Z</time>
      </trkpt>
      <trkpt lat="49.088148" lon="9.733704">
        <ele>303.784353</ele>
        <time>2025-04-15T21:56:42.688Z</time>
      </trkpt>
      <trkpt lat="49.088378" lon="9.733899">
        <ele>302.551928</ele>
        <time>2025-04-15T21:56:46.006Z</time>
      </trkpt>
      <trkpt lat="49.088679" lon="9.734311">
        <ele>300.692783</ele>
        <time>2025-04-15T21:56:51.063Z</time>
      </trkpt>
      <trkpt lat="49.088884" lon="9.734486">
        <ele>299.659664</ele>
        <time>2025-04-15T21:56:53.981Z</time>
      </trkpt>
      <trkpt lat="49.089320" lon="9.734722">
        <ele>297.624827</ele>
        <time>2025-04-15T21:56:59.777Z</time>
      </trkpt>
      <trkpt lat="49.089520" lon="9.734937">
        <ele>296.548908</ele>
        <time>2025-04-15T21:57:02.898Z</time>
      </trkpt>
      <trkpt lat="49.089782" lon="9.735223">
        <ele>295.132206</ele>
        <time>2025-04-15T21:57:07.069Z</time>
      </trkpt>
      <trkpt lat="49.090001" lon="9.735314">
        <ele>294.133825</ele>
        <time>2025-04-15T21:57:10.111Z</time>
      </trkpt>
      <trkpt lat="49.090116" lon="9.735304">
        <ele>293.627136</ele>
        <time>2025-04-15T21:57:11.722Z</time>
      </trkpt>
      <trkpt lat="49.090291" lon="9.735228">
        <ele>293.309211</ele>
        <time>2025-04-15T21:57:14.323Z</time>
      </trkpt>
      <trkpt lat="49.090492" lon="9.735165">
        <ele>293.303222</ele>
        <time>2025-04-15T21:57:17.376Z</time>
      </trkpt>
      <trkpt lat="49.090743" lon="9.735203">
        <ele>293.295861</ele>
        <time>2025-04-15T21:57:21.402Z</time>
      </trkpt>
      <trkpt lat="49.091370" lon="9.734987">
        <ele>293.277102</ele>
        <time>2025-04-15T21:57:33.837Z</time>
      </trkpt>
      <trkpt lat="49.091508" lon="9.735042">
        <ele>293.272939</ele>
        <time>2025-04-15T21:57:37.254Z</time>
      </trkpt>
      <trkpt lat="49.091603" lon="9.735129">
        <ele>293.269706</ele>
        <time>2025-04-15T21:57:40.008Z</time>
      </trkpt>
      <trkpt lat="49.092117" lon="9.735773">
        <ele>293.786755</ele>
        <time>2025-04-15T21:57:56.614Z</time>
      </trkpt>
      <trkpt lat="49.092348" lon="9.736109">
        <ele>294.295742</ele>
        <time>2025-04-15T21:58:04.608Z</time>
      </trkpt>
      <trkpt lat="49.092447" lon="9.736324">
        <ele>294.570345</ele>
        <time>2025-04-15T21:58:08.893Z</time>
      </trkpt>
      <trkpt lat="49.092472" lon="9.736448">
        <ele>294.705899</ele>
        <time>2025-04-15T21:58:10.927Z</time>
      </trkpt>
      <trkpt lat="49.092548" lon="9.736729">
        <ele>295.023538</ele>
        <time>2025-04-15T21:58:15.686Z</time>
      </trkpt>
      <trkpt lat="49.092565" lon="9.736835">
        <ele>295.137557</ele>
        <time>2025-04-15T21:58:17.424Z</time>
      </trkpt>
      <trkpt lat="49.092586" lon="9.737093">
        <ele>295.409184</ele>
        <time>2025-04-15T21:58:21.668Z</time>
      </trkpt>
      <trkpt lat="49.092573" lon="9.737595">
        <ele>295.934073</ele>
        <time>2025-04-15T21:58:29.684Z</time>
      </trkpt>
      <trkpt lat="49.092531" lon="9.738054">
        <ele>296.259374</ele>
        <time>2025-04-15T21:58:36.358Z</time>
      </trkpt>
      <trkpt lat="49.092473" lon="9.738268">
        <ele>296.368138</ele>
        <time>2025-04-15T21:58:39.692Z</time>
      </trkpt>
      <trkpt lat="49.092320" lon="9.738837">
        <ele>296.656994</ele>
        <time>2025-04-15T21:58:48.587Z</time>
      </trkpt>
      <trkpt lat="49.092012" lon="9.739268">
        <ele>296.956583</ele>
        <time>2025-04-15T21:58:57.525Z</time>
      </trkpt>
      <trkpt lat="49.091970" lon="9.739510">
        <ele>297.074152</ele>
        <time>2025-04-15T21:59:00.852Z</time>
      </trkpt>
      <trkpt lat="49.092055" lon="9.739724">
        <ele>297.191690</ele>
        <time>2025-04-15T21:59:04.037Z</time>
      </trkpt>
      <trkpt lat="49.092254" lon="9.739978">
        <ele>297.377685</ele>
        <time>2025-04-15T21:59:08.540Z</time>
      </trkpt>
      <trkpt lat="49.092579" lon="9.740381">
        <ele>297.754185</ele>
        <time>2025-04-15T21:59:15.462Z</time>
      </trkpt>
      <trkpt lat="49.093058" lon="9.740942">
        <ele>298.314854</ele>
        <time>2025-04-15T21:59:27.023Z</time>
      </trkpt>
      <trkpt lat="49.093193" lon="9.741054">
        <ele>298.457550</ele>
        <time>2025-04-15T21:59:30.223Z</time>
      </trkpt>
      <trkpt lat="49.093513" lon="9.741169">
        <ele>298.762883</ele>
        <time>2025-04-15T21:59:37.662Z</time>
      </trkpt>
      <trkpt lat="49.093903" lon="9.741098">
        <ele>299.196545</ele>
        <time>2025-04-15T21:59:48.062Z</time>
      </trkpt>
      <trkpt lat="49.095386" lon="9.740149">
        <ele>303.424324</ele>
        <time>2025-04-15T22:00:38.876Z</time>
      </trkpt>
      <trkpt lat="49.095926" lon="9.739981">
        <ele>303.041555</ele>
        <time>2025-04-15T22:00:49.671Z</time>
      </trkpt>
      <trkpt lat="49.096485" lon="9.740009">
        <ele>301.956479</ele>
        <time>2025-04-15T22:00:57.970Z</time>
      </trkpt>
      <trkpt lat="49.097373" lon="9.740432">
        <ele>300.015521</ele>
        <time>2025-04-15T22:01:10.307Z</time>
      </trkpt>
      <trkpt lat="49.097780" lon="9.740761">
        <ele>298.437727</ele>
        <time>2025-04-15T22:01:16.359Z</time>
      </trkpt>
      <trkpt lat="49.098611" lon="9.741587">
        <ele>295.040557</ele>
        <time>2025-04-15T22:01:29.775Z</time>
      </trkpt>
      <trkpt lat="49.099139" lon="9.742319">
        <ele>293.082415</ele>
        <time>2025-04-15T22:01:39.861Z</time>
      </trkpt>
      <trkpt lat="49.099424" lon="9.742779">
        <ele>292.100733</ele>
        <time>2025-04-15T22:01:45.826Z</time>
      </trkpt>
      <trkpt lat="49.099801" lon="9.743584">
        <ele>290.566556</ele>
        <time>2025-04-15T22:01:55.178Z</time>
      </trkpt>
      <trkpt lat="49.100517" lon="9.745260">
        <ele>287.551527</ele>
        <time>2025-04-15T22:02:14.205Z</time>
      </trkpt>
      <trkpt lat="49.100901" lon="9.746150">
        <ele>285.958173</ele>
        <time>2025-04-15T22:02:24.080Z</time>
      </trkpt>
      <trkpt lat="49.101003" lon="9.746278">
        <ele>285.705190</ele>
        <time>2025-04-15T22:02:25.985Z</time>
      </trkpt>
      <trkpt lat="49.101113" lon="9.746409">
        <ele>285.492767</ele>
        <time>2025-04-15T22:02:27.991Z</time>
      </trkpt>
      <trkpt lat="49.101420" lon="9.746774">
        <ele>284.900285</ele>
        <time>2025-04-15T22:02:33.673Z</time>
      </trkpt>
      <trkpt lat="49.101551" lon="9.746943">
        <ele>284.639144</ele>
        <time>2025-04-15T22:02:36.212Z</time>
      </trkpt>
      <trkpt lat="49.101619" lon="9.747053">
        <ele>284.488302</ele>
        <time>2025-04-15T22:02:37.698Z</time>
      </trkpt>
      <trkpt lat="49.101675" lon="9.747141">
        <ele>284.365942</ele>
        <time>2025-04-15T22:02:39.329Z</time>
      </trkpt>
      <trkpt lat="49.101675" lon="9.747141">
        <ele>284.365942</ele>
        <time>2025-04-15T22:02:39.331Z</time>
      </trkpt>
      <trkpt lat="49.101770" lon="9.747094">
        <ele>284.213866</ele>
        <time>2025-04-15T22:02:41.381Z</time>
      </trkpt>
      <trkpt lat="49.101737" lon="9.747436">
        <ele>283.869184</ele>
        <time>2025-04-15T22:02:44.771Z</time>
      </trkpt>
      <trkpt lat="49.101754" lon="9.747481">
        <ele>283.817382</ele>
        <time>2025-04-15T22:02:45.298Z</time>
      </trkpt>
      <trkpt lat="49.101889" lon="9.747606">
        <ele>283.576963</ele>
        <time>2025-04-15T22:02:47.776Z</time>
      </trkpt>
      <trkpt lat="49.101980" lon="9.747653">
        <ele>283.430670</ele>
        <time>2025-04-15T22:02:49.318Z</time>
      </trkpt>
      <trkpt lat="49.101991" lon="9.747659">
        <ele>283.412881</ele>
        <time>2025-04-15T22:02:49.517Z</time>
      </trkpt>
      <trkpt lat="49.102301" lon="9.747733">
        <ele>283.052870</ele>
        <time>2025-04-15T22:02:54.953Z</time>
      </trkpt>
      <trkpt lat="49.102482" lon="9.747907">
        <ele>283.027001</ele>
        <time>2025-04-15T22:02:59.000Z</time>
      </trkpt>
      <trkpt lat="49.102508" lon="9.747922">
        <ele>283.023639</ele>
        <time>2025-04-15T22:02:59.503Z</time>
      </trkpt>
      <trkpt lat="49.102591" lon="9.747970">
        <ele>283.012905</ele>
        <time>2025-04-15T22:03:01.057Z</time>
      </trkpt>
      <trkpt lat="49.102965" lon="9.748022">
        <ele>282.967480</ele>
        <time>2025-04-15T22:03:07.779Z</time>
      </trkpt>
      <trkpt lat="49.103061" lon="9.748096">
        <ele>282.954473</ele>
        <time>2025-04-15T22:03:09.666Z</time>
      </trkpt>
      <trkpt lat="49.103122" lon="9.748099">
        <ele>282.947091</ele>
        <time>2025-04-15T22:03:10.744Z</time>
      </trkpt>
      <trkpt lat="49.103279" lon="9.747970">
        <ele>282.925527</ele>
        <time>2025-04-15T22:03:13.854Z</time>
      </trkpt>
      <trkpt lat="49.103393" lon="9.747789">
        <ele>282.905638</ele>
        <time>2025-04-15T22:03:16.691Z</time>
      </trkpt>
      <trkpt lat="49.103488" lon="9.747702">
        <ele>282.892240</ele>
        <time>2025-04-15T22:03:18.663Z</time>
      </trkpt>
      <trkpt lat="49.103659" lon="9.747244">
        <ele>282.850488</ele>
        <time>2025-04-15T22:03:25.103Z</time>
      </trkpt>
      <trkpt lat="49.103837" lon="9.746290">
        <ele>282.604327</ele>
        <time>2025-04-15T22:03:36.297Z</time>
      </trkpt>
      <trkpt lat="49.103886" lon="9.745944">
        <ele>282.512407</ele>
        <time>2025-04-15T22:03:40.067Z</time>
      </trkpt>
      <trkpt lat="49.103989" lon="9.745583">
        <ele>282.410155</ele>
        <time>2025-04-15T22:03:44.189Z</time>
      </trkpt>
      <trkpt lat="49.104100" lon="9.744921">
        <ele>282.232712</ele>
        <time>2025-04-15T22:03:51.401Z</time>
      </trkpt>
      <trkpt lat="49.104080" lon="9.744447">
        <ele>282.192505</ele>
        <time>2025-04-15T22:03:56.782Z</time>
      </trkpt>
      <trkpt lat="49.104071" lon="9.744267">
        <ele>282.317073</ele>
        <time>2025-04-15T22:03:58.921Z</time>
      </trkpt>
      <trkpt lat="49.104250" lon="9.743756">
        <ele>282.716981</ele>
        <time>2025-04-15T22:04:06.267Z</time>
      </trkpt>
      <trkpt lat="49.104252" lon="9.743611">
        <ele>282.817058</ele>
        <time>2025-04-15T22:04:08.333Z</time>
      </trkpt>
      <trkpt lat="49.104299" lon="9.743569">
        <ele>282.874450</ele>
        <time>2025-04-15T22:04:09.629Z</time>
      </trkpt>
      <trkpt lat="49.104607" lon="9.743352">
        <ele>283.231949</ele>
        <time>2025-04-15T22:04:21.191Z</time>
      </trkpt>
      <trkpt lat="49.104585" lon="9.742434">
        <ele>283.865819</ele>
        <time>2025-04-15T22:04:43.783Z</time>
      </trkpt>
      <trkpt lat="49.104615" lon="9.742435">
        <ele>283.897446</ele>
        <time>2025-04-15T22:04:45.022Z</time>
      </trkpt>
      <trkpt lat="49.104651" lon="9.742382">
        <ele>283.950146</ele>
        <time>2025-04-15T22:04:48.484Z</time>
      </trkpt>
      <trkpt lat="49.104723" lon="9.742376">
        <ele>284.026146</ele>
        <time>2025-04-15T22:04:53.524Z</time>
      </trkpt>
      <trkpt lat="49.104770" lon="9.742372">
        <ele>284.054188</ele>
        <time>2025-04-15T22:04:56.796Z</time>
      </trkpt>
      <trkpt lat="49.104731" lon="9.741802">
        <ele>284.271537</ele>
        <time>2025-04-15T22:05:22.875Z</time>
      </trkpt>
      <trkpt lat="49.104749" lon="9.741699">
        <ele>284.311967</ele>
        <time>2025-04-15T22:05:27.704Z</time>
      </trkpt>
      <trkpt lat="49.104749" lon="9.741699">
        <ele>284.311967</ele>
        <time>2025-04-15T22:05:27.717Z</time>
      </trkpt>
      <trkpt lat="49.104792" lon="9.741630">
        <ele>284.348095</ele>
        <time>2025-04-15T22:05:32.068Z</time>
      </trkpt>
      <trkpt lat="49.104837" lon="9.741614">
        <ele>284.374860</ele>
        <time>2025-04-15T22:05:35.243Z</time>
      </trkpt>
      <trkpt lat="49.104971" lon="9.741580">
        <ele>284.453549</ele>
        <time>2025-04-15T22:05:44.685Z</time>
      </trkpt>
      <trkpt lat="49.105000" lon="9.741572">
        <ele>284.470620</ele>
        <time>2025-04-15T22:05:46.723Z</time>
      </trkpt>
      <trkpt lat="49.105006" lon="9.741424">
        <ele>284.526856</ele>
        <time>2025-04-15T22:05:49.133Z</time>
      </trkpt>
      <trkpt lat="49.105022" lon="9.741165">
        <ele>284.625517</ele>
        <time>2025-04-15T22:05:53.049Z</time>
      </trkpt>
      <trkpt lat="49.105107" lon="9.740836">
        <ele>284.759653</ele>
        <time>2025-04-15T22:05:58.136Z</time>
      </trkpt>
      <trkpt lat="49.105162" lon="9.740726">
        <ele>284.812145</ele>
        <time>2025-04-15T22:06:00.067Z</time>
      </trkpt>
      <trkpt lat="49.105287" lon="9.740673">
        <ele>284.887294</ele>
        <time>2025-04-15T22:06:02.435Z</time>
      </trkpt>
      <trkpt lat="49.105373" lon="9.740675">
        <ele>284.937119</ele>
        <time>2025-04-15T22:06:03.859Z</time>
      </trkpt>
      <trkpt lat="49.105546" lon="9.740587">
        <ele>285.042747</ele>
        <time>2025-04-15T22:06:07.022Z</time>
      </trkpt>
      <trkpt lat="49.105699" lon="9.740299">
        <ele>284.775442</ele>
        <time>2025-04-15T22:06:11.328Z</time>
      </trkpt>
      <trkpt lat="49.105890" lon="9.740133">
        <ele>284.445609</ele>
        <time>2025-04-15T22:06:15.184Z</time>
      </trkpt>
      <trkpt lat="49.105999" lon="9.740082">
        <ele>284.274506</ele>
        <time>2025-04-15T22:06:17.122Z</time>
      </trkpt>
      <trkpt lat="49.106295" lon="9.740033">
        <ele>283.827630</ele>
        <time>2025-04-15T22:06:22.119Z</time>
      </trkpt>
      <trkpt lat="49.106572" lon="9.739973">
        <ele>283.407714</ele>
        <time>2025-04-15T22:06:26.970Z</time>
      </trkpt>
      <trkpt lat="49.106676" lon="9.739918">
        <ele>283.242528</ele>
        <time>2025-04-15T22:06:28.815Z</time>
      </trkpt>
      <trkpt lat="49.106840" lon="9.739764">
        <ele>282.953585</ele>
        <time>2025-04-15T22:06:31.936Z</time>
      </trkpt>
      <trkpt lat="49.107076" lon="9.739515">
        <ele>282.523085</ele>
        <time>2025-04-15T22:06:36.510Z</time>
      </trkpt>
      <trkpt lat="49.107160" lon="9.739442">
        <ele>282.378031</ele>
        <time>2025-04-15T22:06:38.128Z</time>
      </trkpt>
      <trkpt lat="49.107282" lon="9.739394">
        <ele>282.287667</ele>
        <time>2025-04-15T22:06:40.343Z</time>
      </trkpt>
      <trkpt lat="49.107463" lon="9.739289">
        <ele>282.155378</ele>
        <time>2025-04-15T22:06:43.923Z</time>
      </trkpt>
      <trkpt lat="49.107885" lon="9.738865">
        <ele>281.810259</ele>
        <time>2025-04-15T22:06:53.146Z</time>
      </trkpt>
      <trkpt lat="49.108060" lon="9.738764">
        <ele>281.682438</ele>
        <time>2025-04-15T22:06:56.577Z</time>
      </trkpt>
      <trkpt lat="49.108236" lon="9.738749">
        <ele>281.561996</ele>
        <time>2025-04-15T22:06:59.900Z</time>
      </trkpt>
      <trkpt lat="49.108433" lon="9.738700">
        <ele>281.425620</ele>
        <time>2025-04-15T22:07:03.744Z</time>
      </trkpt>
      <trkpt lat="49.108585" lon="9.738557">
        <ele>281.303648</ele>
        <time>2025-04-15T22:07:07.244Z</time>
      </trkpt>
      <trkpt lat="49.108773" lon="9.738476">
        <ele>281.170182</ele>
        <time>2025-04-15T22:07:11.184Z</time>
      </trkpt>
      <trkpt lat="49.109016" lon="9.738331">
        <ele>280.972498</ele>
        <time>2025-04-15T22:07:16.502Z</time>
      </trkpt>
      <trkpt lat="49.109568" lon="9.738121">
        <ele>280.533218</ele>
        <time>2025-04-15T22:07:27.044Z</time>
      </trkpt>
      <trkpt lat="49.109716" lon="9.737916">
        <ele>280.378946</ele>
        <time>2025-04-15T22:07:30.514Z</time>
      </trkpt>
      <trkpt lat="49.110112" lon="9.737660">
        <ele>280.046896</ele>
        <time>2025-04-15T22:07:38.022Z</time>
      </trkpt>
      <trkpt lat="49.110270" lon="9.737590">
        <ele>279.919859</ele>
        <time>2025-04-15T22:07:40.907Z</time>
      </trkpt>
      <trkpt lat="49.110245" lon="9.737501">
        <ele>279.870903</ele>
        <time>2025-04-15T22:07:41.912Z</time>
      </trkpt>
      <trkpt lat="49.110171" lon="9.737028">
        <ele>279.771331</ele>
        <time>2025-04-15T22:07:46.925Z</time>
      </trkpt>
      <trkpt lat="49.110159" lon="9.736947">
        <ele>279.777617</ele>
        <time>2025-04-15T22:07:47.819Z</time>
      </trkpt>
      <trkpt lat="49.110130" lon="9.736761">
        <ele>279.792089</ele>
        <time>2025-04-15T22:07:49.787Z</time>
      </trkpt>
      <trkpt lat="49.110767" lon="9.735551">
        <ele>279.909615</ele>
        <time>2025-04-15T22:08:07.802Z</time>
      </trkpt>
      <trkpt lat="49.110787" lon="9.734757">
        <ele>280.046167</ele>
        <time>2025-04-15T22:08:43.984Z</time>
      </trkpt>
      <trkpt lat="49.110702" lon="9.734397">
        <ele>280.308023</ele>
        <time>2025-04-15T22:09:01.373Z</time>
      </trkpt>
      <trkpt lat="49.110700" lon="9.734392">
        <ele>280.312033</ele>
        <time>2025-04-15T22:09:01.629Z</time>
      </trkpt>
      <trkpt lat="49.110717" lon="9.734373">
        <ele>280.334050</ele>
        <time>2025-04-15T22:09:03.079Z</time>
      </trkpt>
      <trkpt lat="49.110871" lon="9.734178">
        <ele>280.543129</ele>
        <time>2025-04-15T22:09:08.172Z</time>
      </trkpt>
      <trkpt lat="49.110892" lon="9.734119">
        <ele>280.589080</ele>
        <time>2025-04-15T22:09:09.329Z</time>
      </trkpt>
      <trkpt lat="49.111275" lon="9.733734">
        <ele>281.068312</ele>
        <time>2025-04-15T22:09:19.725Z</time>
      </trkpt>
      <trkpt lat="49.111649" lon="9.733409">
        <ele>281.518063</ele>
        <time>2025-04-15T22:09:29.824Z</time>
      </trkpt>
      <trkpt lat="49.112080" lon="9.733060">
        <ele>281.708833</ele>
        <time>2025-04-15T22:09:38.488Z</time>
      </trkpt>
      <trkpt lat="49.112169" lon="9.733018">
        <ele>281.640605</ele>
        <time>2025-04-15T22:09:40.089Z</time>
      </trkpt>
      <trkpt lat="49.112303" lon="9.732955">
        <ele>281.537913</ele>
        <time>2025-04-15T22:09:42.559Z</time>
      </trkpt>
      <trkpt lat="49.112583" lon="9.732913">
        <ele>281.331838</ele>
        <time>2025-04-15T22:09:47.398Z</time>
      </trkpt>
      <trkpt lat="49.112906" lon="9.732938">
        <ele>281.094950</ele>
        <time>2025-04-15T22:09:52.700Z</time>
      </trkpt>
      <trkpt lat="49.113095" lon="9.732995">
        <ele>280.953844</ele>
        <time>2025-04-15T22:09:55.866Z</time>
      </trkpt>
      <trkpt lat="49.113749" lon="9.733099">
        <ele>280.337738</ele>
        <time>2025-04-15T22:10:06.363Z</time>
      </trkpt>
      <trkpt lat="49.114297" lon="9.733143">
        <ele>278.868614</ele>
        <time>2025-04-15T22:10:13.813Z</time>
      </trkpt>
      <trkpt lat="49.114740" lon="9.733197">
        <ele>277.678851</ele>
        <time>2025-04-15T22:10:19.753Z</time>
      </trkpt>
      <trkpt lat="49.115021" lon="9.733361">
        <ele>276.873538</ele>
        <time>2025-04-15T22:10:23.935Z</time>
      </trkpt>
      <trkpt lat="49.115392" lon="9.733474">
        <ele>275.860755</ele>
        <time>2025-04-15T22:10:29.250Z</time>
      </trkpt>
      <trkpt lat="49.115571" lon="9.733505">
        <ele>275.726100</ele>
        <time>2025-04-15T22:10:31.844Z</time>
      </trkpt>
      <trkpt lat="49.116027" lon="9.733514">
        <ele>275.794821</ele>
        <time>2025-04-15T22:10:38.708Z</time>
      </trkpt>
      <trkpt lat="49.117216" lon="9.733542">
        <ele>275.974015</ele>
        <time>2025-04-15T22:11:05.283Z</time>
      </trkpt>
      <trkpt lat="49.117362" lon="9.733548">
        <ele>276.245004</ele>
        <time>2025-04-15T22:11:08.604Z</time>
      </trkpt>
      <trkpt lat="49.117456" lon="9.733489">
        <ele>276.479348</ele>
        <time>2025-04-15T22:11:11.104Z</time>
      </trkpt>
      <trkpt lat="49.117540" lon="9.733279">
        <ele>276.850808</ele>
        <time>2025-04-15T22:11:15.332Z</time>
      </trkpt>
      <trkpt lat="49.117730" lon="9.733208">
        <ele>277.301866</ele>
        <time>2025-04-15T22:11:20.911Z</time>
      </trkpt>
      <trkpt lat="49.118055" lon="9.732577">
        <ele>278.513761</ele>
        <time>2025-04-15T22:11:36.694Z</time>
      </trkpt>
      <trkpt lat="49.118096" lon="9.732496">
        <ele>278.668309</ele>
        <time>2025-04-15T22:11:38.723Z</time>
      </trkpt>
      <trkpt lat="49.118286" lon="9.732336">
        <ele>279.168594</ele>
        <time>2025-04-15T22:11:45.032Z</time>
      </trkpt>
      <trkpt lat="49.118512" lon="9.732077">
        <ele>279.820065</ele>
        <time>2025-04-15T22:11:52.730Z</time>
      </trkpt>
      <trkpt lat="49.118546" lon="9.731974">
        <ele>279.994174</ele>
        <time>2025-04-15T22:11:54.758Z</time>
      </trkpt>
      <trkpt lat="49.119258" lon="9.731863">
        <ele>280.538457</ele>
        <time>2025-04-15T22:12:12.212Z</time>
      </trkpt>
      <trkpt lat="49.119790" lon="9.731882">
        <ele>280.871566</ele>
        <time>2025-04-15T22:12:21.673Z</time>
      </trkpt>
      <trkpt lat="49.120517" lon="9.731963">
        <ele>281.215452</ele>
        <time>2025-04-15T22:12:34.164Z</time>
      </trkpt>
      <trkpt lat="49.121325" lon="9.732122">
        <ele>280.967504</ele>
        <time>2025-04-15T22:12:48.370Z</time>
      </trkpt>
      <trkpt lat="49.121736" lon="9.732310">
        <ele>280.836931</ele>
        <time>2025-04-15T22:12:55.788Z</time>
      </trkpt>
      <trkpt lat="49.121969" lon="9.732463">
        <ele>280.759745</ele>
        <time>2025-04-15T22:13:00.144Z</time>
      </trkpt>
      <trkpt lat="49.122255" lon="9.732708">
        <ele>280.524105</ele>
        <time>2025-04-15T22:13:05.616Z</time>
      </trkpt>
      <trkpt lat="49.122668" lon="9.732959">
        <ele>279.979078</ele>
        <time>2025-04-15T22:13:12.768Z</time>
      </trkpt>
      <trkpt lat="49.122965" lon="9.733246">
        <ele>279.548167</ele>
        <time>2025-04-15T22:13:18.312Z</time>
      </trkpt>
      <trkpt lat="49.124669" lon="9.735429">
        <ele>276.019872</ele>
        <time>2025-04-15T22:13:51.602Z</time>
      </trkpt>
      <trkpt lat="49.124712" lon="9.735611">
        <ele>275.790410</ele>
        <time>2025-04-15T22:13:53.444Z</time>
      </trkpt>
      <trkpt lat="49.124779" lon="9.735738">
        <ele>275.596963</ele>
        <time>2025-04-15T22:13:55.000Z</time>
      </trkpt>
      <trkpt lat="49.124954" lon="9.736159">
        <ele>275.035696</ele>
        <time>2025-04-15T22:13:59.800Z</time>
      </trkpt>
      <trkpt lat="49.125178" lon="9.736506">
        <ele>274.532115</ele>
        <time>2025-04-15T22:14:04.503Z</time>
      </trkpt>
      <trkpt lat="49.125301" lon="9.736872">
        <ele>274.107029</ele>
        <time>2025-04-15T22:14:08.450Z</time>
      </trkpt>
      <trkpt lat="49.125454" lon="9.737522">
        <ele>273.393353</ele>
        <time>2025-04-15T22:14:15.317Z</time>
      </trkpt>
      <trkpt lat="49.125612" lon="9.738025">
        <ele>272.816908</ele>
        <time>2025-04-15T22:14:21.041Z</time>
      </trkpt>
      <trkpt lat="49.125827" lon="9.738383">
        <ele>272.353565</ele>
        <time>2025-04-15T22:14:25.939Z</time>
      </trkpt>
      <trkpt lat="49.126788" lon="9.739795">
        <ele>271.202299</ele>
        <time>2025-04-15T22:14:46.991Z</time>
      </trkpt>
      <trkpt lat="49.127130" lon="9.740162">
        <ele>270.847137</ele>
        <time>2025-04-15T22:14:54.177Z</time>
      </trkpt>
      <trkpt lat="49.127528" lon="9.740406">
        <ele>270.855103</ele>
        <time>2025-04-15T22:15:01.724Z</time>
      </trkpt>
      <trkpt lat="49.127927" lon="9.740651">
        <ele>270.863090</ele>
        <time>2025-04-15T22:15:09.462Z</time>
      </trkpt>
      <trkpt lat="49.128718" lon="9.741072">
        <ele>270.878649</ele>
        <time>2025-04-15T22:15:24.843Z</time>
      </trkpt>
      <trkpt lat="49.128935" lon="9.741149">
        <ele>270.870208</ele>
        <time>2025-04-15T22:15:28.998Z</time>
      </trkpt>
      <trkpt lat="49.129116" lon="9.741156">
        <ele>270.855645</ele>
        <time>2025-04-15T22:15:32.397Z</time>
      </trkpt>
      <trkpt lat="49.129292" lon="9.741136">
        <ele>270.841450</ele>
        <time>2025-04-15T22:15:35.828Z</time>
      </trkpt>
      <trkpt lat="49.129653" lon="9.740939">
        <ele>270.810618</ele>
        <time>2025-04-15T22:15:43.485Z</time>
      </trkpt>
      <trkpt lat="49.130406" lon="9.740405">
        <ele>270.743850</ele>
        <time>2025-04-15T22:15:57.853Z</time>
      </trkpt>
      <trkpt lat="49.130541" lon="9.740216">
        <ele>270.614232</ele>
        <time>2025-04-15T22:16:00.766Z</time>
      </trkpt>
      <trkpt lat="49.130646" lon="9.740047">
        <ele>270.389563</ele>
        <time>2025-04-15T22:16:03.138Z</time>
      </trkpt>
      <trkpt lat="49.130987" lon="9.739278">
        <ele>269.494016</ele>
        <time>2025-04-15T22:16:12.283Z</time>
      </trkpt>
      <trkpt lat="49.131006" lon="9.739135">
        <ele>269.353345</ele>
        <time>2025-04-15T22:16:13.680Z</time>
      </trkpt>
      <trkpt lat="49.130919" lon="9.738622">
        <ele>268.842451</ele>
        <time>2025-04-15T22:16:18.742Z</time>
      </trkpt>
      <trkpt lat="49.130658" lon="9.737933">
        <ele>268.079836</ele>
        <time>2025-04-15T22:16:26.528Z</time>
      </trkpt>
      <trkpt lat="49.130414" lon="9.737190">
        <ele>267.640000</ele>
        <time>2025-04-15T22:16:35.293Z</time>
      </trkpt>
      <trkpt lat="49.130257" lon="9.736709">
        <ele>267.355607</ele>
        <time>2025-04-15T22:16:41.088Z</time>
      </trkpt>
      <trkpt lat="49.130141" lon="9.736432">
        <ele>267.181607</ele>
        <time>2025-04-15T22:16:44.663Z</time>
      </trkpt>
      <trkpt lat="49.128679" lon="9.734339">
        <ele>266.150155</ele>
        <time>2025-04-15T22:17:17.871Z</time>
      </trkpt>
      <trkpt lat="49.127752" lon="9.733072">
        <ele>267.780169</ele>
        <time>2025-04-15T22:17:40.508Z</time>
      </trkpt>
      <trkpt lat="49.127349" lon="9.732491">
        <ele>269.081098</ele>
        <time>2025-04-15T22:17:53.829Z</time>
      </trkpt>
      <trkpt lat="49.127209" lon="9.731945">
        <ele>269.982159</ele>
        <time>2025-04-15T22:18:06.408Z</time>
      </trkpt>
      <trkpt lat="49.127077" lon="9.731720">
        <ele>271.368515</ele>
        <time>2025-04-15T22:18:15.123Z</time>
      </trkpt>
      <trkpt lat="49.127013" lon="9.731433">
        <ele>273.580368</ele>
        <time>2025-04-15T22:18:25.538Z</time>
      </trkpt>
      <trkpt lat="49.126958" lon="9.731317">
        <ele>274.625348</ele>
        <time>2025-04-15T22:18:30.999Z</time>
      </trkpt>
      <trkpt lat="49.126632" lon="9.731185">
        <ele>278.384904</ele>
        <time>2025-04-15T22:18:53.386Z</time>
      </trkpt>
      <trkpt lat="49.126472" lon="9.731034">
        <ele>280.481264</ele>
        <time>2025-04-15T22:19:07.572Z</time>
      </trkpt>
      <trkpt lat="49.126366" lon="9.730890">
        <ele>282.062341</ele>
        <time>2025-04-15T22:19:18.843Z</time>
      </trkpt>
      <trkpt lat="49.126279" lon="9.730677">
        <ele>283.894006</ele>
        <time>2025-04-15T22:19:31.631Z</time>
      </trkpt>
      <trkpt lat="49.126226" lon="9.729657">
        <ele>290.553360</ele>
        <time>2025-04-15T22:20:18.858Z</time>
      </trkpt>
      <trkpt lat="49.126239" lon="9.729304">
        <ele>291.257350</ele>
        <time>2025-04-15T22:20:32.603Z</time>
      </trkpt>
      <trkpt lat="49.126343" lon="9.728852">
        <ele>292.211362</ele>
        <time>2025-04-15T22:20:47.078Z</time>
      </trkpt>
      <trkpt lat="49.126670" lon="9.728246">
        <ele>293.775312</ele>
        <time>2025-04-15T22:21:00.943Z</time>
      </trkpt>
      <trkpt lat="49.126998" lon="9.727640">
        <ele>295.341195</ele>
        <time>2025-04-15T22:21:08.237Z</time>
      </trkpt>
      <trkpt lat="49.127660" lon="9.726639">
        <ele>290.671914</ele>
        <time>2025-04-15T22:21:19.890Z</time>
      </trkpt>
      <trkpt lat="49.128329" lon="9.726002">
        <ele>285.728126</ele>
        <time>2025-04-15T22:21:29.172Z</time>
      </trkpt>
      <trkpt lat="49.128456" lon="9.725916">
        <ele>284.856886</ele>
        <time>2025-04-15T22:21:30.808Z</time>
      </trkpt>
      <trkpt lat="49.128742" lon="9.725741">
        <ele>283.562525</ele>
        <time>2025-04-15T22:21:34.455Z</time>
      </trkpt>
      <trkpt lat="49.128985" lon="9.725547">
        <ele>282.565426</ele>
        <time>2025-04-15T22:21:37.787Z</time>
      </trkpt>
      <trkpt lat="49.129874" lon="9.725048">
        <ele>279.121023</ele>
        <time>2025-04-15T22:21:50.924Z</time>
      </trkpt>
      <trkpt lat="49.130736" lon="9.724634">
        <ele>276.343199</ele>
        <time>2025-04-15T22:22:06.907Z</time>
      </trkpt>
      <trkpt lat="49.131132" lon="9.724495">
        <ele>275.228991</ele>
        <time>2025-04-15T22:22:12.922Z</time>
      </trkpt>
      <trkpt lat="49.131413" lon="9.724471">
        <ele>274.457215</ele>
        <time>2025-04-15T22:22:16.698Z</time>
      </trkpt>
      <trkpt lat="49.131724" lon="9.724535">
        <ele>273.596676</ele>
        <time>2025-04-15T22:22:20.741Z</time>
      </trkpt>
      <trkpt lat="49.132401" lon="9.724991">
        <ele>271.190892</ele>
        <time>2025-04-15T22:22:29.913Z</time>
      </trkpt>
      <trkpt lat="49.132772" lon="9.725340">
        <ele>269.674837</ele>
        <time>2025-04-15T22:22:35.414Z</time>
      </trkpt>
      <trkpt lat="49.133376" lon="9.726055">
        <ele>267.016141</ele>
        <time>2025-04-15T22:22:46.474Z</time>
      </trkpt>
      <trkpt lat="49.134022" lon="9.727051">
        <ele>266.714575</ele>
        <time>2025-04-15T22:23:03.020Z</time>
      </trkpt>
      <trkpt lat="49.134217" lon="9.727420">
        <ele>266.716380</ele>
        <time>2025-04-15T22:23:09.156Z</time>
      </trkpt>
      <trkpt lat="49.134351" lon="9.727724">
        <ele>266.717775</ele>
        <time>2025-04-15T22:23:13.833Z</time>
      </trkpt>
      <trkpt lat="49.134588" lon="9.728383">
        <ele>266.754975</ele>
        <time>2025-04-15T22:23:22.905Z</time>
      </trkpt>
      <trkpt lat="49.135014" lon="9.729779">
        <ele>267.234162</ele>
        <time>2025-04-15T22:23:43.864Z</time>
      </trkpt>
      <trkpt lat="49.135167" lon="9.730570">
        <ele>267.490758</ele>
        <time>2025-04-15T22:23:55.514Z</time>
      </trkpt>
      <trkpt lat="49.135255" lon="9.731433">
        <ele>267.053660</ele>
        <time>2025-04-15T22:24:05.334Z</time>
      </trkpt>
      <trkpt lat="49.135246" lon="9.731593">
        <ele>266.914327</ele>
        <time>2025-04-15T22:24:06.987Z</time>
      </trkpt>
      <trkpt lat="49.135156" lon="9.733199">
        <ele>265.515807</ele>
        <time>2025-04-15T22:24:22.284Z</time>
      </trkpt>
      <trkpt lat="49.135122" lon="9.733518">
        <ele>265.235384</ele>
        <time>2025-04-15T22:24:25.340Z</time>
      </trkpt>
      <trkpt lat="49.135032" lon="9.734364">
        <ele>265.518509</ele>
        <time>2025-04-15T22:24:34.426Z</time>
      </trkpt>
      <trkpt lat="49.134920" lon="9.735017">
        <ele>265.793782</ele>
        <time>2025-04-15T22:24:44.111Z</time>
      </trkpt>
      <trkpt lat="49.134625" lon="9.736538">
        <ele>266.321930</ele>
        <time>2025-04-15T22:25:10.297Z</time>
      </trkpt>
      <trkpt lat="49.134647" lon="9.736753">
        <ele>266.329276</ele>
        <time>2025-04-15T22:25:13.624Z</time>
      </trkpt>
      <trkpt lat="49.134764" lon="9.736969">
        <ele>266.338742</ele>
        <time>2025-04-15T22:25:17.631Z</time>
      </trkpt>
      <trkpt lat="49.134888" lon="9.737072">
        <ele>266.346024</ele>
        <time>2025-04-15T22:25:20.482Z</time>
      </trkpt>
      <trkpt lat="49.135483" lon="9.737214">
        <ele>266.377094</ele>
        <time>2025-04-15T22:25:31.109Z</time>
      </trkpt>
      <trkpt lat="49.135905" lon="9.737523">
        <ele>266.401236</ele>
        <time>2025-04-15T22:25:38.363Z</time>
      </trkpt>
      <trkpt lat="49.136285" lon="9.737600">
        <ele>266.116501</ele>
        <time>2025-04-15T22:25:44.003Z</time>
      </trkpt>
      <trkpt lat="49.136666" lon="9.737597">
        <ele>265.784089</ele>
        <time>2025-04-15T22:25:49.885Z</time>
      </trkpt>
      <trkpt lat="49.136871" lon="9.737563">
        <ele>265.604185</ele>
        <time>2025-04-15T22:25:53.288Z</time>
      </trkpt>
      <trkpt lat="49.137044" lon="9.737403">
        <ele>265.427769</ele>
        <time>2025-04-15T22:25:56.730Z</time>
      </trkpt>
      <trkpt lat="49.137224" lon="9.737109">
        <ele>265.197932</ele>
        <time>2025-04-15T22:26:01.065Z</time>
      </trkpt>
      <trkpt lat="49.137315" lon="9.737096">
        <ele>265.118192</ele>
        <time>2025-04-15T22:26:02.545Z</time>
      </trkpt>
      <trkpt lat="49.137568" lon="9.737344">
        <ele>264.855967</ele>
        <time>2025-04-15T22:26:07.451Z</time>
      </trkpt>
      <trkpt lat="49.137681" lon="9.737410">
        <ele>264.849597</ele>
        <time>2025-04-15T22:26:09.490Z</time>
      </trkpt>
      <trkpt lat="49.137855" lon="9.737361">
        <ele>264.876738</ele>
        <time>2025-04-15T22:26:12.456Z</time>
      </trkpt>
      <trkpt lat="49.137995" lon="9.737273">
        <ele>264.899960</ele>
        <time>2025-04-15T22:26:15.092Z</time>
      </trkpt>
      <trkpt lat="49.138254" lon="9.736939">
        <ele>264.951942</ele>
        <time>2025-04-15T22:26:21.585Z</time>
      </trkpt>
      <trkpt lat="49.138847" lon="9.736047">
        <ele>265.079572</ele>
        <time>2025-04-15T22:26:37.648Z</time>
      </trkpt>
      <trkpt lat="49.139352" lon="9.734953">
        <ele>265.544398</ele>
        <time>2025-04-15T22:26:55.045Z</time>
      </trkpt>
      <trkpt lat="49.139688" lon="9.734408">
        <ele>265.860064</ele>
        <time>2025-04-15T22:27:05.291Z</time>
      </trkpt>
      <trkpt lat="49.140074" lon="9.733867">
        <ele>266.197495</ele>
        <time>2025-04-15T22:27:16.169Z</time>
      </trkpt>
      <trkpt lat="49.140516" lon="9.733402">
        <ele>266.466138</ele>
        <time>2025-04-15T22:27:27.233Z</time>
      </trkpt>
      <trkpt lat="49.141722" lon="9.732466">
        <ele>267.092127</ele>
        <time>2025-04-15T22:27:54.320Z</time>
      </trkpt>
      <trkpt lat="49.142369" lon="9.732043">
        <ele>266.272856</ele>
        <time>2025-04-15T22:28:05.992Z</time>
      </trkpt>
      <trkpt lat="49.142851" lon="9.731839">
        <ele>265.665039</ele>
        <time>2025-04-15T22:28:13.918Z</time>
      </trkpt>
      <trkpt lat="49.143141" lon="9.731765">
        <ele>265.307723</ele>
        <time>2025-04-15T22:28:18.261Z</time>
      </trkpt>
      <trkpt lat="49.143359" lon="9.731777">
        <ele>265.042614</ele>
        <time>2025-04-15T22:28:21.370Z</time>
      </trkpt>
      <trkpt lat="49.143782" lon="9.731863">
        <ele>264.614715</ele>
        <time>2025-04-15T22:28:27.320Z</time>
      </trkpt>
      <trkpt lat="49.143996" lon="9.730859">
        <ele>263.969414</ele>
        <time>2025-04-15T22:28:37.118Z</time>
      </trkpt>
      <trkpt lat="49.144118" lon="9.730448">
        <ele>263.693600</ele>
        <time>2025-04-15T22:28:42.570Z</time>
      </trkpt>
      <trkpt lat="49.144169" lon="9.730375">
        <ele>263.628331</ele>
        <time>2025-04-15T22:28:44.028Z</time>
      </trkpt>
      <trkpt lat="49.144319" lon="9.730318">
        <ele>263.483939</ele>
        <time>2025-04-15T22:28:47.011Z</time>
      </trkpt>
      <trkpt lat="49.144362" lon="9.730271">
        <ele>263.434557</ele>
        <time>2025-04-15T22:28:48.041Z</time>
      </trkpt>
      <trkpt lat="49.144376" lon="9.730196">
        <ele>263.386895</ele>
        <time>2025-04-15T22:28:49.106Z</time>
      </trkpt>
      <trkpt lat="49.144352" lon="9.730091">
        <ele>263.318924</ele>
        <time>2025-04-15T22:28:50.783Z</time>
      </trkpt>
      <trkpt lat="49.144165" lon="9.729997">
        <ele>263.442805</ele>
        <time>2025-04-15T22:28:55.437Z</time>
      </trkpt>
      <trkpt lat="49.144148" lon="9.729973">
        <ele>263.487172</ele>
        <time>2025-04-15T22:28:56.010Z</time>
      </trkpt>
      <trkpt lat="49.144158" lon="9.729878">
        <ele>263.607855</ele>
        <time>2025-04-15T22:28:57.770Z</time>
      </trkpt>
      <trkpt lat="49.144239" lon="9.729512">
        <ele>264.092455</ele>
        <time>2025-04-15T22:29:05.131Z</time>
      </trkpt>
      <trkpt lat="49.144274" lon="9.729421">
        <ele>264.224854</ele>
        <time>2025-04-15T22:29:07.301Z</time>
      </trkpt>
      <trkpt lat="49.144626" lon="9.729488">
        <ele>264.904952</ele>
        <time>2025-04-15T22:29:18.864Z</time>
      </trkpt>
      <trkpt lat="49.145325" lon="9.729401">
        <ele>266.249574</ele>
        <time>2025-04-15T22:29:39.953Z</time>
      </trkpt>
      <trkpt lat="49.145661" lon="9.729295">
        <ele>266.465328</ele>
        <time>2025-04-15T22:29:45.936Z</time>
      </trkpt>
      <trkpt lat="49.145901" lon="9.729160">
        <ele>265.983625</ele>
        <time>2025-04-15T22:29:50.175Z</time>
      </trkpt>
      <trkpt lat="49.146061" lon="9.729049">
        <ele>265.652663</ele>
        <time>2025-04-15T22:29:52.977Z</time>
      </trkpt>
      <trkpt lat="49.146176" lon="9.728917">
        <ele>265.381783</ele>
        <time>2025-04-15T22:29:55.223Z</time>
      </trkpt>
      <trkpt lat="49.146245" lon="9.728839">
        <ele>265.220138</ele>
        <time>2025-04-15T22:29:56.500Z</time>
      </trkpt>
      <trkpt lat="49.146318" lon="9.728774">
        <ele>265.061010</ele>
        <time>2025-04-15T22:29:57.803Z</time>
      </trkpt>
      <trkpt lat="49.146490" lon="9.729028">
        <ele>264.610553</ele>
        <time>2025-04-15T22:30:01.308Z</time>
      </trkpt>
      <trkpt lat="49.146738" lon="9.729513">
        <ele>263.852050</ele>
        <time>2025-04-15T22:30:07.021Z</time>
      </trkpt>
      <trkpt lat="49.146864" lon="9.729679">
        <ele>263.538741</ele>
        <time>2025-04-15T22:30:09.362Z</time>
      </trkpt>
      <trkpt lat="49.147562" lon="9.730288">
        <ele>262.398040</ele>
        <time>2025-04-15T22:30:21.464Z</time>
      </trkpt>
      <trkpt lat="49.148473" lon="9.731030">
        <ele>261.024287</ele>
        <time>2025-04-15T22:30:38.699Z</time>
      </trkpt>
      <trkpt lat="49.149560" lon="9.731817">
        <ele>262.245288</ele>
        <time>2025-04-15T22:31:04.994Z</time>
      </trkpt>
      <trkpt lat="49.149738" lon="9.731906">
        <ele>262.471545</ele>
        <time>2025-04-15T22:31:09.553Z</time>
      </trkpt>
      <trkpt lat="49.150229" lon="9.732150">
        <ele>263.110668</ele>
        <time>2025-04-15T22:31:23.318Z</time>
      </trkpt>
      <trkpt lat="49.150906" lon="9.732353">
        <ele>264.596947</ele>
        <time>2025-04-15T22:31:44.997Z</time>
      </trkpt>
      <trkpt lat="49.151184" lon="9.732466">
        <ele>265.216660</ele>
        <time>2025-04-15T22:31:51.994Z</time>
      </trkpt>
      <trkpt lat="49.151265" lon="9.732534">
        <ele>265.415738</ele>
        <time>2025-04-15T22:31:54.028Z</time>
      </trkpt>
      <trkpt lat="49.151334" lon="9.732437">
        <ele>265.617674</ele>
        <time>2025-04-15T22:31:56.102Z</time>
      </trkpt>
      <trkpt lat="49.151871" lon="9.732271">
        <ele>266.797968</ele>
        <time>2025-04-15T22:32:09.094Z</time>
      </trkpt>
      <trkpt lat="49.152153" lon="9.732573">
        <ele>267.747021</ele>
        <time>2025-04-15T22:32:19.245Z</time>
      </trkpt>
      <trkpt lat="49.152364" lon="9.732157">
        <ele>268.749818</ele>
        <time>2025-04-15T22:32:29.063Z</time>
      </trkpt>
      <trkpt lat="49.152488" lon="9.731964">
        <ele>269.265170</ele>
        <time>2025-04-15T22:32:33.700Z</time>
      </trkpt>
      <trkpt lat="49.152913" lon="9.731360">
        <ele>270.955110</ele>
        <time>2025-04-15T22:32:50.278Z</time>
      </trkpt>
      <trkpt lat="49.152995" lon="9.731271">
        <ele>271.247987</ele>
        <time>2025-04-15T22:32:53.836Z</time>
      </trkpt>
      <trkpt lat="49.153408" lon="9.730897">
        <ele>272.819492</ele>
        <time>2025-04-15T22:33:11.117Z</time>
      </trkpt>
      <trkpt lat="49.153549" lon="9.730816">
        <ele>273.424758</ele>
        <time>2025-04-15T22:33:16.405Z</time>
      </trkpt>
      <trkpt lat="49.154077" lon="9.730691">
        <ele>275.571754</ele>
        <time>2025-04-15T22:33:31.831Z</time>
      </trkpt>
      <trkpt lat="49.154442" lon="9.730511">
        <ele>277.112870</ele>
        <time>2025-04-15T22:33:43.286Z</time>
      </trkpt>
      <trkpt lat="49.154708" lon="9.730393">
        <ele>278.225842</ele>
        <time>2025-04-15T22:33:52.525Z</time>
      </trkpt>
      <trkpt lat="49.155014" lon="9.730327">
        <ele>279.547804</ele>
        <time>2025-04-15T22:34:03.693Z</time>
      </trkpt>
      <trkpt lat="49.155113" lon="9.730355">
        <ele>280.588844</ele>
        <time>2025-04-15T22:34:07.635Z</time>
      </trkpt>
      <trkpt lat="49.155504" lon="9.729227">
        <ele>289.222208</ele>
        <time>2025-04-15T22:34:49.451Z</time>
      </trkpt>
      <trkpt lat="49.155639" lon="9.728949">
        <ele>291.563775</ele>
        <time>2025-04-15T22:35:03.934Z</time>
      </trkpt>
      <trkpt lat="49.156411" lon="9.727354">
        <ele>307.253115</ele>
        <time>2025-04-15T22:36:44.932Z</time>
      </trkpt>
      <trkpt lat="49.156572" lon="9.726962">
        <ele>311.403460</ele>
        <time>2025-04-15T22:37:09.556Z</time>
      </trkpt>
      <trkpt lat="49.156710" lon="9.726552">
        <ele>315.537857</ele>
        <time>2025-04-15T22:37:32.286Z</time>
      </trkpt>
      <trkpt lat="49.156763" lon="9.726234">
        <ele>318.480206</ele>
        <time>2025-04-15T22:37:47.280Z</time>
      </trkpt>
      <trkpt lat="49.156743" lon="9.725829">
        <ele>322.121810</ele>
        <time>2025-04-15T22:38:04.677Z</time>
      </trkpt>
      <trkpt lat="49.156696" lon="9.725080">
        <ele>325.691867</ele>
        <time>2025-04-15T22:38:33.100Z</time>
      </trkpt>
      <trkpt lat="49.156495" lon="9.721900">
        <ele>337.772936</ele>
        <time>2025-04-15T22:39:51.723Z</time>
      </trkpt>
      <trkpt lat="49.156507" lon="9.721440">
        <ele>339.023735</ele>
        <time>2025-04-15T22:40:00.448Z</time>
      </trkpt>
      <trkpt lat="49.156561" lon="9.721070">
        <ele>340.053741</ele>
        <time>2025-04-15T22:40:07.697Z</time>
      </trkpt>
      <trkpt lat="49.156563" lon="9.720608">
        <ele>341.309007</ele>
        <time>2025-04-15T22:40:17.198Z</time>
      </trkpt>
      <trkpt lat="49.156411" lon="9.719672">
        <ele>344.480738</ele>
        <time>2025-04-15T22:40:39.716Z</time>
      </trkpt>
      <trkpt lat="49.156044" lon="9.719111">
        <ele>347.308661</ele>
        <time>2025-04-15T22:41:01.734Z</time>
      </trkpt>
      <trkpt lat="49.155659" lon="9.718623">
        <ele>350.033825</ele>
        <time>2025-04-15T22:41:23.729Z</time>
      </trkpt>
      <trkpt lat="49.155328" lon="9.718002">
        <ele>352.643000</ele>
        <time>2025-04-15T22:41:45.041Z</time>
      </trkpt>
      <trkpt lat="49.155116" lon="9.717265">
        <ele>354.751165</ele>
        <time>2025-04-15T22:42:03.642Z</time>
      </trkpt>
      <trkpt lat="49.155119" lon="9.716768">
        <ele>356.052565</ele>
        <time>2025-04-15T22:42:14.104Z</time>
      </trkpt>
      <trkpt lat="49.155166" lon="9.716294">
        <ele>357.307870</ele>
        <time>2025-04-15T22:42:24.011Z</time>
      </trkpt>
      <trkpt lat="49.155450" lon="9.713939">
        <ele>361.578843</ele>
        <time>2025-04-15T22:43:10.642Z</time>
      </trkpt>
      <trkpt lat="49.155611" lon="9.713067">
        <ele>362.877017</ele>
        <time>2025-04-15T22:43:24.355Z</time>
      </trkpt>
      <trkpt lat="49.155703" lon="9.711634">
        <ele>363.757208</ele>
        <time>2025-04-15T22:43:42.060Z</time>
      </trkpt>
      <trkpt lat="49.155979" lon="9.709594">
        <ele>365.894693</ele>
        <time>2025-04-15T22:44:11.112Z</time>
      </trkpt>
      <trkpt lat="49.155970" lon="9.709502">
        <ele>366.104707</ele>
        <time>2025-04-15T22:44:12.734Z</time>
      </trkpt>
      <trkpt lat="49.156403" lon="9.709225">
        <ele>367.724987</ele>
        <time>2025-04-15T22:44:27.357Z</time>
      </trkpt>
      <trkpt lat="49.156563" lon="9.709172">
        <ele>368.290125</ele>
        <time>2025-04-15T22:44:33.045Z</time>
      </trkpt>
      <trkpt lat="49.157530" lon="9.709182">
        <ele>371.799610</ele>
        <time>2025-04-15T22:45:09.895Z</time>
      </trkpt>
      <trkpt lat="49.157775" lon="9.709173">
        <ele>372.804294</ele>
        <time>2025-04-15T22:45:19.654Z</time>
      </trkpt>
      <trkpt lat="49.157985" lon="9.709191">
        <ele>373.666554</ele>
        <time>2025-04-15T22:45:27.828Z</time>
      </trkpt>
      <trkpt lat="49.158091" lon="9.709201">
        <ele>374.101934</ele>
        <time>2025-04-15T22:45:31.807Z</time>
      </trkpt>
      <trkpt lat="49.158434" lon="9.709274">
        <ele>375.521640</ele>
        <time>2025-04-15T22:45:44.003Z</time>
      </trkpt>
      <trkpt lat="49.158803" lon="9.709483">
        <ele>377.134820</ele>
        <time>2025-04-15T22:45:56.345Z</time>
      </trkpt>
      <trkpt lat="49.159219" lon="9.709798">
        <ele>378.427813</ele>
        <time>2025-04-15T22:46:09.077Z</time>
      </trkpt>
      <trkpt lat="49.159927" lon="9.710108">
        <ele>379.506192</ele>
        <time>2025-04-15T22:46:25.254Z</time>
      </trkpt>
      <trkpt lat="49.160647" lon="9.710349">
        <ele>380.585442</ele>
        <time>2025-04-15T22:46:40.835Z</time>
      </trkpt>
      <trkpt lat="49.160792" lon="9.710395">
        <ele>380.882096</ele>
        <time>2025-04-15T22:46:44.194Z</time>
      </trkpt>
      <trkpt lat="49.161458" lon="9.710686">
        <ele>382.911730</ele>
        <time>2025-04-15T22:47:02.620Z</time>
      </trkpt>
      <trkpt lat="49.161878" lon="9.710827">
        <ele>384.171735</ele>
        <time>2025-04-15T22:47:17.049Z</time>
      </trkpt>
      <trkpt lat="49.162605" lon="9.710972">
        <ele>386.086864</ele>
        <time>2025-04-15T22:47:41.809Z</time>
      </trkpt>
      <trkpt lat="49.163068" lon="9.711015">
        <ele>386.476935</ele>
        <time>2025-04-15T22:47:55.662Z</time>
      </trkpt>
      <trkpt lat="49.164003" lon="9.711437">
        <ele>387.296740</ele>
        <time>2025-04-15T22:48:15.040Z</time>
      </trkpt>
      <trkpt lat="49.164120" lon="9.711444">
        <ele>387.395205</ele>
        <time>2025-04-15T22:48:16.832Z</time>
      </trkpt>
      <trkpt lat="49.166103" lon="9.710991">
        <ele>382.029683</ele>
        <time>2025-04-15T22:48:44.420Z</time>
      </trkpt>
      <trkpt lat="49.166694" lon="9.710833">
        <ele>380.014858</ele>
        <time>2025-04-15T22:48:52.346Z</time>
      </trkpt>
      <trkpt lat="49.166853" lon="9.710728">
        <ele>379.433244</ele>
        <time>2025-04-15T22:48:54.610Z</time>
      </trkpt>
      <trkpt lat="49.167104" lon="9.710423">
        <ele>378.356652</ele>
        <time>2025-04-15T22:48:58.841Z</time>
      </trkpt>
      <trkpt lat="49.167265" lon="9.710173">
        <ele>377.586144</ele>
        <time>2025-04-15T22:49:01.902Z</time>
      </trkpt>
      <trkpt lat="49.167795" lon="9.709964">
        <ele>376.241224</ele>
        <time>2025-04-15T22:49:09.599Z</time>
      </trkpt>
      <trkpt lat="49.168201" lon="9.709814">
        <ele>376.239828</ele>
        <time>2025-04-15T22:49:15.947Z</time>
      </trkpt>
      <trkpt lat="49.169049" lon="9.709537">
        <ele>376.236929</ele>
        <time>2025-04-15T22:49:32.725Z</time>
      </trkpt>
      <trkpt lat="49.170600" lon="9.708980">
        <ele>378.888428</ele>
        <time>2025-04-15T22:50:16.202Z</time>
      </trkpt>
      <trkpt lat="49.171917" lon="9.708540">
        <ele>380.241803</ele>
        <time>2025-04-15T22:50:50.715Z</time>
      </trkpt>
      <trkpt lat="49.172282" lon="9.708390">
        <ele>380.298031</ele>
        <time>2025-04-15T22:50:57.555Z</time>
      </trkpt>
      <trkpt lat="49.175029" lon="9.706770">
        <ele>376.122433</ele>
        <time>2025-04-15T22:51:40.856Z</time>
      </trkpt>
      <trkpt lat="49.176807" lon="9.705130">
        <ele>371.851132</ele>
        <time>2025-04-15T22:52:12.733Z</time>
      </trkpt>
      <trkpt lat="49.176652" lon="9.702725">
        <ele>367.065869</ele>
        <time>2025-04-15T22:52:33.587Z</time>
      </trkpt>
      <trkpt lat="49.176580" lon="9.701322">
        <ele>363.995010</ele>
        <time>2025-04-15T22:52:45.742Z</time>
      </trkpt>
      <trkpt lat="49.176540" lon="9.700555">
        <ele>362.813823</ele>
        <time>2025-04-15T22:52:53.327Z</time>
      </trkpt>
      <trkpt lat="49.176521" lon="9.700306">
        <ele>362.710987</ele>
        <time>2025-04-15T22:52:56.019Z</time>
      </trkpt>
      <trkpt lat="49.176516" lon="9.700128">
        <ele>362.637902</ele>
        <time>2025-04-15T22:52:57.979Z</time>
      </trkpt>
      <trkpt lat="49.176517" lon="9.699767">
        <ele>362.489814</ele>
        <time>2025-04-15T22:53:02.012Z</time>
      </trkpt>
      <trkpt lat="49.176545" lon="9.699590">
        <ele>362.415111</ele>
        <time>2025-04-15T22:53:04.115Z</time>
      </trkpt>
      <trkpt lat="49.176619" lon="9.699146">
        <ele>362.227151</ele>
        <time>2025-04-15T22:53:09.588Z</time>
      </trkpt>
      <trkpt lat="49.176724" lon="9.698748">
        <ele>362.051093</ele>
        <time>2025-04-15T22:53:15.107Z</time>
      </trkpt>
      <trkpt lat="49.176921" lon="9.698420">
        <ele>361.868379</ele>
        <time>2025-04-15T22:53:20.157Z</time>
      </trkpt>
      <trkpt lat="49.176989" lon="9.698321">
        <ele>361.809473</ele>
        <time>2025-04-15T22:53:21.703Z</time>
      </trkpt>
      <trkpt lat="49.177077" lon="9.698088">
        <ele>361.655680</ele>
        <time>2025-04-15T22:53:24.605Z</time>
      </trkpt>
      <trkpt lat="49.177105" lon="9.697925">
        <ele>361.556932</ele>
        <time>2025-04-15T22:53:26.353Z</time>
      </trkpt>
      <trkpt lat="49.177218" lon="9.697404">
        <ele>361.235302</ele>
        <time>2025-04-15T22:53:31.845Z</time>
      </trkpt>
      <trkpt lat="49.177222" lon="9.697139">
        <ele>361.079990</ele>
        <time>2025-04-15T22:53:34.444Z</time>
      </trkpt>
      <trkpt lat="49.177143" lon="9.696546">
        <ele>360.725395</ele>
        <time>2025-04-15T22:53:40.573Z</time>
      </trkpt>
      <trkpt lat="49.177000" lon="9.695421">
        <ele>360.183306</ele>
        <time>2025-04-15T22:53:52.910Z</time>
      </trkpt>
      <trkpt lat="49.176988" lon="9.695330">
        <ele>360.181277</ele>
        <time>2025-04-15T22:53:53.955Z</time>
      </trkpt>
      <trkpt lat="49.176932" lon="9.694983">
        <ele>360.173466</ele>
        <time>2025-04-15T22:53:57.968Z</time>
      </trkpt>
      <trkpt lat="49.176800" lon="9.694520">
        <ele>360.162428</ele>
        <time>2025-04-15T22:54:03.835Z</time>
      </trkpt>
      <trkpt lat="49.176807" lon="9.693795">
        <ele>360.146583</ele>
        <time>2025-04-15T22:54:12.618Z</time>
      </trkpt>
      <trkpt lat="49.176825" lon="9.692812">
        <ele>360.193031</ele>
        <time>2025-04-15T22:54:24.239Z</time>
      </trkpt>
      <trkpt lat="49.176847" lon="9.691289">
        <ele>360.889086</ele>
        <time>2025-04-15T22:54:43.903Z</time>
      </trkpt>
      <trkpt lat="49.176883" lon="9.689760">
        <ele>361.981053</ele>
        <time>2025-04-15T22:55:06.061Z</time>
      </trkpt>
      <trkpt lat="49.176924" lon="9.688041">
        <ele>364.289500</ele>
        <time>2025-04-15T22:55:35.037Z</time>
      </trkpt>
      <trkpt lat="49.177051" lon="9.682036">
        <ele>374.177228</ele>
        <time>2025-04-15T22:57:30.604Z</time>
      </trkpt>
      <trkpt lat="49.177055" lon="9.681830">
        <ele>374.120858</ele>
        <time>2025-04-15T22:57:32.939Z</time>
      </trkpt>
      <trkpt lat="49.177933" lon="9.682252">
        <ele>372.109167</ele>
        <time>2025-04-15T22:57:46.264Z</time>
      </trkpt>
      <trkpt lat="49.178040" lon="9.682308">
        <ele>371.861970</ele>
        <time>2025-04-15T22:57:47.763Z</time>
      </trkpt>
      <trkpt lat="49.178544" lon="9.682552">
        <ele>370.706442</ele>
        <time>2025-04-15T22:57:54.759Z</time>
      </trkpt>
      <trkpt lat="49.178813" lon="9.682639">
        <ele>370.145317</ele>
        <time>2025-04-15T22:57:58.446Z</time>
      </trkpt>
      <trkpt lat="49.179117" lon="9.682654">
        <ele>369.581943</ele>
        <time>2025-04-15T22:58:02.571Z</time>
      </trkpt>
      <trkpt lat="49.182406" lon="9.682180">
        <ele>365.158820</ele>
        <time>2025-04-15T22:58:54.050Z</time>
      </trkpt>
      <trkpt lat="49.182662" lon="9.682140">
        <ele>365.251320</ele>
        <time>2025-04-15T22:58:58.769Z</time>
      </trkpt>
      <trkpt lat="49.183708" lon="9.682002">
        <ele>365.628711</ele>
        <time>2025-04-15T22:59:20.422Z</time>
      </trkpt>
      <trkpt lat="49.184793" lon="9.681859">
        <ele>366.193212</ele>
        <time>2025-04-15T22:59:43.070Z</time>
      </trkpt>
      <trkpt lat="49.184854" lon="9.681855">
        <ele>366.229682</ele>
        <time>2025-04-15T22:59:44.253Z</time>
      </trkpt>
      <trkpt lat="49.185110" lon="9.681837">
        <ele>366.382755</ele>
        <time>2025-04-15T22:59:49.411Z</time>
      </trkpt>
      <trkpt lat="49.185871" lon="9.681836">
        <ele>366.829822</ele>
        <time>2025-04-15T23:00:05.045Z</time>
      </trkpt>
      <trkpt lat="49.186106" lon="9.681867">
        <ele>366.725809</ele>
        <time>2025-04-15T23:00:09.534Z</time>
      </trkpt>
      <trkpt lat="49.186288" lon="9.681914">
        <ele>366.644417</ele>
        <time>2025-04-15T23:00:12.895Z</time>
      </trkpt>
      <trkpt lat="49.186616" lon="9.682090">
        <ele>366.491141</ele>
        <time>2025-04-15T23:00:19.027Z</time>
      </trkpt>
      <trkpt lat="49.188218" lon="9.679470">
        <ele>364.888376</ele>
        <time>2025-04-15T23:00:56.510Z</time>
      </trkpt>
      <trkpt lat="49.188229" lon="9.679459">
        <ele>364.876926</ele>
        <time>2025-04-15T23:00:56.715Z</time>
      </trkpt>
      <trkpt lat="49.188289" lon="9.679360">
        <ele>364.800039</ele>
        <time>2025-04-15T23:00:58.129Z</time>
      </trkpt>
      <trkpt lat="49.188373" lon="9.679229">
        <ele>364.695530</ele>
        <time>2025-04-15T23:01:00.086Z</time>
      </trkpt>
      <trkpt lat="49.189576" lon="9.677281">
        <ele>363.122372</ele>
        <time>2025-04-15T23:01:28.978Z</time>
      </trkpt>
      <trkpt lat="49.190891" lon="9.675150">
        <ele>360.199999</ele>
        <time>2025-04-15T23:01:57.544Z</time>
      </trkpt>
      <trkpt lat="49.191842" lon="9.673657">
        <ele>358.651707</ele>
        <time>2025-04-15T23:02:18.409Z</time>
      </trkpt>
      <trkpt lat="49.193705" lon="9.670592">
        <ele>357.003699</ele>
        <time>2025-04-15T23:03:04.838Z</time>
      </trkpt>
      <trkpt lat="49.194122" lon="9.669907">
        <ele>356.451670</ele>
        <time>2025-04-15T23:03:14.928Z</time>
      </trkpt>
      <trkpt lat="49.194991" lon="9.668478">
        <ele>355.406290</ele>
        <time>2025-04-15T23:03:34.687Z</time>
      </trkpt>
      <trkpt lat="49.195355" lon="9.667879">
        <ele>355.063954</ele>
        <time>2025-04-15T23:03:43.231Z</time>
      </trkpt>
      <trkpt lat="49.196096" lon="9.666605">
        <ele>354.590869</ele>
        <time>2025-04-15T23:04:02.525Z</time>
      </trkpt>
      <trkpt lat="49.196231" lon="9.666310">
        <ele>354.663300</ele>
        <time>2025-04-15T23:04:07.049Z</time>
      </trkpt>
      <trkpt lat="49.196362" lon="9.665913">
        <ele>354.752746</ele>
        <time>2025-04-15T23:04:12.704Z</time>
      </trkpt>
      <trkpt lat="49.196470" lon="9.665336">
        <ele>354.873457</ele>
        <time>2025-04-15T23:04:20.690Z</time>
      </trkpt>
      <trkpt lat="49.196535" lon="9.664713">
        <ele>355.000340</ele>
        <time>2025-04-15T23:04:28.903Z</time>
      </trkpt>
      <trkpt lat="49.196584" lon="9.664460">
        <ele>355.053410</ele>
        <time>2025-04-15T23:04:32.308Z</time>
      </trkpt>
      <trkpt lat="49.196695" lon="9.664026">
        <ele>355.159066</ele>
        <time>2025-04-15T23:04:38.171Z</time>
      </trkpt>
      <trkpt lat="49.196811" lon="9.663729">
        <ele>355.238917</ele>
        <time>2025-04-15T23:04:42.428Z</time>
      </trkpt>
      <trkpt lat="49.196855" lon="9.663809">
        <ele>355.263049</ele>
        <time>2025-04-15T23:04:43.706Z</time>
      </trkpt>
      <trkpt lat="49.197240" lon="9.663153">
        <ele>355.466535</ele>
        <time>2025-04-15T23:04:53.949Z</time>
      </trkpt>
      <trkpt lat="49.197870" lon="9.662133">
        <ele>356.262175</ele>
        <time>2025-04-15T23:05:11.012Z</time>
      </trkpt>
      <trkpt lat="49.198457" lon="9.661132">
        <ele>358.219307</ele>
        <time>2025-04-15T23:05:34.931Z</time>
      </trkpt>
      <trkpt lat="49.198574" lon="9.660935">
        <ele>358.606679</ele>
        <time>2025-04-15T23:05:40.356Z</time>
      </trkpt>
      <trkpt lat="49.199066" lon="9.660115">
        <ele>360.165244</ele>
        <time>2025-04-15T23:06:02.891Z</time>
      </trkpt>
      <trkpt lat="49.199335" lon="9.659655">
        <ele>360.957475</ele>
        <time>2025-04-15T23:06:14.769Z</time>
      </trkpt>
      <trkpt lat="49.199285" lon="9.659517">
        <ele>361.159981</ele>
        <time>2025-04-15T23:06:17.615Z</time>
      </trkpt>
      <trkpt lat="49.199208" lon="9.659275">
        <ele>361.505416</ele>
        <time>2025-04-15T23:06:22.281Z</time>
      </trkpt>
      <trkpt lat="49.198719" lon="9.657740">
        <ele>363.504967</ele>
        <time>2025-04-15T23:06:46.930Z</time>
      </trkpt>
      <trkpt lat="49.198549" lon="9.657357">
        <ele>363.849771</ele>
        <time>2025-04-15T23:06:53.329Z</time>
      </trkpt>
      <trkpt lat="49.198242" lon="9.656755">
        <ele>364.418459</ele>
        <time>2025-04-15T23:07:04.030Z</time>
      </trkpt>
      <trkpt lat="49.197735" lon="9.655695">
        <ele>365.565320</ele>
        <time>2025-04-15T23:07:23.249Z</time>
      </trkpt>
      <trkpt lat="49.197600" lon="9.655259">
        <ele>366.488556</ele>
        <time>2025-04-15T23:07:31.085Z</time>
      </trkpt>
      <trkpt lat="49.197475" lon="9.654522">
        <ele>367.945586</ele>
        <time>2025-04-15T23:07:44.722Z</time>
      </trkpt>
      <trkpt lat="49.197448" lon="9.653746">
        <ele>369.432619</ele>
        <time>2025-04-15T23:08:00.944Z</time>
      </trkpt>
      <trkpt lat="49.197438" lon="9.653465">
        <ele>369.971129</ele>
        <time>2025-04-15T23:08:07.410Z</time>
      </trkpt>
      <trkpt lat="49.197451" lon="9.653308">
        <ele>370.273962</ele>
        <time>2025-04-15T23:08:11.200Z</time>
      </trkpt>
      <trkpt lat="49.197492" lon="9.653163">
        <ele>370.587619</ele>
        <time>2025-04-15T23:08:14.913Z</time>
      </trkpt>
      <trkpt lat="49.197635" lon="9.652928">
        <ele>371.552996</ele>
        <time>2025-04-15T23:08:22.278Z</time>
      </trkpt>
      <trkpt lat="49.198274" lon="9.652187">
        <ele>375.241511</ele>
        <time>2025-04-15T23:08:50.339Z</time>
      </trkpt>
      <trkpt lat="49.198477" lon="9.651945">
        <ele>376.425371</ele>
        <time>2025-04-15T23:08:59.550Z</time>
      </trkpt>
      <trkpt lat="49.198549" lon="9.651856">
        <ele>376.851180</ele>
        <time>2025-04-15T23:09:02.808Z</time>
      </trkpt>
      <trkpt lat="49.198405" lon="9.651638">
        <ele>377.783064</ele>
        <time>2025-04-15T23:09:10.198Z</time>
      </trkpt>
      <trkpt lat="49.198279" lon="9.651415">
        <ele>378.669333</ele>
        <time>2025-04-15T23:09:17.537Z</time>
      </trkpt>
      <trkpt lat="49.197876" lon="9.650664">
        <ele>383.180730</ele>
        <time>2025-04-15T23:09:43.429Z</time>
      </trkpt>
      <trkpt lat="49.197835" lon="9.650569">
        <ele>383.720212</ele>
        <time>2025-04-15T23:09:46.825Z</time>
      </trkpt>
      <trkpt lat="49.197773" lon="9.650425">
        <ele>384.537367</ele>
        <time>2025-04-15T23:09:52.232Z</time>
      </trkpt>
      <trkpt lat="49.197694" lon="9.650243">
        <ele>385.572716</ele>
        <time>2025-04-15T23:09:59.192Z</time>
      </trkpt>
      <trkpt lat="49.197312" lon="9.649239">
        <ele>391.077948</ele>
        <time>2025-04-15T23:10:37.904Z</time>
      </trkpt>
      <trkpt lat="49.196899" lon="9.648074">
        <ele>398.119070</ele>
        <time>2025-04-15T23:11:24.075Z</time>
      </trkpt>
      <trkpt lat="49.196485" lon="9.646281">
        <ele>408.247315</ele>
        <time>2025-04-15T23:12:26.201Z</time>
      </trkpt>
      <trkpt lat="49.196357" lon="9.645862">
        <ele>410.542734</ele>
        <time>2025-04-15T23:12:40.193Z</time>
      </trkpt>
      <trkpt lat="49.196181" lon="9.645460">
        <ele>412.944160</ele>
        <time>2025-04-15T23:12:54.235Z</time>
      </trkpt>
      <trkpt lat="49.195776" lon="9.644678">
        <ele>417.896155</ele>
        <time>2025-04-15T23:13:24.366Z</time>
      </trkpt>
      <trkpt lat="49.195414" lon="9.643980">
        <ele>422.783603</ele>
        <time>2025-04-15T23:13:54.832Z</time>
      </trkpt>
      <trkpt lat="49.195254" lon="9.643730">
        <ele>424.938148</ele>
        <time>2025-04-15T23:14:07.399Z</time>
      </trkpt>
      <trkpt lat="49.195123" lon="9.643607">
        <ele>426.386260</ele>
        <time>2025-04-15T23:14:16.012Z</time>
      </trkpt>
      <trkpt lat="49.194933" lon="9.643553">
        <ele>428.207068</ele>
        <time>2025-04-15T23:14:26.948Z</time>
      </trkpt>
      <trkpt lat="49.194544" lon="9.643574">
        <ele>431.874535</ele>
        <time>2025-04-15T23:14:49.708Z</time>
      </trkpt>
      <trkpt lat="49.194068" lon="9.643679">
        <ele>436.405801</ele>
        <time>2025-04-15T23:15:18.049Z</time>
      </trkpt>
      <trkpt lat="49.193670" lon="9.643805">
        <ele>439.966824</ele>
        <time>2025-04-15T23:15:39.730Z</time>
      </trkpt>
      <trkpt lat="49.192930" lon="9.644172">
        <ele>446.618385</ele>
        <time>2025-04-15T23:16:21.181Z</time>
      </trkpt>
      <trkpt lat="49.192022" lon="9.644304">
        <ele>453.629487</ele>
        <time>2025-04-15T23:17:07.145Z</time>
      </trkpt>
      <trkpt lat="49.191785" lon="9.644430">
        <ele>454.783129</ele>
        <time>2025-04-15T23:17:18.179Z</time>
      </trkpt>
      <trkpt lat="49.191458" lon="9.644693">
        <ele>456.481745</ele>
        <time>2025-04-15T23:17:32.820Z</time>
      </trkpt>
      <trkpt lat="49.190805" lon="9.645366">
        <ele>460.101854</ele>
        <time>2025-04-15T23:17:56.891Z</time>
      </trkpt>
      <trkpt lat="49.190518" lon="9.645510">
        <ele>461.521871</ele>
        <time>2025-04-15T23:18:03.858Z</time>
      </trkpt>
      <trkpt lat="49.189487" lon="9.645712">
        <ele>466.595391</ele>
        <time>2025-04-15T23:18:32.572Z</time>
      </trkpt>
      <trkpt lat="49.189387" lon="9.645695">
        <ele>467.086506</ele>
        <time>2025-04-15T23:18:37.029Z</time>
      </trkpt>
      <trkpt lat="49.189252" lon="9.645610">
        <ele>467.799067</ele>
        <time>2025-04-15T23:18:43.758Z</time>
      </trkpt>
      <trkpt lat="49.189183" lon="9.645463">
        <ele>468.376426</ele>
        <time>2025-04-15T23:18:49.548Z</time>
      </trkpt>
      <trkpt lat="49.189185" lon="9.645333">
        <ele>468.791257</ele>
        <time>2025-04-15T23:18:53.992Z</time>
      </trkpt>
      <trkpt lat="49.189268" lon="9.645221">
        <ele>469.331434</ele>
        <time>2025-04-15T23:19:00.240Z</time>
      </trkpt>
      <trkpt lat="49.189642" lon="9.645283">
        <ele>472.442350</ele>
        <time>2025-04-15T23:19:22.938Z</time>
      </trkpt>
      <trkpt lat="49.189752" lon="9.645256">
        <ele>473.479469</ele>
        <time>2025-04-15T23:19:30.091Z</time>
      </trkpt>
      <trkpt lat="49.189861" lon="9.645185">
        <ele>474.582308</ele>
        <time>2025-04-15T23:19:37.763Z</time>
      </trkpt>
      <trkpt lat="49.190017" lon="9.644976">
        <ele>476.512588</ele>
        <time>2025-04-15T23:19:51.346Z</time>
      </trkpt>
      <trkpt lat="49.190046" lon="9.644923">
        <ele>476.933140</ele>
        <time>2025-04-15T23:19:54.413Z</time>
      </trkpt>
      <trkpt lat="49.190255" lon="9.644545">
        <ele>479.945552</ele>
        <time>2025-04-15T23:20:15.873Z</time>
      </trkpt>
      <trkpt lat="49.190447" lon="9.644295">
        <ele>482.292526</ele>
        <time>2025-04-15T23:20:30.572Z</time>
      </trkpt>
      <trkpt lat="49.191380" lon="9.643354">
        <ele>489.813535</ele>
        <time>2025-04-15T23:21:15.293Z</time>
      </trkpt>
      <trkpt lat="49.191447" lon="9.643149">
        <ele>490.558668</ele>
        <time>2025-04-15T23:21:19.577Z</time>
      </trkpt>
      <trkpt lat="49.191432" lon="9.642983">
        <ele>491.103458</ele>
        <time>2025-04-15T23:21:23.156Z</time>
      </trkpt>
      <trkpt lat="49.191367" lon="9.642846">
        <ele>491.653828</ele>
        <time>2025-04-15T23:21:27.202Z</time>
      </trkpt>
      <trkpt lat="49.191178" lon="9.642679">
        <ele>492.739486</ele>
        <time>2025-04-15T23:21:35.600Z</time>
      </trkpt>
      <trkpt lat="49.190908" lon="9.642480">
        <ele>494.230262</ele>
        <time>2025-04-15T23:21:47.223Z</time>
      </trkpt>
      <trkpt lat="49.190678" lon="9.642357">
        <ele>495.442238</ele>
        <time>2025-04-15T23:21:56.040Z</time>
      </trkpt>
      <trkpt lat="49.190644" lon="9.642343">
        <ele>495.487630</ele>
        <time>2025-04-15T23:21:57.215Z</time>
      </trkpt>
      <trkpt lat="49.190602" lon="9.642330">
        <ele>495.531588</ele>
        <time>2025-04-15T23:21:58.681Z</time>
      </trkpt>
      <trkpt lat="49.190373" lon="9.642364">
        <ele>495.767609</ele>
        <time>2025-04-15T23:22:06.866Z</time>
      </trkpt>
      <trkpt lat="49.190106" lon="9.642539">
        <ele>496.065580</ele>
        <time>2025-04-15T23:22:16.238Z</time>
      </trkpt>
      <trkpt lat="49.190072" lon="9.642559">
        <ele>496.102947</ele>
        <time>2025-04-15T23:22:17.222Z</time>
      </trkpt>
      <trkpt lat="49.189478" lon="9.642953">
        <ele>496.767089</ele>
        <time>2025-04-15T23:22:31.788Z</time>
      </trkpt>
      <trkpt lat="49.189461" lon="9.642963">
        <ele>496.785773</ele>
        <time>2025-04-15T23:22:32.086Z</time>
      </trkpt>
      <trkpt lat="49.189344" lon="9.643007">
        <ele>496.909368</ele>
        <time>2025-04-15T23:22:33.947Z</time>
      </trkpt>
      <trkpt lat="49.189268" lon="9.643018">
        <ele>496.987680</ele>
        <time>2025-04-15T23:22:35.042Z</time>
      </trkpt>
      <trkpt lat="49.189147" lon="9.643020">
        <ele>497.111814</ele>
        <time>2025-04-15T23:22:36.732Z</time>
      </trkpt>
      <trkpt lat="49.188493" lon="9.642763">
        <ele>497.065166</ele>
        <time>2025-04-15T23:22:45.822Z</time>
      </trkpt>
      <trkpt lat="49.188289" lon="9.642752">
        <ele>496.968274</ele>
        <time>2025-04-15T23:22:48.761Z</time>
      </trkpt>
      <trkpt lat="49.188260" lon="9.642751">
        <ele>496.954505</ele>
        <time>2025-04-15T23:22:49.172Z</time>
      </trkpt>
      <trkpt lat="49.188212" lon="9.642748">
        <ele>496.931702</ele>
        <time>2025-04-15T23:22:49.891Z</time>
      </trkpt>
      <trkpt lat="49.188063" lon="9.642744">
        <ele>496.860966</ele>
        <time>2025-04-15T23:22:52.175Z</time>
      </trkpt>
      <trkpt lat="49.187807" lon="9.642825">
        <ele>496.736879</ele>
        <time>2025-04-15T23:22:56.667Z</time>
      </trkpt>
      <trkpt lat="49.187711" lon="9.642794">
        <ele>496.690308</ele>
        <time>2025-04-15T23:22:58.764Z</time>
      </trkpt>
      <trkpt lat="49.187644" lon="9.642765">
        <ele>496.657257</ele>
        <time>2025-04-15T23:23:00.435Z</time>
      </trkpt>
      <trkpt lat="49.187620" lon="9.642754">
        <ele>496.645365</ele>
        <time>2025-04-15T23:23:01.037Z</time>
      </trkpt>
      <trkpt lat="49.187453" lon="9.642687">
        <ele>496.563415</ele>
        <time>2025-04-15T23:23:05.477Z</time>
      </trkpt>
      <trkpt lat="49.187346" lon="9.642637">
        <ele>496.510310</ele>
        <time>2025-04-15T23:23:08.669Z</time>
      </trkpt>
      <trkpt lat="49.186755" lon="9.642341">
        <ele>497.472711</ele>
        <time>2025-04-15T23:23:27.209Z</time>
      </trkpt>
      <trkpt lat="49.186651" lon="9.642216">
        <ele>497.752954</ele>
        <time>2025-04-15T23:23:31.333Z</time>
      </trkpt>
      <trkpt lat="49.186479" lon="9.641953">
        <ele>498.268231</ele>
        <time>2025-04-15T23:23:38.645Z</time>
      </trkpt>
      <trkpt lat="49.186250" lon="9.641429">
        <ele>499.141240</ele>
        <time>2025-04-15T23:23:49.793Z</time>
      </trkpt>
      <trkpt lat="49.186182" lon="9.641215">
        <ele>499.470796</ele>
        <time>2025-04-15T23:23:53.603Z</time>
      </trkpt>
      <trkpt lat="49.186133" lon="9.641112">
        <ele>499.647234</ele>
        <time>2025-04-15T23:23:55.594Z</time>
      </trkpt>
      <trkpt lat="49.186003" lon="9.640878">
        <ele>500.072575</ele>
        <time>2025-04-15T23:24:00.080Z</time>
      </trkpt>
      <trkpt lat="49.185962" lon="9.640823">
        <ele>500.188119</ele>
        <time>2025-04-15T23:24:01.216Z</time>
      </trkpt>
      <trkpt lat="49.185933" lon="9.640786">
        <ele>500.255200</ele>
        <time>2025-04-15T23:24:01.972Z</time>
      </trkpt>
      <trkpt lat="49.185836" lon="9.640668">
        <ele>500.223556</ele>
        <time>2025-04-15T23:24:04.448Z</time>
      </trkpt>
      <trkpt lat="49.185793" lon="9.640616">
        <ele>500.209560</ele>
        <time>2025-04-15T23:24:05.510Z</time>
      </trkpt>
      <trkpt lat="49.185562" lon="9.640401">
        <ele>500.140517</ele>
        <time>2025-04-15T23:24:10.689Z</time>
      </trkpt>
      <trkpt lat="49.185363" lon="9.640140">
        <ele>500.073587</ele>
        <time>2025-04-15T23:24:15.334Z</time>
      </trkpt>
      <trkpt lat="49.185283" lon="9.639863">
        <ele>500.023043</ele>
        <time>2025-04-15T23:24:18.781Z</time>
      </trkpt>
      <trkpt lat="49.185209" lon="9.639277">
        <ele>499.923430</ele>
        <time>2025-04-15T23:24:25.329Z</time>
      </trkpt>
      <trkpt lat="49.185132" lon="9.638934">
        <ele>499.862901</ele>
        <time>2025-04-15T23:24:29.209Z</time>
      </trkpt>
      <trkpt lat="49.185103" lon="9.638813">
        <ele>499.841391</ele>
        <time>2025-04-15T23:24:30.555Z</time>
      </trkpt>
      <trkpt lat="49.184975" lon="9.638052">
        <ele>499.007962</ele>
        <time>2025-04-15T23:24:38.454Z</time>
      </trkpt>
      <trkpt lat="49.184865" lon="9.637315">
        <ele>497.864074</ele>
        <time>2025-04-15T23:24:45.589Z</time>
      </trkpt>
      <trkpt lat="49.184784" lon="9.636940">
        <ele>497.266464</ele>
        <time>2025-04-15T23:24:49.241Z</time>
      </trkpt>
      <trkpt lat="49.184705" lon="9.636650">
        <ele>496.791066</ele>
        <time>2025-04-15T23:24:52.119Z</time>
      </trkpt>
      <trkpt lat="49.184544" lon="9.636113">
        <ele>495.897102</ele>
        <time>2025-04-15T23:24:57.484Z</time>
      </trkpt>
      <trkpt lat="49.184454" lon="9.635811">
        <ele>495.360400</ele>
        <time>2025-04-15T23:25:00.452Z</time>
      </trkpt>
      <trkpt lat="49.184438" lon="9.635761">
        <ele>495.263988</ele>
        <time>2025-04-15T23:25:00.948Z</time>
      </trkpt>
      <trkpt lat="49.184322" lon="9.635276">
        <ele>494.369585</ele>
        <time>2025-04-15T23:25:05.566Z</time>
      </trkpt>
      <trkpt lat="49.184285" lon="9.634900">
        <ele>493.711078</ele>
        <time>2025-04-15T23:25:09.004Z</time>
      </trkpt>
      <trkpt lat="49.184268" lon="9.634175">
        <ele>492.454692</ele>
        <time>2025-04-15T23:25:15.650Z</time>
      </trkpt>
      <trkpt lat="49.184227" lon="9.633724">
        <ele>491.666118</ele>
        <time>2025-04-15T23:25:19.867Z</time>
      </trkpt>
      <trkpt lat="49.184158" lon="9.633377">
        <ele>491.037978</ele>
        <time>2025-04-15T23:25:23.282Z</time>
      </trkpt>
      <trkpt lat="49.183993" lon="9.632795">
        <ele>490.459558</ele>
        <time>2025-04-15T23:25:29.453Z</time>
      </trkpt>
      <trkpt lat="49.183963" lon="9.632396">
        <ele>490.153727</ele>
        <time>2025-04-15T23:25:33.505Z</time>
      </trkpt>
      <trkpt lat="49.183966" lon="9.632149">
        <ele>489.965611</ele>
        <time>2025-04-15T23:25:36.031Z</time>
      </trkpt>
      <trkpt lat="49.183967" lon="9.631732">
        <ele>489.648075</ele>
        <time>2025-04-15T23:25:40.326Z</time>
      </trkpt>
      <trkpt lat="49.183970" lon="9.631569">
        <ele>489.523906</ele>
        <time>2025-04-15T23:25:42.028Z</time>
      </trkpt>
      <trkpt lat="49.183958" lon="9.630897">
        <ele>489.012007</ele>
        <time>2025-04-15T23:25:49.201Z</time>
      </trkpt>
      <trkpt lat="49.183951" lon="9.630692">
        <ele>488.855692</ele>
        <time>2025-04-15T23:25:51.438Z</time>
      </trkpt>
      <trkpt lat="49.183948" lon="9.630660">
        <ele>488.831076</ele>
        <time>2025-04-15T23:25:51.800Z</time>
      </trkpt>
      <trkpt lat="49.183857" lon="9.630102">
        <ele>488.796471</ele>
        <time>2025-04-15T23:25:58.152Z</time>
      </trkpt>
      <trkpt lat="49.183776" lon="9.629710">
        <ele>488.816334</ele>
        <time>2025-04-15T23:26:02.786Z</time>
      </trkpt>
      <trkpt lat="49.183726" lon="9.629454">
        <ele>488.829242</ele>
        <time>2025-04-15T23:26:05.845Z</time>
      </trkpt>
      <trkpt lat="49.183711" lon="9.629380">
        <ele>488.832985</ele>
        <time>2025-04-15T23:26:06.747Z</time>
      </trkpt>
      <trkpt lat="49.183630" lon="9.629073">
        <ele>488.848980</ele>
        <time>2025-04-15T23:26:10.625Z</time>
      </trkpt>
      <trkpt lat="49.183331" lon="9.628439">
        <ele>488.886751</ele>
        <time>2025-04-15T23:26:20.650Z</time>
      </trkpt>
      <trkpt lat="49.183084" lon="9.628069">
        <ele>488.964266</ele>
        <time>2025-04-15T23:26:27.764Z</time>
      </trkpt>
      <trkpt lat="49.182779" lon="9.627744">
        <ele>489.197189</ele>
        <time>2025-04-15T23:26:35.187Z</time>
      </trkpt>
      <trkpt lat="49.182499" lon="9.627539">
        <ele>489.391712</ele>
        <time>2025-04-15T23:26:41.159Z</time>
      </trkpt>
      <trkpt lat="49.182224" lon="9.627394">
        <ele>489.573991</ele>
        <time>2025-04-15T23:26:46.857Z</time>
      </trkpt>
      <trkpt lat="49.181897" lon="9.627300">
        <ele>489.782495</ele>
        <time>2025-04-15T23:26:53.470Z</time>
      </trkpt>
      <trkpt lat="49.181565" lon="9.627284">
        <ele>489.990650</ele>
        <time>2025-04-15T23:27:00.192Z</time>
      </trkpt>
      <trkpt lat="49.181443" lon="9.627304">
        <ele>490.138285</ele>
        <time>2025-04-15T23:27:02.751Z</time>
      </trkpt>
      <trkpt lat="49.181328" lon="9.627322">
        <ele>490.356950</ele>
        <time>2025-04-15T23:27:05.166Z</time>
      </trkpt>
      <trkpt lat="49.180307" lon="9.627696">
        <ele>492.342826</ele>
        <time>2025-04-15T23:27:31.085Z</time>
      </trkpt>
      <trkpt lat="49.179820" lon="9.627955">
        <ele>493.318096</ele>
        <time>2025-04-15T23:27:46.220Z</time>
      </trkpt>
      <trkpt lat="49.179516" lon="9.628061">
        <ele>493.887717</ele>
        <time>2025-04-15T23:27:55.447Z</time>
      </trkpt>
      <trkpt lat="49.178635" lon="9.628181">
        <ele>495.489482</ele>
        <time>2025-04-15T23:28:19.391Z</time>
      </trkpt>
      <trkpt lat="49.178293" lon="9.628165">
        <ele>496.109119</ele>
        <time>2025-04-15T23:28:27.279Z</time>
      </trkpt>
      <trkpt lat="49.177945" lon="9.628077">
        <ele>496.689701</ele>
        <time>2025-04-15T23:28:34.571Z</time>
      </trkpt>
      <trkpt lat="49.177783" lon="9.628016">
        <ele>496.677266</ele>
        <time>2025-04-15T23:28:37.800Z</time>
      </trkpt>
      <trkpt lat="49.175917" lon="9.626987">
        <ele>496.192137</ele>
        <time>2025-04-15T23:29:12.014Z</time>
      </trkpt>
      <trkpt lat="49.175838" lon="9.626931">
        <ele>496.108887</ele>
        <time>2025-04-15T23:29:13.438Z</time>
      </trkpt>
      <trkpt lat="49.175683" lon="9.626769">
        <ele>495.929398</ele>
        <time>2025-04-15T23:29:16.447Z</time>
      </trkpt>
      <trkpt lat="49.174849" lon="9.625565">
        <ele>494.829873</ele>
        <time>2025-04-15T23:29:34.254Z</time>
      </trkpt>
      <trkpt lat="49.174184" lon="9.625153">
        <ele>493.746464</ele>
        <time>2025-04-15T23:29:45.229Z</time>
      </trkpt>
      <trkpt lat="49.173369" lon="9.624335">
        <ele>492.274505</ele>
        <time>2025-04-15T23:30:00.141Z</time>
      </trkpt>
      <trkpt lat="49.172441" lon="9.623298">
        <ele>490.058654</ele>
        <time>2025-04-15T23:30:17.121Z</time>
      </trkpt>
      <trkpt lat="49.171686" lon="9.622539">
        <ele>488.217364</ele>
        <time>2025-04-15T23:30:30.254Z</time>
      </trkpt>
      <trkpt lat="49.170461" lon="9.621253">
        <ele>484.681998</ele>
        <time>2025-04-15T23:30:51.596Z</time>
      </trkpt>
      <trkpt lat="49.170284" lon="9.621012">
        <ele>484.087336</ele>
        <time>2025-04-15T23:30:54.929Z</time>
      </trkpt>
      <trkpt lat="49.170209" lon="9.620910">
        <ele>483.808591</ele>
        <time>2025-04-15T23:30:56.340Z</time>
      </trkpt>
      <trkpt lat="49.169401" lon="9.619803">
        <ele>480.795744</ele>
        <time>2025-04-15T23:31:11.404Z</time>
      </trkpt>
      <trkpt lat="49.169285" lon="9.619632">
        <ele>480.348277</ele>
        <time>2025-04-15T23:31:13.640Z</time>
      </trkpt>
      <trkpt lat="49.169186" lon="9.619484">
        <ele>479.963781</ele>
        <time>2025-04-15T23:31:15.565Z</time>
      </trkpt>
      <trkpt lat="49.168877" lon="9.619071">
        <ele>478.982680</ele>
        <time>2025-04-15T23:31:21.274Z</time>
      </trkpt>
      <trkpt lat="49.168185" lon="9.618239">
        <ele>477.341575</ele>
        <time>2025-04-15T23:31:33.936Z</time>
      </trkpt>
      <trkpt lat="49.167544" lon="9.617654">
        <ele>475.953218</ele>
        <time>2025-04-15T23:31:45.428Z</time>
      </trkpt>
      <trkpt lat="49.166903" lon="9.617367">
        <ele>475.950880</ele>
        <time>2025-04-15T23:31:56.833Z</time>
      </trkpt>
      <trkpt lat="49.165926" lon="9.617005">
        <ele>475.947359</ele>
        <time>2025-04-15T23:32:16.895Z</time>
      </trkpt>
      <trkpt lat="49.165580" lon="9.616782">
        <ele>475.623661</ele>
        <time>2025-04-15T23:32:24.156Z</time>
      </trkpt>
      <trkpt lat="49.165057" lon="9.616424">
        <ele>474.888005</ele>
        <time>2025-04-15T23:32:33.795Z</time>
      </trkpt>
      <trkpt lat="49.164637" lon="9.616053">
        <ele>474.265293</ele>
        <time>2025-04-15T23:32:41.155Z</time>
      </trkpt>
      <trkpt lat="49.163496" lon="9.615418">
        <ele>472.557046</ele>
        <time>2025-04-15T23:32:57.985Z</time>
      </trkpt>
      <trkpt lat="49.163175" lon="9.615240">
        <ele>472.048357</ele>
        <time>2025-04-15T23:33:02.961Z</time>
      </trkpt>
      <trkpt lat="49.162703" lon="9.614966">
        <ele>471.296220</ele>
        <time>2025-04-15T23:33:11.160Z</time>
      </trkpt>
      <trkpt lat="49.162184" lon="9.614542">
        <ele>471.319919</ele>
        <time>2025-04-15T23:33:23.731Z</time>
      </trkpt>
      <trkpt lat="49.161785" lon="9.614180">
        <ele>471.784308</ele>
        <time>2025-04-15T23:33:35.153Z</time>
      </trkpt>
      <trkpt lat="49.161427" lon="9.613797">
        <ele>472.221645</ele>
        <time>2025-04-15T23:33:45.706Z</time>
      </trkpt>
      <trkpt lat="49.161331" lon="9.613685">
        <ele>472.342511</ele>
        <time>2025-04-15T23:33:48.463Z</time>
      </trkpt>
      <trkpt lat="49.161413" lon="9.613531">
        <ele>472.472505</ele>
        <time>2025-04-15T23:33:52.903Z</time>
      </trkpt>
      <trkpt lat="49.161462" lon="9.613206">
        <ele>472.690820</ele>
        <time>2025-04-15T23:34:00.122Z</time>
      </trkpt>
      <trkpt lat="49.161459" lon="9.612140">
        <ele>472.464143</ele>
        <time>2025-04-15T23:34:20.946Z</time>
      </trkpt>
      <trkpt lat="49.161545" lon="9.609724">
        <ele>471.179241</ele>
        <time>2025-04-15T23:35:04.923Z</time>
      </trkpt>
      <trkpt lat="49.161549" lon="9.609634">
        <ele>471.073823</ele>
        <time>2025-04-15T23:35:06.488Z</time>
      </trkpt>
      <trkpt lat="49.161546" lon="9.608770">
        <ele>470.064133</ele>
        <time>2025-04-15T23:35:21.483Z</time>
      </trkpt>
      <trkpt lat="49.161744" lon="9.606928">
        <ele>467.517545</ele>
        <time>2025-04-15T23:35:52.532Z</time>
      </trkpt>
      <trkpt lat="49.161785" lon="9.605907">
        <ele>465.790172</ele>
        <time>2025-04-15T23:36:09.241Z</time>
      </trkpt>
      <trkpt lat="49.161707" lon="9.604381">
        <ele>463.672124</ele>
        <time>2025-04-15T23:36:34.575Z</time>
      </trkpt>
      <trkpt lat="49.161701" lon="9.603921">
        <ele>463.320278</ele>
        <time>2025-04-15T23:36:42.569Z</time>
      </trkpt>
      <trkpt lat="49.161651" lon="9.603645">
        <ele>463.101262</ele>
        <time>2025-04-15T23:36:47.655Z</time>
      </trkpt>
      <trkpt lat="49.161619" lon="9.601987">
        <ele>462.026023</ele>
        <time>2025-04-15T23:37:18.424Z</time>
      </trkpt>
      <trkpt lat="49.161663" lon="9.600886">
        <ele>462.516190</ele>
        <time>2025-04-15T23:37:40.895Z</time>
      </trkpt>
      <trkpt lat="49.161888" lon="9.598253">
        <ele>464.114109</ele>
        <time>2025-04-15T23:38:40.745Z</time>
      </trkpt>
      <trkpt lat="49.162317" lon="9.596335">
        <ele>465.411907</ele>
        <time>2025-04-15T23:39:27.455Z</time>
      </trkpt>
      <trkpt lat="49.162778" lon="9.594772">
        <ele>465.519777</ele>
        <time>2025-04-15T23:40:01.292Z</time>
      </trkpt>
      <trkpt lat="49.163047" lon="9.593864">
        <ele>465.125222</ele>
        <time>2025-04-15T23:40:19.315Z</time>
      </trkpt>
      <trkpt lat="49.163223" lon="9.588158">
        <ele>458.075411</ele>
        <time>2025-04-15T23:41:57.226Z</time>
      </trkpt>
      <trkpt lat="49.163281" lon="9.587628">
        <ele>457.122499</ele>
        <time>2025-04-15T23:42:05.971Z</time>
      </trkpt>
      <trkpt lat="49.163210" lon="9.587175">
        <ele>456.296448</ele>
        <time>2025-04-15T23:42:13.418Z</time>
      </trkpt>
      <trkpt lat="49.163101" lon="9.586759">
        <ele>455.501742</ele>
        <time>2025-04-15T23:42:20.568Z</time>
      </trkpt>
      <trkpt lat="49.162621" lon="9.585785">
        <ele>454.001304</ele>
        <time>2025-04-15T23:42:40.263Z</time>
      </trkpt>
      <trkpt lat="49.161718" lon="9.584516">
        <ele>452.990050</ele>
        <time>2025-04-15T23:43:17.370Z</time>
      </trkpt>
      <trkpt lat="49.161223" lon="9.584626">
        <ele>451.744830</ele>
        <time>2025-04-15T23:43:31.955Z</time>
      </trkpt>
      <trkpt lat="49.161107" lon="9.584016">
        <ele>450.161824</ele>
        <time>2025-04-15T23:43:42.841Z</time>
      </trkpt>
      <trkpt lat="49.161397" lon="9.583447">
        <ele>448.364177</ele>
        <time>2025-04-15T23:43:49.174Z</time>
      </trkpt>
      <trkpt lat="49.161505" lon="9.581959">
        <ele>443.681955</ele>
        <time>2025-04-15T23:44:00.835Z</time>
      </trkpt>
      <trkpt lat="49.161357" lon="9.578289">
        <ele>426.875009</ele>
        <time>2025-04-15T23:44:30.158Z</time>
      </trkpt>
      <trkpt lat="49.161337" lon="9.577082">
        <ele>420.835372</ele>
        <time>2025-04-15T23:44:39.396Z</time>
      </trkpt>
      <trkpt lat="49.161357" lon="9.573915">
        <ele>398.258657</ele>
        <time>2025-04-15T23:45:02.564Z</time>
      </trkpt>
      <trkpt lat="49.161306" lon="9.573392">
        <ele>394.201523</ele>
        <time>2025-04-15T23:45:06.370Z</time>
      </trkpt>
      <trkpt lat="49.161343" lon="9.573130">
        <ele>392.144962</ele>
        <time>2025-04-15T23:45:08.295Z</time>
      </trkpt>
      <trkpt lat="49.161436" lon="9.573104">
        <ele>391.035706</ele>
        <time>2025-04-15T23:45:09.330Z</time>
      </trkpt>
      <trkpt lat="49.161580" lon="9.573272">
        <ele>388.910596</ele>
        <time>2025-04-15T23:45:11.330Z</time>
      </trkpt>
      <trkpt lat="49.161831" lon="9.573883">
        <ele>383.374395</ele>
        <time>2025-04-15T23:45:16.514Z</time>
      </trkpt>
      <trkpt lat="49.162372" lon="9.574846">
        <ele>375.453058</ele>
        <time>2025-04-15T23:45:25.906Z</time>
      </trkpt>
      <trkpt lat="49.162442" lon="9.574971">
        <ele>374.570013</ele>
        <time>2025-04-15T23:45:27.164Z</time>
      </trkpt>
      <trkpt lat="49.162702" lon="9.575480">
        <ele>371.104392</ele>
        <time>2025-04-15T23:45:32.149Z</time>
      </trkpt>
      <trkpt lat="49.162778" lon="9.575699">
        <ele>369.774089</ele>
        <time>2025-04-15T23:45:34.076Z</time>
      </trkpt>
      <trkpt lat="49.162861" lon="9.576197">
        <ele>367.016571</ele>
        <time>2025-04-15T23:45:38.134Z</time>
      </trkpt>
      <trkpt lat="49.162914" lon="9.576279">
        <ele>366.397933</ele>
        <time>2025-04-15T23:45:39.065Z</time>
      </trkpt>
      <trkpt lat="49.162973" lon="9.576286">
        <ele>365.912356</ele>
        <time>2025-04-15T23:45:39.769Z</time>
      </trkpt>
      <trkpt lat="49.163031" lon="9.576243">
        <ele>365.383462</ele>
        <time>2025-04-15T23:45:40.573Z</time>
      </trkpt>
      <trkpt lat="49.163067" lon="9.576138">
        <ele>364.747378</ele>
        <time>2025-04-15T23:45:41.527Z</time>
      </trkpt>
      <trkpt lat="49.163073" lon="9.576039">
        <ele>364.214055</ele>
        <time>2025-04-15T23:45:42.333Z</time>
      </trkpt>
      <trkpt lat="49.162986" lon="9.575307">
        <ele>360.223196</ele>
        <time>2025-04-15T23:45:48.327Z</time>
      </trkpt>
      <trkpt lat="49.162866" lon="9.574640">
        <ele>356.512381</ele>
        <time>2025-04-15T23:45:53.621Z</time>
      </trkpt>
      <trkpt lat="49.162852" lon="9.574317">
        <ele>354.775966</ele>
        <time>2025-04-15T23:45:56.062Z</time>
      </trkpt>
      <trkpt lat="49.162874" lon="9.573946">
        <ele>352.777708</ele>
        <time>2025-04-15T23:45:58.847Z</time>
      </trkpt>
      <trkpt lat="49.162988" lon="9.573085">
        <ele>347.525444</ele>
        <time>2025-04-15T23:46:05.364Z</time>
      </trkpt>
      <trkpt lat="49.163047" lon="9.572850">
        <ele>345.829005</ele>
        <time>2025-04-15T23:46:07.219Z</time>
      </trkpt>
      <trkpt lat="49.163127" lon="9.572673">
        <ele>344.378953</ele>
        <time>2025-04-15T23:46:08.795Z</time>
      </trkpt>
      <trkpt lat="49.163239" lon="9.572528">
        <ele>342.866585</ele>
        <time>2025-04-15T23:46:10.434Z</time>
      </trkpt>
      <trkpt lat="49.164099" lon="9.571821">
        <ele>332.803885</ele>
        <time>2025-04-15T23:46:21.442Z</time>
      </trkpt>
      <trkpt lat="49.164248" lon="9.571632">
        <ele>330.843842</ele>
        <time>2025-04-15T23:46:23.654Z</time>
      </trkpt>
      <trkpt lat="49.164369" lon="9.571407">
        <ele>328.963877</ele>
        <time>2025-04-15T23:46:25.836Z</time>
      </trkpt>
      <trkpt lat="49.164483" lon="9.571077">
        <ele>326.555376</ele>
        <time>2025-04-15T23:46:28.627Z</time>
      </trkpt>
      <trkpt lat="49.164869" lon="9.569309">
        <ele>314.526898</ele>
        <time>2025-04-15T23:46:42.505Z</time>
      </trkpt>
      <trkpt lat="49.164964" lon="9.569036">
        <ele>312.489364</ele>
        <time>2025-04-15T23:46:44.792Z</time>
      </trkpt>
      <trkpt lat="49.165074" lon="9.568850">
        <ele>310.820885</ele>
        <time>2025-04-15T23:46:46.653Z</time>
      </trkpt>
      <trkpt lat="49.167083" lon="9.566882">
        <ele>286.661940</ele>
        <time>2025-04-15T23:47:13.659Z</time>
      </trkpt>
      <trkpt lat="49.167181" lon="9.566787">
        <ele>285.496452</ele>
        <time>2025-04-15T23:47:14.960Z</time>
      </trkpt>
      <trkpt lat="49.167419" lon="9.566563">
        <ele>282.689345</ele>
        <time>2025-04-15T23:47:18.106Z</time>
      </trkpt>
      <trkpt lat="49.168610" lon="9.565392">
        <ele>270.935948</ele>
        <time>2025-04-15T23:47:34.323Z</time>
      </trkpt>
      <trkpt lat="49.168856" lon="9.565199">
        <ele>268.916416</ele>
        <time>2025-04-15T23:47:37.673Z</time>
      </trkpt>
      <trkpt lat="49.168985" lon="9.565133">
        <ele>267.922811</ele>
        <time>2025-04-15T23:47:39.349Z</time>
      </trkpt>
      <trkpt lat="49.169902" lon="9.564823">
        <ele>263.058700</ele>
        <time>2025-04-15T23:47:51.538Z</time>
      </trkpt>
      <trkpt lat="49.170817" lon="9.564362">
        <ele>260.257383</ele>
        <time>2025-04-15T23:48:05.231Z</time>
      </trkpt>
      <trkpt lat="49.171210" lon="9.564158">
        <ele>259.096083</ele>
        <time>2025-04-15T23:48:11.303Z</time>
      </trkpt>
      <trkpt lat="49.171546" lon="9.563933">
        <ele>258.525196</ele>
        <time>2025-04-15T23:48:16.808Z</time>
      </trkpt>
      <trkpt lat="49.172558" lon="9.563030">
        <ele>256.701650</ele>
        <time>2025-04-15T23:48:34.856Z</time>
      </trkpt>
      <trkpt lat="49.172567" lon="9.563022">
        <ele>256.685448</ele>
        <time>2025-04-15T23:48:35.018Z</time>
      </trkpt>
      <trkpt lat="49.173502" lon="9.562260">
        <ele>255.428239</ele>
        <time>2025-04-15T23:48:51.064Z</time>
      </trkpt>
      <trkpt lat="49.173631" lon="9.562140">
        <ele>255.263381</ele>
        <time>2025-04-15T23:48:53.368Z</time>
      </trkpt>
      <trkpt lat="49.173752" lon="9.561992">
        <ele>255.094214</ele>
        <time>2025-04-15T23:48:55.743Z</time>
      </trkpt>
      <trkpt lat="49.173888" lon="9.561759">
        <ele>254.871243</ele>
        <time>2025-04-15T23:48:58.936Z</time>
      </trkpt>
      <trkpt lat="49.174103" lon="9.561274">
        <ele>254.452943</ele>
        <time>2025-04-15T23:49:05.335Z</time>
      </trkpt>
      <trkpt lat="49.174456" lon="9.560702">
        <ele>254.604178</ele>
        <time>2025-04-15T23:49:14.709Z</time>
      </trkpt>
      <trkpt lat="49.174569" lon="9.560494">
        <ele>254.689863</ele>
        <time>2025-04-15T23:49:18.308Z</time>
      </trkpt>
      <trkpt lat="49.174614" lon="9.560396">
        <ele>254.727806</ele>
        <time>2025-04-15T23:49:19.982Z</time>
      </trkpt>
      <trkpt lat="49.174729" lon="9.560140">
        <ele>254.826217</ele>
        <time>2025-04-15T23:49:24.228Z</time>
      </trkpt>
      <trkpt lat="49.174892" lon="9.559779">
        <ele>254.965219</ele>
        <time>2025-04-15T23:49:30.453Z</time>
      </trkpt>
      <trkpt lat="49.175038" lon="9.559459">
        <ele>255.088852</ele>
        <time>2025-04-15T23:49:36.107Z</time>
      </trkpt>
      <trkpt lat="49.175148" lon="9.559121">
        <ele>255.208475</ele>
        <time>2025-04-15T23:49:41.333Z</time>
      </trkpt>
      <trkpt lat="49.175204" lon="9.558783">
        <ele>255.245014</ele>
        <time>2025-04-15T23:49:45.963Z</time>
      </trkpt>
      <trkpt lat="49.175234" lon="9.558528">
        <ele>255.229517</ele>
        <time>2025-04-15T23:49:49.122Z</time>
      </trkpt>
      <trkpt lat="49.175272" lon="9.558086">
        <ele>255.202852</ele>
        <time>2025-04-15T23:49:54.286Z</time>
      </trkpt>
      <trkpt lat="49.175275" lon="9.557464">
        <ele>255.165648</ele>
        <time>2025-04-15T23:50:01.184Z</time>
      </trkpt>
      <trkpt lat="49.175324" lon="9.557012">
        <ele>255.138244</ele>
        <time>2025-04-15T23:50:06.169Z</time>
      </trkpt>
      <trkpt lat="49.175458" lon="9.556398">
        <ele>255.099527</ele>
        <time>2025-04-15T23:50:13.241Z</time>
      </trkpt>
      <trkpt lat="49.175539" lon="9.556081">
        <ele>254.971440</ele>
        <time>2025-04-15T23:50:17.081Z</time>
      </trkpt>
      <trkpt lat="49.175587" lon="9.555985">
        <ele>254.904423</ele>
        <time>2025-04-15T23:50:18.539Z</time>
      </trkpt>
      <trkpt lat="49.175646" lon="9.555936">
        <ele>254.847479</ele>
        <time>2025-04-15T23:50:19.801Z</time>
      </trkpt>
      <trkpt lat="49.175642" lon="9.555642">
        <ele>254.684419</ele>
        <time>2025-04-15T23:50:23.685Z</time>
      </trkpt>
      <trkpt lat="49.175753" lon="9.555547">
        <ele>254.576534</ele>
        <time>2025-04-15T23:50:25.990Z</time>
      </trkpt>
      <trkpt lat="49.175958" lon="9.555022">
        <ele>254.237444</ele>
        <time>2025-04-15T23:50:32.746Z</time>
      </trkpt>
      <trkpt lat="49.176004" lon="9.554215">
        <ele>253.788264</ele>
        <time>2025-04-15T23:50:41.502Z</time>
      </trkpt>
      <trkpt lat="49.176005" lon="9.554194">
        <ele>253.776588</ele>
        <time>2025-04-15T23:50:41.732Z</time>
      </trkpt>
      <trkpt lat="49.176079" lon="9.553933">
        <ele>253.618839</ele>
        <time>2025-04-15T23:50:44.673Z</time>
      </trkpt>
      <trkpt lat="49.176111" lon="9.553766">
        <ele>253.447226</ele>
        <time>2025-04-15T23:50:46.501Z</time>
      </trkpt>
      <trkpt lat="49.176169" lon="9.553465">
        <ele>252.977800</ele>
        <time>2025-04-15T23:50:49.642Z</time>
      </trkpt>
      <trkpt lat="49.176176" lon="9.553131">
        <ele>252.477905</ele>
        <time>2025-04-15T23:50:52.928Z</time>
      </trkpt>
      <trkpt lat="49.176148" lon="9.552962">
        <ele>252.217101</ele>
        <time>2025-04-15T23:50:54.598Z</time>
      </trkpt>
      <trkpt lat="49.175857" lon="9.551183">
        <ele>249.473800</ele>
        <time>2025-04-15T23:51:12.309Z</time>
      </trkpt>
      <trkpt lat="49.175687" lon="9.550140">
        <ele>248.415090</ele>
        <time>2025-04-15T23:51:23.225Z</time>
      </trkpt>
      <trkpt lat="49.175403" lon="9.548420">
        <ele>246.735641</ele>
        <time>2025-04-15T23:51:41.353Z</time>
      </trkpt>
      <trkpt lat="49.175307" lon="9.548053">
        <ele>246.611856</ele>
        <time>2025-04-15T23:51:45.522Z</time>
      </trkpt>
      <trkpt lat="49.175083" lon="9.547499">
        <ele>246.407868</ele>
        <time>2025-04-15T23:51:52.553Z</time>
      </trkpt>
      <trkpt lat="49.173579" lon="9.544163">
        <ele>245.427398</ele>
        <time>2025-04-15T23:52:38.527Z</time>
      </trkpt>
      <trkpt lat="49.173399" lon="9.543756">
        <ele>245.255721</ele>
        <time>2025-04-15T23:52:43.815Z</time>
      </trkpt>
      <trkpt lat="49.173319" lon="9.543515">
        <ele>245.082236</ele>
        <time>2025-04-15T23:52:46.679Z</time>
      </trkpt>
      <trkpt lat="49.173200" lon="9.542291">
        <ele>244.287966</ele>
        <time>2025-04-15T23:52:59.472Z</time>
      </trkpt>
      <trkpt lat="49.173229" lon="9.541139">
        <ele>243.548375</ele>
        <time>2025-04-15T23:53:11.226Z</time>
      </trkpt>
      <trkpt lat="49.173297" lon="9.540593">
        <ele>243.194241</ele>
        <time>2025-04-15T23:53:16.979Z</time>
      </trkpt>
      <trkpt lat="49.173355" lon="9.540388">
        <ele>243.051921</ele>
        <time>2025-04-15T23:53:19.291Z</time>
      </trkpt>
      <trkpt lat="49.174762" lon="9.537092">
        <ele>240.642450</ele>
        <time>2025-04-15T23:54:00.536Z</time>
      </trkpt>
      <trkpt lat="49.174865" lon="9.536802">
        <ele>240.448088</ele>
        <time>2025-04-15T23:54:04.024Z</time>
      </trkpt>
      <trkpt lat="49.174949" lon="9.536320">
        <ele>240.175633</ele>
        <time>2025-04-15T23:54:09.297Z</time>
      </trkpt>
      <trkpt lat="49.174957" lon="9.536041">
        <ele>240.060092</ele>
        <time>2025-04-15T23:54:12.268Z</time>
      </trkpt>
      <trkpt lat="49.174962" lon="9.534091">
        <ele>239.253318</ele>
        <time>2025-04-15T23:54:33.196Z</time>
      </trkpt>
      <trkpt lat="49.174955" lon="9.533362">
        <ele>239.066558</ele>
        <time>2025-04-15T23:54:41.315Z</time>
      </trkpt>
      <trkpt lat="49.174936" lon="9.533199">
        <ele>239.055914</ele>
        <time>2025-04-15T23:54:43.186Z</time>
      </trkpt>
      <trkpt lat="49.175037" lon="9.533036">
        <ele>239.041476</ele>
        <time>2025-04-15T23:54:45.837Z</time>
      </trkpt>
      <trkpt lat="49.175740" lon="9.532197">
        <ele>238.953790</ele>
        <time>2025-04-15T23:55:02.030Z</time>
      </trkpt>
      <trkpt lat="49.175865" lon="9.532044">
        <ele>238.938047</ele>
        <time>2025-04-15T23:55:04.976Z</time>
      </trkpt>
      <trkpt lat="49.176021" lon="9.531925">
        <ele>238.920904</ele>
        <time>2025-04-15T23:55:08.291Z</time>
      </trkpt>
      <trkpt lat="49.176324" lon="9.531876">
        <ele>239.181221</ele>
        <time>2025-04-15T23:55:14.305Z</time>
      </trkpt>
      <trkpt lat="49.176608" lon="9.531649">
        <ele>239.609945</ele>
        <time>2025-04-15T23:55:20.866Z</time>
      </trkpt>
      <trkpt lat="49.176867" lon="9.531420">
        <ele>240.010196</ele>
        <time>2025-04-15T23:55:27.132Z</time>
      </trkpt>
      <trkpt lat="49.176935" lon="9.531323">
        <ele>240.134596</ele>
        <time>2025-04-15T23:55:29.086Z</time>
      </trkpt>
      <trkpt lat="49.177066" lon="9.530908">
        <ele>240.537677</ele>
        <time>2025-04-15T23:55:35.760Z</time>
      </trkpt>
      <trkpt lat="49.177139" lon="9.530102">
        <ele>241.249377</ele>
        <time>2025-04-15T23:55:50.402Z</time>
      </trkpt>
      <trkpt lat="49.177330" lon="9.530034">
        <ele>242.129171</ele>
        <time>2025-04-15T23:55:56.384Z</time>
      </trkpt>
      <trkpt lat="49.177606" lon="9.529967">
        <ele>243.690271</ele>
        <time>2025-04-15T23:56:05.963Z</time>
      </trkpt>
      <trkpt lat="49.177629" lon="9.529769">
        <ele>244.424660</ele>
        <time>2025-04-15T23:56:10.825Z</time>
      </trkpt>
      <trkpt lat="49.177756" lon="9.529340">
        <ele>246.144445</ele>
        <time>2025-04-15T23:56:23.060Z</time>
      </trkpt>
      <trkpt lat="49.177796" lon="9.529124">
        <ele>246.964276</ele>
        <time>2025-04-15T23:56:29.201Z</time>
      </trkpt>
      <trkpt lat="49.177804" lon="9.528898">
        <ele>247.790796</ele>
        <time>2025-04-15T23:56:35.619Z</time>
      </trkpt>
      <trkpt lat="49.177835" lon="9.528745">
        <ele>248.375745</ele>
        <time>2025-04-15T23:56:40.329Z</time>
      </trkpt>
      <trkpt lat="49.178077" lon="9.527975">
        <ele>251.511242</ele>
        <time>2025-04-15T23:57:06.853Z</time>
      </trkpt>
      <trkpt lat="49.178123" lon="9.527686">
        <ele>252.726367</ele>
        <time>2025-04-15T23:57:16.179Z</time>
      </trkpt>
      <trkpt lat="49.178131" lon="9.527363">
        <ele>254.046841</ele>
        <time>2025-04-15T23:57:26.270Z</time>
      </trkpt>
      <trkpt lat="49.178084" lon="9.526303">
        <ele>258.387132</ele>
        <time>2025-04-15T23:57:57.795Z</time>
      </trkpt>
      <trkpt lat="49.178144" lon="9.525498">
        <ele>261.697047</ele>
        <time>2025-04-15T23:58:18.490Z</time>
      </trkpt>
      <trkpt lat="49.178141" lon="9.525161">
        <ele>262.908441</ele>
        <time>2025-04-15T23:58:26.565Z</time>
      </trkpt>
      <trkpt lat="49.177921" lon="9.524007">
        <ele>266.085453</ele>
        <time>2025-04-15T23:58:53.529Z</time>
      </trkpt>
      <trkpt lat="49.177775" lon="9.522578">
        <ele>269.900590</ele>
        <time>2025-04-15T23:59:24.179Z</time>
      </trkpt>
      <trkpt lat="49.177737" lon="9.522067">
        <ele>270.930392</ele>
        <time>2025-04-15T23:59:35.447Z</time>
      </trkpt>
      <trkpt lat="49.177703" lon="9.521021">
        <ele>273.027442</ele>
        <time>2025-04-15T23:59:57.000Z</time>
      </trkpt>
      <trkpt lat="49.177685" lon="9.520638">
        <ele>273.796323</ele>
        <time>2025-04-16T00:00:04.390Z</time>
      </trkpt>
      <trkpt lat="49.177653" lon="9.520060">
        <ele>274.957828</ele>
        <time>2025-04-16T00:00:15.025Z</time>
      </trkpt>
      <trkpt lat="49.177653" lon="9.519505">
        <ele>275.406264</ele>
        <time>2025-04-16T00:00:24.639Z</time>
      </trkpt>
      <trkpt lat="49.177709" lon="9.518088">
        <ele>275.488693</ele>
        <time>2025-04-16T00:00:45.191Z</time>
      </trkpt>
      <trkpt lat="49.177734" lon="9.517879">
        <ele>275.501030</ele>
        <time>2025-04-16T00:00:47.567Z</time>
      </trkpt>
      <trkpt lat="49.178110" lon="9.517947">
        <ele>275.534661</ele>
        <time>2025-04-16T00:00:53.461Z</time>
      </trkpt>
      <trkpt lat="49.178203" lon="9.517453">
        <ele>274.299954</ele>
        <time>2025-04-16T00:00:58.223Z</time>
      </trkpt>
      <trkpt lat="49.178441" lon="9.515999">
        <ele>268.366493</ele>
        <time>2025-04-16T00:01:10.438Z</time>
      </trkpt>
      <trkpt lat="49.178731" lon="9.514712">
        <ele>262.345741</ele>
        <time>2025-04-16T00:01:20.710Z</time>
      </trkpt>
      <trkpt lat="49.178775" lon="9.514235">
        <ele>259.720137</ele>
        <time>2025-04-16T00:01:24.334Z</time>
      </trkpt>
      <trkpt lat="49.178794" lon="9.513741">
        <ele>257.022978</ele>
        <time>2025-04-16T00:01:28.072Z</time>
      </trkpt>
      <trkpt lat="49.178778" lon="9.512590">
        <ele>250.748137</ele>
        <time>2025-04-16T00:01:36.837Z</time>
      </trkpt>
      <trkpt lat="49.178769" lon="9.511773">
        <ele>247.527194</ele>
        <time>2025-04-16T00:01:43.299Z</time>
      </trkpt>
      <trkpt lat="49.178722" lon="9.511133">
        <ele>245.303540</ele>
        <time>2025-04-16T00:01:48.516Z</time>
      </trkpt>
      <trkpt lat="49.178701" lon="9.510972">
        <ele>244.736691</ele>
        <time>2025-04-16T00:01:49.857Z</time>
      </trkpt>
      <trkpt lat="49.178582" lon="9.510077">
        <ele>241.583209</ele>
        <time>2025-04-16T00:01:57.526Z</time>
      </trkpt>
      <trkpt lat="49.178516" lon="9.509654">
        <ele>240.132321</ele>
        <time>2025-04-16T00:02:01.340Z</time>
      </trkpt>
      <trkpt lat="49.178423" lon="9.509395">
        <ele>239.792687</ele>
        <time>2025-04-16T00:02:04.005Z</time>
      </trkpt>
      <trkpt lat="49.178361" lon="9.509297">
        <ele>239.635939</ele>
        <time>2025-04-16T00:02:05.254Z</time>
      </trkpt>
      <trkpt lat="49.178161" lon="9.509038">
        <ele>239.175214</ele>
        <time>2025-04-16T00:02:09.026Z</time>
      </trkpt>
      <trkpt lat="49.178154" lon="9.508893">
        <ele>239.008103</ele>
        <time>2025-04-16T00:02:10.418Z</time>
      </trkpt>
      <trkpt lat="49.178283" lon="9.508265">
        <ele>238.251510</ele>
        <time>2025-04-16T00:02:16.891Z</time>
      </trkpt>
      <trkpt lat="49.178331" lon="9.507841">
        <ele>237.756929</ele>
        <time>2025-04-16T00:02:21.262Z</time>
      </trkpt>
      <trkpt lat="49.178373" lon="9.507550">
        <ele>237.414412</ele>
        <time>2025-04-16T00:02:24.375Z</time>
      </trkpt>
      <trkpt lat="49.178382" lon="9.507373">
        <ele>237.210362</ele>
        <time>2025-04-16T00:02:26.270Z</time>
      </trkpt>
      <trkpt lat="49.178317" lon="9.506840">
        <ele>237.253969</ele>
        <time>2025-04-16T00:02:32.294Z</time>
      </trkpt>
      <trkpt lat="49.178502" lon="9.506040">
        <ele>237.872533</ele>
        <time>2025-04-16T00:02:43.443Z</time>
      </trkpt>
      <trkpt lat="49.178551" lon="9.505959">
        <ele>237.952979</ele>
        <time>2025-04-16T00:02:44.992Z</time>
      </trkpt>
      <trkpt lat="49.178494" lon="9.505709">
        <ele>238.145979</ele>
        <time>2025-04-16T00:02:48.870Z</time>
      </trkpt>
      <trkpt lat="49.178472" lon="9.505503">
        <ele>238.298131</ele>
        <time>2025-04-16T00:02:52.058Z</time>
      </trkpt>
      <trkpt lat="49.178404" lon="9.504996">
        <ele>238.675401</ele>
        <time>2025-04-16T00:03:00.736Z</time>
      </trkpt>
      <trkpt lat="49.178229" lon="9.504722">
        <ele>238.954635</ele>
        <time>2025-04-16T00:03:07.689Z</time>
      </trkpt>
      <trkpt lat="49.177749" lon="9.504385">
        <ele>239.967899</ele>
        <time>2025-04-16T00:03:23.186Z</time>
      </trkpt>
      <trkpt lat="49.177398" lon="9.504083">
        <ele>240.768070</ele>
        <time>2025-04-16T00:03:34.625Z</time>
      </trkpt>
      <trkpt lat="49.177077" lon="9.503911">
        <ele>241.443881</ele>
        <time>2025-04-16T00:03:43.042Z</time>
      </trkpt>
      <trkpt lat="49.177009" lon="9.503892">
        <ele>241.581230</ele>
        <time>2025-04-16T00:03:44.726Z</time>
      </trkpt>
      <trkpt lat="49.176656" lon="9.503988">
        <ele>242.293625</ele>
        <time>2025-04-16T00:03:52.995Z</time>
      </trkpt>
      <trkpt lat="49.176436" lon="9.504036">
        <ele>242.647428</ele>
        <time>2025-04-16T00:03:58.017Z</time>
      </trkpt>
      <trkpt lat="49.176267" lon="9.504252">
        <ele>242.845777</ele>
        <time>2025-04-16T00:04:02.737Z</time>
      </trkpt>
      <trkpt lat="49.175878" lon="9.503728">
        <ele>243.312614</ele>
        <time>2025-04-16T00:04:13.477Z</time>
      </trkpt>
      <trkpt lat="49.175844" lon="9.503641">
        <ele>243.372294</ele>
        <time>2025-04-16T00:04:14.771Z</time>
      </trkpt>
      <trkpt lat="49.175694" lon="9.503280">
        <ele>243.624149</ele>
        <time>2025-04-16T00:04:20.328Z</time>
      </trkpt>
      <trkpt lat="49.175617" lon="9.503193">
        <ele>243.710367</ele>
        <time>2025-04-16T00:04:22.241Z</time>
      </trkpt>
      <trkpt lat="49.175441" lon="9.503071">
        <ele>243.884399</ele>
        <time>2025-04-16T00:04:26.471Z</time>
      </trkpt>
      <trkpt lat="49.175115" lon="9.502712">
        <ele>244.271310</ele>
        <time>2025-04-16T00:04:35.492Z</time>
      </trkpt>
      <trkpt lat="49.174482" lon="9.501558">
        <ele>245.590505</ele>
        <time>2025-04-16T00:04:56.705Z</time>
      </trkpt>
      <trkpt lat="49.173981" lon="9.500243">
        <ele>247.389980</ele>
        <time>2025-04-16T00:05:20.767Z</time>
      </trkpt>
      <trkpt lat="49.174295" lon="9.498749">
        <ele>250.771948</ele>
        <time>2025-04-16T00:05:51.848Z</time>
      </trkpt>
      <trkpt lat="49.174389" lon="9.498373">
        <ele>251.639478</ele>
        <time>2025-04-16T00:06:01.037Z</time>
      </trkpt>
      <trkpt lat="49.174783" lon="9.496552">
        <ele>257.209892</ele>
        <time>2025-04-16T00:06:47.657Z</time>
      </trkpt>
      <trkpt lat="49.175221" lon="9.494625">
        <ele>263.239281</ele>
        <time>2025-04-16T00:07:37.258Z</time>
      </trkpt>
      <trkpt lat="49.175465" lon="9.493530">
        <ele>266.375395</ele>
        <time>2025-04-16T00:08:03.469Z</time>
      </trkpt>
      <trkpt lat="49.175669" lon="9.491671">
        <ele>270.548090</ele>
        <time>2025-04-16T00:08:42.150Z</time>
      </trkpt>
      <trkpt lat="49.174565" lon="9.492109">
        <ele>273.457673</ele>
        <time>2025-04-16T00:09:15.440Z</time>
      </trkpt>
      <trkpt lat="49.174450" lon="9.492130">
        <ele>273.064999</ele>
        <time>2025-04-16T00:09:18.279Z</time>
      </trkpt>
      <trkpt lat="49.174224" lon="9.492083">
        <ele>272.291701</ele>
        <time>2025-04-16T00:09:23.146Z</time>
      </trkpt>
      <trkpt lat="49.174096" lon="9.492006">
        <ele>271.825364</ele>
        <time>2025-04-16T00:09:25.465Z</time>
      </trkpt>
      <trkpt lat="49.173813" lon="9.491756">
        <ele>270.717336</ele>
        <time>2025-04-16T00:09:30.261Z</time>
      </trkpt>
      <trkpt lat="49.173947" lon="9.491648">
        <ele>270.203801</ele>
        <time>2025-04-16T00:09:32.271Z</time>
      </trkpt>
      <trkpt lat="49.174216" lon="9.491583">
        <ele>269.280452</ele>
        <time>2025-04-16T00:09:35.694Z</time>
      </trkpt>
      <trkpt lat="49.174396" lon="9.491476">
        <ele>268.625701</ele>
        <time>2025-04-16T00:09:38.024Z</time>
      </trkpt>
      <trkpt lat="49.175162" lon="9.490061">
        <ele>262.401756</ele>
        <time>2025-04-16T00:09:51.925Z</time>
      </trkpt>
      <trkpt lat="49.175306" lon="9.490009">
        <ele>261.537247</ele>
        <time>2025-04-16T00:09:53.707Z</time>
      </trkpt>
      <trkpt lat="49.176621" lon="9.489214">
        <ele>255.101583</ele>
        <time>2025-04-16T00:10:13.647Z</time>
      </trkpt>
      <trkpt lat="49.176947" lon="9.489068">
        <ele>254.084963</ele>
        <time>2025-04-16T00:10:18.772Z</time>
      </trkpt>
      <trkpt lat="49.177865" lon="9.488834">
        <ele>251.316030</ele>
        <time>2025-04-16T00:10:31.259Z</time>
      </trkpt>
      <trkpt lat="49.178111" lon="9.488641">
        <ele>250.528875</ele>
        <time>2025-04-16T00:10:34.771Z</time>
      </trkpt>
      <trkpt lat="49.178010" lon="9.488278">
        <ele>249.794592</ele>
        <time>2025-04-16T00:10:38.094Z</time>
      </trkpt>
      <trkpt lat="49.177995" lon="9.488116">
        <ele>249.490062</ele>
        <time>2025-04-16T00:10:39.496Z</time>
      </trkpt>
      <trkpt lat="49.178020" lon="9.487510">
        <ele>248.359905</ele>
        <time>2025-04-16T00:10:44.842Z</time>
      </trkpt>
      <trkpt lat="49.177983" lon="9.487111">
        <ele>247.609834</ele>
        <time>2025-04-16T00:10:48.518Z</time>
      </trkpt>
      <trkpt lat="49.177967" lon="9.486962">
        <ele>247.328792</ele>
        <time>2025-04-16T00:10:49.929Z</time>
      </trkpt>
      <trkpt lat="49.177706" lon="9.484886">
        <ele>247.386593</ele>
        <time>2025-04-16T00:11:16.647Z</time>
      </trkpt>
      <trkpt lat="49.177724" lon="9.484720">
        <ele>247.474054</ele>
        <time>2025-04-16T00:11:19.361Z</time>
      </trkpt>
      <trkpt lat="49.177740" lon="9.484075">
        <ele>247.809549</ele>
        <time>2025-04-16T00:11:29.781Z</time>
      </trkpt>
      <trkpt lat="49.177709" lon="9.483260">
        <ele>248.853892</ele>
        <time>2025-04-16T00:11:43.616Z</time>
      </trkpt>
      <trkpt lat="49.177746" lon="9.482980">
        <ele>249.321200</ele>
        <time>2025-04-16T00:11:48.662Z</time>
      </trkpt>
      <trkpt lat="49.177840" lon="9.482661">
        <ele>249.893608</ele>
        <time>2025-04-16T00:11:55.060Z</time>
      </trkpt>
      <trkpt lat="49.177827" lon="9.482369">
        <ele>250.372388</ele>
        <time>2025-04-16T00:12:00.594Z</time>
      </trkpt>
      <trkpt lat="49.177730" lon="9.481829">
        <ele>251.288500</ele>
        <time>2025-04-16T00:12:11.227Z</time>
      </trkpt>
      <trkpt lat="49.177731" lon="9.481406">
        <ele>251.980478</ele>
        <time>2025-04-16T00:12:19.334Z</time>
      </trkpt>
      <trkpt lat="49.177576" lon="9.481307">
        <ele>252.400806</ele>
        <time>2025-04-16T00:12:24.217Z</time>
      </trkpt>
      <trkpt lat="49.177446" lon="9.481166">
        <ele>252.776247</ele>
        <time>2025-04-16T00:12:28.785Z</time>
      </trkpt>
      <trkpt lat="49.177489" lon="9.480956">
        <ele>253.112462</ele>
        <time>2025-04-16T00:12:32.881Z</time>
      </trkpt>
      <trkpt lat="49.177451" lon="9.480812">
        <ele>253.349719</ele>
        <time>2025-04-16T00:12:35.785Z</time>
      </trkpt>
      <trkpt lat="49.177185" lon="9.480128">
        <ele>254.565691</ele>
        <time>2025-04-16T00:12:50.673Z</time>
      </trkpt>
      <trkpt lat="49.177003" lon="9.479784">
        <ele>255.241827</ele>
        <time>2025-04-16T00:12:58.712Z</time>
      </trkpt>
      <trkpt lat="49.176150" lon="9.478173">
        <ele>258.030546</ele>
        <time>2025-04-16T00:13:32.018Z</time>
      </trkpt>
      <trkpt lat="49.176016" lon="9.477535">
        <ele>258.834018</ele>
        <time>2025-04-16T00:13:42.328Z</time>
      </trkpt>
      <trkpt lat="49.175882" lon="9.476897">
        <ele>259.637493</ele>
        <time>2025-04-16T00:13:53.184Z</time>
      </trkpt>
      <trkpt lat="49.175773" lon="9.476328">
        <ele>260.743365</ele>
        <time>2025-04-16T00:14:03.340Z</time>
      </trkpt>
      <trkpt lat="49.175396" lon="9.475136">
        <ele>263.899512</ele>
        <time>2025-04-16T00:14:30.719Z</time>
      </trkpt>
      <trkpt lat="49.175336" lon="9.474839">
        <ele>264.640442</ele>
        <time>2025-04-16T00:14:38.016Z</time>
      </trkpt>
      <trkpt lat="49.175228" lon="9.474053">
        <ele>266.563560</ele>
        <time>2025-04-16T00:14:57.501Z</time>
      </trkpt>
      <trkpt lat="49.174855" lon="9.471128">
        <ele>274.405872</ele>
        <time>2025-04-16T00:16:07.562Z</time>
      </trkpt>
      <trkpt lat="49.175522" lon="9.470911">
        <ele>275.070691</ele>
        <time>2025-04-16T00:16:24.127Z</time>
      </trkpt>
      <trkpt lat="49.175454" lon="9.470510">
        <ele>275.334727</ele>
        <time>2025-04-16T00:16:29.143Z</time>
      </trkpt>
      <trkpt lat="49.175233" lon="9.469784">
        <ele>275.845148</ele>
        <time>2025-04-16T00:16:37.712Z</time>
      </trkpt>
      <trkpt lat="49.174746" lon="9.468578">
        <ele>274.408569</ele>
        <time>2025-04-16T00:16:52.511Z</time>
      </trkpt>
      <trkpt lat="49.174601" lon="9.468159">
        <ele>273.765489</ele>
        <time>2025-04-16T00:16:57.191Z</time>
      </trkpt>
      <trkpt lat="49.174471" lon="9.467606">
        <ele>272.968334</ele>
        <time>2025-04-16T00:17:02.782Z</time>
      </trkpt>
      <trkpt lat="49.174085" lon="9.464878">
        <ele>264.794237</ele>
        <time>2025-04-16T00:17:26.362Z</time>
      </trkpt>
      <trkpt lat="49.174057" lon="9.464680">
        <ele>264.128765</ele>
        <time>2025-04-16T00:17:27.953Z</time>
      </trkpt>
      <trkpt lat="49.173854" lon="9.463962">
        <ele>260.918079</ele>
        <time>2025-04-16T00:17:34.026Z</time>
      </trkpt>
      <trkpt lat="49.173417" lon="9.462730">
        <ele>254.548387</ele>
        <time>2025-04-16T00:17:44.863Z</time>
      </trkpt>
      <trkpt lat="49.173293" lon="9.462267">
        <ele>252.274605</ele>
        <time>2025-04-16T00:17:48.783Z</time>
      </trkpt>
      <trkpt lat="49.173211" lon="9.461745">
        <ele>250.118886</ele>
        <time>2025-04-16T00:17:53.084Z</time>
      </trkpt>
      <trkpt lat="49.173192" lon="9.460204">
        <ele>245.341223</ele>
        <time>2025-04-16T00:18:06.021Z</time>
      </trkpt>
      <trkpt lat="49.173021" lon="9.459257">
        <ele>242.295783</ele>
        <time>2025-04-16T00:18:14.473Z</time>
      </trkpt>
      <trkpt lat="49.172964" lon="9.458832">
        <ele>241.358023</ele>
        <time>2025-04-16T00:18:18.230Z</time>
      </trkpt>
      <trkpt lat="49.172938" lon="9.458443">
        <ele>240.540905</ele>
        <time>2025-04-16T00:18:21.624Z</time>
      </trkpt>
      <trkpt lat="49.172940" lon="9.458082">
        <ele>239.786507</ele>
        <time>2025-04-16T00:18:24.786Z</time>
      </trkpt>
      <trkpt lat="49.172974" lon="9.457637">
        <ele>238.850276</ele>
        <time>2025-04-16T00:18:28.741Z</time>
      </trkpt>
      <trkpt lat="49.173066" lon="9.456793">
        <ele>237.062251</ele>
        <time>2025-04-16T00:18:36.353Z</time>
      </trkpt>
      <trkpt lat="49.173071" lon="9.456513">
        <ele>236.476927</ele>
        <time>2025-04-16T00:18:39.014Z</time>
      </trkpt>
      <trkpt lat="49.173002" lon="9.456230">
        <ele>236.357941</ele>
        <time>2025-04-16T00:18:42.009Z</time>
      </trkpt>
      <trkpt lat="49.172880" lon="9.456029">
        <ele>236.269679</ele>
        <time>2025-04-16T00:18:44.858Z</time>
      </trkpt>
      <trkpt lat="49.172733" lon="9.455884">
        <ele>236.183580</ele>
        <time>2025-04-16T00:18:47.747Z</time>
      </trkpt>
      <trkpt lat="49.172646" lon="9.455791">
        <ele>236.131335</ele>
        <time>2025-04-16T00:18:49.561Z</time>
      </trkpt>
      <trkpt lat="49.172547" lon="9.455678">
        <ele>236.070532</ele>
        <time>2025-04-16T00:18:51.692Z</time>
      </trkpt>
      <trkpt lat="49.172419" lon="9.455429">
        <ele>235.968597</ele>
        <time>2025-04-16T00:18:55.345Z</time>
      </trkpt>
      <trkpt lat="49.172154" lon="9.454385">
        <ele>235.608192</ele>
        <time>2025-04-16T00:19:08.937Z</time>
      </trkpt>
      <trkpt lat="49.171859" lon="9.453182">
        <ele>235.179328</ele>
        <time>2025-04-16T00:19:24.926Z</time>
      </trkpt>
      <trkpt lat="49.171833" lon="9.452936">
        <ele>235.095809</ele>
        <time>2025-04-16T00:19:27.645Z</time>
      </trkpt>
      <trkpt lat="49.171846" lon="9.452659">
        <ele>235.002732</ele>
        <time>2025-04-16T00:19:30.604Z</time>
      </trkpt>
      <trkpt lat="49.171880" lon="9.452456">
        <ele>234.932498</ele>
        <time>2025-04-16T00:19:32.804Z</time>
      </trkpt>
      <trkpt lat="49.171960" lon="9.451973">
        <ele>234.765503</ele>
        <time>2025-04-16T00:19:38.025Z</time>
      </trkpt>
      <trkpt lat="49.172253" lon="9.450018">
        <ele>232.841450</ele>
        <time>2025-04-16T00:19:57.843Z</time>
      </trkpt>
      <trkpt lat="49.172259" lon="9.449781">
        <ele>232.581199</ele>
        <time>2025-04-16T00:20:00.046Z</time>
      </trkpt>
      <trkpt lat="49.172211" lon="9.448186">
        <ele>231.520369</ele>
        <time>2025-04-16T00:20:15.418Z</time>
      </trkpt>
      <trkpt lat="49.172205" lon="9.447862">
        <ele>231.473597</ele>
        <time>2025-04-16T00:20:18.863Z</time>
      </trkpt>
      <trkpt lat="49.172236" lon="9.447603">
        <ele>231.435602</ele>
        <time>2025-04-16T00:20:21.815Z</time>
      </trkpt>
      <trkpt lat="49.172305" lon="9.447363">
        <ele>231.397770</ele>
        <time>2025-04-16T00:20:24.930Z</time>
      </trkpt>
      <trkpt lat="49.172499" lon="9.446689">
        <ele>231.291504</ele>
        <time>2025-04-16T00:20:35.195Z</time>
      </trkpt>
      <trkpt lat="49.172787" lon="9.445277">
        <ele>231.243636</ele>
        <time>2025-04-16T00:20:57.518Z</time>
      </trkpt>
      <trkpt lat="49.172956" lon="9.444389">
        <ele>231.257510</ele>
        <time>2025-04-16T00:21:08.716Z</time>
      </trkpt>
      <trkpt lat="49.173188" lon="9.443494">
        <ele>230.849068</ele>
        <time>2025-04-16T00:21:18.510Z</time>
      </trkpt>
      <trkpt lat="49.173369" lon="9.442998">
        <ele>229.491428</ele>
        <time>2025-04-16T00:21:23.749Z</time>
      </trkpt>
      <trkpt lat="49.173626" lon="9.442460">
        <ele>227.898902</ele>
        <time>2025-04-16T00:21:29.658Z</time>
      </trkpt>
      <trkpt lat="49.174082" lon="9.441604">
        <ele>225.259847</ele>
        <time>2025-04-16T00:21:38.991Z</time>
      </trkpt>
      <trkpt lat="49.174242" lon="9.441160">
        <ele>223.764701</ele>
        <time>2025-04-16T00:21:43.114Z</time>
      </trkpt>
      <trkpt lat="49.174250" lon="9.440982">
        <ele>223.151084</ele>
        <time>2025-04-16T00:21:44.544Z</time>
      </trkpt>
      <trkpt lat="49.174371" lon="9.440881">
        <ele>222.425944</ele>
        <time>2025-04-16T00:21:46.239Z</time>
      </trkpt>
      <trkpt lat="49.174748" lon="9.440159">
        <ele>219.248072</ele>
        <time>2025-04-16T00:21:53.724Z</time>
      </trkpt>
      <trkpt lat="49.174936" lon="9.439674">
        <ele>217.308934</ele>
        <time>2025-04-16T00:21:58.316Z</time>
      </trkpt>
      <trkpt lat="49.175149" lon="9.438801">
        <ele>214.714874</ele>
        <time>2025-04-16T00:22:06.161Z</time>
      </trkpt>
      <trkpt lat="49.175196" lon="9.438753">
        <ele>214.578558</ele>
        <time>2025-04-16T00:22:06.914Z</time>
      </trkpt>
      <trkpt lat="49.175238" lon="9.438556">
        <ele>214.251801</ele>
        <time>2025-04-16T00:22:08.715Z</time>
      </trkpt>
      <trkpt lat="49.175212" lon="9.438420">
        <ele>214.028357</ele>
        <time>2025-04-16T00:22:09.975Z</time>
      </trkpt>
      <trkpt lat="49.175195" lon="9.438295">
        <ele>213.827020</ele>
        <time>2025-04-16T00:22:11.112Z</time>
      </trkpt>
      <trkpt lat="49.175222" lon="9.438078">
        <ele>213.478684</ele>
        <time>2025-04-16T00:22:14.733Z</time>
      </trkpt>
      <trkpt lat="49.175437" lon="9.436716">
        <ele>211.269186</ele>
        <time>2025-04-16T00:22:28.583Z</time>
      </trkpt>
      <trkpt lat="49.175327" lon="9.436512">
        <ele>210.892385</ele>
        <time>2025-04-16T00:22:31.381Z</time>
      </trkpt>
      <trkpt lat="49.175136" lon="9.435284">
        <ele>210.846040</ele>
        <time>2025-04-16T00:22:45.291Z</time>
      </trkpt>
      <trkpt lat="49.175089" lon="9.435016">
        <ele>210.835853</ele>
        <time>2025-04-16T00:22:48.596Z</time>
      </trkpt>
      <trkpt lat="49.175031" lon="9.434724">
        <ele>210.824648</ele>
        <time>2025-04-16T00:22:52.348Z</time>
      </trkpt>
      <trkpt lat="49.174948" lon="9.433862">
        <ele>210.792659</ele>
        <time>2025-04-16T00:23:03.320Z</time>
      </trkpt>
      <trkpt lat="49.174932" lon="9.432853">
        <ele>212.364601</ele>
        <time>2025-04-16T00:23:17.739Z</time>
      </trkpt>
      <trkpt lat="49.174976" lon="9.432013">
        <ele>213.689072</ele>
        <time>2025-04-16T00:23:34.004Z</time>
      </trkpt>
      <trkpt lat="49.174982" lon="9.431959">
        <ele>213.775162</ele>
        <time>2025-04-16T00:23:35.222Z</time>
      </trkpt>
      <trkpt lat="49.174941" lon="9.431943">
        <ele>213.876889</ele>
        <time>2025-04-16T00:23:36.561Z</time>
      </trkpt>
      <trkpt lat="49.174869" lon="9.431918">
        <ele>214.054391</ele>
        <time>2025-04-16T00:23:38.937Z</time>
      </trkpt>
      <trkpt lat="49.174751" lon="9.431832">
        <ele>214.368636</ele>
        <time>2025-04-16T00:23:43.236Z</time>
      </trkpt>
      <trkpt lat="49.174720" lon="9.431774">
        <ele>214.486385</ele>
        <time>2025-04-16T00:23:44.914Z</time>
      </trkpt>
      <trkpt lat="49.174580" lon="9.431313">
        <ele>215.235589</ele>
        <time>2025-04-16T00:23:56.037Z</time>
      </trkpt>
      <trkpt lat="49.174432" lon="9.431036">
        <ele>215.632222</ele>
        <time>2025-04-16T00:24:03.642Z</time>
      </trkpt>
      <trkpt lat="49.174459" lon="9.430901">
        <ele>215.788746</ele>
        <time>2025-04-16T00:24:06.655Z</time>
      </trkpt>
      <trkpt lat="49.174435" lon="9.430764">
        <ele>215.945999</ele>
        <time>2025-04-16T00:24:09.577Z</time>
      </trkpt>
      <trkpt lat="49.174222" lon="9.430253">
        <ele>216.617914</ele>
        <time>2025-04-16T00:24:21.703Z</time>
      </trkpt>
      <trkpt lat="49.174006" lon="9.429864">
        <ele>217.183778</ele>
        <time>2025-04-16T00:24:30.142Z</time>
      </trkpt>
      <trkpt lat="49.173016" lon="9.428783">
        <ele>217.607161</ele>
        <time>2025-04-16T00:24:49.392Z</time>
      </trkpt>
      <trkpt lat="49.172895" lon="9.428710">
        <ele>217.492815</ele>
        <time>2025-04-16T00:24:51.265Z</time>
      </trkpt>
      <trkpt lat="49.172764" lon="9.428707">
        <ele>217.377641</ele>
        <time>2025-04-16T00:24:53.188Z</time>
      </trkpt>
      <trkpt lat="49.172739" lon="9.428475">
        <ele>217.242503</ele>
        <time>2025-04-16T00:24:55.490Z</time>
      </trkpt>
      <trkpt lat="49.172739" lon="9.427910">
        <ele>216.917778</ele>
        <time>2025-04-16T00:25:01.252Z</time>
      </trkpt>
      <trkpt lat="49.172735" lon="9.427558">
        <ele>216.715440</ele>
        <time>2025-04-16T00:25:05.075Z</time>
      </trkpt>
      <trkpt lat="49.172637" lon="9.427586">
        <ele>216.627799</ele>
        <time>2025-04-16T00:25:06.780Z</time>
      </trkpt>
      <trkpt lat="49.171745" lon="9.426127">
        <ele>217.596749</ele>
        <time>2025-04-16T00:25:35.563Z</time>
      </trkpt>
      <trkpt lat="49.171454" lon="9.425665">
        <ele>217.933824</ele>
        <time>2025-04-16T00:25:45.479Z</time>
      </trkpt>
      <trkpt lat="49.171237" lon="9.425109">
        <ele>218.141279</ele>
        <time>2025-04-16T00:25:54.138Z</time>
      </trkpt>
      <trkpt lat="49.170904" lon="9.424943">
        <ele>218.268869</ele>
        <time>2025-04-16T00:26:04.525Z</time>
      </trkpt>
      <trkpt lat="49.170031" lon="9.424649">
        <ele>218.594514</ele>
        <time>2025-04-16T00:26:30.821Z</time>
      </trkpt>
      <trkpt lat="49.169922" lon="9.424582">
        <ele>218.637308</ele>
        <time>2025-04-16T00:26:34.268Z</time>
      </trkpt>
      <trkpt lat="49.168668" lon="9.423521">
        <ele>220.169174</ele>
        <time>2025-04-16T00:27:23.644Z</time>
      </trkpt>
      <trkpt lat="49.168591" lon="9.423447">
        <ele>220.273035</ele>
        <time>2025-04-16T00:27:27.040Z</time>
      </trkpt>
      <trkpt lat="49.168492" lon="9.423272">
        <ele>220.445840</ele>
        <time>2025-04-16T00:27:32.495Z</time>
      </trkpt>
      <trkpt lat="49.168147" lon="9.422561">
        <ele>220.650056</ele>
        <time>2025-04-16T00:27:52.897Z</time>
      </trkpt>
      <trkpt lat="49.168082" lon="9.422431">
        <ele>220.619841</ele>
        <time>2025-04-16T00:27:56.611Z</time>
      </trkpt>
      <trkpt lat="49.167661" lon="9.421752">
        <ele>220.447074</ele>
        <time>2025-04-16T00:28:14.639Z</time>
      </trkpt>
      <trkpt lat="49.167368" lon="9.421170">
        <ele>220.311458</ele>
        <time>2025-04-16T00:28:27.432Z</time>
      </trkpt>
      <trkpt lat="49.166965" lon="9.420430">
        <ele>220.211720</ele>
        <time>2025-04-16T00:28:44.287Z</time>
      </trkpt>
      <trkpt lat="49.166880" lon="9.420352">
        <ele>220.205780</ele>
        <time>2025-04-16T00:28:46.952Z</time>
      </trkpt>
      <trkpt lat="49.166759" lon="9.420333">
        <ele>220.198492</ele>
        <time>2025-04-16T00:28:50.252Z</time>
      </trkpt>
      <trkpt lat="49.166769" lon="9.420272">
        <ele>220.196028</ele>
        <time>2025-04-16T00:28:51.348Z</time>
      </trkpt>
      <trkpt lat="49.166720" lon="9.420154">
        <ele>220.190552</ele>
        <time>2025-04-16T00:28:53.839Z</time>
      </trkpt>
      <trkpt lat="49.163334" lon="9.414619">
        <ele>220.615569</ele>
        <time>2025-04-16T00:31:26.354Z</time>
      </trkpt>
      <trkpt lat="49.163627" lon="9.413749">
        <ele>220.868205</ele>
        <time>2025-04-16T00:31:38.098Z</time>
      </trkpt>
      <trkpt lat="49.161907" lon="9.409827">
        <ele>222.757990</ele>
        <time>2025-04-16T00:33:16.873Z</time>
      </trkpt>
      <trkpt lat="49.161589" lon="9.409161">
        <ele>223.373320</ele>
        <time>2025-04-16T00:33:35.340Z</time>
      </trkpt>
      <trkpt lat="49.161638" lon="9.409096">
        <ele>223.447338</ele>
        <time>2025-04-16T00:33:36.814Z</time>
      </trkpt>
      <trkpt lat="49.161789" lon="9.408749">
        <ele>223.758352</ele>
        <time>2025-04-16T00:33:43.234Z</time>
      </trkpt>
      <trkpt lat="49.162113" lon="9.407919">
        <ele>224.466257</ele>
        <time>2025-04-16T00:33:59.190Z</time>
      </trkpt>
      <trkpt lat="49.162211" lon="9.407743">
        <ele>224.619539</ele>
        <time>2025-04-16T00:34:02.733Z</time>
      </trkpt>
      <trkpt lat="49.162301" lon="9.407649">
        <ele>224.730056</ele>
        <time>2025-04-16T00:34:05.240Z</time>
      </trkpt>
      <trkpt lat="49.162473" lon="9.407494">
        <ele>224.932500</ele>
        <time>2025-04-16T00:34:10.031Z</time>
      </trkpt>
      <trkpt lat="49.162578" lon="9.407345">
        <ele>225.077752</ele>
        <time>2025-04-16T00:34:13.356Z</time>
      </trkpt>
      <trkpt lat="49.162290" lon="9.406902">
        <ele>225.491970</ele>
        <time>2025-04-16T00:34:22.002Z</time>
      </trkpt>
      <trkpt lat="49.161972" lon="9.406342">
        <ele>225.983773</ele>
        <time>2025-04-16T00:34:32.142Z</time>
      </trkpt>
      <trkpt lat="49.161772" lon="9.406039">
        <ele>226.319622</ele>
        <time>2025-04-16T00:34:37.709Z</time>
      </trkpt>
      <trkpt lat="49.161608" lon="9.405884">
        <ele>226.629771</ele>
        <time>2025-04-16T00:34:41.347Z</time>
      </trkpt>
      <trkpt lat="49.161387" lon="9.405688">
        <ele>227.040758</ele>
        <time>2025-04-16T00:34:46.256Z</time>
      </trkpt>
      <trkpt lat="49.161128" lon="9.405486">
        <ele>227.508473</ele>
        <time>2025-04-16T00:34:52.410Z</time>
      </trkpt>
      <trkpt lat="49.160714" lon="9.405171">
        <ele>228.252363</ele>
        <time>2025-04-16T00:35:03.699Z</time>
      </trkpt>
      <trkpt lat="49.160621" lon="9.405125">
        <ele>228.409604</ele>
        <time>2025-04-16T00:35:06.515Z</time>
      </trkpt>
      <trkpt lat="49.160472" lon="9.405118">
        <ele>228.649414</ele>
        <time>2025-04-16T00:35:11.059Z</time>
      </trkpt>
      <trkpt lat="49.160521" lon="9.404885">
        <ele>228.906893</ele>
        <time>2025-04-16T00:35:16.072Z</time>
      </trkpt>
      <trkpt lat="49.160519" lon="9.404638">
        <ele>229.190112</ele>
        <time>2025-04-16T00:35:21.180Z</time>
      </trkpt>
      <trkpt lat="49.160565" lon="9.404260">
        <ele>229.699668</ele>
        <time>2025-04-16T00:35:28.679Z</time>
      </trkpt>
      <trkpt lat="49.160553" lon="9.404076">
        <ele>229.944729</ele>
        <time>2025-04-16T00:35:32.140Z</time>
      </trkpt>
      <trkpt lat="49.160544" lon="9.403839">
        <ele>230.259350</ele>
        <time>2025-04-16T00:35:36.629Z</time>
      </trkpt>
      <trkpt lat="49.160459" lon="9.403644">
        <ele>230.569930</ele>
        <time>2025-04-16T00:35:41.010Z</time>
      </trkpt>
      <trkpt lat="49.160157" lon="9.403312">
        <ele>231.323708</ele>
        <time>2025-04-16T00:35:51.546Z</time>
      </trkpt>
      <trkpt lat="49.159842" lon="9.403042">
        <ele>232.055535</ele>
        <time>2025-04-16T00:36:00.231Z</time>
      </trkpt>
      <trkpt lat="49.159708" lon="9.402943">
        <ele>232.357134</ele>
        <time>2025-04-16T00:36:03.521Z</time>
      </trkpt>
      <trkpt lat="49.159310" lon="9.402572">
        <ele>232.664884</ele>
        <time>2025-04-16T00:36:12.121Z</time>
      </trkpt>
      <trkpt lat="49.159012" lon="9.402159">
        <ele>232.584610</ele>
        <time>2025-04-16T00:36:19.001Z</time>
      </trkpt>
      <trkpt lat="49.158782" lon="9.401741">
        <ele>232.513305</ele>
        <time>2025-04-16T00:36:25.141Z</time>
      </trkpt>
      <trkpt lat="49.158223" lon="9.400707">
        <ele>232.462818</ele>
        <time>2025-04-16T00:36:39.561Z</time>
      </trkpt>
      <trkpt lat="49.157921" lon="9.400163">
        <ele>232.837879</ele>
        <time>2025-04-16T00:36:47.542Z</time>
      </trkpt>
      <trkpt lat="49.157443" lon="9.399382">
        <ele>233.400111</ele>
        <time>2025-04-16T00:37:02.827Z</time>
      </trkpt>
      <trkpt lat="49.157352" lon="9.399325">
        <ele>233.479147</ele>
        <time>2025-04-16T00:37:05.243Z</time>
      </trkpt>
      <trkpt lat="49.157183" lon="9.399305">
        <ele>233.615381</ele>
        <time>2025-04-16T00:37:09.548Z</time>
      </trkpt>
      <trkpt lat="49.157123" lon="9.399307">
        <ele>233.663616</ele>
        <time>2025-04-16T00:37:11.092Z</time>
      </trkpt>
      <trkpt lat="49.156765" lon="9.399318">
        <ele>234.095541</ele>
        <time>2025-04-16T00:37:20.908Z</time>
      </trkpt>
      <trkpt lat="49.156724" lon="9.399077">
        <ele>234.358527</ele>
        <time>2025-04-16T00:37:25.367Z</time>
      </trkpt>
      <trkpt lat="49.156572" lon="9.396217">
        <ele>237.284960</ele>
        <time>2025-04-16T00:38:09.757Z</time>
      </trkpt>
      <trkpt lat="49.156623" lon="9.395338">
        <ele>238.073589</ele>
        <time>2025-04-16T00:38:21.545Z</time>
      </trkpt>
      <trkpt lat="49.156623" lon="9.394821">
        <ele>238.535620</ele>
        <time>2025-04-16T00:38:28.935Z</time>
      </trkpt>
      <trkpt lat="49.156601" lon="9.394482">
        <ele>238.840065</ele>
        <time>2025-04-16T00:38:33.979Z</time>
      </trkpt>
      <trkpt lat="49.156588" lon="9.394373">
        <ele>238.939083</ele>
        <time>2025-04-16T00:38:35.656Z</time>
      </trkpt>
      <trkpt lat="49.156259" lon="9.392816">
        <ele>241.892979</ele>
        <time>2025-04-16T00:39:08.543Z</time>
      </trkpt>
      <trkpt lat="49.156136" lon="9.392397">
        <ele>242.800984</ele>
        <time>2025-04-16T00:39:19.149Z</time>
      </trkpt>
      <trkpt lat="49.156014" lon="9.392097">
        <ele>243.499413</ele>
        <time>2025-04-16T00:39:26.937Z</time>
      </trkpt>
      <trkpt lat="49.155701" lon="9.391480">
        <ele>245.130705</ele>
        <time>2025-04-16T00:39:43.755Z</time>
      </trkpt>
      <trkpt lat="49.155670" lon="9.391255">
        <ele>245.676745</ele>
        <time>2025-04-16T00:39:48.870Z</time>
      </trkpt>
      <trkpt lat="49.155741" lon="9.391008">
        <ele>246.317456</ele>
        <time>2025-04-16T00:39:54.935Z</time>
      </trkpt>
      <trkpt lat="49.155920" lon="9.390479">
        <ele>247.731861</ele>
        <time>2025-04-16T00:40:08.498Z</time>
      </trkpt>
      <trkpt lat="49.155933" lon="9.390372">
        <ele>247.990302</ele>
        <time>2025-04-16T00:40:10.921Z</time>
      </trkpt>
      <trkpt lat="49.155910" lon="9.390206">
        <ele>248.393253</ele>
        <time>2025-04-16T00:40:14.724Z</time>
      </trkpt>
      <trkpt lat="49.155766" lon="9.389661">
        <ele>249.789103</ele>
        <time>2025-04-16T00:40:27.455Z</time>
      </trkpt>
      <trkpt lat="49.155731" lon="9.389337">
        <ele>250.568936</ele>
        <time>2025-04-16T00:40:34.808Z</time>
      </trkpt>
      <trkpt lat="49.155732" lon="9.389026">
        <ele>251.326909</ele>
        <time>2025-04-16T00:40:42.124Z</time>
      </trkpt>
      <trkpt lat="49.155797" lon="9.387338">
        <ele>255.805826</ele>
        <time>2025-04-16T00:41:22.809Z</time>
      </trkpt>
      <trkpt lat="49.155803" lon="9.386404">
        <ele>258.279922</ele>
        <time>2025-04-16T00:41:44.044Z</time>
      </trkpt>
      <trkpt lat="49.155777" lon="9.385952">
        <ele>259.535869</ele>
        <time>2025-04-16T00:41:54.603Z</time>
      </trkpt>
      <trkpt lat="49.155716" lon="9.385411">
        <ele>261.064329</ele>
        <time>2025-04-16T00:42:07.924Z</time>
      </trkpt>
      <trkpt lat="49.155575" lon="9.384695">
        <ele>263.146213</ele>
        <time>2025-04-16T00:42:27.170Z</time>
      </trkpt>
      <trkpt lat="49.155389" lon="9.383429">
        <ele>266.090868</ele>
        <time>2025-04-16T00:42:59.263Z</time>
      </trkpt>
      <trkpt lat="49.155370" lon="9.382965">
        <ele>266.109855</ele>
        <time>2025-04-16T00:43:08.579Z</time>
      </trkpt>
      <trkpt lat="49.155381" lon="9.382565">
        <ele>266.126207</ele>
        <time>2025-04-16T00:43:15.216Z</time>
      </trkpt>
      <trkpt lat="49.155427" lon="9.382241">
        <ele>266.139748</ele>
        <time>2025-04-16T00:43:19.640Z</time>
      </trkpt>
      <trkpt lat="49.155524" lon="9.381823">
        <ele>266.157863</ele>
        <time>2025-04-16T00:43:24.747Z</time>
      </trkpt>
      <trkpt lat="49.155769" lon="9.381498">
        <ele>266.178118</ele>
        <time>2025-04-16T00:43:32.990Z</time>
      </trkpt>
      <trkpt lat="49.155819" lon="9.381377">
        <ele>266.183964</ele>
        <time>2025-04-16T00:43:35.302Z</time>
      </trkpt>
      <trkpt lat="49.155925" lon="9.380777">
        <ele>265.363694</ele>
        <time>2025-04-16T00:43:45.137Z</time>
      </trkpt>
      <trkpt lat="49.155887" lon="9.380296">
        <ele>264.344185</ele>
        <time>2025-04-16T00:43:52.715Z</time>
      </trkpt>
      <trkpt lat="49.155483" lon="9.378219">
        <ele>259.913327</ele>
        <time>2025-04-16T00:44:27.618Z</time>
      </trkpt>
      <trkpt lat="49.155432" lon="9.377430">
        <ele>258.590933</ele>
        <time>2025-04-16T00:44:40.773Z</time>
      </trkpt>
      <trkpt lat="49.155246" lon="9.376962">
        <ele>257.677521</ele>
        <time>2025-04-16T00:44:49.876Z</time>
      </trkpt>
      <trkpt lat="49.155229" lon="9.376531">
        <ele>256.957342</ele>
        <time>2025-04-16T00:44:57.069Z</time>
      </trkpt>
      <trkpt lat="49.155309" lon="9.375859">
        <ele>255.817958</ele>
        <time>2025-04-16T00:45:08.431Z</time>
      </trkpt>
      <trkpt lat="49.155455" lon="9.375207">
        <ele>254.516630</ele>
        <time>2025-04-16T00:45:19.992Z</time>
      </trkpt>
      <trkpt lat="49.155503" lon="9.374717">
        <ele>253.581051</ele>
        <time>2025-04-16T00:45:28.403Z</time>
      </trkpt>
      <trkpt lat="49.155639" lon="9.374311">
        <ele>252.719700</ele>
        <time>2025-04-16T00:45:35.959Z</time>
      </trkpt>
      <trkpt lat="49.155842" lon="9.374035">
        <ele>251.935394</ele>
        <time>2025-04-16T00:45:42.625Z</time>
      </trkpt>
      <trkpt lat="49.156152" lon="9.373716">
        <ele>250.856534</ele>
        <time>2025-04-16T00:45:51.715Z</time>
      </trkpt>
      <trkpt lat="49.156235" lon="9.373516">
        <ele>250.265787</ele>
        <time>2025-04-16T00:45:55.441Z</time>
      </trkpt>
      <trkpt lat="49.156093" lon="9.373259">
        <ele>249.209761</ele>
        <time>2025-04-16T00:46:00.694Z</time>
      </trkpt>
      <trkpt lat="49.155988" lon="9.373117">
        <ele>248.536996</ele>
        <time>2025-04-16T00:46:04.004Z</time>
      </trkpt>
      <trkpt lat="49.155097" lon="9.370824">
        <ele>240.190514</ele>
        <time>2025-04-16T00:46:43.963Z</time>
      </trkpt>
      <trkpt lat="49.154625" lon="9.369660">
        <ele>235.951356</ele>
        <time>2025-04-16T00:47:04.544Z</time>
      </trkpt>
      <trkpt lat="49.154552" lon="9.369081">
        <ele>234.126208</ele>
        <time>2025-04-16T00:47:13.582Z</time>
      </trkpt>
      <trkpt lat="49.154507" lon="9.368151">
        <ele>231.945654</ele>
        <time>2025-04-16T00:47:28.415Z</time>
      </trkpt>
      <trkpt lat="49.154507" lon="9.367081">
        <ele>229.676790</ele>
        <time>2025-04-16T00:47:46.522Z</time>
      </trkpt>
      <trkpt lat="49.154457" lon="9.366956">
        <ele>229.366093</ele>
        <time>2025-04-16T00:47:48.900Z</time>
      </trkpt>
      <trkpt lat="49.154266" lon="9.366806">
        <ele>228.669934</ele>
        <time>2025-04-16T00:47:54.219Z</time>
      </trkpt>
      <trkpt lat="49.153764" lon="9.366881">
        <ele>226.791588</ele>
        <time>2025-04-16T00:48:06.194Z</time>
      </trkpt>
      <trkpt lat="49.152763" lon="9.366845">
        <ele>222.262507</ele>
        <time>2025-04-16T00:48:29.345Z</time>
      </trkpt>
      <trkpt lat="49.152332" lon="9.366733">
        <ele>220.285004</ele>
        <time>2025-04-16T00:48:39.365Z</time>
      </trkpt>
      <trkpt lat="49.151889" lon="9.366499">
        <ele>218.644720</ele>
        <time>2025-04-16T00:48:50.514Z</time>
      </trkpt>
      <trkpt lat="49.151533" lon="9.366215">
        <ele>217.474408</ele>
        <time>2025-04-16T00:49:00.538Z</time>
      </trkpt>
      <trkpt lat="49.151094" lon="9.365873">
        <ele>216.038415</ele>
        <time>2025-04-16T00:49:13.137Z</time>
      </trkpt>
      <trkpt lat="49.150907" lon="9.365701">
        <ele>215.402377</ele>
        <time>2025-04-16T00:49:18.723Z</time>
      </trkpt>
      <trkpt lat="49.150744" lon="9.365560">
        <ele>214.856544</ele>
        <time>2025-04-16T00:49:21.416Z</time>
      </trkpt>
      <trkpt lat="49.149843" lon="9.364621">
        <ele>212.230270</ele>
        <time>2025-04-16T00:49:37.000Z</time>
      </trkpt>
      <trkpt lat="49.149693" lon="9.364464">
        <ele>211.813189</ele>
        <time>2025-04-16T00:49:39.598Z</time>
      </trkpt>
      <trkpt lat="49.149460" lon="9.364293">
        <ele>211.220196</ele>
        <time>2025-04-16T00:49:43.294Z</time>
      </trkpt>
      <trkpt lat="49.149085" lon="9.364164">
        <ele>210.338294</ele>
        <time>2025-04-16T00:49:48.891Z</time>
      </trkpt>
      <trkpt lat="49.148829" lon="9.364143">
        <ele>209.901999</ele>
        <time>2025-04-16T00:49:52.650Z</time>
      </trkpt>
      <trkpt lat="49.148564" lon="9.364165">
        <ele>209.527362</ele>
        <time>2025-04-16T00:49:56.529Z</time>
      </trkpt>
      <trkpt lat="49.148044" lon="9.364342">
        <ele>208.775333</ele>
        <time>2025-04-16T00:50:04.487Z</time>
      </trkpt>
      <trkpt lat="49.147590" lon="9.364542">
        <ele>208.108371</ele>
        <time>2025-04-16T00:50:11.785Z</time>
      </trkpt>
      <trkpt lat="49.147215" lon="9.364594">
        <ele>207.614611</ele>
        <time>2025-04-16T00:50:17.964Z</time>
      </trkpt>
      <trkpt lat="49.147030" lon="9.364564">
        <ele>207.693482</ele>
        <time>2025-04-16T00:50:21.116Z</time>
      </trkpt>
      <trkpt lat="49.146845" lon="9.364533">
        <ele>207.772383</ele>
        <time>2025-04-16T00:50:24.329Z</time>
      </trkpt>
      <trkpt lat="49.146648" lon="9.364439">
        <ele>207.859875</ele>
        <time>2025-04-16T00:50:28.084Z</time>
      </trkpt>
      <trkpt lat="49.145955" lon="9.363920">
        <ele>208.187033</ele>
        <time>2025-04-16T00:50:44.701Z</time>
      </trkpt>
      <trkpt lat="49.145736" lon="9.363810">
        <ele>208.284762</ele>
        <time>2025-04-16T00:50:49.936Z</time>
      </trkpt>
      <trkpt lat="49.145257" lon="9.363642">
        <ele>208.182744</ele>
        <time>2025-04-16T00:51:00.548Z</time>
      </trkpt>
      <trkpt lat="49.144908" lon="9.363545">
        <ele>207.958800</ele>
        <time>2025-04-16T00:51:06.969Z</time>
      </trkpt>
      <trkpt lat="49.144296" lon="9.363615">
        <ele>207.571350</ele>
        <time>2025-04-16T00:51:16.951Z</time>
      </trkpt>
      <trkpt lat="49.144085" lon="9.363572">
        <ele>207.436963</ele>
        <time>2025-04-16T00:51:20.168Z</time>
      </trkpt>
      <trkpt lat="49.143982" lon="9.363499">
        <ele>207.365287</ele>
        <time>2025-04-16T00:51:21.869Z</time>
      </trkpt>
      <trkpt lat="49.143851" lon="9.363356">
        <ele>207.263663</ele>
        <time>2025-04-16T00:51:24.228Z</time>
      </trkpt>
      <trkpt lat="49.143788" lon="9.363243">
        <ele>207.117605</ele>
        <time>2025-04-16T00:51:25.638Z</time>
      </trkpt>
      <trkpt lat="49.143725" lon="9.363129">
        <ele>206.885023</ele>
        <time>2025-04-16T00:51:27.051Z</time>
      </trkpt>
      <trkpt lat="49.143554" lon="9.362902">
        <ele>206.345456</ele>
        <time>2025-04-16T00:51:30.329Z</time>
      </trkpt>
      <trkpt lat="49.143167" lon="9.362617">
        <ele>205.322040</ele>
        <time>2025-04-16T00:51:36.512Z</time>
      </trkpt>
      <trkpt lat="49.142452" lon="9.362238">
        <ele>203.519092</ele>
        <time>2025-04-16T00:51:47.347Z</time>
      </trkpt>
      <trkpt lat="49.141994" lon="9.361960">
        <ele>201.989189</ele>
        <time>2025-04-16T00:51:54.221Z</time>
      </trkpt>
      <trkpt lat="49.141796" lon="9.361813">
        <ele>201.155117</ele>
        <time>2025-04-16T00:51:57.168Z</time>
      </trkpt>
      <trkpt lat="49.141493" lon="9.361570">
        <ele>199.858565</ele>
        <time>2025-04-16T00:52:01.715Z</time>
      </trkpt>
      <trkpt lat="49.141384" lon="9.361475">
        <ele>199.383122</ele>
        <time>2025-04-16T00:52:03.363Z</time>
      </trkpt>
      <trkpt lat="49.141191" lon="9.361328">
        <ele>198.566048</ele>
        <time>2025-04-16T00:52:06.203Z</time>
      </trkpt>
      <trkpt lat="49.141012" lon="9.361195">
        <ele>197.811895</ele>
        <time>2025-04-16T00:52:08.803Z</time>
      </trkpt>
      <trkpt lat="49.140447" lon="9.361049">
        <ele>195.718209</ele>
        <time>2025-04-16T00:52:16.271Z</time>
      </trkpt>
      <trkpt lat="49.140178" lon="9.360829">
        <ele>194.744615</ele>
        <time>2025-04-16T00:52:20.214Z</time>
      </trkpt>
      <trkpt lat="49.140013" lon="9.360648">
        <ele>194.096499</ele>
        <time>2025-04-16T00:52:22.878Z</time>
      </trkpt>
      <trkpt lat="49.139629" lon="9.360212">
        <ele>192.569976</ele>
        <time>2025-04-16T00:52:29.414Z</time>
      </trkpt>
      <trkpt lat="49.139253" lon="9.359992">
        <ele>191.285164</ele>
        <time>2025-04-16T00:52:35.130Z</time>
      </trkpt>
      <trkpt lat="49.138914" lon="9.359894">
        <ele>190.316678</ele>
        <time>2025-04-16T00:52:40.165Z</time>
      </trkpt>
      <trkpt lat="49.138666" lon="9.359935">
        <ele>190.027212</ele>
        <time>2025-04-16T00:52:43.906Z</time>
      </trkpt>
      <trkpt lat="49.138554" lon="9.360018">
        <ele>189.882773</ele>
        <time>2025-04-16T00:52:45.800Z</time>
      </trkpt>
      <trkpt lat="49.138514" lon="9.359940">
        <ele>189.807532</ele>
        <time>2025-04-16T00:52:46.791Z</time>
      </trkpt>
      <trkpt lat="49.138414" lon="9.359906">
        <ele>189.688652</ele>
        <time>2025-04-16T00:52:48.382Z</time>
      </trkpt>
      <trkpt lat="49.138348" lon="9.359963">
        <ele>189.600683</ele>
        <time>2025-04-16T00:52:49.556Z</time>
      </trkpt>
      <trkpt lat="49.138317" lon="9.360060">
        <ele>189.518725</ele>
        <time>2025-04-16T00:52:50.670Z</time>
      </trkpt>
      <trkpt lat="49.138265" lon="9.360027">
        <ele>189.453388</ele>
        <time>2025-04-16T00:52:51.549Z</time>
      </trkpt>
      <trkpt lat="49.138121" lon="9.359872">
        <ele>189.249008</ele>
        <time>2025-04-16T00:52:54.358Z</time>
      </trkpt>
      <trkpt lat="49.137962" lon="9.359688">
        <ele>189.017583</ele>
        <time>2025-04-16T00:52:57.595Z</time>
      </trkpt>
      <trkpt lat="49.137809" lon="9.359989">
        <ele>188.728196</ele>
        <time>2025-04-16T00:53:01.821Z</time>
      </trkpt>
      <trkpt lat="49.137634" lon="9.360568">
        <ele>188.337404</ele>
        <time>2025-04-16T00:53:08.847Z</time>
      </trkpt>
      <trkpt lat="49.137289" lon="9.360572">
        <ele>188.548040</ele>
        <time>2025-04-16T00:53:15.466Z</time>
      </trkpt>
      <trkpt lat="49.137192" lon="9.360556">
        <ele>188.607604</ele>
        <time>2025-04-16T00:53:17.223Z</time>
      </trkpt>
      <trkpt lat="49.137070" lon="9.360567">
        <ele>188.682217</ele>
        <time>2025-04-16T00:53:19.723Z</time>
      </trkpt>
      <trkpt lat="49.137043" lon="9.360535">
        <ele>188.703076</ele>
        <time>2025-04-16T00:53:20.444Z</time>
      </trkpt>
      <trkpt lat="49.136882" lon="9.360502">
        <ele>188.802249</ele>
        <time>2025-04-16T00:53:23.857Z</time>
      </trkpt>
      <trkpt lat="49.136811" lon="9.360449">
        <ele>188.850490</ele>
        <time>2025-04-16T00:53:25.541Z</time>
      </trkpt>
      <trkpt lat="49.136778" lon="9.360353">
        <ele>188.893806</ele>
        <time>2025-04-16T00:53:27.079Z</time>
      </trkpt>
      <trkpt lat="49.136719" lon="9.359494">
        <ele>189.238808</ele>
        <time>2025-04-16T00:53:40.764Z</time>
      </trkpt>
      <trkpt lat="49.136774" lon="9.359379">
        <ele>189.295707</ele>
        <time>2025-04-16T00:53:43.231Z</time>
      </trkpt>
      <trkpt lat="49.136715" lon="9.359231">
        <ele>189.364933</ele>
        <time>2025-04-16T00:53:46.132Z</time>
      </trkpt>
      <trkpt lat="49.136581" lon="9.358833">
        <ele>189.691462</ele>
        <time>2025-04-16T00:53:54.486Z</time>
      </trkpt>
      <trkpt lat="49.136373" lon="9.358462">
        <ele>190.091946</ele>
        <time>2025-04-16T00:54:04.209Z</time>
      </trkpt>
      <trkpt lat="49.136176" lon="9.358647">
        <ele>190.381620</ele>
        <time>2025-04-16T00:54:09.652Z</time>
      </trkpt>
      <trkpt lat="49.136120" lon="9.358634">
        <ele>190.452584</ele>
        <time>2025-04-16T00:54:10.937Z</time>
      </trkpt>
      <trkpt lat="49.136000" lon="9.358557">
        <ele>190.615637</ele>
        <time>2025-04-16T00:54:13.855Z</time>
      </trkpt>
      <trkpt lat="49.135895" lon="9.358413">
        <ele>190.792379</ele>
        <time>2025-04-16T00:54:16.992Z</time>
      </trkpt>
      <trkpt lat="49.135604" lon="9.358598">
        <ele>191.187238</ele>
        <time>2025-04-16T00:54:23.588Z</time>
      </trkpt>
      <trkpt lat="49.135489" lon="9.358664">
        <ele>191.341138</ele>
        <time>2025-04-16T00:54:26.211Z</time>
      </trkpt>
      <trkpt lat="49.135001" lon="9.358815">
        <ele>192.169764</ele>
        <time>2025-04-16T00:54:37.253Z</time>
      </trkpt>
      <trkpt lat="49.134881" lon="9.358842">
        <ele>192.422721</ele>
        <time>2025-04-16T00:54:39.808Z</time>
      </trkpt>
      <trkpt lat="49.134563" lon="9.358914">
        <ele>193.093147</ele>
        <time>2025-04-16T00:54:46.823Z</time>
      </trkpt>
      <trkpt lat="49.134356" lon="9.358364">
        <ele>193.958933</ele>
        <time>2025-04-16T00:54:57.910Z</time>
      </trkpt>
      <trkpt lat="49.134196" lon="9.358517">
        <ele>194.352541</ele>
        <time>2025-04-16T00:55:03.273Z</time>
      </trkpt>
      <trkpt lat="49.134057" lon="9.358672">
        <ele>194.711380</ele>
        <time>2025-04-16T00:55:08.321Z</time>
      </trkpt>
      <trkpt lat="49.133685" lon="9.358230">
        <ele>195.997729</ele>
        <time>2025-04-16T00:55:23.044Z</time>
      </trkpt>
      <trkpt lat="49.133635" lon="9.358171">
        <ele>196.269228</ele>
        <time>2025-04-16T00:55:25.065Z</time>
      </trkpt>
      <trkpt lat="49.133227" lon="9.357687">
        <ele>198.489066</ele>
        <time>2025-04-16T00:55:41.225Z</time>
      </trkpt>
      <trkpt lat="49.132796" lon="9.357200">
        <ele>200.792807</ele>
        <time>2025-04-16T00:56:00.167Z</time>
      </trkpt>
      <trkpt lat="49.132706" lon="9.357199">
        <ele>201.179639</ele>
        <time>2025-04-16T00:56:03.422Z</time>
      </trkpt>
      <trkpt lat="49.132644" lon="9.357148">
        <ele>201.482261</ele>
        <time>2025-04-16T00:56:05.986Z</time>
      </trkpt>
      <trkpt lat="49.132348" lon="9.356872">
        <ele>202.972557</ele>
        <time>2025-04-16T00:56:19.445Z</time>
      </trkpt>
      <trkpt lat="49.131513" lon="9.355897">
        <ele>209.037105</ele>
        <time>2025-04-16T00:57:03.221Z</time>
      </trkpt>
      <trkpt lat="49.131087" lon="9.355292">
        <ele>212.425977</ele>
        <time>2025-04-16T00:57:27.821Z</time>
      </trkpt>
      <trkpt lat="49.130357" lon="9.354407">
        <ele>217.719801</ele>
        <time>2025-04-16T00:58:05.440Z</time>
      </trkpt>
      <trkpt lat="49.129646" lon="9.353471">
        <ele>223.012638</ele>
        <time>2025-04-16T00:58:43.206Z</time>
      </trkpt>
      <trkpt lat="49.129213" lon="9.353092">
        <ele>225.761652</ele>
        <time>2025-04-16T00:59:02.956Z</time>
      </trkpt>
      <trkpt lat="49.128851" lon="9.352879">
        <ele>227.880150</ele>
        <time>2025-04-16T00:59:18.709Z</time>
      </trkpt>
      <trkpt lat="49.128653" lon="9.352773">
        <ele>229.025937</ele>
        <time>2025-04-16T00:59:27.418Z</time>
      </trkpt>
      <trkpt lat="49.128289" lon="9.352494">
        <ele>231.249914</ele>
        <time>2025-04-16T00:59:44.388Z</time>
      </trkpt>
      <trkpt lat="49.127817" lon="9.351936">
        <ele>233.904719</ele>
        <time>2025-04-16T01:00:07.723Z</time>
      </trkpt>
      <trkpt lat="49.127647" lon="9.351736">
        <ele>234.308041</ele>
        <time>2025-04-16T01:00:15.241Z</time>
      </trkpt>
      <trkpt lat="49.127012" lon="9.351633">
        <ele>235.508499</ele>
        <time>2025-04-16T01:00:33.606Z</time>
      </trkpt>
      <trkpt lat="49.126733" lon="9.351574">
        <ele>236.037996</ele>
        <time>2025-04-16T01:00:39.227Z</time>
      </trkpt>
      <trkpt lat="49.126477" lon="9.351468">
        <ele>236.536610</ele>
        <time>2025-04-16T01:00:43.503Z</time>
      </trkpt>
      <trkpt lat="49.126199" lon="9.351299">
        <ele>236.888571</ele>
        <time>2025-04-16T01:00:47.969Z</time>
      </trkpt>
      <trkpt lat="49.125297" lon="9.350650">
        <ele>235.733206</ele>
        <time>2025-04-16T01:01:03.842Z</time>
      </trkpt>
      <trkpt lat="49.125021" lon="9.350305">
        <ele>235.319981</ele>
        <time>2025-04-16T01:01:09.750Z</time>
      </trkpt>
      <trkpt lat="49.124924" lon="9.350238">
        <ele>235.196621</ele>
        <time>2025-04-16T01:01:11.428Z</time>
      </trkpt>
      <trkpt lat="49.124387" lon="9.349818">
        <ele>233.506465</ele>
        <time>2025-04-16T01:01:20.371Z</time>
      </trkpt>
      <trkpt lat="49.124129" lon="9.349722">
        <ele>232.410561</ele>
        <time>2025-04-16T01:01:24.157Z</time>
      </trkpt>
      <trkpt lat="49.124026" lon="9.349757">
        <ele>231.975086</ele>
        <time>2025-04-16T01:01:25.592Z</time>
      </trkpt>
      <trkpt lat="49.123818" lon="9.349721">
        <ele>231.111161</ele>
        <time>2025-04-16T01:01:28.321Z</time>
      </trkpt>
      <trkpt lat="49.123594" lon="9.349491">
        <ele>229.997366</ele>
        <time>2025-04-16T01:01:31.699Z</time>
      </trkpt>
      <trkpt lat="49.123442" lon="9.349290">
        <ele>229.167759</ele>
        <time>2025-04-16T01:01:34.155Z</time>
      </trkpt>
      <trkpt lat="49.122945" lon="9.348475">
        <ele>226.330086</ele>
        <time>2025-04-16T01:01:43.094Z</time>
      </trkpt>
      <trkpt lat="49.122772" lon="9.348284">
        <ele>225.564963</ele>
        <time>2025-04-16T01:01:45.817Z</time>
      </trkpt>
      <trkpt lat="49.121361" lon="9.347248">
        <ele>220.626001</ele>
        <time>2025-04-16T01:02:07.719Z</time>
      </trkpt>
      <trkpt lat="49.120692" lon="9.346614">
        <ele>219.594858</ele>
        <time>2025-04-16T01:02:20.560Z</time>
      </trkpt>
      <trkpt lat="49.120563" lon="9.346522">
        <ele>219.408389</ele>
        <time>2025-04-16T01:02:24.501Z</time>
      </trkpt>
      <trkpt lat="49.120329" lon="9.346454">
        <ele>219.096393</ele>
        <time>2025-04-16T01:02:31.030Z</time>
      </trkpt>
      <trkpt lat="49.120175" lon="9.346450">
        <ele>218.894648</ele>
        <time>2025-04-16T01:02:35.304Z</time>
      </trkpt>
      <trkpt lat="49.120030" lon="9.346501">
        <ele>218.699754</ele>
        <time>2025-04-16T01:02:39.404Z</time>
      </trkpt>
      <trkpt lat="49.119327" lon="9.346623">
        <ele>218.629276</ele>
        <time>2025-04-16T01:02:58.945Z</time>
      </trkpt>
      <trkpt lat="49.119180" lon="9.346639">
        <ele>218.623116</ele>
        <time>2025-04-16T01:03:03.010Z</time>
      </trkpt>
      <trkpt lat="49.119071" lon="9.346532">
        <ele>218.617700</ele>
        <time>2025-04-16T01:03:06.574Z</time>
      </trkpt>
      <trkpt lat="49.118839" lon="9.345943">
        <ele>218.598894</ele>
        <time>2025-04-16T01:03:19.846Z</time>
      </trkpt>
      <trkpt lat="49.118437" lon="9.345173">
        <ele>219.272830</ele>
        <time>2025-04-16T01:03:43.248Z</time>
      </trkpt>
      <trkpt lat="49.118326" lon="9.344843">
        <ele>219.948622</ele>
        <time>2025-04-16T01:03:52.778Z</time>
      </trkpt>
      <trkpt lat="49.118129" lon="9.343711">
        <ele>222.082093</ele>
        <time>2025-04-16T01:04:24.404Z</time>
      </trkpt>
      <trkpt lat="49.117976" lon="9.342215">
        <ele>225.161981</ele>
        <time>2025-04-16T01:05:08.327Z</time>
      </trkpt>
      <trkpt lat="49.117946" lon="9.341804">
        <ele>226.108907</ele>
        <time>2025-04-16T01:05:20.259Z</time>
      </trkpt>
      <trkpt lat="49.117990" lon="9.341390">
        <ele>227.069284</ele>
        <time>2025-04-16T01:05:32.238Z</time>
      </trkpt>
      <trkpt lat="49.117998" lon="9.341098">
        <ele>227.738479</ele>
        <time>2025-04-16T01:05:40.476Z</time>
      </trkpt>
      <trkpt lat="49.117714" lon="9.339884">
        <ele>230.764002</ele>
        <time>2025-04-16T01:06:17.434Z</time>
      </trkpt>
      <trkpt lat="49.117495" lon="9.339697">
        <ele>231.721342</ele>
        <time>2025-04-16T01:06:28.057Z</time>
      </trkpt>
      <trkpt lat="49.117008" lon="9.339391">
        <ele>233.730709</ele>
        <time>2025-04-16T01:06:50.891Z</time>
      </trkpt>
      <trkpt lat="49.116828" lon="9.339472">
        <ele>234.446747</ele>
        <time>2025-04-16T01:06:59.363Z</time>
      </trkpt>
      <trkpt lat="49.116710" lon="9.339572">
        <ele>234.961655</ele>
        <time>2025-04-16T01:07:05.522Z</time>
      </trkpt>
      <trkpt lat="49.116651" lon="9.339673">
        <ele>235.299770</ele>
        <time>2025-04-16T01:07:09.568Z</time>
      </trkpt>
      <trkpt lat="49.116616" lon="9.339856">
        <ele>235.775944</ele>
        <time>2025-04-16T01:07:15.447Z</time>
      </trkpt>
      <trkpt lat="49.116525" lon="9.339944">
        <ele>236.186905</ele>
        <time>2025-04-16T01:07:20.641Z</time>
      </trkpt>
      <trkpt lat="49.116270" lon="9.340131">
        <ele>237.401316</ele>
        <time>2025-04-16T01:07:34.250Z</time>
      </trkpt>
      <trkpt lat="49.115810" lon="9.340319">
        <ele>239.688040</ele>
        <time>2025-04-16T01:07:57.332Z</time>
      </trkpt>
      <trkpt lat="49.115573" lon="9.339999">
        <ele>241.206950</ele>
        <time>2025-04-16T01:08:12.984Z</time>
      </trkpt>
      <trkpt lat="49.115453" lon="9.339498">
        <ele>242.883858</ele>
        <time>2025-04-16T01:08:29.950Z</time>
      </trkpt>
      <trkpt lat="49.115130" lon="9.338532">
        <ele>246.872063</ele>
        <time>2025-04-16T01:09:03.740Z</time>
      </trkpt>
      <trkpt lat="49.114494" lon="9.337862">
        <ele>252.934949</ele>
        <time>2025-04-16T01:09:47.286Z</time>
      </trkpt>
      <trkpt lat="49.114423" lon="9.337261">
        <ele>256.072108</ele>
        <time>2025-04-16T01:10:13.268Z</time>
      </trkpt>
      <trkpt lat="49.114409" lon="9.336901">
        <ele>257.924655</ele>
        <time>2025-04-16T01:10:29.639Z</time>
      </trkpt>
      <trkpt lat="49.114311" lon="9.336392">
        <ele>261.143307</ele>
        <time>2025-04-16T01:10:55.129Z</time>
      </trkpt>
      <trkpt lat="49.114121" lon="9.335882">
        <ele>265.447133</ele>
        <time>2025-04-16T01:11:25.005Z</time>
      </trkpt>
      <trkpt lat="49.113936" lon="9.335271">
        <ele>270.384518</ele>
        <time>2025-04-16T01:11:59.096Z</time>
      </trkpt>
      <trkpt lat="49.113864" lon="9.335193">
        <ele>271.373506</ele>
        <time>2025-04-16T01:12:05.694Z</time>
      </trkpt>
      <trkpt lat="49.113885" lon="9.335063">
        <ele>272.355556</ele>
        <time>2025-04-16T01:12:12.408Z</time>
      </trkpt>
      <trkpt lat="49.113842" lon="9.334590">
        <ele>275.857924</ele>
        <time>2025-04-16T01:12:35.741Z</time>
      </trkpt>
      <trkpt lat="49.113582" lon="9.333581">
        <ele>283.285585</ele>
        <time>2025-04-16T01:13:27.212Z</time>
      </trkpt>
      <trkpt lat="49.113478" lon="9.333329">
        <ele>285.194613</ele>
        <time>2025-04-16T01:13:41.282Z</time>
      </trkpt>
      <trkpt lat="49.113232" lon="9.333082">
        <ele>288.076517</ele>
        <time>2025-04-16T01:14:02.365Z</time>
      </trkpt>
      <trkpt lat="49.112547" lon="9.332538">
        <ele>295.634615</ele>
        <time>2025-04-16T01:14:55.123Z</time>
      </trkpt>
      <trkpt lat="49.112163" lon="9.332164">
        <ele>298.683751</ele>
        <time>2025-04-16T01:15:23.421Z</time>
      </trkpt>
      <trkpt lat="49.111822" lon="9.331993">
        <ele>300.450117</ele>
        <time>2025-04-16T01:15:44.056Z</time>
      </trkpt>
      <trkpt lat="49.111765" lon="9.331968">
        <ele>300.741980</ele>
        <time>2025-04-16T01:15:47.315Z</time>
      </trkpt>
      <trkpt lat="49.111532" lon="9.331435">
        <ele>302.806802</ele>
        <time>2025-04-16T01:16:08.415Z</time>
      </trkpt>
      <trkpt lat="49.111299" lon="9.330902">
        <ele>304.871630</ele>
        <time>2025-04-16T01:16:26.572Z</time>
      </trkpt>
      <trkpt lat="49.111242" lon="9.330568">
        <ele>305.983624</ele>
        <time>2025-04-16T01:16:35.014Z</time>
      </trkpt>
      <trkpt lat="49.111268" lon="9.329353">
        <ele>304.815522</ele>
        <time>2025-04-16T01:16:57.601Z</time>
      </trkpt>
      <trkpt lat="49.111224" lon="9.328810">
        <ele>304.212645</ele>
        <time>2025-04-16T01:17:06.458Z</time>
      </trkpt>
      <trkpt lat="49.111269" lon="9.328459">
        <ele>303.818544</ele>
        <time>2025-04-16T01:17:12.062Z</time>
      </trkpt>
      <trkpt lat="49.111324" lon="9.327653">
        <ele>303.152901</ele>
        <time>2025-04-16T01:17:24.903Z</time>
      </trkpt>
      <trkpt lat="49.111298" lon="9.326855">
        <ele>303.538265</ele>
        <time>2025-04-16T01:17:38.204Z</time>
      </trkpt>
      <trkpt lat="49.111274" lon="9.326671">
        <ele>303.628756</ele>
        <time>2025-04-16T01:17:41.579Z</time>
      </trkpt>
      <trkpt lat="49.111836" lon="9.325575">
        <ele>304.300252</ele>
        <time>2025-04-16T01:18:16.115Z</time>
      </trkpt>
      <trkpt lat="49.111882" lon="9.325623">
        <ele>304.341297</ele>
        <time>2025-04-16T01:18:18.249Z</time>
      </trkpt>
      <trkpt lat="49.112160" lon="9.325131">
        <ele>306.365133</ele>
        <time>2025-04-16T01:18:40.954Z</time>
      </trkpt>
      <trkpt lat="49.112354" lon="9.324681">
        <ele>308.433418</ele>
        <time>2025-04-16T01:19:00.626Z</time>
      </trkpt>
      <trkpt lat="49.112459" lon="9.324314">
        <ele>309.970818</ele>
        <time>2025-04-16T01:19:15.590Z</time>
      </trkpt>
      <trkpt lat="49.112474" lon="9.324172">
        <ele>310.522931</ele>
        <time>2025-04-16T01:19:21.040Z</time>
      </trkpt>
      <trkpt lat="49.112468" lon="9.322988">
        <ele>315.018942</ele>
        <time>2025-04-16T01:20:04.257Z</time>
      </trkpt>
      <trkpt lat="49.112613" lon="9.321552">
        <ele>318.152292</ele>
        <time>2025-04-16T01:20:49.754Z</time>
      </trkpt>
      <trkpt lat="49.112611" lon="9.321020">
        <ele>319.299563</ele>
        <time>2025-04-16T01:21:03.205Z</time>
      </trkpt>
      <trkpt lat="49.112609" lon="9.320604">
        <ele>320.196686</ele>
        <time>2025-04-16T01:21:12.493Z</time>
      </trkpt>
      <trkpt lat="49.112570" lon="9.320140">
        <ele>321.076310</ele>
        <time>2025-04-16T01:21:22.147Z</time>
      </trkpt>
      <trkpt lat="49.112315" lon="9.318896">
        <ele>322.765090</ele>
        <time>2025-04-16T01:21:49.222Z</time>
      </trkpt>
      <trkpt lat="49.112203" lon="9.318083">
        <ele>323.841410</ele>
        <time>2025-04-16T01:22:10.295Z</time>
      </trkpt>
      <trkpt lat="49.112184" lon="9.317645">
        <ele>324.410088</ele>
        <time>2025-04-16T01:22:23.405Z</time>
      </trkpt>
      <trkpt lat="49.112203" lon="9.317365">
        <ele>325.339017</ele>
        <time>2025-04-16T01:22:32.380Z</time>
      </trkpt>
      <trkpt lat="49.112360" lon="9.316600">
        <ele>328.137043</ele>
        <time>2025-04-16T01:22:59.488Z</time>
      </trkpt>
      <trkpt lat="49.112395" lon="9.316339">
        <ele>329.066859</ele>
        <time>2025-04-16T01:23:08.571Z</time>
      </trkpt>
      <trkpt lat="49.112339" lon="9.314713">
        <ele>334.819512</ele>
        <time>2025-04-16T01:24:04.804Z</time>
      </trkpt>
      <trkpt lat="49.112295" lon="9.314382">
        <ele>336.113251</ele>
        <time>2025-04-16T01:24:16.573Z</time>
      </trkpt>
      <trkpt lat="49.112142" lon="9.313781">
        <ele>338.583293</ele>
        <time>2025-04-16T01:24:39.236Z</time>
      </trkpt>
      <trkpt lat="49.112176" lon="9.313440">
        <ele>339.904526</ele>
        <time>2025-04-16T01:24:51.327Z</time>
      </trkpt>
      <trkpt lat="49.112236" lon="9.313284">
        <ele>340.597584</ele>
        <time>2025-04-16T01:24:57.642Z</time>
      </trkpt>
      <trkpt lat="49.112360" lon="9.313101">
        <ele>341.606473</ele>
        <time>2025-04-16T01:25:06.850Z</time>
      </trkpt>
      <trkpt lat="49.112601" lon="9.312906">
        <ele>343.202319</ele>
        <time>2025-04-16T01:25:21.395Z</time>
      </trkpt>
      <trkpt lat="49.112777" lon="9.312881">
        <ele>344.236659</ele>
        <time>2025-04-16T01:25:30.693Z</time>
      </trkpt>
      <trkpt lat="49.113395" lon="9.312925">
        <ele>346.984850</ele>
        <time>2025-04-16T01:26:02.867Z</time>
      </trkpt>
      <trkpt lat="49.113532" lon="9.312855">
        <ele>347.606805</ele>
        <time>2025-04-16T01:26:10.086Z</time>
      </trkpt>
      <trkpt lat="49.113725" lon="9.312648">
        <ele>348.622075</ele>
        <time>2025-04-16T01:26:21.696Z</time>
      </trkpt>
      <trkpt lat="49.114118" lon="9.312034">
        <ele>351.042201</ele>
        <time>2025-04-16T01:26:47.535Z</time>
      </trkpt>
      <trkpt lat="49.114416" lon="9.311505">
        <ele>352.367631</ele>
        <time>2025-04-16T01:27:06.440Z</time>
      </trkpt>
      <trkpt lat="49.115174" lon="9.310358">
        <ele>352.802467</ele>
        <time>2025-04-16T01:27:40.033Z</time>
      </trkpt>
      <trkpt lat="49.115364" lon="9.309962">
        <ele>352.933455</ele>
        <time>2025-04-16T01:27:48.874Z</time>
      </trkpt>
      <trkpt lat="49.115442" lon="9.309652">
        <ele>353.022056</ele>
        <time>2025-04-16T01:27:54.848Z</time>
      </trkpt>
      <trkpt lat="49.115487" lon="9.309350">
        <ele>352.664493</ele>
        <time>2025-04-16T01:28:00.342Z</time>
      </trkpt>
      <trkpt lat="49.115523" lon="9.308974">
        <ele>352.137631</ele>
        <time>2025-04-16T01:28:07.034Z</time>
      </trkpt>
      <trkpt lat="49.115547" lon="9.308263">
        <ele>351.150538</ele>
        <time>2025-04-16T01:28:19.356Z</time>
      </trkpt>
      <trkpt lat="49.115537" lon="9.307842">
        <ele>350.566449</ele>
        <time>2025-04-16T01:28:26.533Z</time>
      </trkpt>
      <trkpt lat="49.115335" lon="9.306364">
        <ele>347.273570</ele>
        <time>2025-04-16T01:28:51.135Z</time>
      </trkpt>
      <trkpt lat="49.115172" lon="9.305835">
        <ele>345.167522</ele>
        <time>2025-04-16T01:29:00.288Z</time>
      </trkpt>
      <trkpt lat="49.114563" lon="9.304440">
        <ele>339.086724</ele>
        <time>2025-04-16T01:29:24.434Z</time>
      </trkpt>
      <trkpt lat="49.114670" lon="9.304205">
        <ele>337.842835</ele>
        <time>2025-04-16T01:29:28.385Z</time>
      </trkpt>
      <trkpt lat="49.114925" lon="9.303825">
        <ele>335.478085</ele>
        <time>2025-04-16T01:29:35.893Z</time>
      </trkpt>
      <trkpt lat="49.115581" lon="9.303470">
        <ele>330.858097</ele>
        <time>2025-04-16T01:29:50.511Z</time>
      </trkpt>
      <trkpt lat="49.115743" lon="9.303405">
        <ele>329.746189</ele>
        <time>2025-04-16T01:29:54.205Z</time>
      </trkpt>
      <trkpt lat="49.116250" lon="9.303385">
        <ele>327.615134</ele>
        <time>2025-04-16T01:30:06.664Z</time>
      </trkpt>
      <trkpt lat="49.116193" lon="9.303104">
        <ele>327.907385</ele>
        <time>2025-04-16T01:30:09.913Z</time>
      </trkpt>
      <trkpt lat="49.115965" lon="9.301762">
        <ele>329.284745</ele>
        <time>2025-04-16T01:30:32.844Z</time>
      </trkpt>
      <trkpt lat="49.115924" lon="9.301492">
        <ele>329.560096</ele>
        <time>2025-04-16T01:30:38.574Z</time>
      </trkpt>
      <trkpt lat="49.116446" lon="9.301356">
        <ele>331.119362</ele>
        <time>2025-04-16T01:30:58.572Z</time>
      </trkpt>
      <trkpt lat="49.116682" lon="9.301243">
        <ele>332.635095</ele>
        <time>2025-04-16T01:31:07.663Z</time>
      </trkpt>
      <trkpt lat="49.116948" lon="9.301016">
        <ele>334.502390</ele>
        <time>2025-04-16T01:31:19.324Z</time>
      </trkpt>
      <trkpt lat="49.117126" lon="9.300796">
        <ele>335.905552</ele>
        <time>2025-04-16T01:31:28.757Z</time>
      </trkpt>
      <trkpt lat="49.117324" lon="9.300428">
        <ele>337.816463</ele>
        <time>2025-04-16T01:31:43.030Z</time>
      </trkpt>
      <trkpt lat="49.117405" lon="9.300202">
        <ele>338.850035</ele>
        <time>2025-04-16T01:31:51.349Z</time>
      </trkpt>
      <trkpt lat="49.117458" lon="9.300009">
        <ele>339.689595</ele>
        <time>2025-04-16T01:31:58.312Z</time>
      </trkpt>
      <trkpt lat="49.117562" lon="9.299337">
        <ele>341.787016</ele>
        <time>2025-04-16T01:32:20.780Z</time>
      </trkpt>
      <trkpt lat="49.117661" lon="9.298497">
        <ele>343.467888</ele>
        <time>2025-04-16T01:32:44.639Z</time>
      </trkpt>
      <trkpt lat="49.117734" lon="9.298230">
        <ele>344.037741</ele>
        <time>2025-04-16T01:32:51.212Z</time>
      </trkpt>
      <trkpt lat="49.117778" lon="9.298120">
        <ele>344.291623</ele>
        <time>2025-04-16T01:32:53.801Z</time>
      </trkpt>
      <trkpt lat="49.118261" lon="9.297312">
        <ele>346.446648</ele>
        <time>2025-04-16T01:33:06.991Z</time>
      </trkpt>
      <trkpt lat="49.118594" lon="9.296602">
        <ele>343.491704</ele>
        <time>2025-04-16T01:33:14.407Z</time>
      </trkpt>
      <trkpt lat="49.118753" lon="9.296284">
        <ele>342.000459</ele>
        <time>2025-04-16T01:33:17.669Z</time>
      </trkpt>
      <trkpt lat="49.118957" lon="9.295684">
        <ele>339.480895</ele>
        <time>2025-04-16T01:33:23.046Z</time>
      </trkpt>
      <trkpt lat="49.118997" lon="9.295470">
        <ele>338.651553</ele>
        <time>2025-04-16T01:33:24.777Z</time>
      </trkpt>
      <trkpt lat="49.118999" lon="9.295195">
        <ele>337.626720</ele>
        <time>2025-04-16T01:33:26.901Z</time>
      </trkpt>
      <trkpt lat="49.118938" lon="9.294572">
        <ele>334.844863</ele>
        <time>2025-04-16T01:33:31.688Z</time>
      </trkpt>
      <trkpt lat="49.118321" lon="9.290591">
        <ele>316.257394</ele>
        <time>2025-04-16T01:34:03.087Z</time>
      </trkpt>
      <trkpt lat="49.118318" lon="9.290263">
        <ele>315.144767</ele>
        <time>2025-04-16T01:34:05.903Z</time>
      </trkpt>
      <trkpt lat="49.118363" lon="9.290031">
        <ele>314.324035</ele>
        <time>2025-04-16T01:34:08.066Z</time>
      </trkpt>
      <trkpt lat="49.118855" lon="9.287063">
        <ele>313.815337</ele>
        <time>2025-04-16T01:34:49.355Z</time>
      </trkpt>
      <trkpt lat="49.119150" lon="9.285958">
        <ele>315.715282</ele>
        <time>2025-04-16T01:35:11.838Z</time>
      </trkpt>
      <trkpt lat="49.119282" lon="9.285337">
        <ele>316.930009</ele>
        <time>2025-04-16T01:35:25.168Z</time>
      </trkpt>
      <trkpt lat="49.119470" lon="9.284598">
        <ele>318.405067</ele>
        <time>2025-04-16T01:35:41.286Z</time>
      </trkpt>
      <trkpt lat="49.119484" lon="9.284455">
        <ele>318.674066</ele>
        <time>2025-04-16T01:35:44.170Z</time>
      </trkpt>
      <trkpt lat="49.119596" lon="9.284182">
        <ele>319.179612</ele>
        <time>2025-04-16T01:35:50.498Z</time>
      </trkpt>
      <trkpt lat="49.119836" lon="9.283443">
        <ele>320.027044</ele>
        <time>2025-04-16T01:36:05.614Z</time>
      </trkpt>
      <trkpt lat="49.119886" lon="9.283248">
        <ele>320.242175</ele>
        <time>2025-04-16T01:36:09.172Z</time>
      </trkpt>
      <trkpt lat="49.119927" lon="9.282917">
        <ele>320.588218</ele>
        <time>2025-04-16T01:36:14.653Z</time>
      </trkpt>
      <trkpt lat="49.119804" lon="9.277067">
        <ele>321.810540</ele>
        <time>2025-04-16T01:37:30.160Z</time>
      </trkpt>
      <trkpt lat="49.119838" lon="9.276616">
        <ele>321.582776</ele>
        <time>2025-04-16T01:37:34.465Z</time>
      </trkpt>
      <trkpt lat="49.119915" lon="9.276182">
        <ele>321.357178</ele>
        <time>2025-04-16T01:37:38.543Z</time>
      </trkpt>
      <trkpt lat="49.119989" lon="9.275842">
        <ele>320.424278</ele>
        <time>2025-04-16T01:37:41.676Z</time>
      </trkpt>
      <trkpt lat="49.121070" lon="9.273471">
        <ele>313.779114</ele>
        <time>2025-04-16T01:38:06.185Z</time>
      </trkpt>
      <trkpt lat="49.121412" lon="9.273044">
        <ele>313.294910</ele>
        <time>2025-04-16T01:38:12.406Z</time>
      </trkpt>
      <trkpt lat="49.122583" lon="9.272195">
        <ele>312.713036</ele>
        <time>2025-04-16T01:38:37.972Z</time>
      </trkpt>
      <trkpt lat="49.122766" lon="9.272069">
        <ele>313.132052</ele>
        <time>2025-04-16T01:38:43.824Z</time>
      </trkpt>
      <trkpt lat="49.122942" lon="9.271857">
        <ele>313.599896</ele>
        <time>2025-04-16T01:38:50.699Z</time>
      </trkpt>
      <trkpt lat="49.124300" lon="9.271612">
        <ele>315.873607</ele>
        <time>2025-04-16T01:39:29.543Z</time>
      </trkpt>
      <trkpt lat="49.124564" lon="9.271510">
        <ele>315.826988</ele>
        <time>2025-04-16T01:39:34.721Z</time>
      </trkpt>
      <trkpt lat="49.125247" lon="9.271159">
        <ele>315.703623</ele>
        <time>2025-04-16T01:39:46.303Z</time>
      </trkpt>
      <trkpt lat="49.126037" lon="9.270754">
        <ele>315.475912</ele>
        <time>2025-04-16T01:39:59.004Z</time>
      </trkpt>
      <trkpt lat="49.126208" lon="9.270947">
        <ele>315.376007</ele>
        <time>2025-04-16T01:40:02.415Z</time>
      </trkpt>
      <trkpt lat="49.126922" lon="9.271493">
        <ele>315.000792</ele>
        <time>2025-04-16T01:40:15.969Z</time>
      </trkpt>
      <trkpt lat="49.127322" lon="9.271657">
        <ele>314.806163</ele>
        <time>2025-04-16T01:40:23.677Z</time>
      </trkpt>
      <trkpt lat="49.128320" lon="9.271625">
        <ele>314.617076</ele>
        <time>2025-04-16T01:40:42.515Z</time>
      </trkpt>
      <trkpt lat="49.129163" lon="9.271615">
        <ele>314.480480</ele>
        <time>2025-04-16T01:40:56.739Z</time>
      </trkpt>
      <trkpt lat="49.129578" lon="9.271700">
        <ele>314.023069</ele>
        <time>2025-04-16T01:41:03.572Z</time>
      </trkpt>
      <trkpt lat="49.130490" lon="9.271927">
        <ele>312.907022</ele>
        <time>2025-04-16T01:41:17.862Z</time>
      </trkpt>
      <trkpt lat="49.130905" lon="9.271947">
        <ele>312.405527</ele>
        <time>2025-04-16T01:41:24.152Z</time>
      </trkpt>
      <trkpt lat="49.131967" lon="9.271909">
        <ele>311.182703</ele>
        <time>2025-04-16T01:41:40.122Z</time>
      </trkpt>
      <trkpt lat="49.132748" lon="9.271866">
        <ele>310.287044</ele>
        <time>2025-04-16T01:41:52.850Z</time>
      </trkpt>
      <trkpt lat="49.133424" lon="9.271878">
        <ele>310.380947</ele>
        <time>2025-04-16T01:42:04.695Z</time>
      </trkpt>
      <trkpt lat="49.133498" lon="9.271916">
        <ele>310.398394</ele>
        <time>2025-04-16T01:42:06.313Z</time>
      </trkpt>
      <trkpt lat="49.133548" lon="9.271832">
        <ele>310.414999</ele>
        <time>2025-04-16T01:42:07.781Z</time>
      </trkpt>
      <trkpt lat="49.133741" lon="9.271720">
        <ele>310.461138</ele>
        <time>2025-04-16T01:42:12.111Z</time>
      </trkpt>
      <trkpt lat="49.134170" lon="9.271669">
        <ele>310.557305</ele>
        <time>2025-04-16T01:42:21.166Z</time>
      </trkpt>
      <trkpt lat="49.135033" lon="9.271611">
        <ele>310.578759</ele>
        <time>2025-04-16T01:42:39.119Z</time>
      </trkpt>
      <trkpt lat="49.135745" lon="9.271418">
        <ele>310.486392</ele>
        <time>2025-04-16T01:42:52.567Z</time>
      </trkpt>
      <trkpt lat="49.136058" lon="9.271298">
        <ele>310.445172</ele>
        <time>2025-04-16T01:42:58.124Z</time>
      </trkpt>
      <trkpt lat="49.136762" lon="9.271067">
        <ele>309.865206</ele>
        <time>2025-04-16T01:43:09.990Z</time>
      </trkpt>
      <trkpt lat="49.137509" lon="9.270949">
        <ele>308.965248</ele>
        <time>2025-04-16T01:43:22.076Z</time>
      </trkpt>
      <trkpt lat="49.138708" lon="9.270304">
        <ele>307.386172</ele>
        <time>2025-04-16T01:43:43.016Z</time>
      </trkpt>
      <trkpt lat="49.139263" lon="9.270101">
        <ele>306.655389</ele>
        <time>2025-04-16T01:43:52.245Z</time>
      </trkpt>
      <trkpt lat="49.140460" lon="9.269630">
        <ele>304.954001</ele>
        <time>2025-04-16T01:44:11.986Z</time>
      </trkpt>
      <trkpt lat="49.140510" lon="9.269632">
        <ele>304.881322</ele>
        <time>2025-04-16T01:44:12.788Z</time>
      </trkpt>
      <trkpt lat="49.140799" lon="9.269546">
        <ele>304.453494</ele>
        <time>2025-04-16T01:44:17.490Z</time>
      </trkpt>
      <trkpt lat="49.141126" lon="9.269369">
        <ele>303.949420</ele>
        <time>2025-04-16T01:44:22.959Z</time>
      </trkpt>
      <trkpt lat="49.141706" lon="9.268923">
        <ele>302.866639</ele>
        <time>2025-04-16T01:44:33.440Z</time>
      </trkpt>
      <trkpt lat="49.142001" lon="9.268751">
        <ele>302.215902</ele>
        <time>2025-04-16T01:44:38.639Z</time>
      </trkpt>
      <trkpt lat="49.142312" lon="9.268585">
        <ele>301.536961</ele>
        <time>2025-04-16T01:44:43.948Z</time>
      </trkpt>
      <trkpt lat="49.142890" lon="9.268444">
        <ele>300.330599</ele>
        <time>2025-04-16T01:44:52.840Z</time>
      </trkpt>
      <trkpt lat="49.143273" lon="9.268266">
        <ele>299.377301</ele>
        <time>2025-04-16T01:44:58.634Z</time>
      </trkpt>
      <trkpt lat="49.143716" lon="9.267929">
        <ele>297.322995</ele>
        <time>2025-04-16T01:45:05.526Z</time>
      </trkpt>
      <trkpt lat="49.143918" lon="9.267705">
        <ele>296.286958</ele>
        <time>2025-04-16T01:45:08.910Z</time>
      </trkpt>
      <trkpt lat="49.144083" lon="9.267426">
        <ele>295.265503</ele>
        <time>2025-04-16T01:45:12.204Z</time>
      </trkpt>
      <trkpt lat="49.144526" lon="9.266510">
        <ele>292.171798</ele>
        <time>2025-04-16T01:45:22.227Z</time>
      </trkpt>
      <trkpt lat="49.144813" lon="9.265856">
        <ele>290.217768</ele>
        <time>2025-04-16T01:45:29.357Z</time>
      </trkpt>
      <trkpt lat="49.145272" lon="9.264941">
        <ele>287.357674</ele>
        <time>2025-04-16T01:45:40.069Z</time>
      </trkpt>
      <trkpt lat="49.145735" lon="9.263929">
        <ele>284.131942</ele>
        <time>2025-04-16T01:45:51.480Z</time>
      </trkpt>
      <trkpt lat="49.146103" lon="9.263216">
        <ele>281.530501</ele>
        <time>2025-04-16T01:45:59.024Z</time>
      </trkpt>
      <trkpt lat="49.146101" lon="9.263072">
        <ele>281.117945</ele>
        <time>2025-04-16T01:46:00.217Z</time>
      </trkpt>
      <trkpt lat="49.146094" lon="9.263017">
        <ele>280.957453</ele>
        <time>2025-04-16T01:46:00.683Z</time>
      </trkpt>
      <trkpt lat="49.146037" lon="9.262579">
        <ele>279.678291</ele>
        <time>2025-04-16T01:46:04.427Z</time>
      </trkpt>
      <trkpt lat="49.146035" lon="9.262372">
        <ele>279.085310</ele>
        <time>2025-04-16T01:46:06.173Z</time>
      </trkpt>
      <trkpt lat="49.146055" lon="9.261835">
        <ele>277.544674</ele>
        <time>2025-04-16T01:46:10.718Z</time>
      </trkpt>
      <trkpt lat="49.146248" lon="9.260301">
        <ele>274.556032</ele>
        <time>2025-04-16T01:46:24.478Z</time>
      </trkpt>
      <trkpt lat="49.146240" lon="9.259653">
        <ele>273.326715</ele>
        <time>2025-04-16T01:46:30.708Z</time>
      </trkpt>
      <trkpt lat="49.146174" lon="9.258873">
        <ele>272.124897</ele>
        <time>2025-04-16T01:46:38.254Z</time>
      </trkpt>
      <trkpt lat="49.146265" lon="9.256854">
        <ele>270.947504</ele>
        <time>2025-04-16T01:46:58.958Z</time>
      </trkpt>
      <trkpt lat="49.146366" lon="9.255912">
        <ele>270.415852</ele>
        <time>2025-04-16T01:47:10.872Z</time>
      </trkpt>
      <trkpt lat="49.146535" lon="9.255461">
        <ele>270.140884</ele>
        <time>2025-04-16T01:47:19.234Z</time>
      </trkpt>
      <trkpt lat="49.146734" lon="9.255171">
        <ele>269.918535</ele>
        <time>2025-04-16T01:47:25.360Z</time>
      </trkpt>
      <trkpt lat="49.146885" lon="9.255032">
        <ele>269.775983</ele>
        <time>2025-04-16T01:47:28.639Z</time>
      </trkpt>
      <trkpt lat="49.147335" lon="9.254789">
        <ele>269.390007</ele>
        <time>2025-04-16T01:47:36.008Z</time>
      </trkpt>
      <trkpt lat="49.147516" lon="9.254636">
        <ele>269.222736</ele>
        <time>2025-04-16T01:47:38.855Z</time>
      </trkpt>
      <trkpt lat="49.147939" lon="9.253994">
        <ele>265.127551</ele>
        <time>2025-04-16T01:47:46.390Z</time>
      </trkpt>
      <trkpt lat="49.148423" lon="9.252893">
        <ele>258.891649</ele>
        <time>2025-04-16T01:47:56.451Z</time>
      </trkpt>
      <trkpt lat="49.148669" lon="9.252612">
        <ele>256.684740</ele>
        <time>2025-04-16T01:47:59.997Z</time>
      </trkpt>
      <trkpt lat="49.148997" lon="9.252214">
        <ele>253.697551</ele>
        <time>2025-04-16T01:48:04.834Z</time>
      </trkpt>
      <trkpt lat="49.149156" lon="9.251969">
        <ele>252.089088</ele>
        <time>2025-04-16T01:48:07.454Z</time>
      </trkpt>
      <trkpt lat="49.149304" lon="9.251744">
        <ele>250.601963</ele>
        <time>2025-04-16T01:48:09.886Z</time>
      </trkpt>
      <trkpt lat="49.149331" lon="9.251702">
        <ele>250.327514</ele>
        <time>2025-04-16T01:48:10.338Z</time>
      </trkpt>
      <trkpt lat="49.149065" lon="9.251156">
        <ele>247.154661</ele>
        <time>2025-04-16T01:48:15.739Z</time>
      </trkpt>
      <trkpt lat="49.148737" lon="9.250398">
        <ele>243.211179</ele>
        <time>2025-04-16T01:48:23.073Z</time>
      </trkpt>
      <trkpt lat="49.148468" lon="9.249677">
        <ele>241.443467</ele>
        <time>2025-04-16T01:48:30.212Z</time>
      </trkpt>
      <trkpt lat="49.148130" lon="9.248761">
        <ele>239.203683</ele>
        <time>2025-04-16T01:48:40.188Z</time>
      </trkpt>
      <trkpt lat="49.148020" lon="9.248317">
        <ele>238.192549</ele>
        <time>2025-04-16T01:48:44.766Z</time>
      </trkpt>
      <trkpt lat="49.147923" lon="9.247739">
        <ele>236.652767</ele>
        <time>2025-04-16T01:48:50.309Z</time>
      </trkpt>
      <trkpt lat="49.147803" lon="9.246770">
        <ele>233.720737</ele>
        <time>2025-04-16T01:48:58.920Z</time>
      </trkpt>
      <trkpt lat="49.147895" lon="9.244799">
        <ele>227.253071</ele>
        <time>2025-04-16T01:49:14.963Z</time>
      </trkpt>
      <trkpt lat="49.147903" lon="9.243172">
        <ele>220.600303</ele>
        <time>2025-04-16T01:49:27.902Z</time>
      </trkpt>
      <trkpt lat="49.147562" lon="9.241914">
        <ele>214.629084</ele>
        <time>2025-04-16T01:49:38.782Z</time>
      </trkpt>
      <trkpt lat="49.147485" lon="9.241416">
        <ele>212.268865</ele>
        <time>2025-04-16T01:49:42.870Z</time>
      </trkpt>
      <trkpt lat="49.147428" lon="9.240476">
        <ele>207.914715</ele>
        <time>2025-04-16T01:49:50.283Z</time>
      </trkpt>
      <trkpt lat="49.147457" lon="9.239596">
        <ele>203.370210</ele>
        <time>2025-04-16T01:49:57.010Z</time>
      </trkpt>
      <trkpt lat="49.147451" lon="9.239347">
        <ele>201.886086</ele>
        <time>2025-04-16T01:49:58.886Z</time>
      </trkpt>
      <trkpt lat="49.147379" lon="9.239024">
        <ele>199.853556</ele>
        <time>2025-04-16T01:50:01.439Z</time>
      </trkpt>
      <trkpt lat="49.147139" lon="9.238388">
        <ele>195.480153</ele>
        <time>2025-04-16T01:50:06.921Z</time>
      </trkpt>
      <trkpt lat="49.147094" lon="9.238057">
        <ele>193.466473</ele>
        <time>2025-04-16T01:50:09.429Z</time>
      </trkpt>
      <trkpt lat="49.147081" lon="9.237722">
        <ele>191.467590</ele>
        <time>2025-04-16T01:50:11.944Z</time>
      </trkpt>
      <trkpt lat="49.147138" lon="9.237046">
        <ele>187.768058</ele>
        <time>2025-04-16T01:50:17.095Z</time>
      </trkpt>
      <trkpt lat="49.147140" lon="9.236824">
        <ele>186.723626</ele>
        <time>2025-04-16T01:50:18.787Z</time>
      </trkpt>
      <trkpt lat="49.147185" lon="9.236434">
        <ele>184.860663</ele>
        <time>2025-04-16T01:50:21.822Z</time>
      </trkpt>
      <trkpt lat="49.147151" lon="9.236389">
        <ele>184.537243</ele>
        <time>2025-04-16T01:50:22.352Z</time>
      </trkpt>
      <trkpt lat="49.146994" lon="9.236184">
        <ele>183.052372</ele>
        <time>2025-04-16T01:50:24.794Z</time>
      </trkpt>
      <trkpt lat="49.146387" lon="9.235319">
        <ele>177.084595</ele>
        <time>2025-04-16T01:50:34.812Z</time>
      </trkpt>
      <trkpt lat="49.146164" lon="9.234938">
        <ele>175.586486</ele>
        <time>2025-04-16T01:50:39.056Z</time>
      </trkpt>
      <trkpt lat="49.145947" lon="9.235175">
        <ele>174.822980</ele>
        <time>2025-04-16T01:50:42.506Z</time>
      </trkpt>
      <trkpt lat="49.145797" lon="9.235361">
        <ele>174.270037</ele>
        <time>2025-04-16T01:50:45.097Z</time>
      </trkpt>
      <trkpt lat="49.145228" lon="9.236049">
        <ele>172.193092</ele>
        <time>2025-04-16T01:50:55.647Z</time>
      </trkpt>
      <trkpt lat="49.144955" lon="9.236367">
        <ele>171.210483</ele>
        <time>2025-04-16T01:51:01.085Z</time>
      </trkpt>
      <trkpt lat="49.144842" lon="9.236452">
        <ele>171.040821</ele>
        <time>2025-04-16T01:51:03.110Z</time>
      </trkpt>
      <trkpt lat="49.144793" lon="9.236375">
        <ele>171.044940</ele>
        <time>2025-04-16T01:51:04.238Z</time>
      </trkpt>
      <trkpt lat="49.144745" lon="9.236378">
        <ele>171.047756</ele>
        <time>2025-04-16T01:51:05.022Z</time>
      </trkpt>
      <trkpt lat="49.144775" lon="9.235792">
        <ele>171.070294</ele>
        <time>2025-04-16T01:51:11.430Z</time>
      </trkpt>
      <trkpt lat="49.144799" lon="9.235488">
        <ele>171.082035</ele>
        <time>2025-04-16T01:51:14.955Z</time>
      </trkpt>
      <trkpt lat="49.144540" lon="9.235776">
        <ele>171.100809</ele>
        <time>2025-04-16T01:51:20.725Z</time>
      </trkpt>
      <trkpt lat="49.144436" lon="9.235813">
        <ele>171.107068</ele>
        <time>2025-04-16T01:51:22.645Z</time>
      </trkpt>
      <trkpt lat="49.144312" lon="9.235795">
        <ele>171.114369</ele>
        <time>2025-04-16T01:51:24.985Z</time>
      </trkpt>
      <trkpt lat="49.144183" lon="9.235777">
        <ele>171.121962</ele>
        <time>2025-04-16T01:51:27.545Z</time>
      </trkpt>
      <trkpt lat="49.143923" lon="9.235739">
        <ele>171.137272</ele>
        <time>2025-04-16T01:51:33.220Z</time>
      </trkpt>
      <trkpt lat="49.143394" lon="9.235647">
        <ele>171.572654</ele>
        <time>2025-04-16T01:51:45.942Z</time>
      </trkpt>
      <trkpt lat="49.142852" lon="9.235558">
        <ele>172.100205</ele>
        <time>2025-04-16T01:51:59.141Z</time>
      </trkpt>
      <trkpt lat="49.142844" lon="9.235556">
        <ele>172.108050</ele>
        <time>2025-04-16T01:51:59.310Z</time>
      </trkpt>
      <trkpt lat="49.142653" lon="9.235522">
        <ele>172.294144</ele>
        <time>2025-04-16T01:52:03.540Z</time>
      </trkpt>
      <trkpt lat="49.142365" lon="9.235467">
        <ele>172.575030</ele>
        <time>2025-04-16T01:52:09.620Z</time>
      </trkpt>
      <trkpt lat="49.142274" lon="9.235449">
        <ele>172.663831</ele>
        <time>2025-04-16T01:52:11.476Z</time>
      </trkpt>
      <trkpt lat="49.142279" lon="9.235362">
        <ele>172.719123</ele>
        <time>2025-04-16T01:52:12.552Z</time>
      </trkpt>
      <trkpt lat="49.142291" lon="9.235177">
        <ele>172.836821</ele>
        <time>2025-04-16T01:52:14.881Z</time>
      </trkpt>
      <trkpt lat="49.142338" lon="9.234554">
        <ele>172.425438</ele>
        <time>2025-04-16T01:52:22.107Z</time>
      </trkpt>
      <trkpt lat="49.142361" lon="9.234259">
        <ele>172.180023</ele>
        <time>2025-04-16T01:52:25.385Z</time>
      </trkpt>
      <trkpt lat="49.142384" lon="9.233968">
        <ele>171.937890</ele>
        <time>2025-04-16T01:52:28.464Z</time>
      </trkpt>
      <trkpt lat="49.142396" lon="9.233807">
        <ele>171.804033</ele>
        <time>2025-04-16T01:52:30.099Z</time>
      </trkpt>
      <trkpt lat="49.142432" lon="9.233215">
        <ele>171.312894</ele>
        <time>2025-04-16T01:52:35.864Z</time>
      </trkpt>
      <trkpt lat="49.142463" lon="9.232708">
        <ele>170.892254</ele>
        <time>2025-04-16T01:52:40.673Z</time>
      </trkpt>
      <trkpt lat="49.142471" lon="9.232597">
        <ele>170.800006</ele>
        <time>2025-04-16T01:52:41.715Z</time>
      </trkpt>
      <trkpt lat="49.142543" lon="9.231569">
        <ele>169.667561</ele>
        <time>2025-04-16T01:52:51.366Z</time>
      </trkpt>
      <trkpt lat="49.142551" lon="9.231435">
        <ele>169.509939</ele>
        <time>2025-04-16T01:52:52.627Z</time>
      </trkpt>
      <trkpt lat="49.142602" lon="9.231010">
        <ele>169.003780</ele>
        <time>2025-04-16T01:52:56.679Z</time>
      </trkpt>
      <trkpt lat="49.142666" lon="9.230170">
        <ele>168.013141</ele>
        <time>2025-04-16T01:53:04.871Z</time>
      </trkpt>
      <trkpt lat="49.142681" lon="9.229980">
        <ele>167.788957</ele>
        <time>2025-04-16T01:53:06.824Z</time>
      </trkpt>
      <trkpt lat="49.142694" lon="9.229812">
        <ele>167.590788</ele>
        <time>2025-04-16T01:53:08.571Z</time>
      </trkpt>
      <trkpt lat="49.142704" lon="9.229591">
        <ele>167.381228</ele>
        <time>2025-04-16T01:53:10.993Z</time>
      </trkpt>
      <trkpt lat="49.142743" lon="9.228594">
        <ele>167.188097</ele>
        <time>2025-04-16T01:53:22.548Z</time>
      </trkpt>
      <trkpt lat="49.142744" lon="9.228564">
        <ele>167.182289</ele>
        <time>2025-04-16T01:53:22.903Z</time>
      </trkpt>
      <trkpt lat="49.142752" lon="9.228410">
        <ele>167.152416</ele>
        <time>2025-04-16T01:53:24.842Z</time>
      </trkpt>
      <trkpt lat="49.142825" lon="9.227315">
        <ele>166.939583</ele>
        <time>2025-04-16T01:53:37.548Z</time>
      </trkpt>
      <trkpt lat="49.142873" lon="9.226655">
        <ele>166.737129</ele>
        <time>2025-04-16T01:53:44.745Z</time>
      </trkpt>
      <trkpt lat="49.142897" lon="9.226396">
        <ele>166.608954</ele>
        <time>2025-04-16T01:53:47.536Z</time>
      </trkpt>
      <trkpt lat="49.142899" lon="9.226376">
        <ele>166.599041</ele>
        <time>2025-04-16T01:53:47.752Z</time>
      </trkpt>
      <trkpt lat="49.142910" lon="9.226239">
        <ele>166.531408</ele>
        <time>2025-04-16T01:53:49.243Z</time>
      </trkpt>
      <trkpt lat="49.142946" lon="9.225684">
        <ele>166.258128</ele>
        <time>2025-04-16T01:53:55.451Z</time>
      </trkpt>
      <trkpt lat="49.142967" lon="9.225457">
        <ele>166.145793</ele>
        <time>2025-04-16T01:53:58.013Z</time>
      </trkpt>
      <trkpt lat="49.142989" lon="9.225182">
        <ele>166.010041</ele>
        <time>2025-04-16T01:54:01.096Z</time>
      </trkpt>
      <trkpt lat="49.143016" lon="9.224846">
        <ele>165.844167</ele>
        <time>2025-04-16T01:54:04.678Z</time>
      </trkpt>
      <trkpt lat="49.143059" lon="9.224224">
        <ele>165.537695</ele>
        <time>2025-04-16T01:54:10.962Z</time>
      </trkpt>
      <trkpt lat="49.143081" lon="9.223922">
        <ele>165.285840</ele>
        <time>2025-04-16T01:54:13.918Z</time>
      </trkpt>
      <trkpt lat="49.143103" lon="9.223606">
        <ele>165.000220</ele>
        <time>2025-04-16T01:54:17.028Z</time>
      </trkpt>
      <trkpt lat="49.143117" lon="9.223409">
        <ele>164.822117</ele>
        <time>2025-04-16T01:54:19.065Z</time>
      </trkpt>
      <trkpt lat="49.143158" lon="9.222928">
        <ele>164.386147</ele>
        <time>2025-04-16T01:54:24.230Z</time>
      </trkpt>
      <trkpt lat="49.143168" lon="9.222814">
        <ele>164.282769</ele>
        <time>2025-04-16T01:54:25.412Z</time>
      </trkpt>
      <trkpt lat="49.143176" lon="9.222732">
        <ele>164.208253</ele>
        <time>2025-04-16T01:54:26.243Z</time>
      </trkpt>
      <trkpt lat="49.143188" lon="9.222604">
        <ele>164.092033</ele>
        <time>2025-04-16T01:54:27.525Z</time>
      </trkpt>
      <trkpt lat="49.143196" lon="9.222520">
        <ele>164.015740</ele>
        <time>2025-04-16T01:54:28.360Z</time>
      </trkpt>
      <trkpt lat="49.143206" lon="9.222413">
        <ele>163.918593</ele>
        <time>2025-04-16T01:54:29.391Z</time>
      </trkpt>
      <trkpt lat="49.143230" lon="9.222196">
        <ele>163.720790</ele>
        <time>2025-04-16T01:54:31.498Z</time>
      </trkpt>
      <trkpt lat="49.143251" lon="9.222009">
        <ele>163.550259</ele>
        <time>2025-04-16T01:54:33.328Z</time>
      </trkpt>
      <trkpt lat="49.143290" lon="9.221629">
        <ele>163.204544</ele>
        <time>2025-04-16T01:54:37.134Z</time>
      </trkpt>
      <trkpt lat="49.143296" lon="9.221554">
        <ele>163.136633</ele>
        <time>2025-04-16T01:54:37.873Z</time>
      </trkpt>
      <trkpt lat="49.143391" lon="9.220705">
        <ele>162.451673</ele>
        <time>2025-04-16T01:54:47.270Z</time>
      </trkpt>
      <trkpt lat="49.143161" lon="9.220664">
        <ele>162.175346</ele>
        <time>2025-04-16T01:54:52.490Z</time>
      </trkpt>
      <trkpt lat="49.143147" lon="9.220661">
        <ele>162.158476</ele>
        <time>2025-04-16T01:54:52.823Z</time>
      </trkpt>
      <trkpt lat="49.142940" lon="9.220605">
        <ele>161.907617</ele>
        <time>2025-04-16T01:54:57.413Z</time>
      </trkpt>
      <trkpt lat="49.142972" lon="9.220338">
        <ele>161.695715</ele>
        <time>2025-04-16T01:55:01.068Z</time>
      </trkpt>
      <trkpt lat="49.143079" lon="9.219577">
        <ele>161.088075</ele>
        <time>2025-04-16T01:55:08.980Z</time>
      </trkpt>
      <trkpt lat="49.143089" lon="9.219503">
        <ele>161.029088</ele>
        <time>2025-04-16T01:55:09.749Z</time>
      </trkpt>
      <trkpt lat="49.143127" lon="9.219248">
        <ele>160.849986</ele>
        <time>2025-04-16T01:55:12.301Z</time>
      </trkpt>
      <trkpt lat="49.143163" lon="9.219009">
        <ele>160.727372</ele>
        <time>2025-04-16T01:55:14.650Z</time>
      </trkpt>
      <trkpt lat="49.143255" lon="9.218395">
        <ele>160.412453</ele>
        <time>2025-04-16T01:55:20.776Z</time>
      </trkpt>
      <trkpt lat="49.143301" lon="9.218195">
        <ele>160.306463</ele>
        <time>2025-04-16T01:55:22.937Z</time>
      </trkpt>
      <trkpt lat="49.143434" lon="9.217576">
        <ele>159.980729</ele>
        <time>2025-04-16T01:55:30.110Z</time>
      </trkpt>
      <trkpt lat="49.143586" lon="9.216912">
        <ele>159.629026</ele>
        <time>2025-04-16T01:55:41.306Z</time>
      </trkpt>
      <trkpt lat="49.142948" lon="9.216601">
        <ele>159.418373</ele>
        <time>2025-04-16T01:55:56.854Z</time>
      </trkpt>
      <trkpt lat="49.142373" lon="9.216337">
        <ele>159.302583</ele>
        <time>2025-04-16T01:56:11.139Z</time>
      </trkpt>
      <trkpt lat="49.142386" lon="9.216248">
        <ele>159.291078</ele>
        <time>2025-04-16T01:56:12.209Z</time>
      </trkpt>
      <trkpt lat="49.142466" lon="9.215599">
        <ele>159.207755</ele>
        <time>2025-04-16T01:56:19.438Z</time>
      </trkpt>
      <trkpt lat="49.142567" lon="9.214833">
        <ele>159.257776</ele>
        <time>2025-04-16T01:56:27.635Z</time>
      </trkpt>
      <trkpt lat="49.142619" lon="9.214574">
        <ele>159.303019</ele>
        <time>2025-04-16T01:56:30.539Z</time>
      </trkpt>
      <trkpt lat="49.142646" lon="9.214421">
        <ele>159.329483</ele>
        <time>2025-04-16T01:56:32.267Z</time>
      </trkpt>
      <trkpt lat="49.142797" lon="9.213224">
        <ele>159.533058</ele>
        <time>2025-04-16T01:56:49.251Z</time>
      </trkpt>
      <trkpt lat="49.142809" lon="9.213067">
        <ele>159.559454</ele>
        <time>2025-04-16T01:56:51.584Z</time>
      </trkpt>
      <trkpt lat="49.142791" lon="9.212998">
        <ele>159.571859</ele>
        <time>2025-04-16T01:56:52.676Z</time>
      </trkpt>
      <trkpt lat="49.142713" lon="9.212800">
        <ele>159.610457</ele>
        <time>2025-04-16T01:56:55.920Z</time>
      </trkpt>
      <trkpt lat="49.142707" lon="9.212499">
        <ele>159.632271</ele>
        <time>2025-04-16T01:56:59.908Z</time>
      </trkpt>
      <trkpt lat="49.142676" lon="9.212324">
        <ele>159.632271</ele>
        <time>2025-04-16T01:57:02.214Z</time>
      </trkpt>
      <trkpt lat="49.142676" lon="9.212120">
        <ele>159.632271</ele>
        <time>2025-04-16T01:57:04.894Z</time>
      </trkpt>
      <trkpt lat="49.142677" lon="9.211706">
        <ele>159.632271</ele>
        <time>2025-04-16T01:57:10.307Z</time>
      </trkpt>
      <trkpt lat="49.142680" lon="9.211526">
        <ele>159.632271</ele>
        <time>2025-04-16T01:57:12.658Z</time>
      </trkpt>
      <trkpt lat="49.142678" lon="9.211503">
        <ele>159.632271</ele>
        <time>2025-04-16T01:57:12.948Z</time>
      </trkpt>
      <trkpt lat="49.142683" lon="9.211333">
        <ele>159.632271</ele>
        <time>2025-04-16T01:57:15.138Z</time>
      </trkpt>
      <trkpt lat="49.142689" lon="9.210987">
        <ele>159.632271</ele>
        <time>2025-04-16T01:57:19.519Z</time>
      </trkpt>
      <trkpt lat="49.142697" lon="9.210731">
        <ele>159.632271</ele>
        <time>2025-04-16T01:57:22.690Z</time>
      </trkpt>
      <trkpt lat="49.142698" lon="9.209475">
        <ele>159.632271</ele>
        <time>2025-04-16T01:57:37.363Z</time>
      </trkpt>
      <trkpt lat="49.142650" lon="9.209267">
        <ele>159.632271</ele>
        <time>2025-04-16T01:57:39.842Z</time>
      </trkpt>
      <trkpt lat="49.142595" lon="9.209086">
        <ele>159.632271</ele>
        <time>2025-04-16T01:57:42.121Z</time>
      </trkpt>
      <trkpt lat="49.142536" lon="9.208911">
        <ele>159.632271</ele>
        <time>2025-04-16T01:57:44.435Z</time>
      </trkpt>
      <trkpt lat="49.142511" lon="9.208835">
        <ele>159.632271</ele>
        <time>2025-04-16T01:57:45.433Z</time>
      </trkpt>
      <trkpt lat="49.142465" lon="9.208694">
        <ele>159.632271</ele>
        <time>2025-04-16T01:57:47.268Z</time>
      </trkpt>
    </trkseg>
  </trk>
</gpx>