<?xml version='1.0' encoding='UTF-8'?>
<gpx version="1.1" creator="https://www.komoot.de" xmlns="http://www.topografix.com/GPX/1/1" xmlns:xsi="http://www.w3.org/2001/XMLSchema-instance" xsi:schemaLocation="http://www.topografix.com/GPX/1/1 http://www.topografix.com/GPX/1/1/gpx.xsd">
  <metadata>
    <name>GR Weit West</name>
    <author>
      <link href="https://www.komoot.de">
        <text>komoot</text>
        <type>text/html</type>
      </link>
    </author>
  </metadata>
  <wpt lat="49.354280" lon="8.942487">
    <name>teo</name>
    <sym>Shopping Center</sym>
  </wpt>
  <trk>
    <name>GR Weit West</name>
    <type>mtb_easy</type>
    <trkseg>
      <trkpt lat="49.244385" lon="9.113011">
        <ele>233.948394</ele>
        <time>2026-07-12T14:01:46.985Z</time>
      </trkpt>
      <trkpt lat="49.244546" lon="9.112560">
        <ele>233.948394</ele>
        <time>2026-07-12T14:01:54.922Z</time>
      </trkpt>
      <trkpt lat="49.244973" lon="9.111562">
        <ele>234.443333</ele>
        <time>2026-07-12T14:02:14.988Z</time>
      </trkpt>
      <trkpt lat="49.245146" lon="9.111027">
        <ele>235.339609</ele>
        <time>2026-07-12T14:02:25.848Z</time>
      </trkpt>
      <trkpt lat="49.245200" lon="9.111007">
        <ele>235.467364</ele>
        <time>2026-07-12T14:02:27.357Z</time>
      </trkpt>
      <trkpt lat="49.245246" lon="9.110942">
        <ele>235.611277</ele>
        <time>2026-07-12T14:02:29.088Z</time>
      </trkpt>
      <trkpt lat="49.245335" lon="9.110663">
        <ele>236.077442</ele>
        <time>2026-07-12T14:02:34.719Z</time>
      </trkpt>
      <trkpt lat="49.245342" lon="9.110641">
        <ele>236.114182</ele>
        <time>2026-07-12T14:02:35.173Z</time>
      </trkpt>
      <trkpt lat="49.245384" lon="9.110546">
        <ele>236.286423</ele>
        <time>2026-07-12T14:02:37.246Z</time>
      </trkpt>
      <trkpt lat="49.245551" lon="9.110172">
        <ele>236.966645</ele>
        <time>2026-07-12T14:02:45.567Z</time>
      </trkpt>
      <trkpt lat="49.245671" lon="9.109902">
        <ele>237.456985</ele>
        <time>2026-07-12T14:02:51.642Z</time>
      </trkpt>
      <trkpt lat="49.245794" lon="9.109629">
        <ele>237.954939</ele>
        <time>2026-07-12T14:02:57.742Z</time>
      </trkpt>
      <trkpt lat="49.245900" lon="9.109391">
        <ele>238.221334</ele>
        <time>2026-07-12T14:03:03.129Z</time>
      </trkpt>
      <trkpt lat="49.245926" lon="9.109337">
        <ele>238.266832</ele>
        <time>2026-07-12T14:03:04.400Z</time>
      </trkpt>
      <trkpt lat="49.246284" lon="9.108587">
        <ele>238.896837</ele>
        <time>2026-07-12T14:03:21.241Z</time>
      </trkpt>
      <trkpt lat="49.246481" lon="9.108053">
        <ele>239.312746</ele>
        <time>2026-07-12T14:03:30.465Z</time>
      </trkpt>
      <trkpt lat="49.246555" lon="9.107781">
        <ele>239.512556</ele>
        <time>2026-07-12T14:03:34.197Z</time>
      </trkpt>
      <trkpt lat="49.246591" lon="9.107656">
        <ele>239.605197</ele>
        <time>2026-07-12T14:03:35.733Z</time>
      </trkpt>
      <trkpt lat="49.246747" lon="9.107106">
        <ele>239.790527</ele>
        <time>2026-07-12T14:03:41.777Z</time>
      </trkpt>
      <trkpt lat="49.246832" lon="9.106807">
        <ele>239.183354</ele>
        <time>2026-07-12T14:03:44.742Z</time>
      </trkpt>
      <trkpt lat="49.246902" lon="9.106584">
        <ele>238.722668</ele>
        <time>2026-07-12T14:03:46.904Z</time>
      </trkpt>
      <trkpt lat="49.247242" lon="9.106689">
        <ele>237.733475</ele>
        <time>2026-07-12T14:03:51.315Z</time>
      </trkpt>
      <trkpt lat="49.247398" lon="9.105777">
        <ele>235.978208</ele>
        <time>2026-07-12T14:04:06.614Z</time>
      </trkpt>
      <trkpt lat="49.248241" lon="9.106086">
        <ele>234.227859</ele>
        <time>2026-07-12T14:04:28.725Z</time>
      </trkpt>
      <trkpt lat="49.248787" lon="9.106406">
        <ele>233.474393</ele>
        <time>2026-07-12T14:04:44.999Z</time>
      </trkpt>
      <trkpt lat="49.248983" lon="9.103597">
        <ele>233.341076</ele>
        <time>2026-07-12T14:05:21.612Z</time>
      </trkpt>
      <trkpt lat="49.249310" lon="9.099162">
        <ele>236.009813</ele>
        <time>2026-07-12T14:06:24.204Z</time>
      </trkpt>
      <trkpt lat="49.249416" lon="9.099013">
        <ele>236.154534</ele>
        <time>2026-07-12T14:06:27.708Z</time>
      </trkpt>
      <trkpt lat="49.249608" lon="9.098919">
        <ele>236.357305</ele>
        <time>2026-07-12T14:06:32.387Z</time>
      </trkpt>
      <trkpt lat="49.250314" lon="9.098371">
        <ele>237.153486</ele>
        <time>2026-07-12T14:06:51.316Z</time>
      </trkpt>
      <trkpt lat="49.250565" lon="9.098162">
        <ele>237.482170</ele>
        <time>2026-07-12T14:06:58.345Z</time>
      </trkpt>
      <trkpt lat="49.250508" lon="9.098072">
        <ele>237.670620</ele>
        <time>2026-07-12T14:07:00.296Z</time>
      </trkpt>
      <trkpt lat="49.250462" lon="9.097967">
        <ele>237.860656</ele>
        <time>2026-07-12T14:07:02.198Z</time>
      </trkpt>
      <trkpt lat="49.250520" lon="9.097055">
        <ele>239.237688</ele>
        <time>2026-07-12T14:07:17.027Z</time>
      </trkpt>
      <trkpt lat="49.250650" lon="9.095949">
        <ele>240.926498</ele>
        <time>2026-07-12T14:07:38.940Z</time>
      </trkpt>
      <trkpt lat="49.250369" lon="9.095842">
        <ele>241.602624</ele>
        <time>2026-07-12T14:07:48.838Z</time>
      </trkpt>
      <trkpt lat="49.250269" lon="9.095748">
        <ele>241.931956</ele>
        <time>2026-07-12T14:07:52.925Z</time>
      </trkpt>
      <trkpt lat="49.250217" lon="9.095584">
        <ele>242.266029</ele>
        <time>2026-07-12T14:07:57.075Z</time>
      </trkpt>
      <trkpt lat="49.250116" lon="9.095222">
        <ele>242.987374</ele>
        <time>2026-07-12T14:08:06.021Z</time>
      </trkpt>
      <trkpt lat="49.249783" lon="9.093208">
        <ele>246.830290</ele>
        <time>2026-07-12T14:08:49.253Z</time>
      </trkpt>
      <trkpt lat="49.249736" lon="9.092728">
        <ele>247.883697</ele>
        <time>2026-07-12T14:08:58.655Z</time>
      </trkpt>
      <trkpt lat="49.249443" lon="9.091865">
        <ele>249.994880</ele>
        <time>2026-07-12T14:09:20.256Z</time>
      </trkpt>
      <trkpt lat="49.249309" lon="9.091461">
        <ele>250.978392</ele>
        <time>2026-07-12T14:09:31.236Z</time>
      </trkpt>
      <trkpt lat="49.249159" lon="9.090873">
        <ele>252.348541</ele>
        <time>2026-07-12T14:09:46.969Z</time>
      </trkpt>
      <trkpt lat="49.248934" lon="9.090328">
        <ele>253.781169</ele>
        <time>2026-07-12T14:10:03.411Z</time>
      </trkpt>
      <trkpt lat="49.248346" lon="9.088499">
        <ele>258.331236</ele>
        <time>2026-07-12T14:10:50.370Z</time>
      </trkpt>
      <trkpt lat="49.248210" lon="9.088115">
        <ele>259.059955</ele>
        <time>2026-07-12T14:10:58.994Z</time>
      </trkpt>
      <trkpt lat="49.248078" lon="9.087703">
        <ele>259.647939</ele>
        <time>2026-07-12T14:11:07.945Z</time>
      </trkpt>
      <trkpt lat="49.247918" lon="9.087305">
        <ele>260.246777</ele>
        <time>2026-07-12T14:11:16.799Z</time>
      </trkpt>
      <trkpt lat="49.247224" lon="9.086279">
        <ele>262.139669</ele>
        <time>2026-07-12T14:11:43.568Z</time>
      </trkpt>
      <trkpt lat="49.246898" lon="9.085649">
        <ele>262.167920</ele>
        <time>2026-07-12T14:11:57.305Z</time>
      </trkpt>
      <trkpt lat="49.246702" lon="9.085396">
        <ele>262.118183</ele>
        <time>2026-07-12T14:12:02.967Z</time>
      </trkpt>
      <trkpt lat="49.246360" lon="9.085250">
        <ele>262.049288</ele>
        <time>2026-07-12T14:12:09.837Z</time>
      </trkpt>
      <trkpt lat="49.247408" lon="9.083288">
        <ele>260.660474</ele>
        <time>2026-07-12T14:12:37.299Z</time>
      </trkpt>
      <trkpt lat="49.249386" lon="9.079482">
        <ele>257.849796</ele>
        <time>2026-07-12T14:13:32.769Z</time>
      </trkpt>
      <trkpt lat="49.251153" lon="9.076145">
        <ele>258.453646</ele>
        <time>2026-07-12T14:14:39.460Z</time>
      </trkpt>
      <trkpt lat="49.251093" lon="9.076071">
        <ele>258.466415</ele>
        <time>2026-07-12T14:14:40.734Z</time>
      </trkpt>
      <trkpt lat="49.250779" lon="9.075871">
        <ele>258.175433</ele>
        <time>2026-07-12T14:14:46.121Z</time>
      </trkpt>
      <trkpt lat="49.250492" lon="9.075467">
        <ele>257.238226</ele>
        <time>2026-07-12T14:14:52.116Z</time>
      </trkpt>
      <trkpt lat="49.250158" lon="9.074790">
        <ele>255.906245</ele>
        <time>2026-07-12T14:15:00.352Z</time>
      </trkpt>
      <trkpt lat="49.249687" lon="9.073672">
        <ele>254.011966</ele>
        <time>2026-07-12T14:15:14.104Z</time>
      </trkpt>
      <trkpt lat="49.249135" lon="9.072529">
        <ele>252.992302</ele>
        <time>2026-07-12T14:15:29.222Z</time>
      </trkpt>
      <trkpt lat="49.248834" lon="9.072616">
        <ele>252.655775</ele>
        <time>2026-07-12T14:15:34.654Z</time>
      </trkpt>
      <trkpt lat="49.248748" lon="9.072620">
        <ele>252.561248</ele>
        <time>2026-07-12T14:15:36.221Z</time>
      </trkpt>
      <trkpt lat="49.248764" lon="9.072508">
        <ele>252.479024</ele>
        <time>2026-07-12T14:15:37.462Z</time>
      </trkpt>
      <trkpt lat="49.248763" lon="9.072076">
        <ele>252.245942</ele>
        <time>2026-07-12T14:15:42.255Z</time>
      </trkpt>
      <trkpt lat="49.248520" lon="9.068831">
        <ele>256.188492</ele>
        <time>2026-07-12T14:16:37.811Z</time>
      </trkpt>
      <trkpt lat="49.248146" lon="9.065416">
        <ele>262.122844</ele>
        <time>2026-07-12T14:17:44.767Z</time>
      </trkpt>
      <trkpt lat="49.248362" lon="9.065090">
        <ele>262.939407</ele>
        <time>2026-07-12T14:17:54.084Z</time>
      </trkpt>
      <trkpt lat="49.248480" lon="9.064918">
        <ele>263.378042</ele>
        <time>2026-07-12T14:17:59.109Z</time>
      </trkpt>
      <trkpt lat="49.248619" lon="9.064889">
        <ele>263.755819</ele>
        <time>2026-07-12T14:18:03.388Z</time>
      </trkpt>
      <trkpt lat="49.249540" lon="9.065318">
        <ele>265.163868</ele>
        <time>2026-07-12T14:18:29.782Z</time>
      </trkpt>
      <trkpt lat="49.249973" lon="9.065399">
        <ele>265.467528</ele>
        <time>2026-07-12T14:18:38.638Z</time>
      </trkpt>
      <trkpt lat="49.250358" lon="9.065407">
        <ele>265.735561</ele>
        <time>2026-07-12T14:18:45.174Z</time>
      </trkpt>
      <trkpt lat="49.250650" lon="9.065504">
        <ele>265.943553</ele>
        <time>2026-07-12T14:18:49.777Z</time>
      </trkpt>
      <trkpt lat="49.250781" lon="9.065494">
        <ele>265.925537</ele>
        <time>2026-07-12T14:18:51.699Z</time>
      </trkpt>
      <trkpt lat="49.250759" lon="9.065245">
        <ele>265.646833</ele>
        <time>2026-07-12T14:18:54.077Z</time>
      </trkpt>
      <trkpt lat="49.250737" lon="9.064978">
        <ele>265.348333</ele>
        <time>2026-07-12T14:18:56.575Z</time>
      </trkpt>
      <trkpt lat="49.250682" lon="9.064459">
        <ele>264.765132</ele>
        <time>2026-07-12T14:19:01.363Z</time>
      </trkpt>
      <trkpt lat="49.250425" lon="9.062014">
        <ele>261.515970</ele>
        <time>2026-07-12T14:19:27.381Z</time>
      </trkpt>
      <trkpt lat="49.251372" lon="9.060423">
        <ele>257.920716</ele>
        <time>2026-07-12T14:19:48.666Z</time>
      </trkpt>
      <trkpt lat="49.251472" lon="9.060099">
        <ele>257.437697</ele>
        <time>2026-07-12T14:19:52.268Z</time>
      </trkpt>
      <trkpt lat="49.251850" lon="9.058082">
        <ele>254.609518</ele>
        <time>2026-07-12T14:20:14.519Z</time>
      </trkpt>
      <trkpt lat="49.251953" lon="9.058094">
        <ele>254.459741</ele>
        <time>2026-07-12T14:20:16.283Z</time>
      </trkpt>
      <trkpt lat="49.251993" lon="9.057952">
        <ele>254.355359</ele>
        <time>2026-07-12T14:20:17.745Z</time>
      </trkpt>
      <trkpt lat="49.252197" lon="9.057693">
        <ele>254.081409</ele>
        <time>2026-07-12T14:20:21.630Z</time>
      </trkpt>
      <trkpt lat="49.252300" lon="9.057512">
        <ele>253.919343</ele>
        <time>2026-07-12T14:20:23.950Z</time>
      </trkpt>
      <trkpt lat="49.252793" lon="9.055958">
        <ele>252.753217</ele>
        <time>2026-07-12T14:20:40.802Z</time>
      </trkpt>
      <trkpt lat="49.252925" lon="9.055552">
        <ele>252.828137</ele>
        <time>2026-07-12T14:20:45.404Z</time>
      </trkpt>
      <trkpt lat="49.253078" lon="9.055127">
        <ele>253.076881</ele>
        <time>2026-07-12T14:20:50.537Z</time>
      </trkpt>
      <trkpt lat="49.253205" lon="9.054942">
        <ele>253.214478</ele>
        <time>2026-07-12T14:20:53.537Z</time>
      </trkpt>
      <trkpt lat="49.253766" lon="9.054633">
        <ele>253.682563</ele>
        <time>2026-07-12T14:21:05.440Z</time>
      </trkpt>
      <trkpt lat="49.253920" lon="9.054612">
        <ele>253.803957</ele>
        <time>2026-07-12T14:21:09.274Z</time>
      </trkpt>
      <trkpt lat="49.254539" lon="9.054011">
        <ele>255.389413</ele>
        <time>2026-07-12T14:21:30.374Z</time>
      </trkpt>
      <trkpt lat="49.254807" lon="9.053835">
        <ele>256.380448</ele>
        <time>2026-07-12T14:21:39.919Z</time>
      </trkpt>
      <trkpt lat="49.255602" lon="9.053218">
        <ele>259.409405</ele>
        <time>2026-07-12T14:22:10.746Z</time>
      </trkpt>
      <trkpt lat="49.256356" lon="9.052306">
        <ele>263.051589</ele>
        <time>2026-07-12T14:22:43.694Z</time>
      </trkpt>
      <trkpt lat="49.256415" lon="9.052235">
        <ele>263.345271</ele>
        <time>2026-07-12T14:22:46.258Z</time>
      </trkpt>
      <trkpt lat="49.256460" lon="9.052198">
        <ele>263.545190</ele>
        <time>2026-07-12T14:22:48.754Z</time>
      </trkpt>
      <trkpt lat="49.258147" lon="9.050800">
        <ele>270.051256</ele>
        <time>2026-07-12T14:24:24.021Z</time>
      </trkpt>
      <trkpt lat="49.259009" lon="9.050162">
        <ele>272.350142</ele>
        <time>2026-07-12T14:25:03.433Z</time>
      </trkpt>
      <trkpt lat="49.259916" lon="9.049568">
        <ele>271.797679</ele>
        <time>2026-07-12T14:25:34.100Z</time>
      </trkpt>
      <trkpt lat="49.259703" lon="9.048207">
        <ele>270.733826</ele>
        <time>2026-07-12T14:25:46.841Z</time>
      </trkpt>
      <trkpt lat="49.259508" lon="9.046704">
        <ele>267.837334</ele>
        <time>2026-07-12T14:25:59.108Z</time>
      </trkpt>
      <trkpt lat="49.260137" lon="9.046498">
        <ele>266.348315</ele>
        <time>2026-07-12T14:26:07.122Z</time>
      </trkpt>
      <trkpt lat="49.260404" lon="9.046046">
        <ele>267.030777</ele>
        <time>2026-07-12T14:26:12.707Z</time>
      </trkpt>
      <trkpt lat="49.260465" lon="9.045947">
        <ele>267.183189</ele>
        <time>2026-07-12T14:26:14.262Z</time>
      </trkpt>
      <trkpt lat="49.261878" lon="9.043588">
        <ele>272.572023</ele>
        <time>2026-07-12T14:27:31.276Z</time>
      </trkpt>
      <trkpt lat="49.263054" lon="9.041659">
        <ele>279.452654</ele>
        <time>2026-07-12T14:28:35.529Z</time>
      </trkpt>
      <trkpt lat="49.263848" lon="9.042006">
        <ele>282.926509</ele>
        <time>2026-07-12T14:29:07.395Z</time>
      </trkpt>
      <trkpt lat="49.264480" lon="9.042353">
        <ele>284.305387</ele>
        <time>2026-07-12T14:29:30.758Z</time>
      </trkpt>
      <trkpt lat="49.264569" lon="9.042303">
        <ele>284.419438</ele>
        <time>2026-07-12T14:29:33.623Z</time>
      </trkpt>
      <trkpt lat="49.265144" lon="9.041988">
        <ele>285.154136</ele>
        <time>2026-07-12T14:29:49.131Z</time>
      </trkpt>
      <trkpt lat="49.266041" lon="9.041718">
        <ele>284.632984</ele>
        <time>2026-07-12T14:30:02.112Z</time>
      </trkpt>
      <trkpt lat="49.266990" lon="9.041379">
        <ele>280.577677</ele>
        <time>2026-07-12T14:30:13.663Z</time>
      </trkpt>
      <trkpt lat="49.267112" lon="9.041181">
        <ele>279.838149</ele>
        <time>2026-07-12T14:30:15.679Z</time>
      </trkpt>
      <trkpt lat="49.267338" lon="9.040606">
        <ele>278.121269</ele>
        <time>2026-07-12T14:30:20.642Z</time>
      </trkpt>
      <trkpt lat="49.267734" lon="9.039801">
        <ele>276.127963</ele>
        <time>2026-07-12T14:30:28.313Z</time>
      </trkpt>
      <trkpt lat="49.267640" lon="9.039210">
        <ele>274.925205</ele>
        <time>2026-07-12T14:30:34.199Z</time>
      </trkpt>
      <trkpt lat="49.267603" lon="9.038478">
        <ele>273.473532</ele>
        <time>2026-07-12T14:30:42.341Z</time>
      </trkpt>
      <trkpt lat="49.267690" lon="9.037908">
        <ele>273.303156</ele>
        <time>2026-07-12T14:30:50.392Z</time>
      </trkpt>
      <trkpt lat="49.267638" lon="9.037049">
        <ele>274.232746</ele>
        <time>2026-07-12T14:31:06.125Z</time>
      </trkpt>
      <trkpt lat="49.267672" lon="9.036026">
        <ele>275.336510</ele>
        <time>2026-07-12T14:31:26.956Z</time>
      </trkpt>
      <trkpt lat="49.267652" lon="9.035691">
        <ele>275.698997</ele>
        <time>2026-07-12T14:31:33.641Z</time>
      </trkpt>
      <trkpt lat="49.267427" lon="9.035104">
        <ele>276.475499</ele>
        <time>2026-07-12T14:31:46.501Z</time>
      </trkpt>
      <trkpt lat="49.266952" lon="9.033565">
        <ele>278.465200</ele>
        <time>2026-07-12T14:32:15.423Z</time>
      </trkpt>
      <trkpt lat="49.266998" lon="9.033382">
        <ele>278.694395</ele>
        <time>2026-07-12T14:32:18.916Z</time>
      </trkpt>
      <trkpt lat="49.267640" lon="9.033085">
        <ele>280.445830</ele>
        <time>2026-07-12T14:32:39.200Z</time>
      </trkpt>
      <trkpt lat="49.269006" lon="9.032503">
        <ele>284.814793</ele>
        <time>2026-07-12T14:33:30.274Z</time>
      </trkpt>
      <trkpt lat="49.269248" lon="9.032361">
        <ele>285.366221</ele>
        <time>2026-07-12T14:33:39.270Z</time>
      </trkpt>
      <trkpt lat="49.269446" lon="9.032122">
        <ele>285.902557</ele>
        <time>2026-07-12T14:33:47.567Z</time>
      </trkpt>
      <trkpt lat="49.270124" lon="9.031078">
        <ele>287.947779</ele>
        <time>2026-07-12T14:34:14.370Z</time>
      </trkpt>
      <trkpt lat="49.270580" lon="9.030664">
        <ele>288.505011</ele>
        <time>2026-07-12T14:34:27.922Z</time>
      </trkpt>
      <trkpt lat="49.270888" lon="9.030247">
        <ele>288.406218</ele>
        <time>2026-07-12T14:34:37.625Z</time>
      </trkpt>
      <trkpt lat="49.270978" lon="9.030202">
        <ele>288.383461</ele>
        <time>2026-07-12T14:34:39.700Z</time>
      </trkpt>
      <trkpt lat="49.271146" lon="9.030132">
        <ele>288.341609</ele>
        <time>2026-07-12T14:34:43.342Z</time>
      </trkpt>
      <trkpt lat="49.271460" lon="9.029586">
        <ele>288.227452</ele>
        <time>2026-07-12T14:34:51.096Z</time>
      </trkpt>
      <trkpt lat="49.272124" lon="9.028631">
        <ele>285.906626</ele>
        <time>2026-07-12T14:35:03.211Z</time>
      </trkpt>
      <trkpt lat="49.272338" lon="9.028502">
        <ele>284.898901</ele>
        <time>2026-07-12T14:35:05.963Z</time>
      </trkpt>
      <trkpt lat="49.275032" lon="9.027063">
        <ele>270.094717</ele>
        <time>2026-07-12T14:35:38.636Z</time>
      </trkpt>
      <trkpt lat="49.275308" lon="9.026927">
        <ele>268.991786</ele>
        <time>2026-07-12T14:35:41.880Z</time>
      </trkpt>
      <trkpt lat="49.275709" lon="9.026689">
        <ele>267.375472</ele>
        <time>2026-07-12T14:35:46.795Z</time>
      </trkpt>
      <trkpt lat="49.275817" lon="9.026631">
        <ele>266.945331</ele>
        <time>2026-07-12T14:35:48.316Z</time>
      </trkpt>
      <trkpt lat="49.276032" lon="9.026640">
        <ele>266.136899</ele>
        <time>2026-07-12T14:35:51.553Z</time>
      </trkpt>
      <trkpt lat="49.276435" lon="9.026576">
        <ele>264.614014</ele>
        <time>2026-07-12T14:35:57.845Z</time>
      </trkpt>
      <trkpt lat="49.276707" lon="9.026480">
        <ele>263.564880</ele>
        <time>2026-07-12T14:36:01.997Z</time>
      </trkpt>
      <trkpt lat="49.276858" lon="9.026383">
        <ele>263.229164</ele>
        <time>2026-07-12T14:36:04.364Z</time>
      </trkpt>
      <trkpt lat="49.277024" lon="9.026188">
        <ele>263.079750</ele>
        <time>2026-07-12T14:36:07.617Z</time>
      </trkpt>
      <trkpt lat="49.277105" lon="9.026049">
        <ele>262.992883</ele>
        <time>2026-07-12T14:36:09.720Z</time>
      </trkpt>
      <trkpt lat="49.277922" lon="9.025265">
        <ele>262.304262</ele>
        <time>2026-07-12T14:36:28.124Z</time>
      </trkpt>
      <trkpt lat="49.278549" lon="9.024853">
        <ele>261.916715</ele>
        <time>2026-07-12T14:36:39.936Z</time>
      </trkpt>
      <trkpt lat="49.279564" lon="9.024387">
        <ele>261.551391</ele>
        <time>2026-07-12T14:37:03.335Z</time>
      </trkpt>
      <trkpt lat="49.281545" lon="9.023419">
        <ele>257.691155</ele>
        <time>2026-07-12T14:37:35.810Z</time>
      </trkpt>
      <trkpt lat="49.282532" lon="9.022981">
        <ele>253.180702</ele>
        <time>2026-07-12T14:37:49.749Z</time>
      </trkpt>
      <trkpt lat="49.283047" lon="9.022870">
        <ele>250.653330</ele>
        <time>2026-07-12T14:37:56.641Z</time>
      </trkpt>
      <trkpt lat="49.284240" lon="9.022767">
        <ele>243.198373</ele>
        <time>2026-07-12T14:38:12.167Z</time>
      </trkpt>
      <trkpt lat="49.284953" lon="9.022707">
        <ele>238.170127</ele>
        <time>2026-07-12T14:38:21.081Z</time>
      </trkpt>
      <trkpt lat="49.285553" lon="9.022492">
        <ele>233.777604</ele>
        <time>2026-07-12T14:38:28.613Z</time>
      </trkpt>
      <trkpt lat="49.286069" lon="9.022578">
        <ele>230.025647</ele>
        <time>2026-07-12T14:38:34.906Z</time>
      </trkpt>
      <trkpt lat="49.287013" lon="9.022818">
        <ele>223.108614</ele>
        <time>2026-07-12T14:38:47.030Z</time>
      </trkpt>
      <trkpt lat="49.288000" lon="9.023007">
        <ele>219.471154</ele>
        <time>2026-07-12T14:39:01.042Z</time>
      </trkpt>
      <trkpt lat="49.288687" lon="9.022930">
        <ele>217.043852</ele>
        <time>2026-07-12T14:39:11.500Z</time>
      </trkpt>
      <trkpt lat="49.289279" lon="9.022921">
        <ele>215.243675</ele>
        <time>2026-07-12T14:39:19.977Z</time>
      </trkpt>
      <trkpt lat="49.289555" lon="9.022857">
        <ele>214.441027</ele>
        <time>2026-07-12T14:39:23.950Z</time>
      </trkpt>
      <trkpt lat="49.289906" lon="9.022625">
        <ele>213.341951</ele>
        <time>2026-07-12T14:39:29.423Z</time>
      </trkpt>
      <trkpt lat="49.290043" lon="9.022471">
        <ele>212.853482</ele>
        <time>2026-07-12T14:39:31.887Z</time>
      </trkpt>
      <trkpt lat="49.291120" lon="9.022747">
        <ele>209.963179</ele>
        <time>2026-07-12T14:39:48.484Z</time>
      </trkpt>
      <trkpt lat="49.291640" lon="9.023021">
        <ele>208.624644</ele>
        <time>2026-07-12T14:39:57.063Z</time>
      </trkpt>
      <trkpt lat="49.292430" lon="9.022995">
        <ele>206.739819</ele>
        <time>2026-07-12T14:40:08.546Z</time>
      </trkpt>
      <trkpt lat="49.293116" lon="9.022883">
        <ele>205.310170</ele>
        <time>2026-07-12T14:40:18.693Z</time>
      </trkpt>
      <trkpt lat="49.294144" lon="9.022965">
        <ele>203.211271</ele>
        <time>2026-07-12T14:40:34.973Z</time>
      </trkpt>
      <trkpt lat="49.294691" lon="9.022830">
        <ele>202.749983</ele>
        <time>2026-07-12T14:40:44.953Z</time>
      </trkpt>
      <trkpt lat="49.295623" lon="9.022399">
        <ele>201.939488</ele>
        <time>2026-07-12T14:41:02.269Z</time>
      </trkpt>
      <trkpt lat="49.295903" lon="9.022393">
        <ele>201.641297</ele>
        <time>2026-07-12T14:41:07.394Z</time>
      </trkpt>
      <trkpt lat="49.296987" lon="9.022486">
        <ele>198.806793</ele>
        <time>2026-07-12T14:41:24.337Z</time>
      </trkpt>
      <trkpt lat="49.297759" lon="9.022651">
        <ele>196.757903</ele>
        <time>2026-07-12T14:41:34.943Z</time>
      </trkpt>
      <trkpt lat="49.298109" lon="9.022808">
        <ele>195.756703</ele>
        <time>2026-07-12T14:41:39.997Z</time>
      </trkpt>
      <trkpt lat="49.298364" lon="9.022867">
        <ele>195.048673</ele>
        <time>2026-07-12T14:41:43.601Z</time>
      </trkpt>
      <trkpt lat="49.298528" lon="9.022863">
        <ele>194.598352</ele>
        <time>2026-07-12T14:41:45.937Z</time>
      </trkpt>
      <trkpt lat="49.298655" lon="9.022818">
        <ele>194.240484</ele>
        <time>2026-07-12T14:41:47.830Z</time>
      </trkpt>
      <trkpt lat="49.298750" lon="9.022740">
        <ele>193.944628</ele>
        <time>2026-07-12T14:41:49.415Z</time>
      </trkpt>
      <trkpt lat="49.298829" lon="9.022510">
        <ele>193.479209</ele>
        <time>2026-07-12T14:41:51.661Z</time>
      </trkpt>
      <trkpt lat="49.298898" lon="9.022435">
        <ele>193.247006</ele>
        <time>2026-07-12T14:41:52.822Z</time>
      </trkpt>
      <trkpt lat="49.298998" lon="9.022375">
        <ele>192.952187</ele>
        <time>2026-07-12T14:41:54.328Z</time>
      </trkpt>
      <trkpt lat="49.299225" lon="9.022533">
        <ele>192.267761</ele>
        <time>2026-07-12T14:41:58.030Z</time>
      </trkpt>
      <trkpt lat="49.299373" lon="9.022581">
        <ele>192.051188</ele>
        <time>2026-07-12T14:42:00.512Z</time>
      </trkpt>
      <trkpt lat="49.299524" lon="9.022460">
        <ele>191.954837</ele>
        <time>2026-07-12T14:42:03.410Z</time>
      </trkpt>
      <trkpt lat="49.299696" lon="9.022267">
        <ele>191.834306</ele>
        <time>2026-07-12T14:42:07.008Z</time>
      </trkpt>
      <trkpt lat="49.300164" lon="9.021541">
        <ele>191.457834</ele>
        <time>2026-07-12T14:42:17.142Z</time>
      </trkpt>
      <trkpt lat="49.300499" lon="9.021208">
        <ele>191.232062</ele>
        <time>2026-07-12T14:42:23.328Z</time>
      </trkpt>
      <trkpt lat="49.300631" lon="9.021149">
        <ele>191.154306</ele>
        <time>2026-07-12T14:42:25.504Z</time>
      </trkpt>
      <trkpt lat="49.300761" lon="9.021170">
        <ele>191.089394</ele>
        <time>2026-07-12T14:42:27.572Z</time>
      </trkpt>
      <trkpt lat="49.301184" lon="9.021412">
        <ele>191.278305</ele>
        <time>2026-07-12T14:42:35.604Z</time>
      </trkpt>
      <trkpt lat="49.301376" lon="9.021412">
        <ele>191.358644</ele>
        <time>2026-07-12T14:42:39.791Z</time>
      </trkpt>
      <trkpt lat="49.301890" lon="9.021223">
        <ele>191.579812</ele>
        <time>2026-07-12T14:42:51.845Z</time>
      </trkpt>
      <trkpt lat="49.302363" lon="9.021112">
        <ele>191.780033</ele>
        <time>2026-07-12T14:43:01.242Z</time>
      </trkpt>
      <trkpt lat="49.302681" lon="9.020931">
        <ele>191.560738</ele>
        <time>2026-07-12T14:43:06.888Z</time>
      </trkpt>
      <trkpt lat="49.302689" lon="9.020976">
        <ele>191.518605</ele>
        <time>2026-07-12T14:43:07.357Z</time>
      </trkpt>
      <trkpt lat="49.302706" lon="9.021071">
        <ele>191.429618</ele>
        <time>2026-07-12T14:43:08.341Z</time>
      </trkpt>
      <trkpt lat="49.302714" lon="9.021112">
        <ele>191.390960</ele>
        <time>2026-07-12T14:43:08.799Z</time>
      </trkpt>
      <trkpt lat="49.303135" lon="9.020812">
        <ele>190.747859</ele>
        <time>2026-07-12T14:43:15.853Z</time>
      </trkpt>
      <trkpt lat="49.303381" lon="9.020559">
        <ele>190.337538</ele>
        <time>2026-07-12T14:43:19.877Z</time>
      </trkpt>
      <trkpt lat="49.303603" lon="9.020274">
        <ele>189.936470</ele>
        <time>2026-07-12T14:43:23.641Z</time>
      </trkpt>
      <trkpt lat="49.303956" lon="9.019670">
        <ele>189.223251</ele>
        <time>2026-07-12T14:43:30.621Z</time>
      </trkpt>
      <trkpt lat="49.304163" lon="9.019181">
        <ele>188.768407</ele>
        <time>2026-07-12T14:43:35.941Z</time>
      </trkpt>
      <trkpt lat="49.304269" lon="9.018775">
        <ele>188.427214</ele>
        <time>2026-07-12T14:43:40.155Z</time>
      </trkpt>
      <trkpt lat="49.304357" lon="9.018270">
        <ele>188.019407</ele>
        <time>2026-07-12T14:43:45.278Z</time>
      </trkpt>
      <trkpt lat="49.304577" lon="9.016401">
        <ele>186.845852</ele>
        <time>2026-07-12T14:44:04.225Z</time>
      </trkpt>
      <trkpt lat="49.304671" lon="9.015919">
        <ele>186.637516</ele>
        <time>2026-07-12T14:44:09.328Z</time>
      </trkpt>
      <trkpt lat="49.304965" lon="9.014946">
        <ele>186.193429</ele>
        <time>2026-07-12T14:44:20.341Z</time>
      </trkpt>
      <trkpt lat="49.305236" lon="9.014357">
        <ele>185.920019</ele>
        <time>2026-07-12T14:44:27.742Z</time>
      </trkpt>
      <trkpt lat="49.305521" lon="9.013835">
        <ele>185.683111</ele>
        <time>2026-07-12T14:44:34.753Z</time>
      </trkpt>
      <trkpt lat="49.305922" lon="9.012945">
        <ele>185.306677</ele>
        <time>2026-07-12T14:44:45.895Z</time>
      </trkpt>
      <trkpt lat="49.306372" lon="9.012039">
        <ele>184.983622</ele>
        <time>2026-07-12T14:44:57.475Z</time>
      </trkpt>
      <trkpt lat="49.306724" lon="9.011200">
        <ele>184.776288</ele>
        <time>2026-07-12T14:45:07.854Z</time>
      </trkpt>
      <trkpt lat="49.306928" lon="9.010602">
        <ele>184.636034</ele>
        <time>2026-07-12T14:45:15.094Z</time>
      </trkpt>
      <trkpt lat="49.307341" lon="9.009091">
        <ele>184.532248</ele>
        <time>2026-07-12T14:45:33.314Z</time>
      </trkpt>
      <trkpt lat="49.307807" lon="9.005999">
        <ele>184.521998</ele>
        <time>2026-07-12T14:46:09.269Z</time>
      </trkpt>
      <trkpt lat="49.308058" lon="9.005251">
        <ele>184.504462</ele>
        <time>2026-07-12T14:46:18.647Z</time>
      </trkpt>
      <trkpt lat="49.308777" lon="9.003955">
        <ele>184.269231</ele>
        <time>2026-07-12T14:46:36.826Z</time>
      </trkpt>
      <trkpt lat="49.309339" lon="9.004367">
        <ele>184.099538</ele>
        <time>2026-07-12T14:46:46.913Z</time>
      </trkpt>
      <trkpt lat="49.309572" lon="9.002230">
        <ele>183.775763</ele>
        <time>2026-07-12T14:47:30.749Z</time>
      </trkpt>
      <trkpt lat="49.309876" lon="8.999566">
        <ele>183.449590</ele>
        <time>2026-07-12T14:48:05.087Z</time>
      </trkpt>
      <trkpt lat="49.310175" lon="8.999562">
        <ele>183.400684</ele>
        <time>2026-07-12T14:48:10.291Z</time>
      </trkpt>
      <trkpt lat="49.310597" lon="8.999684">
        <ele>183.330446</ele>
        <time>2026-07-12T14:48:17.714Z</time>
      </trkpt>
      <trkpt lat="49.310677" lon="8.999725">
        <ele>183.309994</ele>
        <time>2026-07-12T14:48:19.174Z</time>
      </trkpt>
      <trkpt lat="49.310848" lon="8.999280">
        <ele>183.206581</ele>
        <time>2026-07-12T14:48:24.789Z</time>
      </trkpt>
      <trkpt lat="49.310987" lon="8.998977">
        <ele>183.132408</ele>
        <time>2026-07-12T14:48:28.846Z</time>
      </trkpt>
      <trkpt lat="49.311477" lon="8.998211">
        <ele>182.917564</ele>
        <time>2026-07-12T14:48:40.296Z</time>
      </trkpt>
      <trkpt lat="49.311578" lon="8.997964">
        <ele>182.859194</ele>
        <time>2026-07-12T14:48:46.085Z</time>
      </trkpt>
      <trkpt lat="49.311879" lon="8.995544">
        <ele>181.998898</ele>
        <time>2026-07-12T14:49:34.671Z</time>
      </trkpt>
      <trkpt lat="49.311863" lon="8.995446">
        <ele>181.960384</ele>
        <time>2026-07-12T14:49:36.659Z</time>
      </trkpt>
      <trkpt lat="49.312029" lon="8.994063">
        <ele>181.449625</ele>
        <time>2026-07-12T14:50:04.110Z</time>
      </trkpt>
      <trkpt lat="49.312594" lon="8.992281">
        <ele>180.758912</ele>
        <time>2026-07-12T14:50:42.962Z</time>
      </trkpt>
      <trkpt lat="49.312963" lon="8.991711">
        <ele>181.164529</ele>
        <time>2026-07-12T14:50:59.683Z</time>
      </trkpt>
      <trkpt lat="49.313056" lon="8.991681">
        <ele>181.238340</ele>
        <time>2026-07-12T14:51:02.846Z</time>
      </trkpt>
      <trkpt lat="49.313053" lon="8.991609">
        <ele>181.274871</ele>
        <time>2026-07-12T14:51:04.436Z</time>
      </trkpt>
      <trkpt lat="49.313087" lon="8.991489">
        <ele>181.341123</ele>
        <time>2026-07-12T14:51:07.333Z</time>
      </trkpt>
      <trkpt lat="49.314105" lon="8.989860">
        <ele>182.325137</ele>
        <time>2026-07-12T14:52:03.749Z</time>
      </trkpt>
      <trkpt lat="49.314190" lon="8.989710">
        <ele>182.377161</ele>
        <time>2026-07-12T14:52:08.339Z</time>
      </trkpt>
      <trkpt lat="49.313988" lon="8.989485">
        <ele>182.477396</ele>
        <time>2026-07-12T14:52:17.096Z</time>
      </trkpt>
      <trkpt lat="49.314155" lon="8.989314">
        <ele>182.558018</ele>
        <time>2026-07-12T14:52:21.251Z</time>
      </trkpt>
      <trkpt lat="49.314213" lon="8.989175">
        <ele>182.601217</ele>
        <time>2026-07-12T14:52:23.603Z</time>
      </trkpt>
      <trkpt lat="49.314336" lon="8.988287">
        <ele>182.838846</ele>
        <time>2026-07-12T14:52:35.018Z</time>
      </trkpt>
      <trkpt lat="49.313918" lon="8.985125">
        <ele>181.580763</ele>
        <time>2026-07-12T14:53:12.300Z</time>
      </trkpt>
      <trkpt lat="49.313844" lon="8.984871">
        <ele>181.590819</ele>
        <time>2026-07-12T14:53:16.287Z</time>
      </trkpt>
      <trkpt lat="49.313501" lon="8.984275">
        <ele>181.619554</ele>
        <time>2026-07-12T14:53:27.581Z</time>
      </trkpt>
      <trkpt lat="49.313277" lon="8.984006">
        <ele>181.635327</ele>
        <time>2026-07-12T14:53:33.498Z</time>
      </trkpt>
      <trkpt lat="49.312994" lon="8.983780">
        <ele>181.653017</ele>
        <time>2026-07-12T14:53:40.283Z</time>
      </trkpt>
      <trkpt lat="49.313465" lon="8.983026">
        <ele>181.721387</ele>
        <time>2026-07-12T14:53:54.336Z</time>
      </trkpt>
      <trkpt lat="49.314724" lon="8.981008">
        <ele>182.380571</ele>
        <time>2026-07-12T14:54:30.840Z</time>
      </trkpt>
      <trkpt lat="49.315753" lon="8.979472">
        <ele>183.930268</ele>
        <time>2026-07-12T14:55:09.898Z</time>
      </trkpt>
      <trkpt lat="49.316097" lon="8.979070">
        <ele>183.764225</ele>
        <time>2026-07-12T14:55:20.833Z</time>
      </trkpt>
      <trkpt lat="49.316297" lon="8.978875">
        <ele>183.673235</ele>
        <time>2026-07-12T14:55:25.652Z</time>
      </trkpt>
      <trkpt lat="49.316528" lon="8.978711">
        <ele>183.575502</ele>
        <time>2026-07-12T14:55:30.349Z</time>
      </trkpt>
      <trkpt lat="49.316841" lon="8.978448">
        <ele>183.438475</ele>
        <time>2026-07-12T14:55:35.854Z</time>
      </trkpt>
      <trkpt lat="49.317149" lon="8.978274">
        <ele>183.312452</ele>
        <time>2026-07-12T14:55:40.368Z</time>
      </trkpt>
      <trkpt lat="49.317231" lon="8.978218">
        <ele>183.277988</ele>
        <time>2026-07-12T14:55:41.561Z</time>
      </trkpt>
      <trkpt lat="49.317822" lon="8.977348">
        <ele>181.903410</ele>
        <time>2026-07-12T14:55:52.397Z</time>
      </trkpt>
      <trkpt lat="49.318096" lon="8.976923">
        <ele>181.218802</ele>
        <time>2026-07-12T14:55:58.010Z</time>
      </trkpt>
      <trkpt lat="49.318648" lon="8.976538">
        <ele>180.153417</ele>
        <time>2026-07-12T14:56:06.608Z</time>
      </trkpt>
      <trkpt lat="49.318829" lon="8.976311">
        <ele>179.779892</ele>
        <time>2026-07-12T14:56:09.924Z</time>
      </trkpt>
      <trkpt lat="49.318963" lon="8.976323">
        <ele>179.568646</ele>
        <time>2026-07-12T14:56:11.797Z</time>
      </trkpt>
      <trkpt lat="49.319458" lon="8.976173">
        <ele>178.774569</ele>
        <time>2026-07-12T14:56:18.727Z</time>
      </trkpt>
      <trkpt lat="49.319580" lon="8.976130">
        <ele>178.577565</ele>
        <time>2026-07-12T14:56:20.439Z</time>
      </trkpt>
      <trkpt lat="49.319858" lon="8.975948">
        <ele>178.101880</ele>
        <time>2026-07-12T14:56:24.544Z</time>
      </trkpt>
      <trkpt lat="49.319881" lon="8.975866">
        <ele>178.010303</ele>
        <time>2026-07-12T14:56:25.374Z</time>
      </trkpt>
      <trkpt lat="49.320237" lon="8.975472">
        <ele>177.319460</ele>
        <time>2026-07-12T14:56:31.961Z</time>
      </trkpt>
      <trkpt lat="49.320327" lon="8.975383">
        <ele>177.255048</ele>
        <time>2026-07-12T14:56:33.638Z</time>
      </trkpt>
      <trkpt lat="49.320520" lon="8.975181">
        <ele>177.211389</ele>
        <time>2026-07-12T14:56:37.450Z</time>
      </trkpt>
      <trkpt lat="49.320553" lon="8.975145">
        <ele>177.203822</ele>
        <time>2026-07-12T14:56:38.128Z</time>
      </trkpt>
      <trkpt lat="49.320628" lon="8.975066">
        <ele>177.186822</ele>
        <time>2026-07-12T14:56:39.660Z</time>
      </trkpt>
      <trkpt lat="49.321150" lon="8.974459">
        <ele>177.064425</ele>
        <time>2026-07-12T14:56:50.896Z</time>
      </trkpt>
      <trkpt lat="49.321254" lon="8.974242">
        <ele>177.031618</ele>
        <time>2026-07-12T14:56:54.014Z</time>
      </trkpt>
      <trkpt lat="49.321356" lon="8.973947">
        <ele>176.990944</ele>
        <time>2026-07-12T14:56:58.111Z</time>
      </trkpt>
      <trkpt lat="49.321463" lon="8.973534">
        <ele>176.936812</ele>
        <time>2026-07-12T14:57:03.972Z</time>
      </trkpt>
      <trkpt lat="49.321564" lon="8.973483">
        <ele>177.060806</ele>
        <time>2026-07-12T14:57:06.097Z</time>
      </trkpt>
      <trkpt lat="49.321717" lon="8.973488">
        <ele>177.288902</ele>
        <time>2026-07-12T14:57:09.195Z</time>
      </trkpt>
      <trkpt lat="49.321778" lon="8.973490">
        <ele>177.379842</ele>
        <time>2026-07-12T14:57:10.487Z</time>
      </trkpt>
      <trkpt lat="49.322590" lon="8.973517">
        <ele>178.590401</ele>
        <time>2026-07-12T14:57:29.275Z</time>
      </trkpt>
      <trkpt lat="49.322761" lon="8.973524">
        <ele>178.845364</ele>
        <time>2026-07-12T14:57:33.317Z</time>
      </trkpt>
      <trkpt lat="49.323152" lon="8.973582">
        <ele>179.430862</ele>
        <time>2026-07-12T14:57:43.685Z</time>
      </trkpt>
      <trkpt lat="49.323259" lon="8.973604">
        <ele>179.591769</ele>
        <time>2026-07-12T14:57:46.757Z</time>
      </trkpt>
      <trkpt lat="49.323464" lon="8.973674">
        <ele>180.209846</ele>
        <time>2026-07-12T14:57:52.980Z</time>
      </trkpt>
      <trkpt lat="49.323600" lon="8.973762">
        <ele>180.660483</ele>
        <time>2026-07-12T14:57:57.520Z</time>
      </trkpt>
      <trkpt lat="49.323761" lon="8.973933">
        <ele>181.258320</ele>
        <time>2026-07-12T14:58:03.379Z</time>
      </trkpt>
      <trkpt lat="49.324328" lon="8.973033">
        <ele>183.749141</ele>
        <time>2026-07-12T14:58:29.485Z</time>
      </trkpt>
      <trkpt lat="49.324330" lon="8.972900">
        <ele>184.013872</ele>
        <time>2026-07-12T14:58:32.518Z</time>
      </trkpt>
      <trkpt lat="49.324232" lon="8.972679">
        <ele>184.545778</ele>
        <time>2026-07-12T14:58:38.726Z</time>
      </trkpt>
      <trkpt lat="49.324083" lon="8.972469">
        <ele>185.204768</ele>
        <time>2026-07-12T14:58:46.225Z</time>
      </trkpt>
      <trkpt lat="49.324804" lon="8.971149">
        <ele>191.059784</ele>
        <time>2026-07-12T14:59:29.599Z</time>
      </trkpt>
      <trkpt lat="49.324849" lon="8.971107">
        <ele>191.334522</ele>
        <time>2026-07-12T14:59:31.980Z</time>
      </trkpt>
      <trkpt lat="49.325030" lon="8.970938">
        <ele>192.439695</ele>
        <time>2026-07-12T14:59:41.700Z</time>
      </trkpt>
      <trkpt lat="49.325257" lon="8.970740">
        <ele>193.801688</ele>
        <time>2026-07-12T14:59:53.578Z</time>
      </trkpt>
      <trkpt lat="49.325426" lon="8.970583">
        <ele>194.870957</ele>
        <time>2026-07-12T15:00:02.448Z</time>
      </trkpt>
      <trkpt lat="49.325581" lon="8.970439">
        <ele>195.922242</ele>
        <time>2026-07-12T15:00:11.138Z</time>
      </trkpt>
      <trkpt lat="49.325707" lon="8.970325">
        <ele>196.770903</ele>
        <time>2026-07-12T15:00:18.361Z</time>
      </trkpt>
      <trkpt lat="49.325989" lon="8.970019">
        <ele>198.774826</ele>
        <time>2026-07-12T15:00:35.017Z</time>
      </trkpt>
      <trkpt lat="49.326132" lon="8.969919">
        <ele>199.686590</ele>
        <time>2026-07-12T15:00:42.224Z</time>
      </trkpt>
      <trkpt lat="49.326308" lon="8.969943">
        <ele>200.711730</ele>
        <time>2026-07-12T15:00:49.973Z</time>
      </trkpt>
      <trkpt lat="49.326471" lon="8.969790">
        <ele>201.820352</ele>
        <time>2026-07-12T15:00:58.677Z</time>
      </trkpt>
      <trkpt lat="49.326645" lon="8.969587">
        <ele>203.088552</ele>
        <time>2026-07-12T15:01:08.055Z</time>
      </trkpt>
      <trkpt lat="49.326772" lon="8.969366">
        <ele>204.202666</ele>
        <time>2026-07-12T15:01:15.853Z</time>
      </trkpt>
      <trkpt lat="49.326975" lon="8.968791">
        <ele>205.905426</ele>
        <time>2026-07-12T15:01:32.440Z</time>
      </trkpt>
      <trkpt lat="49.327060" lon="8.968620">
        <ele>206.361459</ele>
        <time>2026-07-12T15:01:37.865Z</time>
      </trkpt>
      <trkpt lat="49.327309" lon="8.968332">
        <ele>207.376001</ele>
        <time>2026-07-12T15:01:48.737Z</time>
      </trkpt>
      <trkpt lat="49.327691" lon="8.968002">
        <ele>208.802325</ele>
        <time>2026-07-12T15:02:02.365Z</time>
      </trkpt>
      <trkpt lat="49.327810" lon="8.967989">
        <ele>209.190483</ele>
        <time>2026-07-12T15:02:06.010Z</time>
      </trkpt>
      <trkpt lat="49.328185" lon="8.967971">
        <ele>210.411180</ele>
        <time>2026-07-12T15:02:16.353Z</time>
      </trkpt>
      <trkpt lat="49.329598" lon="8.967749">
        <ele>215.460810</ele>
        <time>2026-07-12T15:03:02.035Z</time>
      </trkpt>
      <trkpt lat="49.330563" lon="8.967373">
        <ele>218.858955</ele>
        <time>2026-07-12T15:03:38.743Z</time>
      </trkpt>
      <trkpt lat="49.330810" lon="8.967243">
        <ele>219.707768</ele>
        <time>2026-07-12T15:03:48.816Z</time>
      </trkpt>
      <trkpt lat="49.331531" lon="8.966361">
        <ele>222.705057</ele>
        <time>2026-07-12T15:04:18.378Z</time>
      </trkpt>
      <trkpt lat="49.331858" lon="8.966066">
        <ele>222.770197</ele>
        <time>2026-07-12T15:04:26.109Z</time>
      </trkpt>
      <trkpt lat="49.331934" lon="8.965977">
        <ele>222.666855</ele>
        <time>2026-07-12T15:04:27.696Z</time>
      </trkpt>
      <trkpt lat="49.332559" lon="8.965185">
        <ele>221.790681</ele>
        <time>2026-07-12T15:04:38.798Z</time>
      </trkpt>
      <trkpt lat="49.332781" lon="8.964822">
        <ele>221.440010</ele>
        <time>2026-07-12T15:04:43.035Z</time>
      </trkpt>
      <trkpt lat="49.332990" lon="8.964406">
        <ele>221.113408</ele>
        <time>2026-07-12T15:04:47.608Z</time>
      </trkpt>
      <trkpt lat="49.333105" lon="8.963971">
        <ele>221.085513</ele>
        <time>2026-07-12T15:04:51.890Z</time>
      </trkpt>
      <trkpt lat="49.333155" lon="8.963660">
        <ele>221.066478</ele>
        <time>2026-07-12T15:04:54.966Z</time>
      </trkpt>
      <trkpt lat="49.333354" lon="8.963104">
        <ele>221.028783</ele>
        <time>2026-07-12T15:05:01.548Z</time>
      </trkpt>
      <trkpt lat="49.333993" lon="8.962038">
        <ele>221.120364</ele>
        <time>2026-07-12T15:05:22.587Z</time>
      </trkpt>
      <trkpt lat="49.335606" lon="8.960482">
        <ele>223.448067</ele>
        <time>2026-07-12T15:06:09.925Z</time>
      </trkpt>
      <trkpt lat="49.335807" lon="8.960249">
        <ele>223.369434</ele>
        <time>2026-07-12T15:06:13.851Z</time>
      </trkpt>
      <trkpt lat="49.336166" lon="8.959985">
        <ele>223.245166</ele>
        <time>2026-07-12T15:06:19.607Z</time>
      </trkpt>
      <trkpt lat="49.336882" lon="8.959455">
        <ele>222.997017</ele>
        <time>2026-07-12T15:06:31.064Z</time>
      </trkpt>
      <trkpt lat="49.337607" lon="8.958885">
        <ele>223.387023</ele>
        <time>2026-07-12T15:06:47.599Z</time>
      </trkpt>
      <trkpt lat="49.338263" lon="8.958417">
        <ele>223.842057</ele>
        <time>2026-07-12T15:07:05.418Z</time>
      </trkpt>
      <trkpt lat="49.338427" lon="8.958317">
        <ele>223.953059</ele>
        <time>2026-07-12T15:07:08.848Z</time>
      </trkpt>
      <trkpt lat="49.338627" lon="8.958249">
        <ele>224.081910</ele>
        <time>2026-07-12T15:07:12.318Z</time>
      </trkpt>
      <trkpt lat="49.339761" lon="8.957959">
        <ele>223.937688</ele>
        <time>2026-07-12T15:07:30.152Z</time>
      </trkpt>
      <trkpt lat="49.339965" lon="8.957845">
        <ele>223.909111</ele>
        <time>2026-07-12T15:07:33.814Z</time>
      </trkpt>
      <trkpt lat="49.340649" lon="8.957351">
        <ele>223.791427</ele>
        <time>2026-07-12T15:07:48.280Z</time>
      </trkpt>
      <trkpt lat="49.340883" lon="8.957245">
        <ele>223.745220</ele>
        <time>2026-07-12T15:07:52.945Z</time>
      </trkpt>
      <trkpt lat="49.341298" lon="8.957159">
        <ele>223.665910</ele>
        <time>2026-07-12T15:08:00.228Z</time>
      </trkpt>
      <trkpt lat="49.341833" lon="8.957122">
        <ele>223.564483</ele>
        <time>2026-07-12T15:08:08.323Z</time>
      </trkpt>
      <trkpt lat="49.342064" lon="8.957071">
        <ele>223.520283</ele>
        <time>2026-07-12T15:08:11.731Z</time>
      </trkpt>
      <trkpt lat="49.342442" lon="8.956931">
        <ele>224.040241</ele>
        <time>2026-07-12T15:08:17.708Z</time>
      </trkpt>
      <trkpt lat="49.342827" lon="8.956726">
        <ele>224.681775</ele>
        <time>2026-07-12T15:08:25.751Z</time>
      </trkpt>
      <trkpt lat="49.344436" lon="8.955622">
        <ele>227.900772</ele>
        <time>2026-07-12T15:09:18.885Z</time>
      </trkpt>
      <trkpt lat="49.344583" lon="8.955553">
        <ele>228.239273</ele>
        <time>2026-07-12T15:09:22.950Z</time>
      </trkpt>
      <trkpt lat="49.345508" lon="8.955137">
        <ele>230.323564</ele>
        <time>2026-07-12T15:09:47.266Z</time>
      </trkpt>
      <trkpt lat="49.346789" lon="8.954412">
        <ele>231.385679</ele>
        <time>2026-07-12T15:10:17.971Z</time>
      </trkpt>
      <trkpt lat="49.347297" lon="8.954177">
        <ele>231.631656</ele>
        <time>2026-07-12T15:10:26.377Z</time>
      </trkpt>
      <trkpt lat="49.347587" lon="8.953917">
        <ele>231.441553</ele>
        <time>2026-07-12T15:10:31.290Z</time>
      </trkpt>
      <trkpt lat="49.347724" lon="8.953688">
        <ele>231.326902</ele>
        <time>2026-07-12T15:10:34.241Z</time>
      </trkpt>
      <trkpt lat="49.347796" lon="8.953515">
        <ele>231.251199</ele>
        <time>2026-07-12T15:10:36.183Z</time>
      </trkpt>
      <trkpt lat="49.348014" lon="8.952828">
        <ele>230.969407</ele>
        <time>2026-07-12T15:10:43.883Z</time>
      </trkpt>
      <trkpt lat="49.348471" lon="8.952010">
        <ele>230.462865</ele>
        <time>2026-07-12T15:10:55.871Z</time>
      </trkpt>
      <trkpt lat="49.348634" lon="8.951797">
        <ele>230.223319</ele>
        <time>2026-07-12T15:10:59.919Z</time>
      </trkpt>
      <trkpt lat="49.349921" lon="8.950207">
        <ele>227.396732</ele>
        <time>2026-07-12T15:11:28.094Z</time>
      </trkpt>
      <trkpt lat="49.350136" lon="8.949984">
        <ele>226.148424</ele>
        <time>2026-07-12T15:11:31.842Z</time>
      </trkpt>
      <trkpt lat="49.350657" lon="8.949564">
        <ele>223.317373</ele>
        <time>2026-07-12T15:11:40.002Z</time>
      </trkpt>
      <trkpt lat="49.351151" lon="8.949236">
        <ele>220.728034</ele>
        <time>2026-07-12T15:11:47.106Z</time>
      </trkpt>
      <trkpt lat="49.351275" lon="8.949144">
        <ele>220.065467</ele>
        <time>2026-07-12T15:11:48.904Z</time>
      </trkpt>
      <trkpt lat="49.350868" lon="8.947989">
        <ele>216.647779</ele>
        <time>2026-07-12T15:11:58.566Z</time>
      </trkpt>
      <trkpt lat="49.350805" lon="8.947736">
        <ele>215.944516</ele>
        <time>2026-07-12T15:12:00.657Z</time>
      </trkpt>
      <trkpt lat="49.350700" lon="8.946941">
        <ele>213.838326</ele>
        <time>2026-07-12T15:12:07.328Z</time>
      </trkpt>
      <trkpt lat="49.351882" lon="8.946956">
        <ele>214.091321</ele>
        <time>2026-07-12T15:12:30.394Z</time>
      </trkpt>
      <trkpt lat="49.352396" lon="8.946898">
        <ele>214.777006</ele>
        <time>2026-07-12T15:12:44.639Z</time>
      </trkpt>
      <trkpt lat="49.353119" lon="8.946872">
        <ele>216.386863</ele>
        <time>2026-07-12T15:13:07.031Z</time>
      </trkpt>
      <trkpt lat="49.353227" lon="8.946809">
        <ele>216.740784</ele>
        <time>2026-07-12T15:13:11.078Z</time>
      </trkpt>
      <trkpt lat="49.353878" lon="8.946211">
        <ele>219.064766</ele>
        <time>2026-07-12T15:13:37.117Z</time>
      </trkpt>
      <trkpt lat="49.354220" lon="8.945676">
        <ele>220.560514</ele>
        <time>2026-07-12T15:13:53.234Z</time>
      </trkpt>
      <trkpt lat="49.354405" lon="8.945462">
        <ele>221.476516</ele>
        <time>2026-07-12T15:14:00.361Z</time>
      </trkpt>
      <trkpt lat="49.355217" lon="8.945034">
        <ele>225.153849</ele>
        <time>2026-07-12T15:14:30.677Z</time>
      </trkpt>
      <trkpt lat="49.355397" lon="8.944914">
        <ele>225.994400</ele>
        <time>2026-07-12T15:14:38.769Z</time>
      </trkpt>
      <trkpt lat="49.355377" lon="8.944823">
        <ele>226.262353</ele>
        <time>2026-07-12T15:14:41.306Z</time>
      </trkpt>
      <trkpt lat="49.355278" lon="8.944399">
        <ele>227.519021</ele>
        <time>2026-07-12T15:14:53.702Z</time>
      </trkpt>
      <trkpt lat="49.355272" lon="8.944350">
        <ele>227.658126</ele>
        <time>2026-07-12T15:14:55.174Z</time>
      </trkpt>
      <trkpt lat="49.355233" lon="8.944057">
        <ele>228.497817</ele>
        <time>2026-07-12T15:15:03.928Z</time>
      </trkpt>
      <trkpt lat="49.355229" lon="8.943628">
        <ele>229.869259</ele>
        <time>2026-07-12T15:15:17.041Z</time>
      </trkpt>
      <trkpt lat="49.355246" lon="8.943402">
        <ele>230.596471</ele>
        <time>2026-07-12T15:15:24.096Z</time>
      </trkpt>
      <trkpt lat="49.355269" lon="8.942879">
        <ele>232.272050</ele>
        <time>2026-07-12T15:15:40.688Z</time>
      </trkpt>
      <trkpt lat="49.355233" lon="8.942653">
        <ele>233.015749</ele>
        <time>2026-07-12T15:15:47.986Z</time>
      </trkpt>
      <trkpt lat="49.355142" lon="8.942450">
        <ele>233.803458</ele>
        <time>2026-07-12T15:15:55.158Z</time>
      </trkpt>
      <trkpt lat="49.354937" lon="8.942249">
        <ele>234.997137</ele>
        <time>2026-07-12T15:16:04.254Z</time>
      </trkpt>
      <trkpt lat="49.354392" lon="8.941989">
        <ele>237.376350</ele>
        <time>2026-07-12T15:16:20.639Z</time>
      </trkpt>
      <trkpt lat="49.354393" lon="8.941888">
        <ele>237.435122</ele>
        <time>2026-07-12T15:16:22.552Z</time>
      </trkpt>
      <trkpt lat="49.354354" lon="8.941807">
        <ele>237.493727</ele>
        <time>2026-07-12T15:16:24.403Z</time>
      </trkpt>
      <trkpt lat="49.354278" lon="8.941782">
        <ele>237.563152</ele>
        <time>2026-07-12T15:16:26.513Z</time>
      </trkpt>
      <trkpt lat="49.354213" lon="8.941846">
        <ele>237.632127</ele>
        <time>2026-07-12T15:16:28.398Z</time>
      </trkpt>
      <trkpt lat="49.354201" lon="8.941996">
        <ele>237.720057</ele>
        <time>2026-07-12T15:16:30.796Z</time>
      </trkpt>
      <trkpt lat="49.354278" lon="8.942091">
        <ele>237.808293</ele>
        <time>2026-07-12T15:16:33.160Z</time>
      </trkpt>
      <trkpt lat="49.354222" lon="8.942382">
        <ele>237.984839</ele>
        <time>2026-07-12T15:16:37.458Z</time>
      </trkpt>
      <trkpt lat="49.354206" lon="8.942438">
        <ele>238.020418</ele>
        <time>2026-07-12T15:16:38.215Z</time>
      </trkpt>
      <trkpt lat="49.354222" lon="8.942382">
        <ele>238.055996</ele>
        <time>2026-07-12T15:16:39.101Z</time>
      </trkpt>
      <trkpt lat="49.354278" lon="8.942091">
        <ele>238.232542</ele>
        <time>2026-07-12T15:16:43.217Z</time>
      </trkpt>
      <trkpt lat="49.354347" lon="8.942072">
        <ele>238.295158</ele>
        <time>2026-07-12T15:16:44.499Z</time>
      </trkpt>
      <trkpt lat="49.354392" lon="8.941989">
        <ele>238.357989</ele>
        <time>2026-07-12T15:16:45.937Z</time>
      </trkpt>
      <trkpt lat="49.354393" lon="8.941888">
        <ele>238.416760</ele>
        <time>2026-07-12T15:16:47.049Z</time>
      </trkpt>
      <trkpt lat="49.354354" lon="8.941807">
        <ele>238.475365</ele>
        <time>2026-07-12T15:16:48.212Z</time>
      </trkpt>
      <trkpt lat="49.354278" lon="8.941782">
        <ele>238.544791</ele>
        <time>2026-07-12T15:16:49.401Z</time>
      </trkpt>
      <trkpt lat="49.354213" lon="8.941846">
        <ele>238.613765</ele>
        <time>2026-07-12T15:16:50.638Z</time>
      </trkpt>
      <trkpt lat="49.354098" lon="8.941622">
        <ele>238.779709</ele>
        <time>2026-07-12T15:16:53.604Z</time>
      </trkpt>
      <trkpt lat="49.353961" lon="8.941433">
        <ele>238.799972</ele>
        <time>2026-07-12T15:16:56.614Z</time>
      </trkpt>
      <trkpt lat="49.353744" lon="8.941138">
        <ele>238.380749</ele>
        <time>2026-07-12T15:17:01.581Z</time>
      </trkpt>
      <trkpt lat="49.353675" lon="8.941043">
        <ele>238.246697</ele>
        <time>2026-07-12T15:17:02.930Z</time>
      </trkpt>
      <trkpt lat="49.353142" lon="8.940209">
        <ele>237.145941</ele>
        <time>2026-07-12T15:17:13.111Z</time>
      </trkpt>
      <trkpt lat="49.353080" lon="8.940280">
        <ele>237.034067</ele>
        <time>2026-07-12T15:17:14.377Z</time>
      </trkpt>
      <trkpt lat="49.352737" lon="8.939765">
        <ele>236.340144</ele>
        <time>2026-07-12T15:17:22.114Z</time>
      </trkpt>
      <trkpt lat="49.352550" lon="8.939369">
        <ele>236.546999</ele>
        <time>2026-07-12T15:17:27.525Z</time>
      </trkpt>
      <trkpt lat="49.352485" lon="8.939192">
        <ele>236.668543</ele>
        <time>2026-07-12T15:17:29.926Z</time>
      </trkpt>
      <trkpt lat="49.352296" lon="8.938852">
        <ele>236.935914</ele>
        <time>2026-07-12T15:17:35.484Z</time>
      </trkpt>
      <trkpt lat="49.351810" lon="8.938156">
        <ele>237.546256</ele>
        <time>2026-07-12T15:17:52.999Z</time>
      </trkpt>
      <trkpt lat="49.351350" lon="8.937710">
        <ele>238.281692</ele>
        <time>2026-07-12T15:18:11.191Z</time>
      </trkpt>
      <trkpt lat="49.351245" lon="8.937532">
        <ele>238.743518</ele>
        <time>2026-07-12T15:18:16.866Z</time>
      </trkpt>
      <trkpt lat="49.350982" lon="8.937240">
        <ele>239.701772</ele>
        <time>2026-07-12T15:18:28.949Z</time>
      </trkpt>
      <trkpt lat="49.350317" lon="8.936517">
        <ele>242.107586</ele>
        <time>2026-07-12T15:18:58.778Z</time>
      </trkpt>
      <trkpt lat="49.349228" lon="8.935533">
        <ele>243.862343</ele>
        <time>2026-07-12T15:19:31.398Z</time>
      </trkpt>
      <trkpt lat="49.348424" lon="8.934719">
        <ele>244.536709</ele>
        <time>2026-07-12T15:19:49.619Z</time>
      </trkpt>
      <trkpt lat="49.347688" lon="8.933809">
        <ele>245.226500</ele>
        <time>2026-07-12T15:20:11.177Z</time>
      </trkpt>
      <trkpt lat="49.346771" lon="8.932312">
        <ele>245.825228</ele>
        <time>2026-07-12T15:20:45.233Z</time>
      </trkpt>
      <trkpt lat="49.346400" lon="8.931589">
        <ele>245.831922</ele>
        <time>2026-07-12T15:20:56.707Z</time>
      </trkpt>
      <trkpt lat="49.346265" lon="8.931222">
        <ele>245.834987</ele>
        <time>2026-07-12T15:21:01.538Z</time>
      </trkpt>
      <trkpt lat="49.346273" lon="8.931006">
        <ele>245.836561</ele>
        <time>2026-07-12T15:21:03.963Z</time>
      </trkpt>
      <trkpt lat="49.346302" lon="8.930882">
        <ele>245.837519</ele>
        <time>2026-07-12T15:21:05.392Z</time>
      </trkpt>
      <trkpt lat="49.346295" lon="8.930619">
        <ele>245.839684</ele>
        <time>2026-07-12T15:21:08.186Z</time>
      </trkpt>
      <trkpt lat="49.346253" lon="8.930270">
        <ele>246.140661</ele>
        <time>2026-07-12T15:21:12.111Z</time>
      </trkpt>
      <trkpt lat="49.346211" lon="8.930109">
        <ele>246.287737</ele>
        <time>2026-07-12T15:21:14.152Z</time>
      </trkpt>
      <trkpt lat="49.345959" lon="8.929573">
        <ele>246.848298</ele>
        <time>2026-07-12T15:21:23.816Z</time>
      </trkpt>
      <trkpt lat="49.345708" lon="8.929178">
        <ele>247.316237</ele>
        <time>2026-07-12T15:21:34.069Z</time>
      </trkpt>
      <trkpt lat="49.345822" lon="8.929108">
        <ele>247.476067</ele>
        <time>2026-07-12T15:21:37.871Z</time>
      </trkpt>
      <trkpt lat="49.346148" lon="8.929020">
        <ele>247.906940</ele>
        <time>2026-07-12T15:21:48.532Z</time>
      </trkpt>
      <trkpt lat="49.346443" lon="8.928837">
        <ele>248.283240</ele>
        <time>2026-07-12T15:21:59.088Z</time>
      </trkpt>
      <trkpt lat="49.346879" lon="8.928472">
        <ele>248.755235</ele>
        <time>2026-07-12T15:22:14.624Z</time>
      </trkpt>
      <trkpt lat="49.347266" lon="8.928448">
        <ele>249.123340</ele>
        <time>2026-07-12T15:22:24.513Z</time>
      </trkpt>
      <trkpt lat="49.347448" lon="8.928370">
        <ele>249.302928</ele>
        <time>2026-07-12T15:22:28.431Z</time>
      </trkpt>
      <trkpt lat="49.347773" lon="8.928153">
        <ele>249.639764</ele>
        <time>2026-07-12T15:22:34.852Z</time>
      </trkpt>
      <trkpt lat="49.348649" lon="8.927783">
        <ele>250.734844</ele>
        <time>2026-07-12T15:22:51.172Z</time>
      </trkpt>
      <trkpt lat="49.348945" lon="8.927714">
        <ele>251.126875</ele>
        <time>2026-07-12T15:22:58.430Z</time>
      </trkpt>
      <trkpt lat="49.349263" lon="8.927773">
        <ele>251.546301</ele>
        <time>2026-07-12T15:23:07.627Z</time>
      </trkpt>
      <trkpt lat="49.349791" lon="8.927656">
        <ele>252.244839</ele>
        <time>2026-07-12T15:23:26.030Z</time>
      </trkpt>
      <trkpt lat="49.350106" lon="8.927841">
        <ele>253.443699</ele>
        <time>2026-07-12T15:23:38.637Z</time>
      </trkpt>
      <trkpt lat="49.350722" lon="8.927606">
        <ele>255.701648</ele>
        <time>2026-07-12T15:24:01.705Z</time>
      </trkpt>
      <trkpt lat="49.351480" lon="8.927065">
        <ele>258.677363</ele>
        <time>2026-07-12T15:24:31.607Z</time>
      </trkpt>
      <trkpt lat="49.352191" lon="8.926774">
        <ele>261.468626</ele>
        <time>2026-07-12T15:24:58.630Z</time>
      </trkpt>
      <trkpt lat="49.353396" lon="8.925999">
        <ele>266.465997</ele>
        <time>2026-07-12T15:25:47.408Z</time>
      </trkpt>
      <trkpt lat="49.354014" lon="8.925651">
        <ele>269.071110</ele>
        <time>2026-07-12T15:26:11.032Z</time>
      </trkpt>
      <trkpt lat="49.354702" lon="8.925196">
        <ele>272.035807</ele>
        <time>2026-07-12T15:26:40.389Z</time>
      </trkpt>
      <trkpt lat="49.355065" lon="8.924860">
        <ele>273.348615</ele>
        <time>2026-07-12T15:26:57.225Z</time>
      </trkpt>
      <trkpt lat="49.355016" lon="8.924318">
        <ele>274.303362</ele>
        <time>2026-07-12T15:27:15.518Z</time>
      </trkpt>
      <trkpt lat="49.354878" lon="8.923841">
        <ele>275.214032</ele>
        <time>2026-07-12T15:27:31.868Z</time>
      </trkpt>
      <trkpt lat="49.354560" lon="8.923629">
        <ele>276.142694</ele>
        <time>2026-07-12T15:27:47.293Z</time>
      </trkpt>
      <trkpt lat="49.353959" lon="8.923618">
        <ele>277.341274</ele>
        <time>2026-07-12T15:28:10.394Z</time>
      </trkpt>
      <trkpt lat="49.353462" lon="8.923141">
        <ele>277.065672</ele>
        <time>2026-07-12T15:28:29.823Z</time>
      </trkpt>
      <trkpt lat="49.352909" lon="8.922441">
        <ele>276.728654</ele>
        <time>2026-07-12T15:28:52.281Z</time>
      </trkpt>
      <trkpt lat="49.352598" lon="8.921921">
        <ele>276.530685</ele>
        <time>2026-07-12T15:29:06.256Z</time>
      </trkpt>
      <trkpt lat="49.352356" lon="8.921221">
        <ele>276.387421</ele>
        <time>2026-07-12T15:29:22.033Z</time>
      </trkpt>
      <trkpt lat="49.352356" lon="8.920787">
        <ele>276.308962</ele>
        <time>2026-07-12T15:29:30.864Z</time>
      </trkpt>
      <trkpt lat="49.352432" lon="8.920362">
        <ele>276.229288</ele>
        <time>2026-07-12T15:29:40.058Z</time>
      </trkpt>
      <trkpt lat="49.352398" lon="8.917584">
        <ele>279.074069</ele>
        <time>2026-07-12T15:30:50.357Z</time>
      </trkpt>
      <trkpt lat="49.352404" lon="8.916466">
        <ele>281.196377</ele>
        <time>2026-07-12T15:31:30.335Z</time>
      </trkpt>
      <trkpt lat="49.352417" lon="8.915102">
        <ele>285.485707</ele>
        <time>2026-07-12T15:32:25.990Z</time>
      </trkpt>
      <trkpt lat="49.352525" lon="8.913986">
        <ele>289.033292</ele>
        <time>2026-07-12T15:33:07.077Z</time>
      </trkpt>
      <trkpt lat="49.352605" lon="8.913495">
        <ele>289.241917</ele>
        <time>2026-07-12T15:33:21.299Z</time>
      </trkpt>
      <trkpt lat="49.352987" lon="8.911005">
        <ele>289.008060</ele>
        <time>2026-07-12T15:34:12.247Z</time>
      </trkpt>
      <trkpt lat="49.353243" lon="8.909981">
        <ele>289.191627</ele>
        <time>2026-07-12T15:34:34.966Z</time>
      </trkpt>
      <trkpt lat="49.353323" lon="8.909426">
        <ele>289.286759</ele>
        <time>2026-07-12T15:34:48.797Z</time>
      </trkpt>
      <trkpt lat="49.354443" lon="8.909468">
        <ele>290.140451</ele>
        <time>2026-07-12T15:35:32.460Z</time>
      </trkpt>
      <trkpt lat="49.354862" lon="8.909568">
        <ele>290.685305</ele>
        <time>2026-07-12T15:35:48.775Z</time>
      </trkpt>
      <trkpt lat="49.355221" lon="8.909746">
        <ele>291.170056</ele>
        <time>2026-07-12T15:36:01.996Z</time>
      </trkpt>
      <trkpt lat="49.355484" lon="8.909997">
        <ele>291.567968</ele>
        <time>2026-07-12T15:36:12.622Z</time>
      </trkpt>
      <trkpt lat="49.355721" lon="8.910382">
        <ele>292.316499</ele>
        <time>2026-07-12T15:36:25.627Z</time>
      </trkpt>
      <trkpt lat="49.355945" lon="8.910654">
        <ele>293.102885</ele>
        <time>2026-07-12T15:36:37.097Z</time>
      </trkpt>
      <trkpt lat="49.356155" lon="8.910860">
        <ele>293.789074</ele>
        <time>2026-07-12T15:36:47.523Z</time>
      </trkpt>
      <trkpt lat="49.356431" lon="8.911190">
        <ele>294.752316</ele>
        <time>2026-07-12T15:37:02.950Z</time>
      </trkpt>
      <trkpt lat="49.356868" lon="8.911647">
        <ele>296.208219</ele>
        <time>2026-07-12T15:37:28.183Z</time>
      </trkpt>
      <trkpt lat="49.357354" lon="8.911953">
        <ele>298.045984</ele>
        <time>2026-07-12T15:37:55.753Z</time>
      </trkpt>
      <trkpt lat="49.358094" lon="8.912065">
        <ele>300.930222</ele>
        <time>2026-07-12T15:38:34.841Z</time>
      </trkpt>
      <trkpt lat="49.358263" lon="8.912152">
        <ele>301.621609</ele>
        <time>2026-07-12T15:38:44.044Z</time>
      </trkpt>
      <trkpt lat="49.358654" lon="8.912427">
        <ele>303.289784</ele>
        <time>2026-07-12T15:39:04.047Z</time>
      </trkpt>
      <trkpt lat="49.359122" lon="8.912661">
        <ele>303.950033</ele>
        <time>2026-07-12T15:39:24.171Z</time>
      </trkpt>
      <trkpt lat="49.359084" lon="8.912170">
        <ele>304.176505</ele>
        <time>2026-07-12T15:39:37.014Z</time>
      </trkpt>
      <trkpt lat="49.358941" lon="8.911639">
        <ele>304.439687</ele>
        <time>2026-07-12T15:39:51.102Z</time>
      </trkpt>
      <trkpt lat="49.358951" lon="8.911198">
        <ele>304.641799</ele>
        <time>2026-07-12T15:40:00.778Z</time>
      </trkpt>
      <trkpt lat="49.358844" lon="8.910414">
        <ele>305.010884</ele>
        <time>2026-07-12T15:40:16.641Z</time>
      </trkpt>
      <trkpt lat="49.358751" lon="8.909982">
        <ele>305.225775</ele>
        <time>2026-07-12T15:40:25.669Z</time>
      </trkpt>
      <trkpt lat="49.358697" lon="8.909801">
        <ele>305.319803</ele>
        <time>2026-07-12T15:40:29.832Z</time>
      </trkpt>
      <trkpt lat="49.358383" lon="8.908628">
        <ele>305.918784</ele>
        <time>2026-07-12T15:40:59.945Z</time>
      </trkpt>
      <trkpt lat="49.358858" lon="8.908587">
        <ele>306.350305</ele>
        <time>2026-07-12T15:41:13.018Z</time>
      </trkpt>
      <trkpt lat="49.359393" lon="8.908490">
        <ele>308.338506</ele>
        <time>2026-07-12T15:41:33.041Z</time>
      </trkpt>
      <trkpt lat="49.360193" lon="8.908435">
        <ele>311.293961</ele>
        <time>2026-07-12T15:42:06.836Z</time>
      </trkpt>
      <trkpt lat="49.362490" lon="8.908176">
        <ele>316.049638</ele>
        <time>2026-07-12T15:43:16.510Z</time>
      </trkpt>
      <trkpt lat="49.363052" lon="8.908062">
        <ele>313.314606</ele>
        <time>2026-07-12T15:43:24.844Z</time>
      </trkpt>
      <trkpt lat="49.363218" lon="8.907967">
        <ele>312.459889</ele>
        <time>2026-07-12T15:43:27.228Z</time>
      </trkpt>
      <trkpt lat="49.363805" lon="8.906626">
        <ele>307.193460</ele>
        <time>2026-07-12T15:43:40.397Z</time>
      </trkpt>
      <trkpt lat="49.364154" lon="8.905827">
        <ele>302.527419</ele>
        <time>2026-07-12T15:43:48.025Z</time>
      </trkpt>
      <trkpt lat="49.364217" lon="8.905639">
        <ele>301.501995</ele>
        <time>2026-07-12T15:43:49.716Z</time>
      </trkpt>
      <trkpt lat="49.364291" lon="8.905235">
        <ele>299.466583</ele>
        <time>2026-07-12T15:43:53.109Z</time>
      </trkpt>
      <trkpt lat="49.364344" lon="8.904784">
        <ele>297.243923</ele>
        <time>2026-07-12T15:43:56.851Z</time>
      </trkpt>
      <trkpt lat="49.364339" lon="8.904347">
        <ele>295.124163</ele>
        <time>2026-07-12T15:44:00.467Z</time>
      </trkpt>
      <trkpt lat="49.364006" lon="8.902622">
        <ele>289.107312</ele>
        <time>2026-07-12T15:44:15.931Z</time>
      </trkpt>
      <trkpt lat="49.363850" lon="8.900670">
        <ele>283.483610</ele>
        <time>2026-07-12T15:44:33.714Z</time>
      </trkpt>
      <trkpt lat="49.363838" lon="8.900524">
        <ele>283.128763</ele>
        <time>2026-07-12T15:44:35.071Z</time>
      </trkpt>
      <trkpt lat="49.363866" lon="8.900059">
        <ele>282.002711</ele>
        <time>2026-07-12T15:44:39.408Z</time>
      </trkpt>
      <trkpt lat="49.363997" lon="8.898996">
        <ele>279.393980</ele>
        <time>2026-07-12T15:44:49.465Z</time>
      </trkpt>
      <trkpt lat="49.364046" lon="8.898603">
        <ele>278.352701</ele>
        <time>2026-07-12T15:44:53.140Z</time>
      </trkpt>
      <trkpt lat="49.364081" lon="8.898315">
        <ele>277.519032</ele>
        <time>2026-07-12T15:44:55.759Z</time>
      </trkpt>
      <trkpt lat="49.364481" lon="8.896387">
        <ele>271.761144</ele>
        <time>2026-07-12T15:45:13.610Z</time>
      </trkpt>
      <trkpt lat="49.364565" lon="8.896050">
        <ele>270.755490</ele>
        <time>2026-07-12T15:45:16.760Z</time>
      </trkpt>
      <trkpt lat="49.364765" lon="8.894827">
        <ele>267.458815</ele>
        <time>2026-07-12T15:45:27.914Z</time>
      </trkpt>
      <trkpt lat="49.364830" lon="8.893933">
        <ele>265.107029</ele>
        <time>2026-07-12T15:45:36.029Z</time>
      </trkpt>
      <trkpt lat="49.364830" lon="8.892737">
        <ele>262.843096</ele>
        <time>2026-07-12T15:45:47.247Z</time>
      </trkpt>
      <trkpt lat="49.365013" lon="8.891970">
        <ele>261.734882</ele>
        <time>2026-07-12T15:45:55.574Z</time>
      </trkpt>
      <trkpt lat="49.365037" lon="8.891871">
        <ele>261.591566</ele>
        <time>2026-07-12T15:45:56.689Z</time>
      </trkpt>
      <trkpt lat="49.365167" lon="8.891385">
        <ele>260.878767</ele>
        <time>2026-07-12T15:46:02.290Z</time>
      </trkpt>
      <trkpt lat="49.365252" lon="8.890842">
        <ele>260.121109</ele>
        <time>2026-07-12T15:46:08.270Z</time>
      </trkpt>
      <trkpt lat="49.365313" lon="8.890117">
        <ele>258.897068</ele>
        <time>2026-07-12T15:46:15.826Z</time>
      </trkpt>
      <trkpt lat="49.365322" lon="8.889780">
        <ele>258.321066</ele>
        <time>2026-07-12T15:46:19.215Z</time>
      </trkpt>
      <trkpt lat="49.365299" lon="8.889559">
        <ele>257.938860</ele>
        <time>2026-07-12T15:46:21.437Z</time>
      </trkpt>
      <trkpt lat="49.365208" lon="8.889224">
        <ele>257.318981</ele>
        <time>2026-07-12T15:46:24.964Z</time>
      </trkpt>
      <trkpt lat="49.365112" lon="8.888948">
        <ele>256.784618</ele>
        <time>2026-07-12T15:46:27.924Z</time>
      </trkpt>
      <trkpt lat="49.364992" lon="8.888729">
        <ele>256.295840</ele>
        <time>2026-07-12T15:46:30.610Z</time>
      </trkpt>
      <trkpt lat="49.364583" lon="8.888382">
        <ele>254.804563</ele>
        <time>2026-07-12T15:46:37.269Z</time>
      </trkpt>
      <trkpt lat="49.364233" lon="8.887894">
        <ele>252.189653</ele>
        <time>2026-07-12T15:46:43.733Z</time>
      </trkpt>
      <trkpt lat="49.363916" lon="8.887680">
        <ele>250.274304</ele>
        <time>2026-07-12T15:46:48.297Z</time>
      </trkpt>
      <trkpt lat="49.363626" lon="8.887477">
        <ele>248.511451</ele>
        <time>2026-07-12T15:46:52.419Z</time>
      </trkpt>
      <trkpt lat="49.363395" lon="8.888285">
        <ele>245.332248</ele>
        <time>2026-07-12T15:46:59.684Z</time>
      </trkpt>
      <trkpt lat="49.363348" lon="8.888561">
        <ele>244.285999</ele>
        <time>2026-07-12T15:47:02.018Z</time>
      </trkpt>
      <trkpt lat="49.363337" lon="8.888812">
        <ele>243.363386</ele>
        <time>2026-07-12T15:47:04.059Z</time>
      </trkpt>
      <trkpt lat="49.363364" lon="8.889201">
        <ele>241.928666</ele>
        <time>2026-07-12T15:47:07.228Z</time>
      </trkpt>
      <trkpt lat="49.363339" lon="8.889439">
        <ele>241.044531</ele>
        <time>2026-07-12T15:47:09.200Z</time>
      </trkpt>
      <trkpt lat="49.363227" lon="8.889563">
        <ele>240.266968</ele>
        <time>2026-07-12T15:47:10.958Z</time>
      </trkpt>
      <trkpt lat="49.363036" lon="8.889620">
        <ele>239.171258</ele>
        <time>2026-07-12T15:47:13.466Z</time>
      </trkpt>
      <trkpt lat="49.362472" lon="8.889686">
        <ele>235.985979</ele>
        <time>2026-07-12T15:47:21.104Z</time>
      </trkpt>
      <trkpt lat="49.361882" lon="8.889465">
        <ele>234.599050</ele>
        <time>2026-07-12T15:47:30.279Z</time>
      </trkpt>
      <trkpt lat="49.361492" lon="8.889356">
        <ele>234.068502</ele>
        <time>2026-07-12T15:47:37.299Z</time>
      </trkpt>
      <trkpt lat="49.361094" lon="8.889335">
        <ele>233.535509</ele>
        <time>2026-07-12T15:47:45.439Z</time>
      </trkpt>
      <trkpt lat="49.360580" lon="8.889389">
        <ele>232.845969</ele>
        <time>2026-07-12T15:47:56.303Z</time>
      </trkpt>
      <trkpt lat="49.359712" lon="8.889592">
        <ele>229.160893</ele>
        <time>2026-07-12T15:48:08.758Z</time>
      </trkpt>
      <trkpt lat="49.359365" lon="8.889718">
        <ele>227.646340</ele>
        <time>2026-07-12T15:48:13.443Z</time>
      </trkpt>
      <trkpt lat="49.359114" lon="8.889840">
        <ele>226.528060</ele>
        <time>2026-07-12T15:48:16.866Z</time>
      </trkpt>
      <trkpt lat="49.358898" lon="8.890020">
        <ele>225.484163</ele>
        <time>2026-07-12T15:48:20.026Z</time>
      </trkpt>
      <trkpt lat="49.358334" lon="8.890357">
        <ele>222.941575</ele>
        <time>2026-07-12T15:48:27.750Z</time>
      </trkpt>
      <trkpt lat="49.358260" lon="8.890445">
        <ele>222.548907</ele>
        <time>2026-07-12T15:48:29.013Z</time>
      </trkpt>
      <trkpt lat="49.358222" lon="8.890762">
        <ele>221.668192</ele>
        <time>2026-07-12T15:48:31.901Z</time>
      </trkpt>
      <trkpt lat="49.358160" lon="8.890911">
        <ele>221.185075</ele>
        <time>2026-07-12T15:48:33.554Z</time>
      </trkpt>
      <trkpt lat="49.357283" lon="8.891456">
        <ele>217.480849</ele>
        <time>2026-07-12T15:48:47.384Z</time>
      </trkpt>
      <trkpt lat="49.356910" lon="8.891768">
        <ele>216.811253</ele>
        <time>2026-07-12T15:48:53.563Z</time>
      </trkpt>
      <trkpt lat="49.356827" lon="8.891891">
        <ele>216.629404</ele>
        <time>2026-07-12T15:48:55.300Z</time>
      </trkpt>
      <trkpt lat="49.356692" lon="8.892185">
        <ele>216.260060</ele>
        <time>2026-07-12T15:48:58.939Z</time>
      </trkpt>
      <trkpt lat="49.356491" lon="8.892327">
        <ele>215.911270</ele>
        <time>2026-07-12T15:49:02.485Z</time>
      </trkpt>
      <trkpt lat="49.356267" lon="8.892438">
        <ele>215.540222</ele>
        <time>2026-07-12T15:49:06.489Z</time>
      </trkpt>
      <trkpt lat="49.355646" lon="8.892614">
        <ele>214.899097</ele>
        <time>2026-07-12T15:49:18.156Z</time>
      </trkpt>
      <trkpt lat="49.355273" lon="8.892680">
        <ele>215.113345</ele>
        <time>2026-07-12T15:49:26.335Z</time>
      </trkpt>
      <trkpt lat="49.353964" lon="8.892939">
        <ele>215.769537</ele>
        <time>2026-07-12T15:49:57.407Z</time>
      </trkpt>
      <trkpt lat="49.352747" lon="8.893202">
        <ele>214.540161</ele>
        <time>2026-07-12T15:50:18.266Z</time>
      </trkpt>
      <trkpt lat="49.352522" lon="8.893113">
        <ele>214.307741</ele>
        <time>2026-07-12T15:50:21.926Z</time>
      </trkpt>
      <trkpt lat="49.352183" lon="8.892361">
        <ele>212.246981</ele>
        <time>2026-07-12T15:50:29.199Z</time>
      </trkpt>
      <trkpt lat="49.352086" lon="8.892117">
        <ele>211.208656</ele>
        <time>2026-07-12T15:50:31.392Z</time>
      </trkpt>
      <trkpt lat="49.351989" lon="8.891899">
        <ele>210.249682</ele>
        <time>2026-07-12T15:50:33.368Z</time>
      </trkpt>
      <trkpt lat="49.351442" lon="8.890986">
        <ele>205.743845</ele>
        <time>2026-07-12T15:50:42.316Z</time>
      </trkpt>
      <trkpt lat="49.351048" lon="8.890691">
        <ele>203.386832</ele>
        <time>2026-07-12T15:50:47.217Z</time>
      </trkpt>
      <trkpt lat="49.350385" lon="8.890211">
        <ele>199.807654</ele>
        <time>2026-07-12T15:50:55.708Z</time>
      </trkpt>
      <trkpt lat="49.349967" lon="8.889915">
        <ele>197.560001</ele>
        <time>2026-07-12T15:51:01.181Z</time>
      </trkpt>
      <trkpt lat="49.349377" lon="8.889269">
        <ele>194.431001</ele>
        <time>2026-07-12T15:51:10.002Z</time>
      </trkpt>
      <trkpt lat="49.348553" lon="8.888707">
        <ele>191.532518</ele>
        <time>2026-07-12T15:51:23.275Z</time>
      </trkpt>
      <trkpt lat="49.348340" lon="8.888545">
        <ele>190.768380</ele>
        <time>2026-07-12T15:51:26.872Z</time>
      </trkpt>
      <trkpt lat="49.348206" lon="8.888397">
        <ele>190.237714</ele>
        <time>2026-07-12T15:51:29.392Z</time>
      </trkpt>
      <trkpt lat="49.347964" lon="8.888006">
        <ele>189.336382</ele>
        <time>2026-07-12T15:51:34.918Z</time>
      </trkpt>
      <trkpt lat="49.347865" lon="8.887757">
        <ele>189.147726</ele>
        <time>2026-07-12T15:51:37.973Z</time>
      </trkpt>
      <trkpt lat="49.347790" lon="8.887485">
        <ele>188.956709</ele>
        <time>2026-07-12T15:51:41.142Z</time>
      </trkpt>
      <trkpt lat="49.347708" lon="8.886906">
        <ele>188.573509</ele>
        <time>2026-07-12T15:51:47.870Z</time>
      </trkpt>
      <trkpt lat="49.347697" lon="8.886581">
        <ele>188.363039</ele>
        <time>2026-07-12T15:51:51.873Z</time>
      </trkpt>
      <trkpt lat="49.347631" lon="8.886301">
        <ele>188.170466</ele>
        <time>2026-07-12T15:51:55.620Z</time>
      </trkpt>
      <trkpt lat="49.347545" lon="8.886074">
        <ele>188.000639</ele>
        <time>2026-07-12T15:51:59.010Z</time>
      </trkpt>
      <trkpt lat="49.346970" lon="8.884843">
        <ele>187.372763</ele>
        <time>2026-07-12T15:52:18.103Z</time>
      </trkpt>
      <trkpt lat="49.346843" lon="8.884727">
        <ele>187.307742</ele>
        <time>2026-07-12T15:52:20.336Z</time>
      </trkpt>
      <trkpt lat="49.346693" lon="8.884590">
        <ele>187.230946</ele>
        <time>2026-07-12T15:52:22.907Z</time>
      </trkpt>
      <trkpt lat="49.346610" lon="8.884514">
        <ele>187.188424</ele>
        <time>2026-07-12T15:52:24.350Z</time>
      </trkpt>
      <trkpt lat="49.346436" lon="8.884355">
        <ele>187.099329</ele>
        <time>2026-07-12T15:52:27.351Z</time>
      </trkpt>
      <trkpt lat="49.345989" lon="8.885152">
        <ele>187.341493</ele>
        <time>2026-07-12T15:52:38.083Z</time>
      </trkpt>
      <trkpt lat="49.345930" lon="8.885112">
        <ele>187.556061</ele>
        <time>2026-07-12T15:52:40.139Z</time>
      </trkpt>
      <trkpt lat="49.345989" lon="8.885152">
        <ele>187.770629</ele>
        <time>2026-07-12T15:52:42.295Z</time>
      </trkpt>
      <trkpt lat="49.345858" lon="8.885397">
        <ele>188.457557</ele>
        <time>2026-07-12T15:52:46.461Z</time>
      </trkpt>
      <trkpt lat="49.345787" lon="8.885608">
        <ele>188.972255</ele>
        <time>2026-07-12T15:52:50.004Z</time>
      </trkpt>
      <trkpt lat="49.345776" lon="8.885745">
        <ele>189.271424</ele>
        <time>2026-07-12T15:52:52.247Z</time>
      </trkpt>
      <trkpt lat="49.346022" lon="8.886900">
        <ele>191.905043</ele>
        <time>2026-07-12T15:53:20.081Z</time>
      </trkpt>
      <trkpt lat="49.346112" lon="8.887433">
        <ele>193.592157</ele>
        <time>2026-07-12T15:53:37.304Z</time>
      </trkpt>
      <trkpt lat="49.346098" lon="8.887768">
        <ele>195.736979</ele>
        <time>2026-07-12T15:53:49.256Z</time>
      </trkpt>
      <trkpt lat="49.346069" lon="8.887920">
        <ele>196.748945</ele>
        <time>2026-07-12T15:53:55.140Z</time>
      </trkpt>
      <trkpt lat="49.345894" lon="8.888320">
        <ele>199.827479</ele>
        <time>2026-07-12T15:54:13.817Z</time>
      </trkpt>
      <trkpt lat="49.345667" lon="8.888550">
        <ele>202.495021</ele>
        <time>2026-07-12T15:54:31.313Z</time>
      </trkpt>
      <trkpt lat="49.345548" lon="8.888594">
        <ele>203.695470</ele>
        <time>2026-07-12T15:54:39.722Z</time>
      </trkpt>
      <trkpt lat="49.345345" lon="8.888629">
        <ele>205.698867</ele>
        <time>2026-07-12T15:54:54.176Z</time>
      </trkpt>
      <trkpt lat="49.344790" lon="8.888594">
        <ele>211.014212</ele>
        <time>2026-07-12T15:55:33.294Z</time>
      </trkpt>
      <trkpt lat="49.344439" lon="8.888622">
        <ele>213.772207</ele>
        <time>2026-07-12T15:55:56.719Z</time>
      </trkpt>
      <trkpt lat="49.344120" lon="8.888729">
        <ele>216.334457</ele>
        <time>2026-07-12T15:56:16.144Z</time>
      </trkpt>
      <trkpt lat="49.343931" lon="8.888835">
        <ele>217.913436</ele>
        <time>2026-07-12T15:56:27.164Z</time>
      </trkpt>
      <trkpt lat="49.343533" lon="8.889133">
        <ele>221.388307</ele>
        <time>2026-07-12T15:56:48.804Z</time>
      </trkpt>
      <trkpt lat="49.343271" lon="8.889427">
        <ele>223.935056</ele>
        <time>2026-07-12T15:57:01.493Z</time>
      </trkpt>
      <trkpt lat="49.343178" lon="8.889570">
        <ele>224.723519</ele>
        <time>2026-07-12T15:57:06.029Z</time>
      </trkpt>
      <trkpt lat="49.342986" lon="8.889865">
        <ele>225.444529</ele>
        <time>2026-07-12T15:57:14.576Z</time>
      </trkpt>
      <trkpt lat="49.342710" lon="8.890542">
        <ele>226.825449</ele>
        <time>2026-07-12T15:57:29.142Z</time>
      </trkpt>
      <trkpt lat="49.342259" lon="8.892131">
        <ele>229.565483</ele>
        <time>2026-07-12T15:57:58.597Z</time>
      </trkpt>
      <trkpt lat="49.342018" lon="8.893071">
        <ele>230.315447</ele>
        <time>2026-07-12T15:58:15.862Z</time>
      </trkpt>
      <trkpt lat="49.341752" lon="8.894147">
        <ele>231.169867</ele>
        <time>2026-07-12T15:58:32.289Z</time>
      </trkpt>
      <trkpt lat="49.341434" lon="8.895640">
        <ele>230.421641</ele>
        <time>2026-07-12T15:58:47.987Z</time>
      </trkpt>
      <trkpt lat="49.341007" lon="8.898431">
        <ele>227.955909</ele>
        <time>2026-07-12T15:59:13.490Z</time>
      </trkpt>
      <trkpt lat="49.340782" lon="8.899479">
        <ele>226.946212</ele>
        <time>2026-07-12T15:59:23.869Z</time>
      </trkpt>
      <trkpt lat="49.340603" lon="8.900180">
        <ele>226.739231</ele>
        <time>2026-07-12T15:59:31.592Z</time>
      </trkpt>
      <trkpt lat="49.340596" lon="8.900204">
        <ele>226.744386</ele>
        <time>2026-07-12T15:59:31.886Z</time>
      </trkpt>
      <trkpt lat="49.340262" lon="8.901519">
        <ele>227.021112</ele>
        <time>2026-07-12T15:59:50.369Z</time>
      </trkpt>
      <trkpt lat="49.340170" lon="8.902106">
        <ele>227.139487</ele>
        <time>2026-07-12T15:59:58.750Z</time>
      </trkpt>
      <trkpt lat="49.340072" lon="8.903837">
        <ele>226.027966</ele>
        <time>2026-07-12T16:00:18.672Z</time>
      </trkpt>
      <trkpt lat="49.340049" lon="8.904197">
        <ele>225.737167</ele>
        <time>2026-07-12T16:00:21.966Z</time>
      </trkpt>
      <trkpt lat="49.339999" lon="8.904610">
        <ele>225.399466</ele>
        <time>2026-07-12T16:00:25.613Z</time>
      </trkpt>
      <trkpt lat="49.339945" lon="8.904854">
        <ele>225.192303</ele>
        <time>2026-07-12T16:00:27.777Z</time>
      </trkpt>
      <trkpt lat="49.339851" lon="8.905283">
        <ele>224.376367</ele>
        <time>2026-07-12T16:00:31.458Z</time>
      </trkpt>
      <trkpt lat="49.339680" lon="8.905871">
        <ele>222.275145</ele>
        <time>2026-07-12T16:00:36.457Z</time>
      </trkpt>
      <trkpt lat="49.339532" lon="8.906273">
        <ele>220.768401</ele>
        <time>2026-07-12T16:00:39.926Z</time>
      </trkpt>
      <trkpt lat="49.339448" lon="8.906502">
        <ele>219.910839</ele>
        <time>2026-07-12T16:00:41.872Z</time>
      </trkpt>
      <trkpt lat="49.339315" lon="8.906897">
        <ele>218.459922</ele>
        <time>2026-07-12T16:00:45.110Z</time>
      </trkpt>
      <trkpt lat="49.339223" lon="8.907184">
        <ele>217.416164</ele>
        <time>2026-07-12T16:00:47.417Z</time>
      </trkpt>
      <trkpt lat="49.339191" lon="8.907292">
        <ele>217.029004</ele>
        <time>2026-07-12T16:00:48.287Z</time>
      </trkpt>
      <trkpt lat="49.339382" lon="8.907694">
        <ele>215.689710</ele>
        <time>2026-07-12T16:00:52.009Z</time>
      </trkpt>
      <trkpt lat="49.339677" lon="8.908574">
        <ele>214.091555</ele>
        <time>2026-07-12T16:01:00.079Z</time>
      </trkpt>
      <trkpt lat="49.339890" lon="8.909637">
        <ele>212.295596</ele>
        <time>2026-07-12T16:01:10.523Z</time>
      </trkpt>
      <trkpt lat="49.339942" lon="8.910281">
        <ele>211.330877</ele>
        <time>2026-07-12T16:01:17.171Z</time>
      </trkpt>
      <trkpt lat="49.340009" lon="8.911111">
        <ele>210.408100</ele>
        <time>2026-07-12T16:01:25.175Z</time>
      </trkpt>
      <trkpt lat="49.339995" lon="8.911285">
        <ele>210.214660</ele>
        <time>2026-07-12T16:01:27.063Z</time>
      </trkpt>
      <trkpt lat="49.339963" lon="8.912754">
        <ele>208.592943</ele>
        <time>2026-07-12T16:01:41.883Z</time>
      </trkpt>
      <trkpt lat="49.339848" lon="8.912879">
        <ele>208.474556</ele>
        <time>2026-07-12T16:01:44.199Z</time>
      </trkpt>
      <trkpt lat="49.339259" lon="8.913219">
        <ele>208.570612</ele>
        <time>2026-07-12T16:01:55.813Z</time>
      </trkpt>
      <trkpt lat="49.339158" lon="8.913326">
        <ele>208.589346</ele>
        <time>2026-07-12T16:01:58.577Z</time>
      </trkpt>
      <trkpt lat="49.339041" lon="8.913716">
        <ele>208.632049</ele>
        <time>2026-07-12T16:02:05.564Z</time>
      </trkpt>
      <trkpt lat="49.338985" lon="8.914134">
        <ele>208.674493</ele>
        <time>2026-07-12T16:02:12.643Z</time>
      </trkpt>
      <trkpt lat="49.338895" lon="8.915439">
        <ele>209.165610</ele>
        <time>2026-07-12T16:02:33.530Z</time>
      </trkpt>
      <trkpt lat="49.338887" lon="8.916391">
        <ele>209.778865</ele>
        <time>2026-07-12T16:02:48.430Z</time>
      </trkpt>
      <trkpt lat="49.338905" lon="8.916688">
        <ele>209.970995</ele>
        <time>2026-07-12T16:02:52.991Z</time>
      </trkpt>
      <trkpt lat="49.338598" lon="8.916857">
        <ele>210.293412</ele>
        <time>2026-07-12T16:02:59.625Z</time>
      </trkpt>
      <trkpt lat="49.338534" lon="8.916893">
        <ele>210.360795</ele>
        <time>2026-07-12T16:03:01.072Z</time>
      </trkpt>
      <trkpt lat="49.338607" lon="8.917149">
        <ele>210.563274</ele>
        <time>2026-07-12T16:03:04.843Z</time>
      </trkpt>
      <trkpt lat="49.338555" lon="8.917248">
        <ele>210.723279</ele>
        <time>2026-07-12T16:03:06.930Z</time>
      </trkpt>
      <trkpt lat="49.338429" lon="8.917800">
        <ele>211.459246</ele>
        <time>2026-07-12T16:03:16.818Z</time>
      </trkpt>
      <trkpt lat="49.338361" lon="8.919296">
        <ele>213.346237</ele>
        <time>2026-07-12T16:03:45.805Z</time>
      </trkpt>
      <trkpt lat="49.338512" lon="8.921261">
        <ele>215.965170</ele>
        <time>2026-07-12T16:04:26.413Z</time>
      </trkpt>
      <trkpt lat="49.338516" lon="8.921320">
        <ele>216.045038</ele>
        <time>2026-07-12T16:04:27.732Z</time>
      </trkpt>
      <trkpt lat="49.338138" lon="8.921551">
        <ele>216.885773</ele>
        <time>2026-07-12T16:04:38.909Z</time>
      </trkpt>
      <trkpt lat="49.337907" lon="8.921653">
        <ele>217.382469</ele>
        <time>2026-07-12T16:04:44.973Z</time>
      </trkpt>
      <trkpt lat="49.338036" lon="8.922271">
        <ele>218.154888</ele>
        <time>2026-07-12T16:05:01.371Z</time>
      </trkpt>
      <trkpt lat="49.338036" lon="8.922271">
        <ele>218.154888</ele>
        <time>2026-07-12T16:05:01.399Z</time>
      </trkpt>
      <trkpt lat="49.338856" lon="8.922163">
        <ele>219.541605</ele>
        <time>2026-07-12T16:05:19.004Z</time>
      </trkpt>
      <trkpt lat="49.339200" lon="8.922963">
        <ele>220.593914</ele>
        <time>2026-07-12T16:05:35.930Z</time>
      </trkpt>
      <trkpt lat="49.339478" lon="8.923518">
        <ele>222.027942</ele>
        <time>2026-07-12T16:05:50.836Z</time>
      </trkpt>
      <trkpt lat="49.339596" lon="8.923629">
        <ele>222.509592</ele>
        <time>2026-07-12T16:05:55.767Z</time>
      </trkpt>
      <trkpt lat="49.340372" lon="8.924113">
        <ele>225.424634</ele>
        <time>2026-07-12T16:06:26.501Z</time>
      </trkpt>
      <trkpt lat="49.340554" lon="8.924304">
        <ele>226.191926</ele>
        <time>2026-07-12T16:06:34.964Z</time>
      </trkpt>
      <trkpt lat="49.340655" lon="8.924504">
        <ele>226.765691</ele>
        <time>2026-07-12T16:06:41.407Z</time>
      </trkpt>
      <trkpt lat="49.341254" lon="8.926364">
        <ele>231.759127</ele>
        <time>2026-07-12T16:07:33.556Z</time>
      </trkpt>
      <trkpt lat="49.341745" lon="8.928143">
        <ele>234.226510</ele>
        <time>2026-07-12T16:08:14.432Z</time>
      </trkpt>
      <trkpt lat="49.341841" lon="8.928601">
        <ele>234.464303</ele>
        <time>2026-07-12T16:08:22.278Z</time>
      </trkpt>
      <trkpt lat="49.341878" lon="8.928995">
        <ele>234.661050</ele>
        <time>2026-07-12T16:08:27.740Z</time>
      </trkpt>
      <trkpt lat="49.341810" lon="8.929956">
        <ele>234.250817</ele>
        <time>2026-07-12T16:08:38.398Z</time>
      </trkpt>
      <trkpt lat="49.341491" lon="8.930911">
        <ele>230.626945</ele>
        <time>2026-07-12T16:08:48.266Z</time>
      </trkpt>
      <trkpt lat="49.341421" lon="8.931252">
        <ele>229.419678</ele>
        <time>2026-07-12T16:08:51.371Z</time>
      </trkpt>
      <trkpt lat="49.341445" lon="8.931622">
        <ele>228.164107</ele>
        <time>2026-07-12T16:08:54.569Z</time>
      </trkpt>
      <trkpt lat="49.341557" lon="8.931815">
        <ele>227.291379</ele>
        <time>2026-07-12T16:08:56.771Z</time>
      </trkpt>
      <trkpt lat="49.341594" lon="8.932048">
        <ele>226.481569</ele>
        <time>2026-07-12T16:08:58.817Z</time>
      </trkpt>
      <trkpt lat="49.341557" lon="8.932610">
        <ele>224.520493</ele>
        <time>2026-07-12T16:09:03.632Z</time>
      </trkpt>
      <trkpt lat="49.341372" lon="8.933516">
        <ele>221.162057</ele>
        <time>2026-07-12T16:09:11.847Z</time>
      </trkpt>
      <trkpt lat="49.341093" lon="8.935426">
        <ele>215.080684</ele>
        <time>2026-07-12T16:09:29.979Z</time>
      </trkpt>
      <trkpt lat="49.341071" lon="8.936571">
        <ele>213.035920</ele>
        <time>2026-07-12T16:09:41.430Z</time>
      </trkpt>
      <trkpt lat="49.340764" lon="8.937923">
        <ele>210.656629</ele>
        <time>2026-07-12T16:09:56.589Z</time>
      </trkpt>
      <trkpt lat="49.340046" lon="8.939684">
        <ele>208.180444</ele>
        <time>2026-07-12T16:10:18.848Z</time>
      </trkpt>
      <trkpt lat="49.339372" lon="8.941087">
        <ele>206.242657</ele>
        <time>2026-07-12T16:10:37.039Z</time>
      </trkpt>
      <trkpt lat="49.338968" lon="8.942312">
        <ele>204.747650</ele>
        <time>2026-07-12T16:10:52.070Z</time>
      </trkpt>
      <trkpt lat="49.338819" lon="8.942987">
        <ele>204.177579</ele>
        <time>2026-07-12T16:11:00.388Z</time>
      </trkpt>
      <trkpt lat="49.338769" lon="8.943964">
        <ele>203.406106</ele>
        <time>2026-07-12T16:11:11.879Z</time>
      </trkpt>
      <trkpt lat="49.338874" lon="8.945208">
        <ele>202.369593</ele>
        <time>2026-07-12T16:11:25.610Z</time>
      </trkpt>
      <trkpt lat="49.337944" lon="8.945175">
        <ele>200.798918</ele>
        <time>2026-07-12T16:11:40.578Z</time>
      </trkpt>
      <trkpt lat="49.337724" lon="8.946829">
        <ele>199.328122</ele>
        <time>2026-07-12T16:12:11.558Z</time>
      </trkpt>
      <trkpt lat="49.337449" lon="8.947519">
        <ele>199.048624</ele>
        <time>2026-07-12T16:12:27.338Z</time>
      </trkpt>
      <trkpt lat="49.337082" lon="8.948240">
        <ele>198.732470</ele>
        <time>2026-07-12T16:12:45.717Z</time>
      </trkpt>
      <trkpt lat="49.337126" lon="8.948393">
        <ele>198.674679</ele>
        <time>2026-07-12T16:12:49.190Z</time>
      </trkpt>
      <trkpt lat="49.337475" lon="8.949192">
        <ele>198.594397</ele>
        <time>2026-07-12T16:13:10.195Z</time>
      </trkpt>
      <trkpt lat="49.336804" lon="8.950136">
        <ele>198.694141</ele>
        <time>2026-07-12T16:13:41.082Z</time>
      </trkpt>
      <trkpt lat="49.336452" lon="8.950607">
        <ele>198.745313</ele>
        <time>2026-07-12T16:13:55.694Z</time>
      </trkpt>
      <trkpt lat="49.336137" lon="8.950524">
        <ele>198.408015</ele>
        <time>2026-07-12T16:14:01.496Z</time>
      </trkpt>
      <trkpt lat="49.335955" lon="8.950527">
        <ele>198.196079</ele>
        <time>2026-07-12T16:14:04.683Z</time>
      </trkpt>
      <trkpt lat="49.334468" lon="8.951458">
        <ele>196.324661</ele>
        <time>2026-07-12T16:14:31.600Z</time>
      </trkpt>
      <trkpt lat="49.333602" lon="8.951980">
        <ele>195.236726</ele>
        <time>2026-07-12T16:14:47.777Z</time>
      </trkpt>
      <trkpt lat="49.331961" lon="8.953451">
        <ele>193.424465</ele>
        <time>2026-07-12T16:15:21.269Z</time>
      </trkpt>
      <trkpt lat="49.330900" lon="8.954381">
        <ele>193.679592</ele>
        <time>2026-07-12T16:15:43.603Z</time>
      </trkpt>
      <trkpt lat="49.330573" lon="8.954706">
        <ele>194.034108</ele>
        <time>2026-07-12T16:15:53.125Z</time>
      </trkpt>
      <trkpt lat="49.331098" lon="8.956019">
        <ele>195.794070</ele>
        <time>2026-07-12T16:16:23.879Z</time>
      </trkpt>
      <trkpt lat="49.331775" lon="8.957652">
        <ele>200.158066</ele>
        <time>2026-07-12T16:17:09.849Z</time>
      </trkpt>
      <trkpt lat="49.332239" lon="8.958650">
        <ele>203.381694</ele>
        <time>2026-07-12T16:17:40.174Z</time>
      </trkpt>
      <trkpt lat="49.332480" lon="8.959211">
        <ele>205.235643</ele>
        <time>2026-07-12T16:17:57.258Z</time>
      </trkpt>
      <trkpt lat="49.332532" lon="8.959466">
        <ele>205.972867</ele>
        <time>2026-07-12T16:18:04.068Z</time>
      </trkpt>
      <trkpt lat="49.332675" lon="8.960902">
        <ele>210.141371</ele>
        <time>2026-07-12T16:18:41.560Z</time>
      </trkpt>
      <trkpt lat="49.332796" lon="8.961863">
        <ele>213.131310</ele>
        <time>2026-07-12T16:19:10.182Z</time>
      </trkpt>
      <trkpt lat="49.332846" lon="8.962118">
        <ele>213.944775</ele>
        <time>2026-07-12T16:19:17.826Z</time>
      </trkpt>
      <trkpt lat="49.332926" lon="8.962310">
        <ele>214.640933</ele>
        <time>2026-07-12T16:19:24.066Z</time>
      </trkpt>
      <trkpt lat="49.333354" lon="8.963104">
        <ele>217.471066</ele>
        <time>2026-07-12T16:19:49.318Z</time>
      </trkpt>
      <trkpt lat="49.333155" lon="8.963660">
        <ele>218.703928</ele>
        <time>2026-07-12T16:20:02.687Z</time>
      </trkpt>
      <trkpt lat="49.333105" lon="8.963971">
        <ele>219.326491</ele>
        <time>2026-07-12T16:20:09.265Z</time>
      </trkpt>
      <trkpt lat="49.332990" lon="8.964406">
        <ele>220.238851</ele>
        <time>2026-07-12T16:20:18.379Z</time>
      </trkpt>
      <trkpt lat="49.332781" lon="8.964822">
        <ele>221.259751</ele>
        <time>2026-07-12T16:20:28.013Z</time>
      </trkpt>
      <trkpt lat="49.332559" lon="8.965185">
        <ele>222.227284</ele>
        <time>2026-07-12T16:20:37.319Z</time>
      </trkpt>
      <trkpt lat="49.331934" lon="8.965977">
        <ele>222.034367</ele>
        <time>2026-07-12T16:20:58.096Z</time>
      </trkpt>
      <trkpt lat="49.331858" lon="8.966066">
        <ele>222.004761</ele>
        <time>2026-07-12T16:20:59.787Z</time>
      </trkpt>
      <trkpt lat="49.331531" lon="8.966361">
        <ele>221.887293</ele>
        <time>2026-07-12T16:21:05.613Z</time>
      </trkpt>
      <trkpt lat="49.330810" lon="8.967243">
        <ele>220.184956</ele>
        <time>2026-07-12T16:21:17.154Z</time>
      </trkpt>
      <trkpt lat="49.330563" lon="8.967373">
        <ele>219.158561</ele>
        <time>2026-07-12T16:21:20.221Z</time>
      </trkpt>
      <trkpt lat="49.329598" lon="8.967749">
        <ele>215.245096</ele>
        <time>2026-07-12T16:21:32.110Z</time>
      </trkpt>
      <trkpt lat="49.328185" lon="8.967971">
        <ele>210.623904</ele>
        <time>2026-07-12T16:21:49.857Z</time>
      </trkpt>
      <trkpt lat="49.327810" lon="8.967989">
        <ele>209.433393</ele>
        <time>2026-07-12T16:21:54.831Z</time>
      </trkpt>
      <trkpt lat="49.327691" lon="8.968002">
        <ele>209.054833</ele>
        <time>2026-07-12T16:21:56.713Z</time>
      </trkpt>
      <trkpt lat="49.327309" lon="8.968332">
        <ele>207.505638</ele>
        <time>2026-07-12T16:22:03.553Z</time>
      </trkpt>
      <trkpt lat="49.327060" lon="8.968620">
        <ele>206.394123</ele>
        <time>2026-07-12T16:22:08.183Z</time>
      </trkpt>
      <trkpt lat="49.326975" lon="8.968791">
        <ele>205.894500</ele>
        <time>2026-07-12T16:22:10.186Z</time>
      </trkpt>
      <trkpt lat="49.326772" lon="8.969366">
        <ele>204.375265</ele>
        <time>2026-07-12T16:22:16.336Z</time>
      </trkpt>
      <trkpt lat="49.326645" lon="8.969587">
        <ele>203.690759</ele>
        <time>2026-07-12T16:22:19.130Z</time>
      </trkpt>
      <trkpt lat="49.326471" lon="8.969790">
        <ele>202.911584</ele>
        <time>2026-07-12T16:22:22.270Z</time>
      </trkpt>
      <trkpt lat="49.326308" lon="8.969943">
        <ele>202.232734</ele>
        <time>2026-07-12T16:22:24.986Z</time>
      </trkpt>
      <trkpt lat="49.326426" lon="8.970095">
        <ele>201.687656</ele>
        <time>2026-07-12T16:22:26.830Z</time>
      </trkpt>
      <trkpt lat="49.326554" lon="8.970344">
        <ele>200.956425</ele>
        <time>2026-07-12T16:22:29.326Z</time>
      </trkpt>
      <trkpt lat="49.326594" lon="8.970422">
        <ele>200.727576</ele>
        <time>2026-07-12T16:22:30.107Z</time>
      </trkpt>
      <trkpt lat="49.326759" lon="8.970743">
        <ele>199.784934</ele>
        <time>2026-07-12T16:22:33.359Z</time>
      </trkpt>
      <trkpt lat="49.326890" lon="8.971009">
        <ele>199.016192</ele>
        <time>2026-07-12T16:22:36.054Z</time>
      </trkpt>
      <trkpt lat="49.326948" lon="8.971205">
        <ele>198.519863</ele>
        <time>2026-07-12T16:22:37.859Z</time>
      </trkpt>
      <trkpt lat="49.326931" lon="8.971398">
        <ele>198.070808</ele>
        <time>2026-07-12T16:22:39.567Z</time>
      </trkpt>
      <trkpt lat="49.326798" lon="8.971695">
        <ele>197.239929</ele>
        <time>2026-07-12T16:22:42.728Z</time>
      </trkpt>
      <trkpt lat="49.326435" lon="8.972465">
        <ele>194.429589</ele>
        <time>2026-07-12T16:22:50.423Z</time>
      </trkpt>
      <trkpt lat="49.326237" lon="8.972924">
        <ele>192.460263</ele>
        <time>2026-07-12T16:22:54.669Z</time>
      </trkpt>
      <trkpt lat="49.326017" lon="8.974497">
        <ele>186.704255</ele>
        <time>2026-07-12T16:23:06.350Z</time>
      </trkpt>
      <trkpt lat="49.325959" lon="8.975031">
        <ele>185.197158</ele>
        <time>2026-07-12T16:23:10.266Z</time>
      </trkpt>
      <trkpt lat="49.325941" lon="8.975410">
        <ele>184.219511</ele>
        <time>2026-07-12T16:23:13.073Z</time>
      </trkpt>
      <trkpt lat="49.325902" lon="8.975877">
        <ele>183.008226</ele>
        <time>2026-07-12T16:23:16.656Z</time>
      </trkpt>
      <trkpt lat="49.325892" lon="8.976113">
        <ele>182.399781</ele>
        <time>2026-07-12T16:23:18.503Z</time>
      </trkpt>
      <trkpt lat="49.325849" lon="8.977367">
        <ele>179.196660</ele>
        <time>2026-07-12T16:23:29.352Z</time>
      </trkpt>
      <trkpt lat="49.325845" lon="8.977491">
        <ele>179.188326</ele>
        <time>2026-07-12T16:23:30.588Z</time>
      </trkpt>
      <trkpt lat="49.325842" lon="8.977586">
        <ele>179.181941</ele>
        <time>2026-07-12T16:23:31.578Z</time>
      </trkpt>
      <trkpt lat="49.325833" lon="8.977851">
        <ele>179.164128</ele>
        <time>2026-07-12T16:23:34.406Z</time>
      </trkpt>
      <trkpt lat="49.325827" lon="8.978019">
        <ele>179.152834</ele>
        <time>2026-07-12T16:23:36.311Z</time>
      </trkpt>
      <trkpt lat="49.325815" lon="8.978413">
        <ele>179.126356</ele>
        <time>2026-07-12T16:23:40.870Z</time>
      </trkpt>
      <trkpt lat="49.325837" lon="8.979070">
        <ele>179.082195</ele>
        <time>2026-07-12T16:23:48.883Z</time>
      </trkpt>
      <trkpt lat="49.325842" lon="8.979185">
        <ele>179.074458</ele>
        <time>2026-07-12T16:23:50.281Z</time>
      </trkpt>
      <trkpt lat="49.325854" lon="8.979545">
        <ele>179.050261</ele>
        <time>2026-07-12T16:23:54.682Z</time>
      </trkpt>
      <trkpt lat="49.325869" lon="8.979959">
        <ele>179.022427</ele>
        <time>2026-07-12T16:23:59.732Z</time>
      </trkpt>
      <trkpt lat="49.325887" lon="8.980471">
        <ele>179.111677</ele>
        <time>2026-07-12T16:24:05.843Z</time>
      </trkpt>
      <trkpt lat="49.325939" lon="8.980706">
        <ele>179.180370</ele>
        <time>2026-07-12T16:24:08.817Z</time>
      </trkpt>
      <trkpt lat="49.326167" lon="8.980820">
        <ele>179.282211</ele>
        <time>2026-07-12T16:24:13.415Z</time>
      </trkpt>
      <trkpt lat="49.326874" lon="8.981070">
        <ele>179.590336</ele>
        <time>2026-07-12T16:24:27.659Z</time>
      </trkpt>
      <trkpt lat="49.327393" lon="8.981303">
        <ele>179.824363</ele>
        <time>2026-07-12T16:24:37.528Z</time>
      </trkpt>
      <trkpt lat="49.328155" lon="8.981564">
        <ele>180.188901</ele>
        <time>2026-07-12T16:24:52.857Z</time>
      </trkpt>
      <trkpt lat="49.328337" lon="8.981539">
        <ele>180.274217</ele>
        <time>2026-07-12T16:24:56.194Z</time>
      </trkpt>
      <trkpt lat="49.328522" lon="8.981517">
        <ele>180.360853</ele>
        <time>2026-07-12T16:24:59.400Z</time>
      </trkpt>
      <trkpt lat="49.328618" lon="8.981843">
        <ele>180.469708</ele>
        <time>2026-07-12T16:25:03.626Z</time>
      </trkpt>
      <trkpt lat="49.328685" lon="8.982135">
        <ele>180.563907</ele>
        <time>2026-07-12T16:25:07.569Z</time>
      </trkpt>
      <trkpt lat="49.328841" lon="8.982485">
        <ele>180.741450</ele>
        <time>2026-07-12T16:25:13.384Z</time>
      </trkpt>
      <trkpt lat="49.328909" lon="8.982573">
        <ele>180.809110</ele>
        <time>2026-07-12T16:25:15.218Z</time>
      </trkpt>
      <trkpt lat="49.329009" lon="8.982617">
        <ele>180.888235</ele>
        <time>2026-07-12T16:25:17.388Z</time>
      </trkpt>
      <trkpt lat="49.329305" lon="8.982578">
        <ele>181.114200</ele>
        <time>2026-07-12T16:25:23.843Z</time>
      </trkpt>
      <trkpt lat="49.329430" lon="8.982577">
        <ele>181.209276</ele>
        <time>2026-07-12T16:25:26.428Z</time>
      </trkpt>
      <trkpt lat="49.329518" lon="8.982627">
        <ele>181.280650</ele>
        <time>2026-07-12T16:25:28.398Z</time>
      </trkpt>
      <trkpt lat="49.329581" lon="8.982690">
        <ele>181.337846</ele>
        <time>2026-07-12T16:25:30.015Z</time>
      </trkpt>
      <trkpt lat="49.329703" lon="8.982966">
        <ele>181.503155</ele>
        <time>2026-07-12T16:25:34.755Z</time>
      </trkpt>
      <trkpt lat="49.329759" lon="8.983095">
        <ele>181.579986</ele>
        <time>2026-07-12T16:25:36.900Z</time>
      </trkpt>
      <trkpt lat="49.329791" lon="8.983319">
        <ele>181.693656</ele>
        <time>2026-07-12T16:25:40.131Z</time>
      </trkpt>
      <trkpt lat="49.329734" lon="8.984024">
        <ele>182.030536</ele>
        <time>2026-07-12T16:25:49.691Z</time>
      </trkpt>
      <trkpt lat="49.329724" lon="8.984288">
        <ele>182.129333</ele>
        <time>2026-07-12T16:25:52.773Z</time>
      </trkpt>
      <trkpt lat="49.329800" lon="8.984546">
        <ele>182.235112</ele>
        <time>2026-07-12T16:25:55.850Z</time>
      </trkpt>
      <trkpt lat="49.330122" lon="8.985174">
        <ele>182.533644</ele>
        <time>2026-07-12T16:26:05.267Z</time>
      </trkpt>
      <trkpt lat="49.330374" lon="8.985596">
        <ele>182.747480</ele>
        <time>2026-07-12T16:26:12.920Z</time>
      </trkpt>
      <trkpt lat="49.330416" lon="8.985667">
        <ele>182.783303</ele>
        <time>2026-07-12T16:26:14.080Z</time>
      </trkpt>
      <trkpt lat="49.330453" lon="8.985745">
        <ele>182.819346</ele>
        <time>2026-07-12T16:26:15.511Z</time>
      </trkpt>
      <trkpt lat="49.330585" lon="8.986116">
        <ele>182.977261</ele>
        <time>2026-07-12T16:26:20.967Z</time>
      </trkpt>
      <trkpt lat="49.330702" lon="8.986867">
        <ele>183.538631</ele>
        <time>2026-07-12T16:26:31.919Z</time>
      </trkpt>
      <trkpt lat="49.331000" lon="8.987700">
        <ele>184.279948</ele>
        <time>2026-07-12T16:26:46.809Z</time>
      </trkpt>
      <trkpt lat="49.331470" lon="8.988687">
        <ele>185.253943</ele>
        <time>2026-07-12T16:27:04.570Z</time>
      </trkpt>
      <trkpt lat="49.331794" lon="8.989209">
        <ele>185.991133</ele>
        <time>2026-07-12T16:27:15.149Z</time>
      </trkpt>
      <trkpt lat="49.331977" lon="8.989571">
        <ele>186.459644</ele>
        <time>2026-07-12T16:27:22.097Z</time>
      </trkpt>
      <trkpt lat="49.332115" lon="8.989997">
        <ele>186.946133</ele>
        <time>2026-07-12T16:27:29.484Z</time>
      </trkpt>
      <trkpt lat="49.332260" lon="8.990494">
        <ele>187.502980</ele>
        <time>2026-07-12T16:27:38.150Z</time>
      </trkpt>
      <trkpt lat="49.332404" lon="8.990789">
        <ele>187.879896</ele>
        <time>2026-07-12T16:27:44.126Z</time>
      </trkpt>
      <trkpt lat="49.333174" lon="8.992052">
        <ele>191.000987</ele>
        <time>2026-07-12T16:28:15.949Z</time>
      </trkpt>
      <trkpt lat="49.333836" lon="8.993090">
        <ele>193.545076</ele>
        <time>2026-07-12T16:28:47.691Z</time>
      </trkpt>
      <trkpt lat="49.334159" lon="8.993824">
        <ele>194.758649</ele>
        <time>2026-07-12T16:29:06.634Z</time>
      </trkpt>
      <trkpt lat="49.334339" lon="8.994462">
        <ele>195.711251</ele>
        <time>2026-07-12T16:29:17.746Z</time>
      </trkpt>
      <trkpt lat="49.334461" lon="8.994980">
        <ele>196.465947</ele>
        <time>2026-07-12T16:29:24.958Z</time>
      </trkpt>
      <trkpt lat="49.334766" lon="8.996013">
        <ele>197.630011</ele>
        <time>2026-07-12T16:29:38.845Z</time>
      </trkpt>
      <trkpt lat="49.334969" lon="8.996277">
        <ele>197.995214</ele>
        <time>2026-07-12T16:29:43.186Z</time>
      </trkpt>
      <trkpt lat="49.335139" lon="8.996284">
        <ele>198.228619</ele>
        <time>2026-07-12T16:29:46.211Z</time>
      </trkpt>
      <trkpt lat="49.334709" lon="8.996726">
        <ele>198.938943</ele>
        <time>2026-07-12T16:29:59.424Z</time>
      </trkpt>
      <trkpt lat="49.334253" lon="8.997244">
        <ele>201.057625</ele>
        <time>2026-07-12T16:30:19.254Z</time>
      </trkpt>
      <trkpt lat="49.333730" lon="8.997900">
        <ele>205.516339</ele>
        <time>2026-07-12T16:30:49.762Z</time>
      </trkpt>
      <trkpt lat="49.333852" lon="8.999256">
        <ele>211.432977</ele>
        <time>2026-07-12T16:31:41.815Z</time>
      </trkpt>
      <trkpt lat="49.333906" lon="9.000666">
        <ele>218.553201</ele>
        <time>2026-07-12T16:32:38.318Z</time>
      </trkpt>
      <trkpt lat="49.334066" lon="9.001946">
        <ele>225.123443</ele>
        <time>2026-07-12T16:33:20.792Z</time>
      </trkpt>
      <trkpt lat="49.334001" lon="9.002131">
        <ele>225.685441</ele>
        <time>2026-07-12T16:33:26.984Z</time>
      </trkpt>
      <trkpt lat="49.333641" lon="9.002469">
        <ele>227.373904</ele>
        <time>2026-07-12T16:33:45.026Z</time>
      </trkpt>
      <trkpt lat="49.333490" lon="9.002630">
        <ele>228.109527</ele>
        <time>2026-07-12T16:33:52.589Z</time>
      </trkpt>
      <trkpt lat="49.333357" lon="9.002831">
        <ele>228.856348</ele>
        <time>2026-07-12T16:33:59.948Z</time>
      </trkpt>
      <trkpt lat="49.333017" lon="9.003195">
        <ele>230.514932</ele>
        <time>2026-07-12T16:34:14.833Z</time>
      </trkpt>
      <trkpt lat="49.332795" lon="9.003606">
        <ele>231.906708</ele>
        <time>2026-07-12T16:34:25.959Z</time>
      </trkpt>
      <trkpt lat="49.332754" lon="9.003745">
        <ele>232.304497</ele>
        <time>2026-07-12T16:34:28.950Z</time>
      </trkpt>
      <trkpt lat="49.332695" lon="9.004225">
        <ele>232.738695</ele>
        <time>2026-07-12T16:34:37.652Z</time>
      </trkpt>
      <trkpt lat="49.332396" lon="9.005980">
        <ele>234.239651</ele>
        <time>2026-07-12T16:35:04.187Z</time>
      </trkpt>
      <trkpt lat="49.332387" lon="9.006174">
        <ele>234.400580</ele>
        <time>2026-07-12T16:35:07.130Z</time>
      </trkpt>
      <trkpt lat="49.332465" lon="9.007958">
        <ele>237.668971</ele>
        <time>2026-07-12T16:35:41.997Z</time>
      </trkpt>
      <trkpt lat="49.332243" lon="9.009544">
        <ele>241.544801</ele>
        <time>2026-07-12T16:36:22.774Z</time>
      </trkpt>
      <trkpt lat="49.332065" lon="9.011394">
        <ele>248.388637</ele>
        <time>2026-07-12T16:37:18.686Z</time>
      </trkpt>
      <trkpt lat="49.332066" lon="9.012165">
        <ele>251.280589</ele>
        <time>2026-07-12T16:37:43.181Z</time>
      </trkpt>
      <trkpt lat="49.332185" lon="9.012540">
        <ele>252.923815</ele>
        <time>2026-07-12T16:37:56.757Z</time>
      </trkpt>
      <trkpt lat="49.332499" lon="9.013023">
        <ele>255.611621</ele>
        <time>2026-07-12T16:38:19.321Z</time>
      </trkpt>
      <trkpt lat="49.332607" lon="9.013279">
        <ele>256.813061</ele>
        <time>2026-07-12T16:38:29.066Z</time>
      </trkpt>
      <trkpt lat="49.332652" lon="9.013612">
        <ele>258.152868</ele>
        <time>2026-07-12T16:38:39.620Z</time>
      </trkpt>
      <trkpt lat="49.332663" lon="9.014531">
        <ele>261.606870</ele>
        <time>2026-07-12T16:39:05.307Z</time>
      </trkpt>
      <trkpt lat="49.332690" lon="9.015857">
        <ele>265.399614</ele>
        <time>2026-07-12T16:39:40.719Z</time>
      </trkpt>
      <trkpt lat="49.332737" lon="9.017625">
        <ele>269.940792</ele>
        <time>2026-07-12T16:40:23.788Z</time>
      </trkpt>
      <trkpt lat="49.332758" lon="9.017910">
        <ele>270.458252</ele>
        <time>2026-07-12T16:40:30.502Z</time>
      </trkpt>
      <trkpt lat="49.332764" lon="9.017990">
        <ele>270.603537</ele>
        <time>2026-07-12T16:40:32.371Z</time>
      </trkpt>
      <trkpt lat="49.332839" lon="9.018650">
        <ele>271.812244</ele>
        <time>2026-07-12T16:40:47.531Z</time>
      </trkpt>
      <trkpt lat="49.332974" lon="9.019348">
        <ele>273.125831</ele>
        <time>2026-07-12T16:41:02.740Z</time>
      </trkpt>
      <trkpt lat="49.333016" lon="9.019798">
        <ele>273.945980</ele>
        <time>2026-07-12T16:41:11.337Z</time>
      </trkpt>
      <trkpt lat="49.333120" lon="9.019829">
        <ele>273.947079</ele>
        <time>2026-07-12T16:41:13.784Z</time>
      </trkpt>
      <trkpt lat="49.333133" lon="9.019884">
        <ele>273.901573</ele>
        <time>2026-07-12T16:41:14.721Z</time>
      </trkpt>
      <trkpt lat="49.333380" lon="9.020961">
        <ele>273.013516</ele>
        <time>2026-07-12T16:41:28.294Z</time>
      </trkpt>
      <trkpt lat="49.333379" lon="9.021027">
        <ele>272.962168</ele>
        <time>2026-07-12T16:41:28.982Z</time>
      </trkpt>
      <trkpt lat="49.333372" lon="9.021698">
        <ele>272.440197</ele>
        <time>2026-07-12T16:41:35.605Z</time>
      </trkpt>
      <trkpt lat="49.333365" lon="9.022336">
        <ele>271.943890</ele>
        <time>2026-07-12T16:41:41.555Z</time>
      </trkpt>
      <trkpt lat="49.333261" lon="9.024355">
        <ele>268.806469</ele>
        <time>2026-07-12T16:42:00.782Z</time>
      </trkpt>
      <trkpt lat="49.333278" lon="9.024973">
        <ele>267.830808</ele>
        <time>2026-07-12T16:42:07.477Z</time>
      </trkpt>
      <trkpt lat="49.333302" lon="9.025812">
        <ele>266.535278</ele>
        <time>2026-07-12T16:42:16.645Z</time>
      </trkpt>
      <trkpt lat="49.333351" lon="9.026550">
        <ele>265.398316</ele>
        <time>2026-07-12T16:42:24.432Z</time>
      </trkpt>
      <trkpt lat="49.333406" lon="9.027106">
        <ele>264.536393</ele>
        <time>2026-07-12T16:42:29.901Z</time>
      </trkpt>
      <trkpt lat="49.333593" lon="9.028221">
        <ele>262.202459</ele>
        <time>2026-07-12T16:42:40.512Z</time>
      </trkpt>
      <trkpt lat="49.331762" lon="9.028209">
        <ele>252.316150</ele>
        <time>2026-07-12T16:43:01.958Z</time>
      </trkpt>
      <trkpt lat="49.331419" lon="9.028210">
        <ele>249.353265</ele>
        <time>2026-07-12T16:43:05.660Z</time>
      </trkpt>
      <trkpt lat="49.330016" lon="9.028230">
        <ele>237.599896</ele>
        <time>2026-07-12T16:43:20.329Z</time>
      </trkpt>
      <trkpt lat="49.329086" lon="9.028255">
        <ele>231.217958</ele>
        <time>2026-07-12T16:43:30.434Z</time>
      </trkpt>
      <trkpt lat="49.328844" lon="9.028255">
        <ele>229.557536</ele>
        <time>2026-07-12T16:43:33.251Z</time>
      </trkpt>
      <trkpt lat="49.328018" lon="9.028247">
        <ele>225.860597</ele>
        <time>2026-07-12T16:43:43.396Z</time>
      </trkpt>
      <trkpt lat="49.327568" lon="9.028243">
        <ele>224.958488</ele>
        <time>2026-07-12T16:43:49.193Z</time>
      </trkpt>
      <trkpt lat="49.326907" lon="9.028335">
        <ele>223.627973</ele>
        <time>2026-07-12T16:43:58.042Z</time>
      </trkpt>
      <trkpt lat="49.326132" lon="9.028440">
        <ele>225.475162</ele>
        <time>2026-07-12T16:44:15.075Z</time>
      </trkpt>
      <trkpt lat="49.325422" lon="9.028523">
        <ele>228.910714</ele>
        <time>2026-07-12T16:44:54.566Z</time>
      </trkpt>
      <trkpt lat="49.325097" lon="9.028750">
        <ele>230.633616</ele>
        <time>2026-07-12T16:45:18.678Z</time>
      </trkpt>
      <trkpt lat="49.324634" lon="9.028958">
        <ele>233.472426</ele>
        <time>2026-07-12T16:45:53.349Z</time>
      </trkpt>
      <trkpt lat="49.324388" lon="9.028976">
        <ele>235.160623</ele>
        <time>2026-07-12T16:46:10.382Z</time>
      </trkpt>
      <trkpt lat="49.324165" lon="9.029174">
        <ele>236.926761</ele>
        <time>2026-07-12T16:46:27.586Z</time>
      </trkpt>
      <trkpt lat="49.323951" lon="9.029741">
        <ele>239.854090</ele>
        <time>2026-07-12T16:46:54.301Z</time>
      </trkpt>
      <trkpt lat="49.323894" lon="9.029892">
        <ele>240.633710</ele>
        <time>2026-07-12T16:47:01.041Z</time>
      </trkpt>
      <trkpt lat="49.323715" lon="9.030929">
        <ele>245.027826</ele>
        <time>2026-07-12T16:47:40.083Z</time>
      </trkpt>
      <trkpt lat="49.322842" lon="9.034159">
        <ele>256.638252</ele>
        <time>2026-07-12T16:49:40.634Z</time>
      </trkpt>
      <trkpt lat="49.322699" lon="9.034663">
        <ele>258.686231</ele>
        <time>2026-07-12T16:50:01.420Z</time>
      </trkpt>
      <trkpt lat="49.322642" lon="9.035132">
        <ele>260.463733</ele>
        <time>2026-07-12T16:50:20.078Z</time>
      </trkpt>
      <trkpt lat="49.322554" lon="9.035853">
        <ele>263.214903</ele>
        <time>2026-07-12T16:50:49.710Z</time>
      </trkpt>
      <trkpt lat="49.322590" lon="9.036586">
        <ele>266.285931</ele>
        <time>2026-07-12T16:51:19.702Z</time>
      </trkpt>
      <trkpt lat="49.322685" lon="9.037195">
        <ele>268.902075</ele>
        <time>2026-07-12T16:51:44.984Z</time>
      </trkpt>
      <trkpt lat="49.323011" lon="9.039297">
        <ele>276.406189</ele>
        <time>2026-07-12T16:53:09.074Z</time>
      </trkpt>
      <trkpt lat="49.323236" lon="9.040574">
        <ele>279.423185</ele>
        <time>2026-07-12T16:53:51.334Z</time>
      </trkpt>
      <trkpt lat="49.324385" lon="9.042715">
        <ele>279.995156</ele>
        <time>2026-07-12T16:54:48.045Z</time>
      </trkpt>
      <trkpt lat="49.324697" lon="9.043339">
        <ele>279.492227</ele>
        <time>2026-07-12T16:55:01.815Z</time>
      </trkpt>
      <trkpt lat="49.325603" lon="9.044984">
        <ele>276.259247</ele>
        <time>2026-07-12T16:55:38.908Z</time>
      </trkpt>
      <trkpt lat="49.327250" lon="9.047689">
        <ele>271.120162</ele>
        <time>2026-07-12T16:56:47.040Z</time>
      </trkpt>
      <trkpt lat="49.327384" lon="9.047796">
        <ele>270.500865</ele>
        <time>2026-07-12T16:56:50.726Z</time>
      </trkpt>
      <trkpt lat="49.327278" lon="9.047775">
        <ele>270.062693</ele>
        <time>2026-07-12T16:56:52.211Z</time>
      </trkpt>
      <trkpt lat="49.327203" lon="9.047805">
        <ele>269.744940</ele>
        <time>2026-07-12T16:56:53.289Z</time>
      </trkpt>
      <trkpt lat="49.327051" lon="9.047907">
        <ele>269.064799</ele>
        <time>2026-07-12T16:56:55.547Z</time>
      </trkpt>
      <trkpt lat="49.326926" lon="9.048046">
        <ele>268.431908</ele>
        <time>2026-07-12T16:56:57.627Z</time>
      </trkpt>
      <trkpt lat="49.326831" lon="9.048152">
        <ele>267.950346</ele>
        <time>2026-07-12T16:56:59.232Z</time>
      </trkpt>
      <trkpt lat="49.326705" lon="9.048461">
        <ele>266.976438</ele>
        <time>2026-07-12T16:57:02.486Z</time>
      </trkpt>
      <trkpt lat="49.326650" lon="9.048702">
        <ele>266.294163</ele>
        <time>2026-07-12T16:57:04.798Z</time>
      </trkpt>
      <trkpt lat="49.326676" lon="9.049535">
        <ele>264.177537</ele>
        <time>2026-07-12T16:57:12.575Z</time>
      </trkpt>
      <trkpt lat="49.326564" lon="9.051168">
        <ele>260.269217</ele>
        <time>2026-07-12T16:57:29.462Z</time>
      </trkpt>
      <trkpt lat="49.325388" lon="9.048564">
        <ele>250.253909</ele>
        <time>2026-07-12T16:57:57.752Z</time>
      </trkpt>
      <trkpt lat="49.325102" lon="9.048122">
        <ele>248.308440</ele>
        <time>2026-07-12T16:58:03.386Z</time>
      </trkpt>
      <trkpt lat="49.325087" lon="9.047978">
        <ele>247.896961</ele>
        <time>2026-07-12T16:58:04.728Z</time>
      </trkpt>
      <trkpt lat="49.324976" lon="9.047824">
        <ele>247.249078</ele>
        <time>2026-07-12T16:58:06.852Z</time>
      </trkpt>
      <trkpt lat="49.324501" lon="9.047413">
        <ele>244.888194</ele>
        <time>2026-07-12T16:58:14.885Z</time>
      </trkpt>
      <trkpt lat="49.323389" lon="9.046686">
        <ele>238.991027</ele>
        <time>2026-07-12T16:58:32.172Z</time>
      </trkpt>
      <trkpt lat="49.323093" lon="9.046309">
        <ele>236.675699</ele>
        <time>2026-07-12T16:58:37.228Z</time>
      </trkpt>
      <trkpt lat="49.322815" lon="9.046028">
        <ele>234.672084</ele>
        <time>2026-07-12T16:58:41.597Z</time>
      </trkpt>
      <trkpt lat="49.322528" lon="9.045790">
        <ele>232.708607</ele>
        <time>2026-07-12T16:58:45.882Z</time>
      </trkpt>
      <trkpt lat="49.322212" lon="9.045604">
        <ele>230.671604</ele>
        <time>2026-07-12T16:58:50.352Z</time>
      </trkpt>
      <trkpt lat="49.320999" lon="9.046130">
        <ele>224.453520</ele>
        <time>2026-07-12T16:59:07.847Z</time>
      </trkpt>
      <trkpt lat="49.320276" lon="9.046561">
        <ele>221.360854</ele>
        <time>2026-07-12T16:59:18.929Z</time>
      </trkpt>
      <trkpt lat="49.320173" lon="9.046622">
        <ele>221.188159</ele>
        <time>2026-07-12T16:59:20.559Z</time>
      </trkpt>
      <trkpt lat="49.320068" lon="9.046634">
        <ele>221.023468</ele>
        <time>2026-07-12T16:59:22.131Z</time>
      </trkpt>
      <trkpt lat="49.319936" lon="9.046517">
        <ele>220.785016</ele>
        <time>2026-07-12T16:59:24.431Z</time>
      </trkpt>
      <trkpt lat="49.319731" lon="9.046646">
        <ele>220.438439</ele>
        <time>2026-07-12T16:59:30.814Z</time>
      </trkpt>
      <trkpt lat="49.319471" lon="9.046897">
        <ele>219.957939</ele>
        <time>2026-07-12T16:59:40.128Z</time>
      </trkpt>
      <trkpt lat="49.319277" lon="9.047538">
        <ele>219.237378</ele>
        <time>2026-07-12T16:59:55.215Z</time>
      </trkpt>
      <trkpt lat="49.319254" lon="9.047696">
        <ele>219.072316</ele>
        <time>2026-07-12T16:59:59.121Z</time>
      </trkpt>
      <trkpt lat="49.319258" lon="9.047780">
        <ele>218.986443</ele>
        <time>2026-07-12T17:00:01.165Z</time>
      </trkpt>
      <trkpt lat="49.319374" lon="9.048089">
        <ele>219.738075</ele>
        <time>2026-07-12T17:00:09.927Z</time>
      </trkpt>
      <trkpt lat="49.319370" lon="9.048127">
        <ele>219.867188</ele>
        <time>2026-07-12T17:00:10.844Z</time>
      </trkpt>
      <trkpt lat="49.319268" lon="9.048364">
        <ele>220.819787</ele>
        <time>2026-07-12T17:00:18.429Z</time>
      </trkpt>
      <trkpt lat="49.319076" lon="9.048441">
        <ele>221.840980</ele>
        <time>2026-07-12T17:00:25.996Z</time>
      </trkpt>
      <trkpt lat="49.318983" lon="9.048557">
        <ele>222.457756</ele>
        <time>2026-07-12T17:00:30.898Z</time>
      </trkpt>
      <trkpt lat="49.318936" lon="9.048607">
        <ele>222.752069</ele>
        <time>2026-07-12T17:00:33.460Z</time>
      </trkpt>
      <trkpt lat="49.318859" lon="9.048570">
        <ele>223.167277</ele>
        <time>2026-07-12T17:00:36.237Z</time>
      </trkpt>
      <trkpt lat="49.318462" lon="9.048294">
        <ele>225.410140</ele>
        <time>2026-07-12T17:00:53.928Z</time>
      </trkpt>
      <trkpt lat="49.317421" lon="9.050361">
        <ele>239.488034</ele>
        <time>2026-07-12T17:02:39.516Z</time>
      </trkpt>
      <trkpt lat="49.317218" lon="9.050897">
        <ele>243.399559</ele>
        <time>2026-07-12T17:03:04.979Z</time>
      </trkpt>
      <trkpt lat="49.316964" lon="9.053084">
        <ele>257.262151</ele>
        <time>2026-07-12T17:04:28.451Z</time>
      </trkpt>
      <trkpt lat="49.316998" lon="9.055037">
        <ele>269.900184</ele>
        <time>2026-07-12T17:05:50.618Z</time>
      </trkpt>
      <trkpt lat="49.316962" lon="9.055468">
        <ele>272.796564</ele>
        <time>2026-07-12T17:06:09.812Z</time>
      </trkpt>
      <trkpt lat="49.316915" lon="9.055688">
        <ele>274.339749</ele>
        <time>2026-07-12T17:06:19.944Z</time>
      </trkpt>
      <trkpt lat="49.316785" lon="9.056427">
        <ele>279.441881</ele>
        <time>2026-07-12T17:06:52.715Z</time>
      </trkpt>
      <trkpt lat="49.316774" lon="9.057014">
        <ele>282.176381</ele>
        <time>2026-07-12T17:07:15.267Z</time>
      </trkpt>
      <trkpt lat="49.316871" lon="9.058099">
        <ele>285.617681</ele>
        <time>2026-07-12T17:07:48.419Z</time>
      </trkpt>
      <trkpt lat="49.316869" lon="9.058140">
        <ele>285.746875</ele>
        <time>2026-07-12T17:07:49.353Z</time>
      </trkpt>
      <trkpt lat="49.316845" lon="9.058570">
        <ele>287.103003</ele>
        <time>2026-07-12T17:07:58.828Z</time>
      </trkpt>
      <trkpt lat="49.317019" lon="9.059710">
        <ele>289.877460</ele>
        <time>2026-07-12T17:08:16.125Z</time>
      </trkpt>
      <trkpt lat="49.317063" lon="9.060011">
        <ele>289.959083</ele>
        <time>2026-07-12T17:08:19.130Z</time>
      </trkpt>
      <trkpt lat="49.317156" lon="9.060666">
        <ele>290.136459</ele>
        <time>2026-07-12T17:08:25.557Z</time>
      </trkpt>
      <trkpt lat="49.317174" lon="9.060792">
        <ele>290.170590</ele>
        <time>2026-07-12T17:08:26.774Z</time>
      </trkpt>
      <trkpt lat="49.317295" lon="9.061139">
        <ele>290.274717</ele>
        <time>2026-07-12T17:08:30.782Z</time>
      </trkpt>
      <trkpt lat="49.317378" lon="9.061711">
        <ele>290.429772</ele>
        <time>2026-07-12T17:08:38.458Z</time>
      </trkpt>
      <trkpt lat="49.317365" lon="9.061938">
        <ele>290.490067</ele>
        <time>2026-07-12T17:08:41.821Z</time>
      </trkpt>
      <trkpt lat="49.317289" lon="9.062174">
        <ele>291.029141</ele>
        <time>2026-07-12T17:08:45.973Z</time>
      </trkpt>
      <trkpt lat="49.317322" lon="9.062401">
        <ele>291.907806</ele>
        <time>2026-07-12T17:08:49.965Z</time>
      </trkpt>
      <trkpt lat="49.317292" lon="9.062587">
        <ele>292.631697</ele>
        <time>2026-07-12T17:08:53.659Z</time>
      </trkpt>
      <trkpt lat="49.317241" lon="9.062910">
        <ele>293.887266</ele>
        <time>2026-07-12T17:09:01.182Z</time>
      </trkpt>
      <trkpt lat="49.317236" lon="9.063111">
        <ele>294.647190</ele>
        <time>2026-07-12T17:09:06.337Z</time>
      </trkpt>
      <trkpt lat="49.317113" lon="9.063166">
        <ele>295.389713</ele>
        <time>2026-07-12T17:09:11.822Z</time>
      </trkpt>
      <trkpt lat="49.316843" lon="9.063232">
        <ele>296.974262</ele>
        <time>2026-07-12T17:09:24.791Z</time>
      </trkpt>
      <trkpt lat="49.316726" lon="9.063255">
        <ele>297.657889</ele>
        <time>2026-07-12T17:09:30.967Z</time>
      </trkpt>
      <trkpt lat="49.316257" lon="9.063354">
        <ele>300.401630</ele>
        <time>2026-07-12T17:09:58.071Z</time>
      </trkpt>
      <trkpt lat="49.316017" lon="9.063387">
        <ele>301.890552</ele>
        <time>2026-07-12T17:10:12.102Z</time>
      </trkpt>
      <trkpt lat="49.315768" lon="9.063521">
        <ele>303.586214</ele>
        <time>2026-07-12T17:10:27.637Z</time>
      </trkpt>
      <trkpt lat="49.315232" lon="9.064140">
        <ele>307.897464</ele>
        <time>2026-07-12T17:11:05.173Z</time>
      </trkpt>
      <trkpt lat="49.314595" lon="9.064654">
        <ele>312.504789</ele>
        <time>2026-07-12T17:11:31.550Z</time>
      </trkpt>
      <trkpt lat="49.314263" lon="9.064990">
        <ele>312.231207</ele>
        <time>2026-07-12T17:11:39.631Z</time>
      </trkpt>
      <trkpt lat="49.312870" lon="9.066399">
        <ele>310.261530</ele>
        <time>2026-07-12T17:12:02.510Z</time>
      </trkpt>
      <trkpt lat="49.312794" lon="9.066435">
        <ele>309.964840</ele>
        <time>2026-07-12T17:12:03.727Z</time>
      </trkpt>
      <trkpt lat="49.312659" lon="9.066514">
        <ele>309.425887</ele>
        <time>2026-07-12T17:12:05.912Z</time>
      </trkpt>
      <trkpt lat="49.312389" lon="9.066537">
        <ele>308.417230</ele>
        <time>2026-07-12T17:12:09.698Z</time>
      </trkpt>
      <trkpt lat="49.311677" lon="9.066845">
        <ele>305.657863</ele>
        <time>2026-07-12T17:12:18.890Z</time>
      </trkpt>
      <trkpt lat="49.310784" lon="9.067588">
        <ele>299.010380</ele>
        <time>2026-07-12T17:12:29.833Z</time>
      </trkpt>
      <trkpt lat="49.310541" lon="9.067932">
        <ele>296.467371</ele>
        <time>2026-07-12T17:12:33.269Z</time>
      </trkpt>
      <trkpt lat="49.310268" lon="9.068556">
        <ele>292.699636</ele>
        <time>2026-07-12T17:12:38.420Z</time>
      </trkpt>
      <trkpt lat="49.309676" lon="9.069870">
        <ele>292.357193</ele>
        <time>2026-07-12T17:12:51.598Z</time>
      </trkpt>
      <trkpt lat="49.308416" lon="9.072037">
        <ele>298.190428</ele>
        <time>2026-07-12T17:14:22.772Z</time>
      </trkpt>
      <trkpt lat="49.308324" lon="9.072155">
        <ele>298.699072</ele>
        <time>2026-07-12T17:14:26.980Z</time>
      </trkpt>
      <trkpt lat="49.306990" lon="9.073344">
        <ele>303.332811</ele>
        <time>2026-07-12T17:15:03.058Z</time>
      </trkpt>
      <trkpt lat="49.306766" lon="9.073546">
        <ele>303.767431</ele>
        <time>2026-07-12T17:15:10.480Z</time>
      </trkpt>
      <trkpt lat="49.306270" lon="9.073894">
        <ele>304.679715</ele>
        <time>2026-07-12T17:15:25.752Z</time>
      </trkpt>
      <trkpt lat="49.305863" lon="9.074115">
        <ele>304.933969</ele>
        <time>2026-07-12T17:15:37.520Z</time>
      </trkpt>
      <trkpt lat="49.304347" lon="9.074563">
        <ele>303.546980</ele>
        <time>2026-07-12T17:15:59.094Z</time>
      </trkpt>
      <trkpt lat="49.304237" lon="9.074757">
        <ele>303.538392</ele>
        <time>2026-07-12T17:16:01.321Z</time>
      </trkpt>
      <trkpt lat="49.304108" lon="9.074908">
        <ele>303.635526</ele>
        <time>2026-07-12T17:16:03.558Z</time>
      </trkpt>
      <trkpt lat="49.303616" lon="9.075242">
        <ele>303.957576</ele>
        <time>2026-07-12T17:16:12.049Z</time>
      </trkpt>
      <trkpt lat="49.303326" lon="9.075385">
        <ele>304.139908</ele>
        <time>2026-07-12T17:16:18.427Z</time>
      </trkpt>
      <trkpt lat="49.303071" lon="9.075511">
        <ele>304.300266</ele>
        <time>2026-07-12T17:16:25.095Z</time>
      </trkpt>
      <trkpt lat="49.302717" lon="9.075603">
        <ele>304.515175</ele>
        <time>2026-07-12T17:16:35.251Z</time>
      </trkpt>
      <trkpt lat="49.301751" lon="9.075761">
        <ele>305.910718</ele>
        <time>2026-07-12T17:17:05.150Z</time>
      </trkpt>
      <trkpt lat="49.300950" lon="9.076036">
        <ele>307.144799</ele>
        <time>2026-07-12T17:17:22.810Z</time>
      </trkpt>
      <trkpt lat="49.300495" lon="9.076227">
        <ele>306.101937</ele>
        <time>2026-07-12T17:17:29.746Z</time>
      </trkpt>
      <trkpt lat="49.299403" lon="9.076747">
        <ele>302.730174</ele>
        <time>2026-07-12T17:17:43.930Z</time>
      </trkpt>
      <trkpt lat="49.298829" lon="9.077015">
        <ele>300.406895</ele>
        <time>2026-07-12T17:17:50.933Z</time>
      </trkpt>
      <trkpt lat="49.296196" lon="9.078112">
        <ele>291.483288</ele>
        <time>2026-07-12T17:18:23.254Z</time>
      </trkpt>
      <trkpt lat="49.295835" lon="9.078304">
        <ele>290.812418</ele>
        <time>2026-07-12T17:18:34.781Z</time>
      </trkpt>
      <trkpt lat="49.295462" lon="9.078612">
        <ele>291.945834</ele>
        <time>2026-07-12T17:18:51.650Z</time>
      </trkpt>
      <trkpt lat="49.295422" lon="9.078645">
        <ele>292.175863</ele>
        <time>2026-07-12T17:18:53.622Z</time>
      </trkpt>
      <trkpt lat="49.295180" lon="9.078945">
        <ele>293.751837</ele>
        <time>2026-07-12T17:19:08.298Z</time>
      </trkpt>
      <trkpt lat="49.294971" lon="9.079217">
        <ele>295.140109</ele>
        <time>2026-07-12T17:19:21.599Z</time>
      </trkpt>
      <trkpt lat="49.294596" lon="9.079636">
        <ele>297.489924</ele>
        <time>2026-07-12T17:19:42.419Z</time>
      </trkpt>
      <trkpt lat="49.294408" lon="9.079789">
        <ele>298.567798</ele>
        <time>2026-07-12T17:19:50.875Z</time>
      </trkpt>
      <trkpt lat="49.294134" lon="9.080011">
        <ele>299.754174</ele>
        <time>2026-07-12T17:20:01.391Z</time>
      </trkpt>
      <trkpt lat="49.293841" lon="9.080208">
        <ele>300.072025</ele>
        <time>2026-07-12T17:20:10.686Z</time>
      </trkpt>
      <trkpt lat="49.293499" lon="9.080361">
        <ele>300.425970</ele>
        <time>2026-07-12T17:20:20.219Z</time>
      </trkpt>
      <trkpt lat="49.292879" lon="9.080439">
        <ele>301.044011</ele>
        <time>2026-07-12T17:20:32.222Z</time>
      </trkpt>
      <trkpt lat="49.292380" lon="9.080538">
        <ele>301.162267</ele>
        <time>2026-07-12T17:20:39.374Z</time>
      </trkpt>
      <trkpt lat="49.292223" lon="9.080623">
        <ele>300.671845</ele>
        <time>2026-07-12T17:20:41.579Z</time>
      </trkpt>
      <trkpt lat="49.291775" lon="9.080909">
        <ele>299.242461</ele>
        <time>2026-07-12T17:20:47.764Z</time>
      </trkpt>
      <trkpt lat="49.291604" lon="9.081080">
        <ele>298.641126</ele>
        <time>2026-07-12T17:20:50.290Z</time>
      </trkpt>
      <trkpt lat="49.291243" lon="9.081298">
        <ele>297.498308</ele>
        <time>2026-07-12T17:20:54.907Z</time>
      </trkpt>
      <trkpt lat="49.291311" lon="9.081837">
        <ele>296.443651</ele>
        <time>2026-07-12T17:21:00.177Z</time>
      </trkpt>
      <trkpt lat="49.291339" lon="9.082127">
        <ele>296.020178</ele>
        <time>2026-07-12T17:21:03.112Z</time>
      </trkpt>
      <trkpt lat="49.291239" lon="9.082188">
        <ele>295.867627</ele>
        <time>2026-07-12T17:21:04.796Z</time>
      </trkpt>
      <trkpt lat="49.290953" lon="9.082353">
        <ele>295.434487</ele>
        <time>2026-07-12T17:21:09.675Z</time>
      </trkpt>
      <trkpt lat="49.291017" lon="9.082656">
        <ele>295.140044</ele>
        <time>2026-07-12T17:21:12.758Z</time>
      </trkpt>
      <trkpt lat="49.291032" lon="9.082739">
        <ele>295.060420</ele>
        <time>2026-07-12T17:21:13.588Z</time>
      </trkpt>
      <trkpt lat="49.291013" lon="9.082809">
        <ele>294.990326</ele>
        <time>2026-07-12T17:21:14.329Z</time>
      </trkpt>
      <trkpt lat="49.290950" lon="9.082885">
        <ele>294.876699</ele>
        <time>2026-07-12T17:21:15.549Z</time>
      </trkpt>
      <trkpt lat="49.290787" lon="9.082978">
        <ele>294.630176</ele>
        <time>2026-07-12T17:21:18.179Z</time>
      </trkpt>
      <trkpt lat="49.290482" lon="9.083153">
        <ele>294.168573</ele>
        <time>2026-07-12T17:21:23.220Z</time>
      </trkpt>
      <trkpt lat="49.290120" lon="9.083529">
        <ele>293.636783</ele>
        <time>2026-07-12T17:21:30.446Z</time>
      </trkpt>
      <trkpt lat="49.290107" lon="9.083536">
        <ele>293.650624</ele>
        <time>2026-07-12T17:21:30.689Z</time>
      </trkpt>
      <trkpt lat="49.289808" lon="9.083687">
        <ele>293.966847</ele>
        <time>2026-07-12T17:21:36.292Z</time>
      </trkpt>
      <trkpt lat="49.289292" lon="9.083862">
        <ele>294.497705</ele>
        <time>2026-07-12T17:21:47.791Z</time>
      </trkpt>
      <trkpt lat="49.288862" lon="9.084005">
        <ele>294.939689</ele>
        <time>2026-07-12T17:21:58.564Z</time>
      </trkpt>
      <trkpt lat="49.288770" lon="9.084007">
        <ele>295.032114</ele>
        <time>2026-07-12T17:22:00.907Z</time>
      </trkpt>
      <trkpt lat="49.288835" lon="9.084884">
        <ele>295.370522</ele>
        <time>2026-07-12T17:22:15.227Z</time>
      </trkpt>
      <trkpt lat="49.288837" lon="9.085584">
        <ele>295.288145</ele>
        <time>2026-07-12T17:22:24.826Z</time>
      </trkpt>
      <trkpt lat="49.288845" lon="9.086204">
        <ele>295.215168</ele>
        <time>2026-07-12T17:22:31.337Z</time>
      </trkpt>
      <trkpt lat="49.288866" lon="9.087055">
        <ele>295.114950</ele>
        <time>2026-07-12T17:22:39.397Z</time>
      </trkpt>
      <trkpt lat="49.288666" lon="9.087087">
        <ele>295.072131</ele>
        <time>2026-07-12T17:22:42.229Z</time>
      </trkpt>
      <trkpt lat="49.288594" lon="9.087135">
        <ele>295.033977</ele>
        <time>2026-07-12T17:22:43.331Z</time>
      </trkpt>
      <trkpt lat="49.288543" lon="9.087254">
        <ele>294.988844</ele>
        <time>2026-07-12T17:22:44.624Z</time>
      </trkpt>
      <trkpt lat="49.288541" lon="9.087477">
        <ele>294.918153</ele>
        <time>2026-07-12T17:22:46.646Z</time>
      </trkpt>
      <trkpt lat="49.287713" lon="9.087683">
        <ele>294.510515</ele>
        <time>2026-07-12T17:22:58.937Z</time>
      </trkpt>
      <trkpt lat="49.286971" lon="9.087805">
        <ele>294.254671</ele>
        <time>2026-07-12T17:23:14.397Z</time>
      </trkpt>
      <trkpt lat="49.286529" lon="9.087879">
        <ele>294.419442</ele>
        <time>2026-07-12T17:23:24.491Z</time>
      </trkpt>
      <trkpt lat="49.286299" lon="9.087982">
        <ele>294.508238</ele>
        <time>2026-07-12T17:23:30.042Z</time>
      </trkpt>
      <trkpt lat="49.285905" lon="9.088047">
        <ele>294.655090</ele>
        <time>2026-07-12T17:23:38.781Z</time>
      </trkpt>
      <trkpt lat="49.285200" lon="9.088234">
        <ele>294.542210</ele>
        <time>2026-07-12T17:23:50.595Z</time>
      </trkpt>
      <trkpt lat="49.285142" lon="9.088251">
        <ele>294.381182</ele>
        <time>2026-07-12T17:23:51.459Z</time>
      </trkpt>
      <trkpt lat="49.282943" lon="9.088663">
        <ele>288.184303</ele>
        <time>2026-07-12T17:24:19.251Z</time>
      </trkpt>
      <trkpt lat="49.282162" lon="9.088864">
        <ele>285.818500</ele>
        <time>2026-07-12T17:24:29.140Z</time>
      </trkpt>
      <trkpt lat="49.280692" lon="9.089226">
        <ele>282.662791</ele>
        <time>2026-07-12T17:24:49.131Z</time>
      </trkpt>
      <trkpt lat="49.279829" lon="9.089308">
        <ele>281.263394</ele>
        <time>2026-07-12T17:25:01.719Z</time>
      </trkpt>
      <trkpt lat="49.279293" lon="9.089229">
        <ele>280.849376</ele>
        <time>2026-07-12T17:25:09.894Z</time>
      </trkpt>
      <trkpt lat="49.278649" lon="9.088827">
        <ele>280.314738</ele>
        <time>2026-07-12T17:25:20.450Z</time>
      </trkpt>
      <trkpt lat="49.278584" lon="9.088767">
        <ele>280.256399</ele>
        <time>2026-07-12T17:25:21.624Z</time>
      </trkpt>
      <trkpt lat="49.278565" lon="9.088671">
        <ele>280.206078</ele>
        <time>2026-07-12T17:25:22.640Z</time>
      </trkpt>
      <trkpt lat="49.278511" lon="9.088545">
        <ele>280.130458</ele>
        <time>2026-07-12T17:25:24.192Z</time>
      </trkpt>
      <trkpt lat="49.278460" lon="9.088500">
        <ele>280.085213</ele>
        <time>2026-07-12T17:25:25.117Z</time>
      </trkpt>
      <trkpt lat="49.278315" lon="9.088446">
        <ele>279.996734</ele>
        <time>2026-07-12T17:25:27.515Z</time>
      </trkpt>
      <trkpt lat="49.277895" lon="9.088372">
        <ele>280.056029</ele>
        <time>2026-07-12T17:25:34.559Z</time>
      </trkpt>
      <trkpt lat="49.277821" lon="9.088280">
        <ele>280.069393</ele>
        <time>2026-07-12T17:25:36.207Z</time>
      </trkpt>
      <trkpt lat="49.277782" lon="9.088159">
        <ele>280.081742</ele>
        <time>2026-07-12T17:25:37.757Z</time>
      </trkpt>
      <trkpt lat="49.277517" lon="9.086485">
        <ele>280.239361</ele>
        <time>2026-07-12T17:25:57.922Z</time>
      </trkpt>
      <trkpt lat="49.277499" lon="9.085495">
        <ele>281.100312</ele>
        <time>2026-07-12T17:26:11.849Z</time>
      </trkpt>
      <trkpt lat="49.275142" lon="9.086225">
        <ele>283.753362</ele>
        <time>2026-07-12T17:27:16.071Z</time>
      </trkpt>
      <trkpt lat="49.275059" lon="9.086254">
        <ele>283.821528</ele>
        <time>2026-07-12T17:27:17.689Z</time>
      </trkpt>
      <trkpt lat="49.274299" lon="9.087313">
        <ele>283.259738</ele>
        <time>2026-07-12T17:27:34.585Z</time>
      </trkpt>
      <trkpt lat="49.273812" lon="9.088014">
        <ele>282.036012</ele>
        <time>2026-07-12T17:27:44.603Z</time>
      </trkpt>
      <trkpt lat="49.273652" lon="9.088369">
        <ele>281.520381</ele>
        <time>2026-07-12T17:27:48.827Z</time>
      </trkpt>
      <trkpt lat="49.273581" lon="9.088484">
        <ele>281.331171</ele>
        <time>2026-07-12T17:27:50.209Z</time>
      </trkpt>
      <trkpt lat="49.273505" lon="9.088493">
        <ele>281.191549</ele>
        <time>2026-07-12T17:27:51.222Z</time>
      </trkpt>
      <trkpt lat="49.272620" lon="9.088099">
        <ele>279.285955</ele>
        <time>2026-07-12T17:28:03.383Z</time>
      </trkpt>
      <trkpt lat="49.271760" lon="9.087613">
        <ele>277.350699</ele>
        <time>2026-07-12T17:28:15.791Z</time>
      </trkpt>
      <trkpt lat="49.271732" lon="9.087705">
        <ele>277.210850</ele>
        <time>2026-07-12T17:28:16.721Z</time>
      </trkpt>
      <trkpt lat="49.271716" lon="9.087755">
        <ele>277.134132</ele>
        <time>2026-07-12T17:28:17.219Z</time>
      </trkpt>
      <trkpt lat="49.271541" lon="9.088345">
        <ele>276.804029</ele>
        <time>2026-07-12T17:28:23.065Z</time>
      </trkpt>
      <trkpt lat="49.270957" lon="9.087651">
        <ele>276.230801</ele>
        <time>2026-07-12T17:28:34.169Z</time>
      </trkpt>
      <trkpt lat="49.270793" lon="9.087431">
        <ele>276.061739</ele>
        <time>2026-07-12T17:28:37.768Z</time>
      </trkpt>
      <trkpt lat="49.270775" lon="9.087406">
        <ele>276.042896</ele>
        <time>2026-07-12T17:28:38.163Z</time>
      </trkpt>
      <trkpt lat="49.270671" lon="9.087252">
        <ele>275.930721</ele>
        <time>2026-07-12T17:28:40.608Z</time>
      </trkpt>
      <trkpt lat="49.270267" lon="9.086695">
        <ele>275.784075</ele>
        <time>2026-07-12T17:28:50.763Z</time>
      </trkpt>
      <trkpt lat="49.269737" lon="9.085995">
        <ele>275.900163</ele>
        <time>2026-07-12T17:29:05.159Z</time>
      </trkpt>
      <trkpt lat="49.269536" lon="9.085757">
        <ele>275.942308</ele>
        <time>2026-07-12T17:29:10.192Z</time>
      </trkpt>
      <trkpt lat="49.269371" lon="9.085614">
        <ele>275.973760</ele>
        <time>2026-07-12T17:29:13.461Z</time>
      </trkpt>
      <trkpt lat="49.269285" lon="9.085934">
        <ele>276.011228</ele>
        <time>2026-07-12T17:29:17.071Z</time>
      </trkpt>
      <trkpt lat="49.269251" lon="9.086571">
        <ele>275.789301</ele>
        <time>2026-07-12T17:29:23.361Z</time>
      </trkpt>
      <trkpt lat="49.269219" lon="9.086771">
        <ele>275.671564</ele>
        <time>2026-07-12T17:29:25.306Z</time>
      </trkpt>
      <trkpt lat="49.269099" lon="9.086913">
        <ele>275.538719</ele>
        <time>2026-07-12T17:29:27.467Z</time>
      </trkpt>
      <trkpt lat="49.268783" lon="9.087191">
        <ele>275.219450</ele>
        <time>2026-07-12T17:29:32.668Z</time>
      </trkpt>
      <trkpt lat="49.268221" lon="9.087536">
        <ele>274.688967</ele>
        <time>2026-07-12T17:29:41.779Z</time>
      </trkpt>
      <trkpt lat="49.267854" lon="9.087680">
        <ele>274.376336</ele>
        <time>2026-07-12T17:29:47.810Z</time>
      </trkpt>
      <trkpt lat="49.267107" lon="9.087866">
        <ele>273.840029</ele>
        <time>2026-07-12T17:30:00.008Z</time>
      </trkpt>
      <trkpt lat="49.267148" lon="9.088272">
        <ele>273.650051</ele>
        <time>2026-07-12T17:30:04.415Z</time>
      </trkpt>
      <trkpt lat="49.267125" lon="9.088687">
        <ele>273.457455</ele>
        <time>2026-07-12T17:30:08.734Z</time>
      </trkpt>
      <trkpt lat="49.267044" lon="9.089098">
        <ele>273.258920</ele>
        <time>2026-07-12T17:30:12.966Z</time>
      </trkpt>
      <trkpt lat="49.266554" lon="9.088720">
        <ele>271.815738</ele>
        <time>2026-07-12T17:30:20.530Z</time>
      </trkpt>
      <trkpt lat="49.266361" lon="9.088587">
        <ele>271.160993</ele>
        <time>2026-07-12T17:30:23.291Z</time>
      </trkpt>
      <trkpt lat="49.266092" lon="9.088469">
        <ele>270.295272</ele>
        <time>2026-07-12T17:30:26.870Z</time>
      </trkpt>
      <trkpt lat="49.266049" lon="9.088453">
        <ele>270.158363</ele>
        <time>2026-07-12T17:30:27.421Z</time>
      </trkpt>
      <trkpt lat="49.266022" lon="9.088538">
        <ele>269.967496</ele>
        <time>2026-07-12T17:30:28.208Z</time>
      </trkpt>
      <trkpt lat="49.265838" lon="9.088486">
        <ele>269.388594</ele>
        <time>2026-07-12T17:30:30.532Z</time>
      </trkpt>
      <trkpt lat="49.265622" lon="9.088396">
        <ele>268.696021</ele>
        <time>2026-07-12T17:30:33.230Z</time>
      </trkpt>
      <trkpt lat="49.265199" lon="9.088137">
        <ele>267.075725</ele>
        <time>2026-07-12T17:30:38.628Z</time>
      </trkpt>
      <trkpt lat="49.264892" lon="9.088011">
        <ele>265.467137</ele>
        <time>2026-07-12T17:30:42.323Z</time>
      </trkpt>
      <trkpt lat="49.264686" lon="9.088095">
        <ele>264.388225</ele>
        <time>2026-07-12T17:30:44.792Z</time>
      </trkpt>
      <trkpt lat="49.264632" lon="9.088083">
        <ele>264.112055</ele>
        <time>2026-07-12T17:30:45.421Z</time>
      </trkpt>
      <trkpt lat="49.264515" lon="9.087804">
        <ele>263.016690</ele>
        <time>2026-07-12T17:30:47.921Z</time>
      </trkpt>
      <trkpt lat="49.264324" lon="9.087696">
        <ele>261.986267</ele>
        <time>2026-07-12T17:30:50.292Z</time>
      </trkpt>
      <trkpt lat="49.264054" lon="9.087597">
        <ele>260.581136</ele>
        <time>2026-07-12T17:30:53.528Z</time>
      </trkpt>
      <trkpt lat="49.263730" lon="9.087594">
        <ele>258.941239</ele>
        <time>2026-07-12T17:30:57.271Z</time>
      </trkpt>
      <trkpt lat="49.263525" lon="9.087629">
        <ele>257.940232</ele>
        <time>2026-07-12T17:30:59.665Z</time>
      </trkpt>
      <trkpt lat="49.263210" lon="9.087767">
        <ele>256.397445</ele>
        <time>2026-07-12T17:31:03.450Z</time>
      </trkpt>
      <trkpt lat="49.263025" lon="9.087876">
        <ele>255.464090</ele>
        <time>2026-07-12T17:31:05.735Z</time>
      </trkpt>
      <trkpt lat="49.262787" lon="9.088068">
        <ele>254.197506</ele>
        <time>2026-07-12T17:31:08.856Z</time>
      </trkpt>
      <trkpt lat="49.262433" lon="9.088479">
        <ele>252.106045</ele>
        <time>2026-07-12T17:31:14.089Z</time>
      </trkpt>
      <trkpt lat="49.262271" lon="9.088803">
        <ele>250.851705</ele>
        <time>2026-07-12T17:31:17.280Z</time>
      </trkpt>
      <trkpt lat="49.262083" lon="9.089023">
        <ele>249.888401</ele>
        <time>2026-07-12T17:31:20.148Z</time>
      </trkpt>
      <trkpt lat="49.261951" lon="9.089123">
        <ele>249.535045</ele>
        <time>2026-07-12T17:31:21.973Z</time>
      </trkpt>
      <trkpt lat="49.261850" lon="9.089326">
        <ele>249.135287</ele>
        <time>2026-07-12T17:31:24.067Z</time>
      </trkpt>
      <trkpt lat="49.261336" lon="9.092208">
        <ele>245.004440</ele>
        <time>2026-07-12T17:31:50.677Z</time>
      </trkpt>
      <trkpt lat="49.261198" lon="9.093005">
        <ele>244.269307</ele>
        <time>2026-07-12T17:31:58.453Z</time>
      </trkpt>
      <trkpt lat="49.260787" lon="9.095531">
        <ele>242.072108</ele>
        <time>2026-07-12T17:32:23.725Z</time>
      </trkpt>
      <trkpt lat="49.260139" lon="9.097630">
        <ele>240.331602</ele>
        <time>2026-07-12T17:32:45.232Z</time>
      </trkpt>
      <trkpt lat="49.260043" lon="9.097572">
        <ele>240.224298</ele>
        <time>2026-07-12T17:32:46.691Z</time>
      </trkpt>
      <trkpt lat="49.259976" lon="9.097834">
        <ele>240.033337</ele>
        <time>2026-07-12T17:32:49.301Z</time>
      </trkpt>
      <trkpt lat="49.259763" lon="9.099054">
        <ele>239.176302</ele>
        <time>2026-07-12T17:33:01.995Z</time>
      </trkpt>
      <trkpt lat="49.259736" lon="9.099115">
        <ele>239.166583</ele>
        <time>2026-07-12T17:33:02.817Z</time>
      </trkpt>
      <trkpt lat="49.258023" lon="9.100883">
        <ele>238.338507</ele>
        <time>2026-07-12T17:33:38.301Z</time>
      </trkpt>
      <trkpt lat="49.258117" lon="9.102137">
        <ele>236.904330</ele>
        <time>2026-07-12T17:33:49.443Z</time>
      </trkpt>
      <trkpt lat="49.257837" lon="9.102870">
        <ele>235.939320</ele>
        <time>2026-07-12T17:33:56.569Z</time>
      </trkpt>
      <trkpt lat="49.257587" lon="9.103659">
        <ele>235.066091</ele>
        <time>2026-07-12T17:34:04.276Z</time>
      </trkpt>
      <trkpt lat="49.257358" lon="9.104427">
        <ele>234.252998</ele>
        <time>2026-07-12T17:34:12.393Z</time>
      </trkpt>
      <trkpt lat="49.257111" lon="9.105054">
        <ele>233.547749</ele>
        <time>2026-07-12T17:34:19.583Z</time>
      </trkpt>
      <trkpt lat="49.256705" lon="9.105907">
        <ele>232.530700</ele>
        <time>2026-07-12T17:34:29.529Z</time>
      </trkpt>
      <trkpt lat="49.256476" lon="9.106324">
        <ele>232.005531</ele>
        <time>2026-07-12T17:34:34.564Z</time>
      </trkpt>
      <trkpt lat="49.256289" lon="9.106774">
        <ele>231.491446</ele>
        <time>2026-07-12T17:34:39.472Z</time>
      </trkpt>
      <trkpt lat="49.256116" lon="9.107354">
        <ele>230.876917</ele>
        <time>2026-07-12T17:34:45.227Z</time>
      </trkpt>
      <trkpt lat="49.255813" lon="9.108807">
        <ele>229.868314</ele>
        <time>2026-07-12T17:34:59.426Z</time>
      </trkpt>
      <trkpt lat="49.255477" lon="9.110709">
        <ele>229.419400</ele>
        <time>2026-07-12T17:35:19.407Z</time>
      </trkpt>
      <trkpt lat="49.255398" lon="9.110808">
        <ele>229.662763</ele>
        <time>2026-07-12T17:35:21.521Z</time>
      </trkpt>
      <trkpt lat="49.255403" lon="9.111078">
        <ele>230.083143</ele>
        <time>2026-07-12T17:35:25.761Z</time>
      </trkpt>
      <trkpt lat="49.255001" lon="9.111448">
        <ele>231.201383</ele>
        <time>2026-07-12T17:35:39.038Z</time>
      </trkpt>
      <trkpt lat="49.252860" lon="9.113193">
        <ele>239.044116</ele>
        <time>2026-07-12T17:37:12.072Z</time>
      </trkpt>
      <trkpt lat="49.252608" lon="9.113439">
        <ele>239.946245</ele>
        <time>2026-07-12T17:37:21.721Z</time>
      </trkpt>
      <trkpt lat="49.252393" lon="9.113805">
        <ele>240.083509</ele>
        <time>2026-07-12T17:37:30.803Z</time>
      </trkpt>
      <trkpt lat="49.252164" lon="9.114486">
        <ele>240.297062</ele>
        <time>2026-07-12T17:37:41.108Z</time>
      </trkpt>
      <trkpt lat="49.252133" lon="9.114532">
        <ele>240.315494</ele>
        <time>2026-07-12T17:37:41.855Z</time>
      </trkpt>
      <trkpt lat="49.252076" lon="9.114795">
        <ele>240.392746</ele>
        <time>2026-07-12T17:37:44.862Z</time>
      </trkpt>
      <trkpt lat="49.251975" lon="9.115237">
        <ele>240.523295</ele>
        <time>2026-07-12T17:37:49.598Z</time>
      </trkpt>
      <trkpt lat="49.251982" lon="9.115332">
        <ele>240.549946</ele>
        <time>2026-07-12T17:37:50.529Z</time>
      </trkpt>
      <trkpt lat="49.251939" lon="9.115543">
        <ele>240.611567</ele>
        <time>2026-07-12T17:37:52.620Z</time>
      </trkpt>
      <trkpt lat="49.251329" lon="9.117863">
        <ele>238.492020</ele>
        <time>2026-07-12T17:38:15.927Z</time>
      </trkpt>
      <trkpt lat="49.251225" lon="9.118159">
        <ele>238.160699</ele>
        <time>2026-07-12T17:38:18.954Z</time>
      </trkpt>
      <trkpt lat="49.251090" lon="9.118542">
        <ele>237.601790</ele>
        <time>2026-07-12T17:38:22.822Z</time>
      </trkpt>
      <trkpt lat="49.250955" lon="9.118991">
        <ele>236.851074</ele>
        <time>2026-07-12T17:38:29.952Z</time>
      </trkpt>
      <trkpt lat="49.250935" lon="9.119057">
        <ele>236.740572</ele>
        <time>2026-07-12T17:38:30.996Z</time>
      </trkpt>
      <trkpt lat="49.250827" lon="9.118929">
        <ele>236.422897</ele>
        <time>2026-07-12T17:38:32.799Z</time>
      </trkpt>
      <trkpt lat="49.250624" lon="9.118533">
        <ele>235.658240</ele>
        <time>2026-07-12T17:38:37.098Z</time>
      </trkpt>
      <trkpt lat="49.250618" lon="9.118419">
        <ele>235.484555</ele>
        <time>2026-07-12T17:38:38.066Z</time>
      </trkpt>
      <trkpt lat="49.250578" lon="9.118355">
        <ele>235.349995</ele>
        <time>2026-07-12T17:38:38.823Z</time>
      </trkpt>
      <trkpt lat="49.250510" lon="9.118285">
        <ele>235.159395</ele>
        <time>2026-07-12T17:38:39.884Z</time>
      </trkpt>
      <trkpt lat="49.250391" lon="9.118177">
        <ele>234.837606</ele>
        <time>2026-07-12T17:38:41.694Z</time>
      </trkpt>
      <trkpt lat="49.250152" lon="9.117866">
        <ele>234.108060</ele>
        <time>2026-07-12T17:38:45.779Z</time>
      </trkpt>
      <trkpt lat="49.249900" lon="9.117299">
        <ele>233.212446</ele>
        <time>2026-07-12T17:38:51.668Z</time>
      </trkpt>
      <trkpt lat="49.249698" lon="9.116958">
        <ele>232.654838</ele>
        <time>2026-07-12T17:38:55.670Z</time>
      </trkpt>
      <trkpt lat="49.249600" lon="9.116872">
        <ele>232.445326</ele>
        <time>2026-07-12T17:38:57.192Z</time>
      </trkpt>
      <trkpt lat="49.249481" lon="9.116828">
        <ele>232.218233</ele>
        <time>2026-07-12T17:38:58.840Z</time>
      </trkpt>
      <trkpt lat="49.249412" lon="9.116730">
        <ele>232.043685</ele>
        <time>2026-07-12T17:39:00.121Z</time>
      </trkpt>
      <trkpt lat="49.248137" lon="9.114640">
        <ele>229.996618</ele>
        <time>2026-07-12T17:39:27.002Z</time>
      </trkpt>
      <trkpt lat="49.247667" lon="9.113913">
        <ele>229.695903</ele>
        <time>2026-07-12T17:39:38.766Z</time>
      </trkpt>
      <trkpt lat="49.247517" lon="9.113591">
        <ele>229.875926</ele>
        <time>2026-07-12T17:39:44.544Z</time>
      </trkpt>
      <trkpt lat="49.247403" lon="9.113718">
        <ele>230.119218</ele>
        <time>2026-07-12T17:39:48.009Z</time>
      </trkpt>
      <trkpt lat="49.247325" lon="9.113807">
        <ele>230.287087</ele>
        <time>2026-07-12T17:39:50.542Z</time>
      </trkpt>
      <trkpt lat="49.247266" lon="9.113986">
        <ele>230.513019</ele>
        <time>2026-07-12T17:39:53.937Z</time>
      </trkpt>
      <trkpt lat="49.247220" lon="9.114183">
        <ele>230.748755</ele>
        <time>2026-07-12T17:39:57.541Z</time>
      </trkpt>
      <trkpt lat="49.246418" lon="9.113932">
        <ele>232.161588</ele>
        <time>2026-07-12T17:40:19.706Z</time>
      </trkpt>
      <trkpt lat="49.246436" lon="9.113838">
        <ele>232.271964</ele>
        <time>2026-07-12T17:40:21.485Z</time>
      </trkpt>
      <trkpt lat="49.246090" lon="9.113720">
        <ele>232.745367</ele>
        <time>2026-07-12T17:40:30.666Z</time>
      </trkpt>
      <trkpt lat="49.245995" lon="9.113680">
        <ele>232.745367</ele>
        <time>2026-07-12T17:40:33.168Z</time>
      </trkpt>
      <trkpt lat="49.245535" lon="9.113384">
        <ele>232.745367</ele>
        <time>2026-07-12T17:40:43.603Z</time>
      </trkpt>
      <trkpt lat="49.245041" lon="9.112992">
        <ele>232.745367</ele>
        <time>2026-07-12T17:40:52.380Z</time>
      </trkpt>
      <trkpt lat="49.244546" lon="9.112560">
        <ele>232.745367</ele>
        <time>2026-07-12T17:41:00.654Z</time>
      </trkpt>
      <trkpt lat="49.244385" lon="9.113011">
        <ele>232.745367</ele>
        <time>2026-07-12T17:41:05.543Z</time>
      </trkpt>
    </trkseg>
  </trk>
</gpx>