<?xml version='1.0' encoding='UTF-8'?>
<gpx version="1.1" creator="https://www.komoot.de" xmlns="http://www.topografix.com/GPX/1/1" xmlns:xsi="http://www.w3.org/2001/XMLSchema-instance" xsi:schemaLocation="http://www.topografix.com/GPX/1/1 http://www.topografix.com/GPX/1/1/gpx.xsd">
  <metadata>
    <name>Gravel-Tour Schwäbisch Hall Alternative</name>
    <author>
      <link href="https://www.komoot.de">
        <text>komoot</text>
        <type>text/html</type>
      </link>
    </author>
  </metadata>
  <wpt lat="49.054864" lon="9.591746">
    <name>Rottal-Talweg entlang des Rotbachs</name>
    <sym>Flag, Blue</sym>
  </wpt>
  <wpt lat="49.081220" lon="9.666444">
    <name>Starkholzbacher See</name>
    <sym>Flag, Blue</sym>
  </wpt>
  <wpt lat="49.118761" lon="9.729417">
    <name>Blick auf Schwäbisch Hall</name>
    <sym>Flag, Blue</sym>
  </wpt>
  <wpt lat="49.186397" lon="9.641774">
    <name>Eisladen Klaus und Sohn</name>
    <sym>Restaurant</sym>
  </wpt>
  <trk>
    <name>Gravel-Tour Schwäbisch Hall Alternative</name>
    <type>mtb_easy</type>
    <trkseg>
      <trkpt lat="49.237481" lon="9.326200">
        <ele>165.723492</ele>
        <time>2026-08-14T12:34:14.951Z</time>
      </trkpt>
      <trkpt lat="49.237463" lon="9.326104">
        <ele>165.723492</ele>
        <time>2026-08-14T12:34:15.963Z</time>
      </trkpt>
      <trkpt lat="49.237423" lon="9.325907">
        <ele>165.723492</ele>
        <time>2026-08-14T12:34:18.116Z</time>
      </trkpt>
      <trkpt lat="49.237409" lon="9.325833">
        <ele>165.723492</ele>
        <time>2026-08-14T12:34:18.921Z</time>
      </trkpt>
      <trkpt lat="49.237371" lon="9.325748">
        <ele>165.723492</ele>
        <time>2026-08-14T12:34:20.023Z</time>
      </trkpt>
      <trkpt lat="49.237023" lon="9.325544">
        <ele>165.723492</ele>
        <time>2026-08-14T12:34:26.204Z</time>
      </trkpt>
      <trkpt lat="49.236811" lon="9.325526">
        <ele>165.724648</ele>
        <time>2026-08-14T12:34:29.870Z</time>
      </trkpt>
      <trkpt lat="49.236803" lon="9.325408">
        <ele>165.753483</ele>
        <time>2026-08-14T12:34:31.237Z</time>
      </trkpt>
      <trkpt lat="49.236767" lon="9.325299">
        <ele>165.783172</ele>
        <time>2026-08-14T12:34:32.662Z</time>
      </trkpt>
      <trkpt lat="49.236645" lon="9.325157">
        <ele>165.840212</ele>
        <time>2026-08-14T12:34:35.289Z</time>
      </trkpt>
      <trkpt lat="49.236603" lon="9.325311">
        <ele>165.880776</ele>
        <time>2026-08-14T12:34:37.125Z</time>
      </trkpt>
      <trkpt lat="49.236593" lon="9.325650">
        <ele>165.963255</ele>
        <time>2026-08-14T12:34:40.879Z</time>
      </trkpt>
      <trkpt lat="49.236612" lon="9.326589">
        <ele>166.191591</ele>
        <time>2026-08-14T12:34:52.447Z</time>
      </trkpt>
      <trkpt lat="49.236586" lon="9.326678">
        <ele>166.215289</ele>
        <time>2026-08-14T12:34:53.816Z</time>
      </trkpt>
      <trkpt lat="49.236475" lon="9.326831">
        <ele>166.270878</ele>
        <time>2026-08-14T12:34:57.103Z</time>
      </trkpt>
      <trkpt lat="49.236346" lon="9.327119">
        <ele>166.355765</ele>
        <time>2026-08-14T12:35:02.066Z</time>
      </trkpt>
      <trkpt lat="49.236090" lon="9.327981">
        <ele>166.443648</ele>
        <time>2026-08-14T12:35:14.354Z</time>
      </trkpt>
      <trkpt lat="49.235669" lon="9.329290">
        <ele>166.536714</ele>
        <time>2026-08-14T12:35:31.250Z</time>
      </trkpt>
      <trkpt lat="49.235613" lon="9.329550">
        <ele>166.554176</ele>
        <time>2026-08-14T12:35:33.963Z</time>
      </trkpt>
      <trkpt lat="49.235461" lon="9.330127">
        <ele>166.535656</ele>
        <time>2026-08-14T12:35:40.016Z</time>
      </trkpt>
      <trkpt lat="49.235158" lon="9.330129">
        <ele>166.496729</ele>
        <time>2026-08-14T12:35:44.716Z</time>
      </trkpt>
      <trkpt lat="49.235059" lon="9.330165">
        <ele>166.483657</ele>
        <time>2026-08-14T12:35:46.365Z</time>
      </trkpt>
      <trkpt lat="49.234882" lon="9.330308">
        <ele>166.457947</ele>
        <time>2026-08-14T12:35:49.673Z</time>
      </trkpt>
      <trkpt lat="49.234806" lon="9.330452">
        <ele>166.442415</ele>
        <time>2026-08-14T12:35:51.669Z</time>
      </trkpt>
      <trkpt lat="49.234682" lon="9.331201">
        <ele>166.377596</ele>
        <time>2026-08-14T12:36:00.600Z</time>
      </trkpt>
      <trkpt lat="49.234562" lon="9.331469">
        <ele>166.350336</ele>
        <time>2026-08-14T12:36:04.530Z</time>
      </trkpt>
      <trkpt lat="49.234270" lon="9.331819">
        <ele>166.671890</ele>
        <time>2026-08-14T12:36:11.666Z</time>
      </trkpt>
      <trkpt lat="49.234146" lon="9.331969">
        <ele>166.866049</ele>
        <time>2026-08-14T12:36:14.996Z</time>
      </trkpt>
      <trkpt lat="49.233994" lon="9.332165">
        <ele>167.110202</ele>
        <time>2026-08-14T12:36:19.121Z</time>
      </trkpt>
      <trkpt lat="49.233660" lon="9.332574">
        <ele>167.635659</ele>
        <time>2026-08-14T12:36:27.989Z</time>
      </trkpt>
      <trkpt lat="49.233551" lon="9.332785">
        <ele>167.851522</ele>
        <time>2026-08-14T12:36:31.665Z</time>
      </trkpt>
      <trkpt lat="49.233509" lon="9.333016">
        <ele>168.043910</ele>
        <time>2026-08-14T12:36:35.168Z</time>
      </trkpt>
      <trkpt lat="49.233481" lon="9.333564">
        <ele>168.484930</ele>
        <time>2026-08-14T12:36:44.380Z</time>
      </trkpt>
      <trkpt lat="49.232948" lon="9.333724">
        <ele>170.262537</ele>
        <time>2026-08-14T12:37:01.576Z</time>
      </trkpt>
      <trkpt lat="49.232779" lon="9.333775">
        <ele>170.862820</ele>
        <time>2026-08-14T12:37:07.663Z</time>
      </trkpt>
      <trkpt lat="49.232677" lon="9.333774">
        <ele>171.218293</ele>
        <time>2026-08-14T12:37:11.325Z</time>
      </trkpt>
      <trkpt lat="49.232641" lon="9.333757">
        <ele>171.349580</ele>
        <time>2026-08-14T12:37:12.612Z</time>
      </trkpt>
      <trkpt lat="49.232534" lon="9.334134">
        <ele>172.285031</ele>
        <time>2026-08-14T12:37:22.238Z</time>
      </trkpt>
      <trkpt lat="49.232293" lon="9.334955">
        <ele>174.333435</ele>
        <time>2026-08-14T12:37:42.932Z</time>
      </trkpt>
      <trkpt lat="49.232003" lon="9.335840">
        <ele>176.100570</ele>
        <time>2026-08-14T12:38:03.579Z</time>
      </trkpt>
      <trkpt lat="49.231966" lon="9.335948">
        <ele>176.301917</ele>
        <time>2026-08-14T12:38:05.889Z</time>
      </trkpt>
      <trkpt lat="49.231795" lon="9.336617">
        <ele>177.487972</ele>
        <time>2026-08-14T12:38:18.688Z</time>
      </trkpt>
      <trkpt lat="49.231475" lon="9.338142">
        <ele>179.230272</ele>
        <time>2026-08-14T12:38:47.020Z</time>
      </trkpt>
      <trkpt lat="49.231329" lon="9.339053">
        <ele>178.962687</ele>
        <time>2026-08-14T12:38:58.495Z</time>
      </trkpt>
      <trkpt lat="49.231130" lon="9.339971">
        <ele>178.686764</ele>
        <time>2026-08-14T12:39:07.037Z</time>
      </trkpt>
      <trkpt lat="49.230704" lon="9.341533">
        <ele>176.916051</ele>
        <time>2026-08-14T12:39:21.748Z</time>
      </trkpt>
      <trkpt lat="49.230540" lon="9.341459">
        <ele>176.583894</ele>
        <time>2026-08-14T12:39:24.153Z</time>
      </trkpt>
      <trkpt lat="49.230526" lon="9.341738">
        <ele>176.228894</ele>
        <time>2026-08-14T12:39:26.698Z</time>
      </trkpt>
      <trkpt lat="49.230423" lon="9.342301">
        <ele>175.487137</ele>
        <time>2026-08-14T12:39:32.033Z</time>
      </trkpt>
      <trkpt lat="49.230395" lon="9.342427">
        <ele>175.318283</ele>
        <time>2026-08-14T12:39:33.258Z</time>
      </trkpt>
      <trkpt lat="49.230330" lon="9.342794">
        <ele>174.795208</ele>
        <time>2026-08-14T12:39:36.751Z</time>
      </trkpt>
      <trkpt lat="49.230247" lon="9.343035">
        <ele>174.392710</ele>
        <time>2026-08-14T12:39:39.303Z</time>
      </trkpt>
      <trkpt lat="49.230141" lon="9.343238">
        <ele>174.008741</ele>
        <time>2026-08-14T12:39:41.636Z</time>
      </trkpt>
      <trkpt lat="49.230039" lon="9.343371">
        <ele>173.705680</ele>
        <time>2026-08-14T12:39:43.449Z</time>
      </trkpt>
      <trkpt lat="49.229624" lon="9.343603">
        <ele>172.706264</ele>
        <time>2026-08-14T12:39:49.042Z</time>
      </trkpt>
      <trkpt lat="49.229303" lon="9.343882">
        <ele>171.871282</ele>
        <time>2026-08-14T12:39:53.671Z</time>
      </trkpt>
      <trkpt lat="49.228656" lon="9.344715">
        <ele>170.838710</ele>
        <time>2026-08-14T12:40:05.405Z</time>
      </trkpt>
      <trkpt lat="49.228431" lon="9.344942">
        <ele>170.737320</ele>
        <time>2026-08-14T12:40:09.648Z</time>
      </trkpt>
      <trkpt lat="49.228289" lon="9.345190">
        <ele>170.656270</ele>
        <time>2026-08-14T12:40:13.325Z</time>
      </trkpt>
      <trkpt lat="49.228163" lon="9.345681">
        <ele>170.526633</ele>
        <time>2026-08-14T12:40:19.638Z</time>
      </trkpt>
      <trkpt lat="49.228126" lon="9.345928">
        <ele>170.464360</ele>
        <time>2026-08-14T12:40:22.829Z</time>
      </trkpt>
      <trkpt lat="49.228124" lon="9.346172">
        <ele>170.404395</ele>
        <time>2026-08-14T12:40:26.017Z</time>
      </trkpt>
      <trkpt lat="49.227947" lon="9.346457">
        <ele>170.441924</ele>
        <time>2026-08-14T12:40:31.143Z</time>
      </trkpt>
      <trkpt lat="49.227615" lon="9.347019">
        <ele>171.098008</ele>
        <time>2026-08-14T12:40:41.131Z</time>
      </trkpt>
      <trkpt lat="49.227301" lon="9.347715">
        <ele>171.830375</ele>
        <time>2026-08-14T12:40:53.321Z</time>
      </trkpt>
      <trkpt lat="49.227024" lon="9.348522">
        <ele>172.619668</ele>
        <time>2026-08-14T12:41:07.457Z</time>
      </trkpt>
      <trkpt lat="49.226704" lon="9.349590">
        <ele>174.645972</ele>
        <time>2026-08-14T12:41:31.274Z</time>
      </trkpt>
      <trkpt lat="49.226354" lon="9.350710">
        <ele>176.906162</ele>
        <time>2026-08-14T12:41:57.608Z</time>
      </trkpt>
      <trkpt lat="49.226115" lon="9.351200">
        <ele>177.799783</ele>
        <time>2026-08-14T12:42:09.995Z</time>
      </trkpt>
      <trkpt lat="49.225774" lon="9.351731">
        <ele>178.107182</ele>
        <time>2026-08-14T12:42:22.934Z</time>
      </trkpt>
      <trkpt lat="49.225685" lon="9.351919">
        <ele>178.203028</ele>
        <time>2026-08-14T12:42:26.327Z</time>
      </trkpt>
      <trkpt lat="49.225671" lon="9.352112">
        <ele>178.283184</ele>
        <time>2026-08-14T12:42:28.875Z</time>
      </trkpt>
      <trkpt lat="49.225364" lon="9.352492">
        <ele>178.532693</ele>
        <time>2026-08-14T12:42:35.361Z</time>
      </trkpt>
      <trkpt lat="49.225029" lon="9.352817">
        <ele>178.783352</ele>
        <time>2026-08-14T12:42:41.787Z</time>
      </trkpt>
      <trkpt lat="49.224249" lon="9.353346">
        <ele>178.763817</ele>
        <time>2026-08-14T12:42:55.904Z</time>
      </trkpt>
      <trkpt lat="49.223861" lon="9.353517">
        <ele>178.702406</ele>
        <time>2026-08-14T12:43:02.717Z</time>
      </trkpt>
      <trkpt lat="49.223510" lon="9.353615">
        <ele>178.648139</ele>
        <time>2026-08-14T12:43:08.597Z</time>
      </trkpt>
      <trkpt lat="49.223159" lon="9.353547">
        <ele>178.604671</ele>
        <time>2026-08-14T12:43:14.482Z</time>
      </trkpt>
      <trkpt lat="49.222517" lon="9.353693">
        <ele>178.743827</ele>
        <time>2026-08-14T12:43:25.699Z</time>
      </trkpt>
      <trkpt lat="49.221355" lon="9.354222">
        <ele>179.034938</ele>
        <time>2026-08-14T12:43:48.250Z</time>
      </trkpt>
      <trkpt lat="49.220184" lon="9.354769">
        <ele>179.717590</ele>
        <time>2026-08-14T12:44:11.485Z</time>
      </trkpt>
      <trkpt lat="49.219767" lon="9.354882">
        <ele>179.953719</ele>
        <time>2026-08-14T12:44:19.826Z</time>
      </trkpt>
      <trkpt lat="49.219444" lon="9.354863">
        <ele>180.636428</ele>
        <time>2026-08-14T12:44:27.015Z</time>
      </trkpt>
      <trkpt lat="49.219248" lon="9.354940">
        <ele>181.135460</ele>
        <time>2026-08-14T12:44:31.911Z</time>
      </trkpt>
      <trkpt lat="49.219105" lon="9.354956">
        <ele>181.489065</ele>
        <time>2026-08-14T12:44:35.601Z</time>
      </trkpt>
      <trkpt lat="49.218634" lon="9.354900">
        <ele>182.654136</ele>
        <time>2026-08-14T12:44:48.388Z</time>
      </trkpt>
      <trkpt lat="49.218050" lon="9.354760">
        <ele>184.111937</ele>
        <time>2026-08-14T12:45:07.696Z</time>
      </trkpt>
      <trkpt lat="49.217816" lon="9.354863">
        <ele>184.795996</ele>
        <time>2026-08-14T12:45:16.442Z</time>
      </trkpt>
      <trkpt lat="49.217534" lon="9.354789">
        <ele>185.705374</ele>
        <time>2026-08-14T12:45:26.937Z</time>
      </trkpt>
      <trkpt lat="49.217356" lon="9.354742">
        <ele>186.279481</ele>
        <time>2026-08-14T12:45:33.603Z</time>
      </trkpt>
      <trkpt lat="49.216220" lon="9.354448">
        <ele>189.941365</ele>
        <time>2026-08-14T12:46:10.198Z</time>
      </trkpt>
      <trkpt lat="49.215974" lon="9.354390">
        <ele>190.213433</ele>
        <time>2026-08-14T12:46:15.811Z</time>
      </trkpt>
      <trkpt lat="49.215851" lon="9.354354">
        <ele>190.262918</ele>
        <time>2026-08-14T12:46:18.314Z</time>
      </trkpt>
      <trkpt lat="49.215448" lon="9.354205">
        <ele>190.426746</ele>
        <time>2026-08-14T12:46:25.890Z</time>
      </trkpt>
      <trkpt lat="49.215031" lon="9.353973">
        <ele>190.602072</ele>
        <time>2026-08-14T12:46:33.484Z</time>
      </trkpt>
      <trkpt lat="49.214746" lon="9.353814">
        <ele>190.721938</ele>
        <time>2026-08-14T12:46:38.783Z</time>
      </trkpt>
      <trkpt lat="49.214727" lon="9.353795">
        <ele>190.730906</ele>
        <time>2026-08-14T12:46:39.215Z</time>
      </trkpt>
      <trkpt lat="49.214251" lon="9.353359">
        <ele>190.579780</ele>
        <time>2026-08-14T12:46:48.372Z</time>
      </trkpt>
      <trkpt lat="49.214217" lon="9.353336">
        <ele>190.539860</ele>
        <time>2026-08-14T12:46:48.961Z</time>
      </trkpt>
      <trkpt lat="49.213896" lon="9.353111">
        <ele>190.160702</ele>
        <time>2026-08-14T12:46:54.654Z</time>
      </trkpt>
      <trkpt lat="49.213740" lon="9.353002">
        <ele>189.976539</ele>
        <time>2026-08-14T12:46:57.472Z</time>
      </trkpt>
      <trkpt lat="49.213523" lon="9.352865">
        <ele>189.724449</ele>
        <time>2026-08-14T12:47:01.104Z</time>
      </trkpt>
      <trkpt lat="49.213140" lon="9.352658">
        <ele>189.288242</ele>
        <time>2026-08-14T12:47:07.129Z</time>
      </trkpt>
      <trkpt lat="49.212729" lon="9.352537">
        <ele>188.845573</ele>
        <time>2026-08-14T12:47:13.254Z</time>
      </trkpt>
      <trkpt lat="49.212521" lon="9.352489">
        <ele>188.638892</ele>
        <time>2026-08-14T12:47:16.329Z</time>
      </trkpt>
      <trkpt lat="49.212381" lon="9.352402">
        <ele>188.490431</ele>
        <time>2026-08-14T12:47:18.665Z</time>
      </trkpt>
      <trkpt lat="49.212157" lon="9.352168">
        <ele>188.223973</ele>
        <time>2026-08-14T12:47:22.881Z</time>
      </trkpt>
      <trkpt lat="49.211791" lon="9.351449">
        <ele>187.638901</ele>
        <time>2026-08-14T12:47:32.091Z</time>
      </trkpt>
      <trkpt lat="49.211650" lon="9.351153">
        <ele>187.403760</ele>
        <time>2026-08-14T12:47:35.969Z</time>
      </trkpt>
      <trkpt lat="49.211566" lon="9.351247">
        <ele>187.301523</ele>
        <time>2026-08-14T12:47:37.631Z</time>
      </trkpt>
      <trkpt lat="49.211440" lon="9.351366">
        <ele>187.156054</ele>
        <time>2026-08-14T12:47:40.052Z</time>
      </trkpt>
      <trkpt lat="49.211361" lon="9.351482">
        <ele>187.288982</ele>
        <time>2026-08-14T12:47:41.892Z</time>
      </trkpt>
      <trkpt lat="49.211347" lon="9.351513">
        <ele>187.321235</ele>
        <time>2026-08-14T12:47:42.313Z</time>
      </trkpt>
      <trkpt lat="49.211098" lon="9.352086">
        <ele>187.910197</ele>
        <time>2026-08-14T12:47:50.788Z</time>
      </trkpt>
      <trkpt lat="49.210873" lon="9.352637">
        <ele>188.466294</ele>
        <time>2026-08-14T12:47:59.715Z</time>
      </trkpt>
      <trkpt lat="49.210779" lon="9.352763">
        <ele>188.629977</ele>
        <time>2026-08-14T12:48:02.753Z</time>
      </trkpt>
      <trkpt lat="49.210687" lon="9.352824">
        <ele>188.761321</ele>
        <time>2026-08-14T12:48:05.306Z</time>
      </trkpt>
      <trkpt lat="49.210426" lon="9.352880">
        <ele>189.106582</ele>
        <time>2026-08-14T12:48:12.489Z</time>
      </trkpt>
      <trkpt lat="49.209460" lon="9.351405">
        <ele>191.715909</ele>
        <time>2026-08-14T12:48:54.475Z</time>
      </trkpt>
      <trkpt lat="49.209182" lon="9.351069">
        <ele>192.455065</ele>
        <time>2026-08-14T12:49:03.566Z</time>
      </trkpt>
      <trkpt lat="49.208554" lon="9.350535">
        <ele>193.350072</ele>
        <time>2026-08-14T12:49:17.444Z</time>
      </trkpt>
      <trkpt lat="49.207841" lon="9.349796">
        <ele>193.580598</ele>
        <time>2026-08-14T12:49:31.151Z</time>
      </trkpt>
      <trkpt lat="49.207614" lon="9.349738">
        <ele>193.642211</ele>
        <time>2026-08-14T12:49:34.948Z</time>
      </trkpt>
      <trkpt lat="49.206833" lon="9.349684">
        <ele>194.228613</ele>
        <time>2026-08-14T12:49:51.794Z</time>
      </trkpt>
      <trkpt lat="49.206407" lon="9.349838">
        <ele>194.751886</ele>
        <time>2026-08-14T12:50:03.332Z</time>
      </trkpt>
      <trkpt lat="49.206041" lon="9.349892">
        <ele>195.191450</ele>
        <time>2026-08-14T12:50:12.478Z</time>
      </trkpt>
      <trkpt lat="49.205883" lon="9.349874">
        <ele>195.380853</ele>
        <time>2026-08-14T12:50:16.122Z</time>
      </trkpt>
      <trkpt lat="49.205710" lon="9.349768">
        <ele>195.603622</ele>
        <time>2026-08-14T12:50:20.250Z</time>
      </trkpt>
      <trkpt lat="49.205483" lon="9.349550">
        <ele>195.908419</ele>
        <time>2026-08-14T12:50:25.706Z</time>
      </trkpt>
      <trkpt lat="49.205168" lon="9.349328">
        <ele>196.115531</ele>
        <time>2026-08-14T12:50:31.991Z</time>
      </trkpt>
      <trkpt lat="49.205013" lon="9.349294">
        <ele>196.209047</ele>
        <time>2026-08-14T12:50:34.628Z</time>
      </trkpt>
      <trkpt lat="49.204506" lon="9.349414">
        <ele>196.515441</ele>
        <time>2026-08-14T12:50:43.261Z</time>
      </trkpt>
      <trkpt lat="49.204070" lon="9.349690">
        <ele>196.797226</ele>
        <time>2026-08-14T12:50:52.368Z</time>
      </trkpt>
      <trkpt lat="49.203249" lon="9.350526">
        <ele>197.660110</ele>
        <time>2026-08-14T12:51:16.704Z</time>
      </trkpt>
      <trkpt lat="49.202697" lon="9.351266">
        <ele>198.384857</ele>
        <time>2026-08-14T12:51:33.529Z</time>
      </trkpt>
      <trkpt lat="49.202394" lon="9.351550">
        <ele>198.735774</ele>
        <time>2026-08-14T12:51:39.491Z</time>
      </trkpt>
      <trkpt lat="49.202072" lon="9.351765">
        <ele>198.976721</ele>
        <time>2026-08-14T12:51:44.750Z</time>
      </trkpt>
      <trkpt lat="49.201766" lon="9.350326">
        <ele>199.648075</ele>
        <time>2026-08-14T12:52:03.378Z</time>
      </trkpt>
      <trkpt lat="49.201701" lon="9.350130">
        <ele>199.745587</ele>
        <time>2026-08-14T12:52:06.410Z</time>
      </trkpt>
      <trkpt lat="49.201544" lon="9.349675">
        <ele>199.997783</ele>
        <time>2026-08-14T12:52:14.595Z</time>
      </trkpt>
      <trkpt lat="49.201442" lon="9.349757">
        <ele>200.281147</ele>
        <time>2026-08-14T12:52:17.700Z</time>
      </trkpt>
      <trkpt lat="49.201250" lon="9.349906">
        <ele>200.810593</ele>
        <time>2026-08-14T12:52:24.481Z</time>
      </trkpt>
      <trkpt lat="49.201055" lon="9.349994">
        <ele>201.310595</ele>
        <time>2026-08-14T12:52:31.369Z</time>
      </trkpt>
      <trkpt lat="49.200534" lon="9.350156">
        <ele>202.618132</ele>
        <time>2026-08-14T12:52:49.193Z</time>
      </trkpt>
      <trkpt lat="49.200033" lon="9.350559">
        <ele>204.010134</ele>
        <time>2026-08-14T12:53:04.749Z</time>
      </trkpt>
      <trkpt lat="49.199849" lon="9.350783">
        <ele>204.659093</ele>
        <time>2026-08-14T12:53:11.874Z</time>
      </trkpt>
      <trkpt lat="49.199598" lon="9.351024">
        <ele>205.645476</ele>
        <time>2026-08-14T12:53:21.074Z</time>
      </trkpt>
      <trkpt lat="49.199148" lon="9.351212">
        <ele>207.198291</ele>
        <time>2026-08-14T12:53:36.071Z</time>
      </trkpt>
      <trkpt lat="49.199018" lon="9.351222">
        <ele>207.631593</ele>
        <time>2026-08-14T12:53:40.459Z</time>
      </trkpt>
      <trkpt lat="49.198856" lon="9.351234">
        <ele>208.171505</ele>
        <time>2026-08-14T12:53:46.044Z</time>
      </trkpt>
      <trkpt lat="49.198047" lon="9.350983">
        <ele>211.053794</ele>
        <time>2026-08-14T12:54:16.952Z</time>
      </trkpt>
      <trkpt lat="49.197902" lon="9.351005">
        <ele>211.658819</ele>
        <time>2026-08-14T12:54:22.801Z</time>
      </trkpt>
      <trkpt lat="49.197217" lon="9.351263">
        <ele>214.587971</ele>
        <time>2026-08-14T12:54:51.912Z</time>
      </trkpt>
      <trkpt lat="49.196809" lon="9.351234">
        <ele>216.283906</ele>
        <time>2026-08-14T12:55:07.420Z</time>
      </trkpt>
      <trkpt lat="49.196568" lon="9.351273">
        <ele>217.290172</ele>
        <time>2026-08-14T12:55:16.080Z</time>
      </trkpt>
      <trkpt lat="49.196440" lon="9.351373">
        <ele>217.863641</ele>
        <time>2026-08-14T12:55:20.999Z</time>
      </trkpt>
      <trkpt lat="49.196342" lon="9.351528">
        <ele>218.129872</ele>
        <time>2026-08-14T12:55:25.698Z</time>
      </trkpt>
      <trkpt lat="49.196120" lon="9.351893">
        <ele>218.745395</ele>
        <time>2026-08-14T12:55:36.011Z</time>
      </trkpt>
      <trkpt lat="49.195928" lon="9.352091">
        <ele>219.182754</ele>
        <time>2026-08-14T12:55:42.722Z</time>
      </trkpt>
      <trkpt lat="49.195653" lon="9.352255">
        <ele>219.740285</ele>
        <time>2026-08-14T12:55:50.540Z</time>
      </trkpt>
      <trkpt lat="49.195121" lon="9.352695">
        <ele>220.882628</ele>
        <time>2026-08-14T12:56:04.923Z</time>
      </trkpt>
      <trkpt lat="49.194212" lon="9.353268">
        <ele>222.312067</ele>
        <time>2026-08-14T12:56:27.783Z</time>
      </trkpt>
      <trkpt lat="49.193959" lon="9.353538">
        <ele>222.728375</ele>
        <time>2026-08-14T12:56:36.026Z</time>
      </trkpt>
      <trkpt lat="49.193487" lon="9.354421">
        <ele>223.741995</ele>
        <time>2026-08-14T12:56:55.819Z</time>
      </trkpt>
      <trkpt lat="49.193262" lon="9.354713">
        <ele>224.185725</ele>
        <time>2026-08-14T12:57:03.636Z</time>
      </trkpt>
      <trkpt lat="49.192939" lon="9.355016">
        <ele>224.755555</ele>
        <time>2026-08-14T12:57:14.812Z</time>
      </trkpt>
      <trkpt lat="49.192379" lon="9.355627">
        <ele>225.790007</ele>
        <time>2026-08-14T12:57:32.097Z</time>
      </trkpt>
      <trkpt lat="49.192205" lon="9.355861">
        <ele>226.138420</ele>
        <time>2026-08-14T12:57:37.464Z</time>
      </trkpt>
      <trkpt lat="49.192042" lon="9.356143">
        <ele>226.565892</ele>
        <time>2026-08-14T12:57:43.372Z</time>
      </trkpt>
      <trkpt lat="49.191796" lon="9.356732">
        <ele>227.547921</ele>
        <time>2026-08-14T12:57:54.712Z</time>
      </trkpt>
      <trkpt lat="49.191645" lon="9.357190">
        <ele>228.268606</ele>
        <time>2026-08-14T12:58:03.313Z</time>
      </trkpt>
      <trkpt lat="49.191502" lon="9.357518">
        <ele>228.822539</ele>
        <time>2026-08-14T12:58:09.902Z</time>
      </trkpt>
      <trkpt lat="49.191185" lon="9.358131">
        <ele>229.920747</ele>
        <time>2026-08-14T12:58:25.746Z</time>
      </trkpt>
      <trkpt lat="49.190973" lon="9.358726">
        <ele>231.804433</ele>
        <time>2026-08-14T12:58:42.971Z</time>
      </trkpt>
      <trkpt lat="49.190563" lon="9.359718">
        <ele>235.885737</ele>
        <time>2026-08-14T12:59:16.839Z</time>
      </trkpt>
      <trkpt lat="49.190503" lon="9.359901">
        <ele>236.597659</ele>
        <time>2026-08-14T12:59:23.155Z</time>
      </trkpt>
      <trkpt lat="49.190467" lon="9.360108">
        <ele>237.342497</ele>
        <time>2026-08-14T12:59:29.806Z</time>
      </trkpt>
      <trkpt lat="49.190416" lon="9.360733">
        <ele>239.532649</ele>
        <time>2026-08-14T12:59:49.291Z</time>
      </trkpt>
      <trkpt lat="49.190340" lon="9.361175">
        <ele>240.933654</ele>
        <time>2026-08-14T13:00:02.755Z</time>
      </trkpt>
      <trkpt lat="49.190250" lon="9.361455">
        <ele>241.862855</ele>
        <time>2026-08-14T13:00:11.602Z</time>
      </trkpt>
      <trkpt lat="49.190038" lon="9.361968">
        <ele>243.670309</ele>
        <time>2026-08-14T13:00:27.802Z</time>
      </trkpt>
      <trkpt lat="49.189859" lon="9.362129">
        <ele>244.616404</ele>
        <time>2026-08-14T13:00:35.711Z</time>
      </trkpt>
      <trkpt lat="49.189328" lon="9.362297">
        <ele>247.087095</ele>
        <time>2026-08-14T13:00:55.333Z</time>
      </trkpt>
      <trkpt lat="49.189034" lon="9.362351">
        <ele>248.437036</ele>
        <time>2026-08-14T13:01:05.737Z</time>
      </trkpt>
      <trkpt lat="49.188313" lon="9.362367">
        <ele>251.728052</ele>
        <time>2026-08-14T13:01:31.994Z</time>
      </trkpt>
      <trkpt lat="49.187983" lon="9.362529">
        <ele>253.309808</ele>
        <time>2026-08-14T13:01:45.483Z</time>
      </trkpt>
      <trkpt lat="49.187855" lon="9.362443">
        <ele>253.947848</ele>
        <time>2026-08-14T13:01:51.140Z</time>
      </trkpt>
      <trkpt lat="49.187716" lon="9.362269">
        <ele>254.767521</ele>
        <time>2026-08-14T13:01:58.630Z</time>
      </trkpt>
      <trkpt lat="49.187553" lon="9.361995">
        <ele>255.872728</ele>
        <time>2026-08-14T13:02:09.124Z</time>
      </trkpt>
      <trkpt lat="49.187441" lon="9.361923">
        <ele>256.553184</ele>
        <time>2026-08-14T13:02:14.570Z</time>
      </trkpt>
      <trkpt lat="49.187334" lon="9.361919">
        <ele>257.332670</ele>
        <time>2026-08-14T13:02:19.457Z</time>
      </trkpt>
      <trkpt lat="49.186945" lon="9.362035">
        <ele>260.218965</ele>
        <time>2026-08-14T13:02:38.855Z</time>
      </trkpt>
      <trkpt lat="49.186211" lon="9.362007">
        <ele>265.566162</ele>
        <time>2026-08-14T13:03:18.930Z</time>
      </trkpt>
      <trkpt lat="49.186010" lon="9.361941">
        <ele>267.063327</ele>
        <time>2026-08-14T13:03:30.728Z</time>
      </trkpt>
      <trkpt lat="49.185559" lon="9.361490">
        <ele>270.743498</ele>
        <time>2026-08-14T13:04:01.259Z</time>
      </trkpt>
      <trkpt lat="49.185003" lon="9.360760">
        <ele>275.301808</ele>
        <time>2026-08-14T13:04:38.100Z</time>
      </trkpt>
      <trkpt lat="49.184921" lon="9.360674">
        <ele>275.920334</ele>
        <time>2026-08-14T13:04:42.533Z</time>
      </trkpt>
      <trkpt lat="49.184862" lon="9.360643">
        <ele>276.308449</ele>
        <time>2026-08-14T13:04:45.290Z</time>
      </trkpt>
      <trkpt lat="49.184824" lon="9.360660">
        <ele>276.554768</ele>
        <time>2026-08-14T13:04:46.992Z</time>
      </trkpt>
      <trkpt lat="49.184778" lon="9.360814">
        <ele>277.243311</ele>
        <time>2026-08-14T13:04:51.752Z</time>
      </trkpt>
      <trkpt lat="49.184777" lon="9.360965">
        <ele>277.857390</ele>
        <time>2026-08-14T13:04:55.863Z</time>
      </trkpt>
      <trkpt lat="49.184816" lon="9.362224">
        <ele>282.420162</ele>
        <time>2026-08-14T13:05:28.669Z</time>
      </trkpt>
      <trkpt lat="49.184790" lon="9.362685">
        <ele>283.874456</ele>
        <time>2026-08-14T13:05:40.466Z</time>
      </trkpt>
      <trkpt lat="49.184689" lon="9.363369">
        <ele>286.078429</ele>
        <time>2026-08-14T13:05:58.865Z</time>
      </trkpt>
      <trkpt lat="49.184636" lon="9.364097">
        <ele>288.380670</ele>
        <time>2026-08-14T13:06:18.841Z</time>
      </trkpt>
      <trkpt lat="49.184600" lon="9.365729">
        <ele>293.949403</ele>
        <time>2026-08-14T13:07:04.526Z</time>
      </trkpt>
      <trkpt lat="49.183706" lon="9.365401">
        <ele>298.746019</ele>
        <time>2026-08-14T13:07:45.214Z</time>
      </trkpt>
      <trkpt lat="49.183392" lon="9.365137">
        <ele>299.762374</ele>
        <time>2026-08-14T13:08:00.536Z</time>
      </trkpt>
      <trkpt lat="49.183184" lon="9.364908">
        <ele>300.489299</ele>
        <time>2026-08-14T13:08:10.651Z</time>
      </trkpt>
      <trkpt lat="49.183000" lon="9.364871">
        <ele>301.015735</ele>
        <time>2026-08-14T13:08:17.322Z</time>
      </trkpt>
      <trkpt lat="49.182892" lon="9.364939">
        <ele>301.347026</ele>
        <time>2026-08-14T13:08:21.149Z</time>
      </trkpt>
      <trkpt lat="49.182787" lon="9.365084">
        <ele>301.748272</ele>
        <time>2026-08-14T13:08:25.440Z</time>
      </trkpt>
      <trkpt lat="49.182708" lon="9.365247">
        <ele>302.124521</ele>
        <time>2026-08-14T13:08:29.088Z</time>
      </trkpt>
      <trkpt lat="49.182532" lon="9.365782">
        <ele>303.235061</ele>
        <time>2026-08-14T13:08:38.498Z</time>
      </trkpt>
      <trkpt lat="49.182366" lon="9.366159">
        <ele>303.586167</ele>
        <time>2026-08-14T13:08:44.475Z</time>
      </trkpt>
      <trkpt lat="49.182051" lon="9.366729">
        <ele>302.752760</ele>
        <time>2026-08-14T13:08:53.023Z</time>
      </trkpt>
      <trkpt lat="49.181984" lon="9.366929">
        <ele>302.501830</ele>
        <time>2026-08-14T13:08:55.462Z</time>
      </trkpt>
      <trkpt lat="49.181654" lon="9.368175">
        <ele>301.000738</ele>
        <time>2026-08-14T13:09:08.965Z</time>
      </trkpt>
      <trkpt lat="49.181419" lon="9.368685">
        <ele>299.266482</ele>
        <time>2026-08-14T13:09:14.736Z</time>
      </trkpt>
      <trkpt lat="49.181170" lon="9.369027">
        <ele>297.191870</ele>
        <time>2026-08-14T13:09:19.181Z</time>
      </trkpt>
      <trkpt lat="49.180839" lon="9.369390">
        <ele>294.666950</ele>
        <time>2026-08-14T13:09:24.393Z</time>
      </trkpt>
      <trkpt lat="49.180437" lon="9.369714">
        <ele>291.849937</ele>
        <time>2026-08-14T13:09:30.022Z</time>
      </trkpt>
      <trkpt lat="49.180026" lon="9.369994">
        <ele>289.255801</ele>
        <time>2026-08-14T13:09:35.541Z</time>
      </trkpt>
      <trkpt lat="49.179879" lon="9.370049">
        <ele>288.693677</ele>
        <time>2026-08-14T13:09:37.407Z</time>
      </trkpt>
      <trkpt lat="49.179768" lon="9.370031">
        <ele>288.279058</ele>
        <time>2026-08-14T13:09:38.816Z</time>
      </trkpt>
      <trkpt lat="49.179466" lon="9.369697">
        <ele>286.894828</ele>
        <time>2026-08-14T13:09:43.606Z</time>
      </trkpt>
      <trkpt lat="49.179380" lon="9.369661">
        <ele>286.563638</ele>
        <time>2026-08-14T13:09:44.814Z</time>
      </trkpt>
      <trkpt lat="49.179240" lon="9.369702">
        <ele>286.034166</ele>
        <time>2026-08-14T13:09:46.769Z</time>
      </trkpt>
      <trkpt lat="49.179155" lon="9.369828">
        <ele>285.594518</ele>
        <time>2026-08-14T13:09:48.448Z</time>
      </trkpt>
      <trkpt lat="49.179091" lon="9.370114">
        <ele>284.860505</ele>
        <time>2026-08-14T13:09:51.424Z</time>
      </trkpt>
      <trkpt lat="49.179022" lon="9.370954">
        <ele>282.899408</ele>
        <time>2026-08-14T13:10:01.208Z</time>
      </trkpt>
      <trkpt lat="49.178969" lon="9.371329">
        <ele>283.396490</ele>
        <time>2026-08-14T13:10:08.641Z</time>
      </trkpt>
      <trkpt lat="49.178498" lon="9.372940">
        <ele>285.682981</ele>
        <time>2026-08-14T13:10:45.064Z</time>
      </trkpt>
      <trkpt lat="49.178293" lon="9.372998">
        <ele>286.096177</ele>
        <time>2026-08-14T13:10:51.039Z</time>
      </trkpt>
      <trkpt lat="49.178084" lon="9.373021">
        <ele>286.521315</ele>
        <time>2026-08-14T13:10:56.844Z</time>
      </trkpt>
      <trkpt lat="49.178057" lon="9.372633">
        <ele>287.088923</ele>
        <time>2026-08-14T13:11:03.417Z</time>
      </trkpt>
      <trkpt lat="49.177833" lon="9.371912">
        <ele>288.250178</ele>
        <time>2026-08-14T13:11:17.013Z</time>
      </trkpt>
      <trkpt lat="49.177630" lon="9.371161">
        <ele>289.432366</ele>
        <time>2026-08-14T13:11:33.047Z</time>
      </trkpt>
      <trkpt lat="49.177233" lon="9.369444">
        <ele>291.560791</ele>
        <time>2026-08-14T13:12:11.391Z</time>
      </trkpt>
      <trkpt lat="49.176769" lon="9.366408">
        <ele>293.876343</ele>
        <time>2026-08-14T13:12:55.446Z</time>
      </trkpt>
      <trkpt lat="49.176557" lon="9.365393">
        <ele>294.377610</ele>
        <time>2026-08-14T13:13:11.723Z</time>
      </trkpt>
      <trkpt lat="49.176312" lon="9.364035">
        <ele>294.623068</ele>
        <time>2026-08-14T13:13:33.572Z</time>
      </trkpt>
      <trkpt lat="49.176221" lon="9.363690">
        <ele>294.671069</ele>
        <time>2026-08-14T13:13:37.883Z</time>
      </trkpt>
      <trkpt lat="49.176131" lon="9.363473">
        <ele>294.704227</ele>
        <time>2026-08-14T13:13:40.825Z</time>
      </trkpt>
      <trkpt lat="49.175947" lon="9.363209">
        <ele>294.754018</ele>
        <time>2026-08-14T13:13:45.289Z</time>
      </trkpt>
      <trkpt lat="49.175676" lon="9.363081">
        <ele>294.809997</ele>
        <time>2026-08-14T13:13:50.438Z</time>
      </trkpt>
      <trkpt lat="49.175346" lon="9.363055">
        <ele>295.279821</ele>
        <time>2026-08-14T13:13:56.592Z</time>
      </trkpt>
      <trkpt lat="49.175249" lon="9.363049">
        <ele>295.440325</ele>
        <time>2026-08-14T13:13:58.433Z</time>
      </trkpt>
      <trkpt lat="49.174766" lon="9.362968">
        <ele>296.243665</ele>
        <time>2026-08-14T13:14:07.973Z</time>
      </trkpt>
      <trkpt lat="49.174582" lon="9.362838">
        <ele>296.578760</ele>
        <time>2026-08-14T13:14:12.731Z</time>
      </trkpt>
      <trkpt lat="49.174429" lon="9.362600">
        <ele>296.939543</ele>
        <time>2026-08-14T13:14:19.053Z</time>
      </trkpt>
      <trkpt lat="49.174197" lon="9.361931">
        <ele>297.758084</ele>
        <time>2026-08-14T13:14:37.141Z</time>
      </trkpt>
      <trkpt lat="49.174013" lon="9.361495">
        <ele>299.450230</ele>
        <time>2026-08-14T13:14:51.148Z</time>
      </trkpt>
      <trkpt lat="49.173534" lon="9.360664">
        <ele>303.228432</ele>
        <time>2026-08-14T13:15:23.694Z</time>
      </trkpt>
      <trkpt lat="49.173303" lon="9.360214">
        <ele>305.179635</ele>
        <time>2026-08-14T13:15:41.449Z</time>
      </trkpt>
      <trkpt lat="49.173006" lon="9.359229">
        <ele>307.758162</ele>
        <time>2026-08-14T13:16:11.983Z</time>
      </trkpt>
      <trkpt lat="49.172829" lon="9.358916">
        <ele>308.240329</ele>
        <time>2026-08-14T13:16:21.264Z</time>
      </trkpt>
      <trkpt lat="49.172635" lon="9.358691">
        <ele>308.674206</ele>
        <time>2026-08-14T13:16:28.098Z</time>
      </trkpt>
      <trkpt lat="49.172449" lon="9.358551">
        <ele>309.043637</ele>
        <time>2026-08-14T13:16:33.085Z</time>
      </trkpt>
      <trkpt lat="49.172176" lon="9.358412">
        <ele>309.556397</ele>
        <time>2026-08-14T13:16:38.929Z</time>
      </trkpt>
      <trkpt lat="49.171856" lon="9.358306">
        <ele>310.139889</ele>
        <time>2026-08-14T13:16:44.869Z</time>
      </trkpt>
      <trkpt lat="49.171296" lon="9.358189">
        <ele>310.024401</ele>
        <time>2026-08-14T13:16:54.127Z</time>
      </trkpt>
      <trkpt lat="49.171130" lon="9.358090">
        <ele>309.876025</ele>
        <time>2026-08-14T13:16:56.965Z</time>
      </trkpt>
      <trkpt lat="49.171016" lon="9.357992">
        <ele>309.767123</ele>
        <time>2026-08-14T13:16:59.062Z</time>
      </trkpt>
      <trkpt lat="49.170931" lon="9.357855">
        <ele>309.664291</ele>
        <time>2026-08-14T13:17:01.080Z</time>
      </trkpt>
      <trkpt lat="49.170536" lon="9.356777">
        <ele>308.991466</ele>
        <time>2026-08-14T13:17:15.223Z</time>
      </trkpt>
      <trkpt lat="49.170157" lon="9.355923">
        <ele>308.566086</ele>
        <time>2026-08-14T13:17:27.809Z</time>
      </trkpt>
      <trkpt lat="49.170018" lon="9.355565">
        <ele>308.407500</ele>
        <time>2026-08-14T13:17:33.007Z</time>
      </trkpt>
      <trkpt lat="49.169914" lon="9.355201">
        <ele>308.256199</ele>
        <time>2026-08-14T13:17:37.950Z</time>
      </trkpt>
      <trkpt lat="49.169833" lon="9.354759">
        <ele>308.081361</ele>
        <time>2026-08-14T13:17:43.394Z</time>
      </trkpt>
      <trkpt lat="49.169777" lon="9.354324">
        <ele>307.912495</ele>
        <time>2026-08-14T13:17:48.363Z</time>
      </trkpt>
      <trkpt lat="49.169771" lon="9.354059">
        <ele>307.734962</ele>
        <time>2026-08-14T13:17:51.197Z</time>
      </trkpt>
      <trkpt lat="49.169867" lon="9.353016">
        <ele>306.096399</ele>
        <time>2026-08-14T13:18:01.619Z</time>
      </trkpt>
      <trkpt lat="49.169960" lon="9.352317">
        <ele>304.986701</ele>
        <time>2026-08-14T13:18:08.310Z</time>
      </trkpt>
      <trkpt lat="49.169987" lon="9.351976">
        <ele>304.452343</ele>
        <time>2026-08-14T13:18:11.549Z</time>
      </trkpt>
      <trkpt lat="49.169987" lon="9.351556">
        <ele>303.798964</ele>
        <time>2026-08-14T13:18:15.607Z</time>
      </trkpt>
      <trkpt lat="49.170017" lon="9.351280">
        <ele>303.464626</ele>
        <time>2026-08-14T13:18:18.356Z</time>
      </trkpt>
      <trkpt lat="49.170140" lon="9.350875">
        <ele>303.133196</ele>
        <time>2026-08-14T13:18:22.876Z</time>
      </trkpt>
      <trkpt lat="49.170732" lon="9.349488">
        <ele>301.903861</ele>
        <time>2026-08-14T13:18:41.841Z</time>
      </trkpt>
      <trkpt lat="49.171123" lon="9.348640">
        <ele>301.320276</ele>
        <time>2026-08-14T13:18:53.785Z</time>
      </trkpt>
      <trkpt lat="49.171217" lon="9.348356">
        <ele>301.199631</ele>
        <time>2026-08-14T13:18:57.248Z</time>
      </trkpt>
      <trkpt lat="49.171259" lon="9.348081">
        <ele>301.092597</ele>
        <time>2026-08-14T13:19:00.317Z</time>
      </trkpt>
      <trkpt lat="49.171246" lon="9.347688">
        <ele>300.943456</ele>
        <time>2026-08-14T13:19:04.606Z</time>
      </trkpt>
      <trkpt lat="49.171176" lon="9.346966">
        <ele>300.666820</ele>
        <time>2026-08-14T13:19:12.526Z</time>
      </trkpt>
      <trkpt lat="49.170849" lon="9.345365">
        <ele>302.111690</ele>
        <time>2026-08-14T13:19:37.271Z</time>
      </trkpt>
      <trkpt lat="49.170512" lon="9.343523">
        <ele>304.902857</ele>
        <time>2026-08-14T13:20:20.223Z</time>
      </trkpt>
      <trkpt lat="49.170430" lon="9.343294">
        <ele>305.348532</ele>
        <time>2026-08-14T13:20:26.070Z</time>
      </trkpt>
      <trkpt lat="49.170168" lon="9.342822">
        <ele>306.405416</ele>
        <time>2026-08-14T13:20:39.417Z</time>
      </trkpt>
      <trkpt lat="49.169722" lon="9.342193">
        <ele>307.989276</ele>
        <time>2026-08-14T13:20:58.007Z</time>
      </trkpt>
      <trkpt lat="49.169403" lon="9.341521">
        <ele>309.092846</ele>
        <time>2026-08-14T13:21:13.000Z</time>
      </trkpt>
      <trkpt lat="49.169204" lon="9.340939">
        <ele>309.247410</ele>
        <time>2026-08-14T13:21:24.070Z</time>
      </trkpt>
      <trkpt lat="49.169117" lon="9.340646">
        <ele>309.323140</ele>
        <time>2026-08-14T13:21:29.066Z</time>
      </trkpt>
      <trkpt lat="49.169020" lon="9.340089">
        <ele>309.458793</ele>
        <time>2026-08-14T13:21:36.943Z</time>
      </trkpt>
      <trkpt lat="49.168867" lon="9.338930">
        <ele>309.381850</ele>
        <time>2026-08-14T13:21:50.228Z</time>
      </trkpt>
      <trkpt lat="49.168839" lon="9.338557">
        <ele>308.802707</ele>
        <time>2026-08-14T13:21:54.110Z</time>
      </trkpt>
      <trkpt lat="49.168782" lon="9.336642">
        <ele>305.845703</ele>
        <time>2026-08-14T13:22:13.123Z</time>
      </trkpt>
      <trkpt lat="49.168792" lon="9.335823">
        <ele>303.445707</ele>
        <time>2026-08-14T13:22:20.579Z</time>
      </trkpt>
      <trkpt lat="49.167517" lon="9.336653">
        <ele>295.879086</ele>
        <time>2026-08-14T13:22:36.329Z</time>
      </trkpt>
      <trkpt lat="49.167341" lon="9.336793">
        <ele>294.373539</ele>
        <time>2026-08-14T13:22:38.486Z</time>
      </trkpt>
      <trkpt lat="49.166793" lon="9.337238">
        <ele>289.260288</ele>
        <time>2026-08-14T13:22:45.331Z</time>
      </trkpt>
      <trkpt lat="49.166691" lon="9.337366">
        <ele>288.172938</ele>
        <time>2026-08-14T13:22:46.771Z</time>
      </trkpt>
      <trkpt lat="49.166597" lon="9.337563">
        <ele>286.858790</ele>
        <time>2026-08-14T13:22:48.508Z</time>
      </trkpt>
      <trkpt lat="49.166520" lon="9.337844">
        <ele>285.217013</ele>
        <time>2026-08-14T13:22:50.662Z</time>
      </trkpt>
      <trkpt lat="49.166522" lon="9.337947">
        <ele>284.661747</ele>
        <time>2026-08-14T13:22:51.385Z</time>
      </trkpt>
      <trkpt lat="49.166562" lon="9.338025">
        <ele>284.127589</ele>
        <time>2026-08-14T13:22:52.087Z</time>
      </trkpt>
      <trkpt lat="49.166740" lon="9.338121">
        <ele>282.572129</ele>
        <time>2026-08-14T13:22:54.085Z</time>
      </trkpt>
      <trkpt lat="49.166778" lon="9.338277">
        <ele>281.675079</ele>
        <time>2026-08-14T13:22:55.223Z</time>
      </trkpt>
      <trkpt lat="49.166764" lon="9.338339">
        <ele>281.321629</ele>
        <time>2026-08-14T13:22:55.668Z</time>
      </trkpt>
      <trkpt lat="49.166715" lon="9.338393">
        <ele>280.823897</ele>
        <time>2026-08-14T13:22:56.300Z</time>
      </trkpt>
      <trkpt lat="49.166037" lon="9.338294">
        <ele>272.517344</ele>
        <time>2026-08-14T13:23:03.297Z</time>
      </trkpt>
      <trkpt lat="49.165800" lon="9.338165">
        <ele>269.445408</ele>
        <time>2026-08-14T13:23:05.842Z</time>
      </trkpt>
      <trkpt lat="49.165372" lon="9.338104">
        <ele>264.196277</ele>
        <time>2026-08-14T13:23:10.211Z</time>
      </trkpt>
      <trkpt lat="49.165197" lon="9.338046">
        <ele>262.009674</ele>
        <time>2026-08-14T13:23:12.031Z</time>
      </trkpt>
      <trkpt lat="49.165060" lon="9.337941">
        <ele>260.138383</ele>
        <time>2026-08-14T13:23:13.589Z</time>
      </trkpt>
      <trkpt lat="49.164947" lon="9.337799">
        <ele>258.460613</ele>
        <time>2026-08-14T13:23:15.068Z</time>
      </trkpt>
      <trkpt lat="49.164853" lon="9.337615">
        <ele>257.011382</ele>
        <time>2026-08-14T13:23:16.622Z</time>
      </trkpt>
      <trkpt lat="49.164637" lon="9.337103">
        <ele>253.229617</ele>
        <time>2026-08-14T13:23:20.709Z</time>
      </trkpt>
      <trkpt lat="49.164418" lon="9.337214">
        <ele>251.039710</ele>
        <time>2026-08-14T13:23:23.113Z</time>
      </trkpt>
      <trkpt lat="49.163944" lon="9.337301">
        <ele>246.508282</ele>
        <time>2026-08-14T13:23:28.274Z</time>
      </trkpt>
      <trkpt lat="49.163340" lon="9.337267">
        <ele>241.355874</ele>
        <time>2026-08-14T13:23:34.871Z</time>
      </trkpt>
      <trkpt lat="49.162606" lon="9.337231">
        <ele>238.482568</ele>
        <time>2026-08-14T13:23:43.438Z</time>
      </trkpt>
      <trkpt lat="49.162301" lon="9.337278">
        <ele>237.283189</ele>
        <time>2026-08-14T13:23:47.205Z</time>
      </trkpt>
      <trkpt lat="49.162197" lon="9.337351">
        <ele>236.835465</ele>
        <time>2026-08-14T13:23:48.656Z</time>
      </trkpt>
      <trkpt lat="49.162132" lon="9.337610">
        <ele>236.125684</ele>
        <time>2026-08-14T13:23:50.989Z</time>
      </trkpt>
      <trkpt lat="49.162081" lon="9.338009">
        <ele>235.085518</ele>
        <time>2026-08-14T13:23:54.605Z</time>
      </trkpt>
      <trkpt lat="49.162083" lon="9.338665">
        <ele>234.979086</ele>
        <time>2026-08-14T13:24:01.305Z</time>
      </trkpt>
      <trkpt lat="49.162004" lon="9.338807">
        <ele>235.069553</ele>
        <time>2026-08-14T13:24:03.823Z</time>
      </trkpt>
      <trkpt lat="49.161882" lon="9.338594">
        <ele>235.206951</ele>
        <time>2026-08-14T13:24:08.097Z</time>
      </trkpt>
      <trkpt lat="49.161516" lon="9.338021">
        <ele>235.595629</ele>
        <time>2026-08-14T13:24:21.330Z</time>
      </trkpt>
      <trkpt lat="49.161334" lon="9.337656">
        <ele>235.818360</ele>
        <time>2026-08-14T13:24:29.008Z</time>
      </trkpt>
      <trkpt lat="49.161262" lon="9.337444">
        <ele>235.934279</ele>
        <time>2026-08-14T13:24:32.925Z</time>
      </trkpt>
      <trkpt lat="49.161128" lon="9.337543">
        <ele>236.044710</ele>
        <time>2026-08-14T13:24:36.943Z</time>
      </trkpt>
      <trkpt lat="49.161006" lon="9.337625">
        <ele>235.893363</ele>
        <time>2026-08-14T13:24:40.416Z</time>
      </trkpt>
      <trkpt lat="49.160718" lon="9.337721">
        <ele>235.431661</ele>
        <time>2026-08-14T13:24:47.274Z</time>
      </trkpt>
      <trkpt lat="49.159735" lon="9.337736">
        <ele>233.891862</ele>
        <time>2026-08-14T13:25:02.617Z</time>
      </trkpt>
      <trkpt lat="49.159502" lon="9.337748">
        <ele>233.526696</ele>
        <time>2026-08-14T13:25:05.861Z</time>
      </trkpt>
      <trkpt lat="49.158660" lon="9.337749">
        <ele>231.365337</ele>
        <time>2026-08-14T13:25:17.656Z</time>
      </trkpt>
      <trkpt lat="49.158381" lon="9.337783">
        <ele>230.571124</ele>
        <time>2026-08-14T13:25:21.655Z</time>
      </trkpt>
      <trkpt lat="49.157979" lon="9.337848">
        <ele>229.424030</ele>
        <time>2026-08-14T13:25:27.641Z</time>
      </trkpt>
      <trkpt lat="49.157837" lon="9.337833">
        <ele>229.020124</ele>
        <time>2026-08-14T13:25:29.818Z</time>
      </trkpt>
      <trkpt lat="49.157104" lon="9.337590">
        <ele>227.698031</ele>
        <time>2026-08-14T13:25:41.712Z</time>
      </trkpt>
      <trkpt lat="49.156606" lon="9.337528">
        <ele>227.194576</ele>
        <time>2026-08-14T13:25:49.771Z</time>
      </trkpt>
      <trkpt lat="49.156167" lon="9.337543">
        <ele>226.752121</ele>
        <time>2026-08-14T13:25:57.236Z</time>
      </trkpt>
      <trkpt lat="49.155880" lon="9.337601">
        <ele>226.460419</ele>
        <time>2026-08-14T13:26:02.559Z</time>
      </trkpt>
      <trkpt lat="49.155746" lon="9.337695">
        <ele>226.334020</ele>
        <time>2026-08-14T13:26:05.206Z</time>
      </trkpt>
      <trkpt lat="49.155256" lon="9.338047">
        <ele>226.470226</ele>
        <time>2026-08-14T13:26:16.471Z</time>
      </trkpt>
      <trkpt lat="49.155178" lon="9.338137">
        <ele>226.494811</ele>
        <time>2026-08-14T13:26:18.665Z</time>
      </trkpt>
      <trkpt lat="49.154638" lon="9.339001">
        <ele>226.691454</ele>
        <time>2026-08-14T13:26:36.118Z</time>
      </trkpt>
      <trkpt lat="49.154399" lon="9.339381">
        <ele>226.778202</ele>
        <time>2026-08-14T13:26:41.719Z</time>
      </trkpt>
      <trkpt lat="49.154309" lon="9.339464">
        <ele>226.453814</ele>
        <time>2026-08-14T13:26:43.224Z</time>
      </trkpt>
      <trkpt lat="49.154228" lon="9.339492">
        <ele>226.149394</ele>
        <time>2026-08-14T13:26:44.363Z</time>
      </trkpt>
      <trkpt lat="49.154015" lon="9.339455">
        <ele>225.363565</ele>
        <time>2026-08-14T13:26:47.177Z</time>
      </trkpt>
      <trkpt lat="49.153768" lon="9.339429">
        <ele>224.455980</ele>
        <time>2026-08-14T13:26:50.254Z</time>
      </trkpt>
      <trkpt lat="49.153474" lon="9.339454">
        <ele>223.376583</ele>
        <time>2026-08-14T13:26:53.782Z</time>
      </trkpt>
      <trkpt lat="49.152970" lon="9.339577">
        <ele>221.505655</ele>
        <time>2026-08-14T13:26:59.767Z</time>
      </trkpt>
      <trkpt lat="49.152182" lon="9.339691">
        <ele>217.897902</ele>
        <time>2026-08-14T13:27:08.964Z</time>
      </trkpt>
      <trkpt lat="49.151784" lon="9.339716">
        <ele>215.786903</ele>
        <time>2026-08-14T13:27:13.667Z</time>
      </trkpt>
      <trkpt lat="49.151281" lon="9.339720">
        <ele>213.121196</ele>
        <time>2026-08-14T13:27:19.562Z</time>
      </trkpt>
      <trkpt lat="49.150895" lon="9.339653">
        <ele>211.062431</ele>
        <time>2026-08-14T13:27:23.996Z</time>
      </trkpt>
      <trkpt lat="49.150646" lon="9.339611">
        <ele>209.363796</ele>
        <time>2026-08-14T13:27:26.817Z</time>
      </trkpt>
      <trkpt lat="49.150452" lon="9.339592">
        <ele>207.918938</ele>
        <time>2026-08-14T13:27:28.981Z</time>
      </trkpt>
      <trkpt lat="49.150106" lon="9.339649">
        <ele>205.332412</ele>
        <time>2026-08-14T13:27:32.800Z</time>
      </trkpt>
      <trkpt lat="49.149180" lon="9.339537">
        <ele>198.428426</ele>
        <time>2026-08-14T13:27:42.796Z</time>
      </trkpt>
      <trkpt lat="49.148708" lon="9.339482">
        <ele>195.581869</ele>
        <time>2026-08-14T13:27:47.962Z</time>
      </trkpt>
      <trkpt lat="49.148661" lon="9.339473">
        <ele>195.329255</ele>
        <time>2026-08-14T13:27:48.482Z</time>
      </trkpt>
      <trkpt lat="49.148520" lon="9.339424">
        <ele>194.558103</ele>
        <time>2026-08-14T13:27:50.092Z</time>
      </trkpt>
      <trkpt lat="49.148415" lon="9.339395">
        <ele>193.989061</ele>
        <time>2026-08-14T13:27:51.292Z</time>
      </trkpt>
      <trkpt lat="49.148084" lon="9.339324">
        <ele>192.206510</ele>
        <time>2026-08-14T13:27:55.116Z</time>
      </trkpt>
      <trkpt lat="49.147972" lon="9.339356">
        <ele>191.598860</ele>
        <time>2026-08-14T13:27:56.435Z</time>
      </trkpt>
      <trkpt lat="49.147822" lon="9.339472">
        <ele>190.702369</ele>
        <time>2026-08-14T13:27:58.422Z</time>
      </trkpt>
      <trkpt lat="49.147746" lon="9.339498">
        <ele>190.287028</ele>
        <time>2026-08-14T13:27:59.368Z</time>
      </trkpt>
      <trkpt lat="49.147559" lon="9.339480">
        <ele>189.287761</ele>
        <time>2026-08-14T13:28:01.672Z</time>
      </trkpt>
      <trkpt lat="49.147508" lon="9.339755">
        <ele>188.290623</ele>
        <time>2026-08-14T13:28:04.032Z</time>
      </trkpt>
      <trkpt lat="49.147415" lon="9.339902">
        <ele>187.658936</ele>
        <time>2026-08-14T13:28:05.719Z</time>
      </trkpt>
      <trkpt lat="49.147378" lon="9.340023">
        <ele>187.513620</ele>
        <time>2026-08-14T13:28:06.838Z</time>
      </trkpt>
      <trkpt lat="49.147346" lon="9.340308">
        <ele>187.199020</ele>
        <time>2026-08-14T13:28:09.300Z</time>
      </trkpt>
      <trkpt lat="49.147272" lon="9.340400">
        <ele>187.040380</ele>
        <time>2026-08-14T13:28:10.556Z</time>
      </trkpt>
      <trkpt lat="49.147131" lon="9.340463">
        <ele>186.796053</ele>
        <time>2026-08-14T13:28:12.537Z</time>
      </trkpt>
      <trkpt lat="49.147026" lon="9.340506">
        <ele>186.615255</ele>
        <time>2026-08-14T13:28:14.526Z</time>
      </trkpt>
      <trkpt lat="49.146999" lon="9.340518">
        <ele>186.568489</ele>
        <time>2026-08-14T13:28:15.035Z</time>
      </trkpt>
      <trkpt lat="49.147033" lon="9.340748">
        <ele>186.311949</ele>
        <time>2026-08-14T13:28:17.148Z</time>
      </trkpt>
      <trkpt lat="49.147028" lon="9.340923">
        <ele>186.121375</ele>
        <time>2026-08-14T13:28:18.748Z</time>
      </trkpt>
      <trkpt lat="49.146930" lon="9.341144">
        <ele>185.830895</ele>
        <time>2026-08-14T13:28:21.158Z</time>
      </trkpt>
      <trkpt lat="49.146354" lon="9.341743">
        <ele>184.716549</ele>
        <time>2026-08-14T13:28:31.685Z</time>
      </trkpt>
      <trkpt lat="49.146080" lon="9.342079">
        <ele>184.936901</ele>
        <time>2026-08-14T13:28:38.034Z</time>
      </trkpt>
      <trkpt lat="49.145954" lon="9.342316">
        <ele>185.062224</ele>
        <time>2026-08-14T13:28:41.923Z</time>
      </trkpt>
      <trkpt lat="49.145815" lon="9.342576">
        <ele>185.200016</ele>
        <time>2026-08-14T13:28:46.447Z</time>
      </trkpt>
      <trkpt lat="49.145569" lon="9.342860">
        <ele>185.393398</ele>
        <time>2026-08-14T13:28:53.073Z</time>
      </trkpt>
      <trkpt lat="49.145582" lon="9.343133">
        <ele>185.505721</ele>
        <time>2026-08-14T13:28:57.062Z</time>
      </trkpt>
      <trkpt lat="49.145336" lon="9.344009">
        <ele>185.884713</ele>
        <time>2026-08-14T13:29:11.138Z</time>
      </trkpt>
      <trkpt lat="49.145238" lon="9.344474">
        <ele>186.047065</ele>
        <time>2026-08-14T13:29:17.836Z</time>
      </trkpt>
      <trkpt lat="49.145120" lon="9.345223">
        <ele>186.303092</ele>
        <time>2026-08-14T13:29:27.690Z</time>
      </trkpt>
      <trkpt lat="49.144954" lon="9.345825">
        <ele>186.520199</ele>
        <time>2026-08-14T13:29:35.781Z</time>
      </trkpt>
      <trkpt lat="49.144733" lon="9.346565">
        <ele>186.752244</ele>
        <time>2026-08-14T13:29:45.360Z</time>
      </trkpt>
      <trkpt lat="49.144513" lon="9.347453">
        <ele>186.793436</ele>
        <time>2026-08-14T13:29:55.964Z</time>
      </trkpt>
      <trkpt lat="49.144315" lon="9.348194">
        <ele>186.828159</ele>
        <time>2026-08-14T13:30:04.782Z</time>
      </trkpt>
      <trkpt lat="49.144134" lon="9.348633">
        <ele>186.850669</ele>
        <time>2026-08-14T13:30:10.550Z</time>
      </trkpt>
      <trkpt lat="49.143678" lon="9.349530">
        <ele>187.063306</ele>
        <time>2026-08-14T13:30:23.996Z</time>
      </trkpt>
      <trkpt lat="49.143056" lon="9.351411">
        <ele>187.548367</ele>
        <time>2026-08-14T13:30:50.793Z</time>
      </trkpt>
      <trkpt lat="49.143028" lon="9.351491">
        <ele>187.544166</ele>
        <time>2026-08-14T13:30:51.942Z</time>
      </trkpt>
      <trkpt lat="49.142819" lon="9.351284">
        <ele>187.526541</ele>
        <time>2026-08-14T13:30:56.420Z</time>
      </trkpt>
      <trkpt lat="49.142633" lon="9.351100">
        <ele>187.510861</ele>
        <time>2026-08-14T13:31:00.367Z</time>
      </trkpt>
      <trkpt lat="49.141240" lon="9.353716">
        <ele>187.106591</ele>
        <time>2026-08-14T13:31:36.392Z</time>
      </trkpt>
      <trkpt lat="49.141169" lon="9.353782">
        <ele>187.080761</ele>
        <time>2026-08-14T13:31:37.703Z</time>
      </trkpt>
      <trkpt lat="49.141010" lon="9.353923">
        <ele>187.023622</ele>
        <time>2026-08-14T13:31:40.601Z</time>
      </trkpt>
      <trkpt lat="49.140786" lon="9.354305">
        <ele>186.919302</ele>
        <time>2026-08-14T13:31:45.979Z</time>
      </trkpt>
      <trkpt lat="49.140436" lon="9.355016">
        <ele>187.076577</ele>
        <time>2026-08-14T13:31:55.605Z</time>
      </trkpt>
      <trkpt lat="49.140088" lon="9.355854">
        <ele>187.398359</ele>
        <time>2026-08-14T13:32:07.885Z</time>
      </trkpt>
      <trkpt lat="49.139992" lon="9.356301">
        <ele>187.550881</ele>
        <time>2026-08-14T13:32:14.411Z</time>
      </trkpt>
      <trkpt lat="49.139688" lon="9.357656">
        <ele>188.152483</ele>
        <time>2026-08-14T13:32:35.241Z</time>
      </trkpt>
      <trkpt lat="49.139507" lon="9.358162">
        <ele>188.439951</ele>
        <time>2026-08-14T13:32:43.410Z</time>
      </trkpt>
      <trkpt lat="49.139184" lon="9.359079">
        <ele>188.959095</ele>
        <time>2026-08-14T13:32:57.241Z</time>
      </trkpt>
      <trkpt lat="49.139099" lon="9.359320">
        <ele>189.095574</ele>
        <time>2026-08-14T13:33:00.620Z</time>
      </trkpt>
      <trkpt lat="49.138997" lon="9.359611">
        <ele>189.068537</ele>
        <time>2026-08-14T13:33:04.410Z</time>
      </trkpt>
      <trkpt lat="49.138914" lon="9.359894">
        <ele>188.994660</ele>
        <time>2026-08-14T13:33:07.802Z</time>
      </trkpt>
      <trkpt lat="49.138666" lon="9.359935">
        <ele>188.903835</ele>
        <time>2026-08-14T13:33:12.069Z</time>
      </trkpt>
      <trkpt lat="49.138554" lon="9.360018">
        <ele>188.858514</ele>
        <time>2026-08-14T13:33:14.165Z</time>
      </trkpt>
      <trkpt lat="49.138514" lon="9.359940">
        <ele>188.834906</ele>
        <time>2026-08-14T13:33:15.187Z</time>
      </trkpt>
      <trkpt lat="49.138414" lon="9.359906">
        <ele>188.797605</ele>
        <time>2026-08-14T13:33:16.804Z</time>
      </trkpt>
      <trkpt lat="49.138348" lon="9.359963">
        <ele>188.770004</ele>
        <time>2026-08-14T13:33:17.988Z</time>
      </trkpt>
      <trkpt lat="49.138317" lon="9.360060">
        <ele>188.744287</ele>
        <time>2026-08-14T13:33:19.096Z</time>
      </trkpt>
      <trkpt lat="49.138265" lon="9.360027">
        <ele>188.723787</ele>
        <time>2026-08-14T13:33:19.970Z</time>
      </trkpt>
      <trkpt lat="49.138169" lon="9.359927">
        <ele>188.681487</ele>
        <time>2026-08-14T13:33:21.777Z</time>
      </trkpt>
      <trkpt lat="49.138121" lon="9.359872">
        <ele>188.659645</ele>
        <time>2026-08-14T13:33:22.716Z</time>
      </trkpt>
      <trkpt lat="49.137962" lon="9.359688">
        <ele>188.587031</ele>
        <time>2026-08-14T13:33:25.800Z</time>
      </trkpt>
      <trkpt lat="49.137809" lon="9.359989">
        <ele>188.496230</ele>
        <time>2026-08-14T13:33:30.286Z</time>
      </trkpt>
      <trkpt lat="49.137634" lon="9.360568">
        <ele>188.449590</ele>
        <time>2026-08-14T13:33:37.788Z</time>
      </trkpt>
      <trkpt lat="49.137289" lon="9.360572">
        <ele>188.424712</ele>
        <time>2026-08-14T13:33:44.060Z</time>
      </trkpt>
      <trkpt lat="49.137192" lon="9.360556">
        <ele>188.417677</ele>
        <time>2026-08-14T13:33:45.684Z</time>
      </trkpt>
      <trkpt lat="49.137070" lon="9.360567">
        <ele>188.408865</ele>
        <time>2026-08-14T13:33:47.993Z</time>
      </trkpt>
      <trkpt lat="49.137090" lon="9.360650">
        <ele>188.404692</ele>
        <time>2026-08-14T13:33:49.119Z</time>
      </trkpt>
      <trkpt lat="49.137090" lon="9.360964">
        <ele>188.389878</ele>
        <time>2026-08-14T13:33:53.145Z</time>
      </trkpt>
      <trkpt lat="49.136923" lon="9.363191">
        <ele>189.393394</ele>
        <time>2026-08-14T13:34:24.725Z</time>
      </trkpt>
      <trkpt lat="49.136885" lon="9.363389">
        <ele>189.558481</ele>
        <time>2026-08-14T13:34:28.014Z</time>
      </trkpt>
      <trkpt lat="49.136422" lon="9.362998">
        <ele>190.205336</ele>
        <time>2026-08-14T13:34:41.189Z</time>
      </trkpt>
      <trkpt lat="49.136048" lon="9.362798">
        <ele>190.717520</ele>
        <time>2026-08-14T13:34:51.916Z</time>
      </trkpt>
      <trkpt lat="49.135500" lon="9.362655">
        <ele>191.527438</ele>
        <time>2026-08-14T13:35:06.705Z</time>
      </trkpt>
      <trkpt lat="49.135316" lon="9.362588">
        <ele>191.803005</ele>
        <time>2026-08-14T13:35:11.622Z</time>
      </trkpt>
      <trkpt lat="49.135196" lon="9.362607">
        <ele>191.978766</ele>
        <time>2026-08-14T13:35:14.735Z</time>
      </trkpt>
      <trkpt lat="49.134883" lon="9.363558">
        <ele>192.993491</ele>
        <time>2026-08-14T13:35:30.354Z</time>
      </trkpt>
      <trkpt lat="49.134928" lon="9.363960">
        <ele>193.262510</ele>
        <time>2026-08-14T13:35:35.088Z</time>
      </trkpt>
      <trkpt lat="49.134924" lon="9.364085">
        <ele>193.315820</ele>
        <time>2026-08-14T13:35:36.466Z</time>
      </trkpt>
      <trkpt lat="49.134583" lon="9.365302">
        <ele>193.879763</ele>
        <time>2026-08-14T13:35:51.121Z</time>
      </trkpt>
      <trkpt lat="49.134508" lon="9.365620">
        <ele>194.023754</ele>
        <time>2026-08-14T13:35:55.639Z</time>
      </trkpt>
      <trkpt lat="49.134435" lon="9.365859">
        <ele>194.136108</ele>
        <time>2026-08-14T13:35:59.683Z</time>
      </trkpt>
      <trkpt lat="49.134285" lon="9.366350">
        <ele>194.399850</ele>
        <time>2026-08-14T13:36:08.686Z</time>
      </trkpt>
      <trkpt lat="49.134064" lon="9.366778">
        <ele>194.885558</ele>
        <time>2026-08-14T13:36:17.530Z</time>
      </trkpt>
      <trkpt lat="49.133899" lon="9.367088">
        <ele>195.241553</ele>
        <time>2026-08-14T13:36:23.956Z</time>
      </trkpt>
      <trkpt lat="49.133706" lon="9.367496">
        <ele>195.690058</ele>
        <time>2026-08-14T13:36:31.311Z</time>
      </trkpt>
      <trkpt lat="49.133554" lon="9.367912">
        <ele>196.114520</ele>
        <time>2026-08-14T13:36:38.182Z</time>
      </trkpt>
      <trkpt lat="49.133445" lon="9.368177">
        <ele>196.393367</ele>
        <time>2026-08-14T13:36:42.892Z</time>
      </trkpt>
      <trkpt lat="49.133421" lon="9.368528">
        <ele>196.707757</ele>
        <time>2026-08-14T13:36:48.621Z</time>
      </trkpt>
      <trkpt lat="49.133355" lon="9.368929">
        <ele>196.964262</ele>
        <time>2026-08-14T13:36:54.659Z</time>
      </trkpt>
      <trkpt lat="49.133194" lon="9.369674">
        <ele>197.394023</ele>
        <time>2026-08-14T13:37:05.367Z</time>
      </trkpt>
      <trkpt lat="49.133062" lon="9.370025">
        <ele>197.615781</ele>
        <time>2026-08-14T13:37:11.055Z</time>
      </trkpt>
      <trkpt lat="49.133022" lon="9.370149">
        <ele>197.691509</ele>
        <time>2026-08-14T13:37:13.048Z</time>
      </trkpt>
      <trkpt lat="49.133007" lon="9.370322">
        <ele>197.787100</ele>
        <time>2026-08-14T13:37:15.499Z</time>
      </trkpt>
      <trkpt lat="49.132923" lon="9.370599">
        <ele>197.954334</ele>
        <time>2026-08-14T13:37:19.949Z</time>
      </trkpt>
      <trkpt lat="49.132783" lon="9.370907">
        <ele>198.159759</ele>
        <time>2026-08-14T13:37:25.096Z</time>
      </trkpt>
      <trkpt lat="49.132790" lon="9.371061">
        <ele>198.244318</ele>
        <time>2026-08-14T13:37:27.138Z</time>
      </trkpt>
      <trkpt lat="49.132715" lon="9.371774">
        <ele>198.247191</ele>
        <time>2026-08-14T13:37:35.208Z</time>
      </trkpt>
      <trkpt lat="49.132726" lon="9.372352">
        <ele>198.206968</ele>
        <time>2026-08-14T13:37:40.991Z</time>
      </trkpt>
      <trkpt lat="49.132801" lon="9.372880">
        <ele>198.169385</ele>
        <time>2026-08-14T13:37:46.409Z</time>
      </trkpt>
      <trkpt lat="49.132940" lon="9.373216">
        <ele>198.141733</ele>
        <time>2026-08-14T13:37:50.610Z</time>
      </trkpt>
      <trkpt lat="49.133004" lon="9.373395">
        <ele>198.127544</ele>
        <time>2026-08-14T13:37:52.832Z</time>
      </trkpt>
      <trkpt lat="49.133012" lon="9.373582">
        <ele>198.114509</ele>
        <time>2026-08-14T13:37:54.945Z</time>
      </trkpt>
      <trkpt lat="49.132983" lon="9.373836">
        <ele>198.126418</ele>
        <time>2026-08-14T13:37:58.032Z</time>
      </trkpt>
      <trkpt lat="49.133021" lon="9.373859">
        <ele>198.157588</ele>
        <time>2026-08-14T13:37:58.787Z</time>
      </trkpt>
      <trkpt lat="49.133020" lon="9.373916">
        <ele>198.186041</ele>
        <time>2026-08-14T13:37:59.516Z</time>
      </trkpt>
      <trkpt lat="49.133068" lon="9.373996">
        <ele>198.240205</ele>
        <time>2026-08-14T13:38:00.913Z</time>
      </trkpt>
      <trkpt lat="49.133018" lon="9.374258">
        <ele>198.376391</ele>
        <time>2026-08-14T13:38:04.563Z</time>
      </trkpt>
      <trkpt lat="49.132967" lon="9.374771">
        <ele>198.635316</ele>
        <time>2026-08-14T13:38:11.895Z</time>
      </trkpt>
      <trkpt lat="49.132939" lon="9.375217">
        <ele>198.858893</ele>
        <time>2026-08-14T13:38:18.445Z</time>
      </trkpt>
      <trkpt lat="49.132914" lon="9.375656">
        <ele>199.078784</ele>
        <time>2026-08-14T13:38:25.025Z</time>
      </trkpt>
      <trkpt lat="49.132899" lon="9.375921">
        <ele>199.211513</ele>
        <time>2026-08-14T13:38:29.399Z</time>
      </trkpt>
      <trkpt lat="49.132885" lon="9.376176">
        <ele>199.339206</ele>
        <time>2026-08-14T13:38:33.428Z</time>
      </trkpt>
      <trkpt lat="49.132875" lon="9.376349">
        <ele>199.425870</ele>
        <time>2026-08-14T13:38:36.049Z</time>
      </trkpt>
      <trkpt lat="49.132868" lon="9.376469">
        <ele>199.472783</ele>
        <time>2026-08-14T13:38:37.816Z</time>
      </trkpt>
      <trkpt lat="49.132862" lon="9.376572">
        <ele>199.475853</ele>
        <time>2026-08-14T13:38:39.314Z</time>
      </trkpt>
      <trkpt lat="49.132827" lon="9.376599">
        <ele>199.477632</ele>
        <time>2026-08-14T13:38:40.172Z</time>
      </trkpt>
      <trkpt lat="49.132818" lon="9.376658">
        <ele>199.479430</ele>
        <time>2026-08-14T13:38:41.010Z</time>
      </trkpt>
      <trkpt lat="49.132862" lon="9.376713">
        <ele>199.482009</ele>
        <time>2026-08-14T13:38:42.220Z</time>
      </trkpt>
      <trkpt lat="49.132844" lon="9.377246">
        <ele>199.497853</ele>
        <time>2026-08-14T13:38:49.287Z</time>
      </trkpt>
      <trkpt lat="49.132776" lon="9.377406">
        <ele>199.503516</ele>
        <time>2026-08-14T13:38:51.699Z</time>
      </trkpt>
      <trkpt lat="49.132734" lon="9.377489">
        <ele>199.506631</ele>
        <time>2026-08-14T13:38:52.822Z</time>
      </trkpt>
      <trkpt lat="49.132725" lon="9.378317">
        <ele>199.531214</ele>
        <time>2026-08-14T13:39:01.759Z</time>
      </trkpt>
      <trkpt lat="49.132760" lon="9.378520">
        <ele>199.537446</ele>
        <time>2026-08-14T13:39:04.024Z</time>
      </trkpt>
      <trkpt lat="49.132741" lon="9.379333">
        <ele>199.549502</ele>
        <time>2026-08-14T13:39:12.854Z</time>
      </trkpt>
      <trkpt lat="49.132699" lon="9.380041">
        <ele>199.538877</ele>
        <time>2026-08-14T13:39:20.895Z</time>
      </trkpt>
      <trkpt lat="49.132685" lon="9.380497">
        <ele>199.532054</ele>
        <time>2026-08-14T13:39:26.073Z</time>
      </trkpt>
      <trkpt lat="49.132693" lon="9.380648">
        <ele>199.529789</ele>
        <time>2026-08-14T13:39:27.751Z</time>
      </trkpt>
      <trkpt lat="49.132681" lon="9.380695">
        <ele>199.529035</ele>
        <time>2026-08-14T13:39:28.305Z</time>
      </trkpt>
      <trkpt lat="49.132589" lon="9.381383">
        <ele>199.518540</ele>
        <time>2026-08-14T13:39:36.062Z</time>
      </trkpt>
      <trkpt lat="49.132506" lon="9.381817">
        <ele>199.529434</ele>
        <time>2026-08-14T13:39:41.116Z</time>
      </trkpt>
      <trkpt lat="49.132469" lon="9.381923">
        <ele>199.573949</ele>
        <time>2026-08-14T13:39:42.473Z</time>
      </trkpt>
      <trkpt lat="49.132706" lon="9.382248">
        <ele>199.754263</ele>
        <time>2026-08-14T13:39:48.137Z</time>
      </trkpt>
      <trkpt lat="49.132692" lon="9.382320">
        <ele>199.782094</ele>
        <time>2026-08-14T13:39:49.022Z</time>
      </trkpt>
      <trkpt lat="49.132719" lon="9.382421">
        <ele>199.822520</ele>
        <time>2026-08-14T13:39:50.299Z</time>
      </trkpt>
      <trkpt lat="49.132181" lon="9.383382">
        <ele>200.291142</ele>
        <time>2026-08-14T13:40:05.880Z</time>
      </trkpt>
      <trkpt lat="49.131748" lon="9.383958">
        <ele>200.814619</ele>
        <time>2026-08-14T13:40:19.031Z</time>
      </trkpt>
      <trkpt lat="49.131677" lon="9.384053">
        <ele>200.992479</ele>
        <time>2026-08-14T13:40:21.286Z</time>
      </trkpt>
      <trkpt lat="49.130647" lon="9.385048">
        <ele>203.289126</ele>
        <time>2026-08-14T13:40:57.102Z</time>
      </trkpt>
      <trkpt lat="49.130563" lon="9.384914">
        <ele>203.517987</ele>
        <time>2026-08-14T13:41:00.486Z</time>
      </trkpt>
      <trkpt lat="49.130291" lon="9.385179">
        <ele>204.070891</ele>
        <time>2026-08-14T13:41:09.019Z</time>
      </trkpt>
      <trkpt lat="49.129322" lon="9.386628">
        <ele>205.939278</ele>
        <time>2026-08-14T13:41:40.932Z</time>
      </trkpt>
      <trkpt lat="49.128995" lon="9.387037">
        <ele>206.408442</ele>
        <time>2026-08-14T13:41:49.919Z</time>
      </trkpt>
      <trkpt lat="49.128602" lon="9.387400">
        <ele>206.452862</ele>
        <time>2026-08-14T13:41:59.009Z</time>
      </trkpt>
      <trkpt lat="49.128303" lon="9.387610">
        <ele>206.484694</ele>
        <time>2026-08-14T13:42:04.719Z</time>
      </trkpt>
      <trkpt lat="49.128221" lon="9.387566">
        <ele>206.493101</ele>
        <time>2026-08-14T13:42:06.162Z</time>
      </trkpt>
      <trkpt lat="49.128109" lon="9.387368">
        <ele>206.509668</ele>
        <time>2026-08-14T13:42:09.019Z</time>
      </trkpt>
      <trkpt lat="49.127985" lon="9.387459">
        <ele>206.522974</ele>
        <time>2026-08-14T13:42:11.255Z</time>
      </trkpt>
      <trkpt lat="49.127863" lon="9.387594">
        <ele>206.537544</ele>
        <time>2026-08-14T13:42:13.702Z</time>
      </trkpt>
      <trkpt lat="49.127953" lon="9.387907">
        <ele>206.559185</ele>
        <time>2026-08-14T13:42:17.308Z</time>
      </trkpt>
      <trkpt lat="49.127654" lon="9.388190">
        <ele>206.598130</ele>
        <time>2026-08-14T13:42:22.954Z</time>
      </trkpt>
      <trkpt lat="49.126850" lon="9.388932">
        <ele>206.712138</ele>
        <time>2026-08-14T13:42:37.598Z</time>
      </trkpt>
      <trkpt lat="49.126689" lon="9.389112">
        <ele>206.736352</ele>
        <time>2026-08-14T13:42:41.343Z</time>
      </trkpt>
      <trkpt lat="49.126416" lon="9.389458">
        <ele>206.779404</ele>
        <time>2026-08-14T13:42:48.840Z</time>
      </trkpt>
      <trkpt lat="49.126316" lon="9.389480">
        <ele>206.791667</ele>
        <time>2026-08-14T13:42:51.183Z</time>
      </trkpt>
      <trkpt lat="49.126245" lon="9.389559">
        <ele>207.040979</ele>
        <time>2026-08-14T13:42:53.238Z</time>
      </trkpt>
      <trkpt lat="49.126121" lon="9.389792">
        <ele>207.627493</ele>
        <time>2026-08-14T13:42:58.145Z</time>
      </trkpt>
      <trkpt lat="49.125991" lon="9.389957">
        <ele>208.131825</ele>
        <time>2026-08-14T13:43:02.616Z</time>
      </trkpt>
      <trkpt lat="49.124975" lon="9.391071">
        <ele>211.863684</ele>
        <time>2026-08-14T13:43:43.555Z</time>
      </trkpt>
      <trkpt lat="49.124071" lon="9.392121">
        <ele>216.236358</ele>
        <time>2026-08-14T13:44:24.618Z</time>
      </trkpt>
      <trkpt lat="49.122795" lon="9.393554">
        <ele>221.183131</ele>
        <time>2026-08-14T13:45:18.062Z</time>
      </trkpt>
      <trkpt lat="49.122344" lon="9.394058">
        <ele>222.508323</ele>
        <time>2026-08-14T13:45:33.469Z</time>
      </trkpt>
      <trkpt lat="49.122203" lon="9.394156">
        <ele>222.875707</ele>
        <time>2026-08-14T13:45:37.116Z</time>
      </trkpt>
      <trkpt lat="49.122217" lon="9.394351">
        <ele>223.180197</ele>
        <time>2026-08-14T13:45:39.818Z</time>
      </trkpt>
      <trkpt lat="49.122096" lon="9.394488">
        <ele>223.484159</ele>
        <time>2026-08-14T13:45:42.733Z</time>
      </trkpt>
      <trkpt lat="49.121970" lon="9.394631">
        <ele>223.304099</ele>
        <time>2026-08-14T13:45:45.375Z</time>
      </trkpt>
      <trkpt lat="49.121817" lon="9.394808">
        <ele>223.083942</ele>
        <time>2026-08-14T13:45:48.339Z</time>
      </trkpt>
      <trkpt lat="49.121352" lon="9.395440">
        <ele>222.369986</ele>
        <time>2026-08-14T13:45:56.823Z</time>
      </trkpt>
      <trkpt lat="49.121048" lon="9.395867">
        <ele>221.896266</ele>
        <time>2026-08-14T13:46:02.346Z</time>
      </trkpt>
      <trkpt lat="49.120908" lon="9.395985">
        <ele>221.712840</ele>
        <time>2026-08-14T13:46:04.546Z</time>
      </trkpt>
      <trkpt lat="49.120788" lon="9.396040">
        <ele>221.569114</ele>
        <time>2026-08-14T13:46:06.339Z</time>
      </trkpt>
      <trkpt lat="49.120324" lon="9.396150">
        <ele>221.621495</ele>
        <time>2026-08-14T13:46:13.645Z</time>
      </trkpt>
      <trkpt lat="49.120215" lon="9.396173">
        <ele>221.678296</ele>
        <time>2026-08-14T13:46:15.469Z</time>
      </trkpt>
      <trkpt lat="49.120016" lon="9.396211">
        <ele>221.781820</ele>
        <time>2026-08-14T13:46:18.754Z</time>
      </trkpt>
      <trkpt lat="49.119589" lon="9.396294">
        <ele>222.004018</ele>
        <time>2026-08-14T13:46:26.863Z</time>
      </trkpt>
      <trkpt lat="49.119576" lon="9.396295">
        <ele>222.010737</ele>
        <time>2026-08-14T13:46:27.145Z</time>
      </trkpt>
      <trkpt lat="49.119306" lon="9.396314">
        <ele>222.150260</ele>
        <time>2026-08-14T13:46:33.342Z</time>
      </trkpt>
      <trkpt lat="49.119236" lon="9.396338">
        <ele>222.187294</ele>
        <time>2026-08-14T13:46:35.043Z</time>
      </trkpt>
      <trkpt lat="49.119203" lon="9.396390">
        <ele>222.211765</ele>
        <time>2026-08-14T13:46:36.335Z</time>
      </trkpt>
      <trkpt lat="49.119158" lon="9.396713">
        <ele>222.323336</ele>
        <time>2026-08-14T13:46:41.925Z</time>
      </trkpt>
      <trkpt lat="49.119155" lon="9.396797">
        <ele>222.351757</ele>
        <time>2026-08-14T13:46:43.367Z</time>
      </trkpt>
      <trkpt lat="49.119147" lon="9.397008">
        <ele>222.775636</ele>
        <time>2026-08-14T13:46:47.047Z</time>
      </trkpt>
      <trkpt lat="49.119127" lon="9.397723">
        <ele>224.522655</ele>
        <time>2026-08-14T13:46:59.611Z</time>
      </trkpt>
      <trkpt lat="49.119128" lon="9.397827">
        <ele>224.776563</ele>
        <time>2026-08-14T13:47:01.639Z</time>
      </trkpt>
      <trkpt lat="49.119114" lon="9.398448">
        <ele>226.293419</ele>
        <time>2026-08-14T13:47:14.580Z</time>
      </trkpt>
      <trkpt lat="49.119092" lon="9.398837">
        <ele>227.246568</ele>
        <time>2026-08-14T13:47:24.417Z</time>
      </trkpt>
      <trkpt lat="49.119087" lon="9.398940">
        <ele>227.498698</ele>
        <time>2026-08-14T13:47:27.145Z</time>
      </trkpt>
      <trkpt lat="49.119084" lon="9.398997">
        <ele>227.638293</ele>
        <time>2026-08-14T13:47:28.694Z</time>
      </trkpt>
      <trkpt lat="49.119053" lon="9.399272">
        <ele>228.319496</ele>
        <time>2026-08-14T13:47:36.287Z</time>
      </trkpt>
      <trkpt lat="49.119014" lon="9.399629">
        <ele>229.270370</ele>
        <time>2026-08-14T13:47:46.703Z</time>
      </trkpt>
      <trkpt lat="49.118702" lon="9.400878">
        <ele>234.253103</ele>
        <time>2026-08-14T13:48:25.711Z</time>
      </trkpt>
      <trkpt lat="49.118695" lon="9.401289">
        <ele>235.785479</ele>
        <time>2026-08-14T13:48:37.398Z</time>
      </trkpt>
      <trkpt lat="49.118629" lon="9.401298">
        <ele>236.162823</ele>
        <time>2026-08-14T13:48:40.218Z</time>
      </trkpt>
      <trkpt lat="49.118582" lon="9.401306">
        <ele>236.432130</ele>
        <time>2026-08-14T13:48:42.246Z</time>
      </trkpt>
      <trkpt lat="49.118137" lon="9.401733">
        <ele>239.373934</ele>
        <time>2026-08-14T13:49:05.172Z</time>
      </trkpt>
      <trkpt lat="49.117857" lon="9.402171">
        <ele>240.571785</ele>
        <time>2026-08-14T13:49:20.387Z</time>
      </trkpt>
      <trkpt lat="49.117652" lon="9.402711">
        <ele>241.793123</ele>
        <time>2026-08-14T13:49:33.476Z</time>
      </trkpt>
      <trkpt lat="49.117401" lon="9.402836">
        <ele>242.582264</ele>
        <time>2026-08-14T13:49:41.294Z</time>
      </trkpt>
      <trkpt lat="49.116956" lon="9.402947">
        <ele>243.930070</ele>
        <time>2026-08-14T13:49:53.784Z</time>
      </trkpt>
      <trkpt lat="49.116642" lon="9.402985">
        <ele>244.741526</ele>
        <time>2026-08-14T13:50:01.157Z</time>
      </trkpt>
      <trkpt lat="49.116422" lon="9.403034">
        <ele>244.918005</ele>
        <time>2026-08-14T13:50:04.861Z</time>
      </trkpt>
      <trkpt lat="49.116135" lon="9.403025">
        <ele>245.145870</ele>
        <time>2026-08-14T13:50:09.385Z</time>
      </trkpt>
      <trkpt lat="49.115779" lon="9.402960">
        <ele>245.430469</ele>
        <time>2026-08-14T13:50:15.591Z</time>
      </trkpt>
      <trkpt lat="49.115554" lon="9.402325">
        <ele>245.805631</ele>
        <time>2026-08-14T13:50:26.895Z</time>
      </trkpt>
      <trkpt lat="49.115338" lon="9.402060">
        <ele>246.025528</ele>
        <time>2026-08-14T13:50:34.022Z</time>
      </trkpt>
      <trkpt lat="49.115159" lon="9.401972">
        <ele>246.326543</ele>
        <time>2026-08-14T13:50:38.877Z</time>
      </trkpt>
      <trkpt lat="49.114551" lon="9.401834">
        <ele>248.223109</ele>
        <time>2026-08-14T13:50:55.749Z</time>
      </trkpt>
      <trkpt lat="49.114297" lon="9.401743">
        <ele>249.028083</ele>
        <time>2026-08-14T13:51:04.531Z</time>
      </trkpt>
      <trkpt lat="49.113717" lon="9.401282">
        <ele>251.045372</ele>
        <time>2026-08-14T13:51:28.776Z</time>
      </trkpt>
      <trkpt lat="49.113533" lon="9.401193">
        <ele>251.640877</ele>
        <time>2026-08-14T13:51:36.495Z</time>
      </trkpt>
      <trkpt lat="49.113025" lon="9.401152">
        <ele>254.652681</ele>
        <time>2026-08-14T13:51:58.657Z</time>
      </trkpt>
      <trkpt lat="49.112165" lon="9.401244">
        <ele>259.806083</ele>
        <time>2026-08-14T13:52:42.121Z</time>
      </trkpt>
      <trkpt lat="49.112052" lon="9.401256">
        <ele>260.483192</ele>
        <time>2026-08-14T13:52:47.905Z</time>
      </trkpt>
      <trkpt lat="49.111439" lon="9.401032">
        <ele>264.017771</ele>
        <time>2026-08-14T13:53:18.289Z</time>
      </trkpt>
      <trkpt lat="49.110207" lon="9.400811">
        <ele>270.486881</ele>
        <time>2026-08-14T13:54:10.171Z</time>
      </trkpt>
      <trkpt lat="49.109267" lon="9.400866">
        <ele>274.146920</ele>
        <time>2026-08-14T13:54:49.528Z</time>
      </trkpt>
      <trkpt lat="49.108813" lon="9.401155">
        <ele>275.821598</ele>
        <time>2026-08-14T13:55:05.486Z</time>
      </trkpt>
      <trkpt lat="49.108776" lon="9.401040">
        <ele>276.107213</ele>
        <time>2026-08-14T13:55:08.540Z</time>
      </trkpt>
      <trkpt lat="49.108773" lon="9.400733">
        <ele>276.791575</ele>
        <time>2026-08-14T13:55:15.674Z</time>
      </trkpt>
      <trkpt lat="49.108955" lon="9.400213">
        <ele>278.181237</ele>
        <time>2026-08-14T13:55:29.398Z</time>
      </trkpt>
      <trkpt lat="49.108991" lon="9.400091">
        <ele>278.605816</ele>
        <time>2026-08-14T13:55:32.447Z</time>
      </trkpt>
      <trkpt lat="49.109014" lon="9.399941">
        <ele>279.094604</ele>
        <time>2026-08-14T13:55:35.614Z</time>
      </trkpt>
      <trkpt lat="49.108959" lon="9.399622">
        <ele>280.141216</ele>
        <time>2026-08-14T13:55:42.449Z</time>
      </trkpt>
      <trkpt lat="49.108787" lon="9.399636">
        <ele>280.976021</ele>
        <time>2026-08-14T13:55:48.101Z</time>
      </trkpt>
      <trkpt lat="49.108223" lon="9.399458">
        <ele>283.767255</ele>
        <time>2026-08-14T13:56:09.746Z</time>
      </trkpt>
      <trkpt lat="49.108118" lon="9.399468">
        <ele>284.277140</ele>
        <time>2026-08-14T13:56:14.697Z</time>
      </trkpt>
      <trkpt lat="49.107666" lon="9.399515">
        <ele>286.472890</ele>
        <time>2026-08-14T13:56:37.808Z</time>
      </trkpt>
      <trkpt lat="49.107458" lon="9.399471">
        <ele>287.507203</ele>
        <time>2026-08-14T13:56:48.854Z</time>
      </trkpt>
      <trkpt lat="49.107282" lon="9.399228">
        <ele>288.679580</ele>
        <time>2026-08-14T13:57:02.052Z</time>
      </trkpt>
      <trkpt lat="49.106949" lon="9.398376">
        <ele>291.889769</ele>
        <time>2026-08-14T13:57:33.161Z</time>
      </trkpt>
      <trkpt lat="49.106792" lon="9.398109">
        <ele>293.050834</ele>
        <time>2026-08-14T13:57:41.191Z</time>
      </trkpt>
      <trkpt lat="49.106552" lon="9.397823">
        <ele>294.555076</ele>
        <time>2026-08-14T13:57:50.131Z</time>
      </trkpt>
      <trkpt lat="49.106466" lon="9.397741">
        <ele>295.056069</ele>
        <time>2026-08-14T13:57:52.658Z</time>
      </trkpt>
      <trkpt lat="49.106243" lon="9.397641">
        <ele>295.353922</ele>
        <time>2026-08-14T13:57:57.234Z</time>
      </trkpt>
      <trkpt lat="49.106136" lon="9.397658">
        <ele>295.211371</ele>
        <time>2026-08-14T13:57:59.031Z</time>
      </trkpt>
      <trkpt lat="49.105788" lon="9.397693">
        <ele>294.749236</ele>
        <time>2026-08-14T13:58:04.000Z</time>
      </trkpt>
      <trkpt lat="49.105409" lon="9.397845">
        <ele>294.230000</ele>
        <time>2026-08-14T13:58:09.051Z</time>
      </trkpt>
      <trkpt lat="49.105100" lon="9.398118">
        <ele>293.756985</ele>
        <time>2026-08-14T13:58:13.583Z</time>
      </trkpt>
      <trkpt lat="49.104852" lon="9.398516">
        <ele>293.280323</ele>
        <time>2026-08-14T13:58:18.323Z</time>
      </trkpt>
      <trkpt lat="49.104740" lon="9.398761">
        <ele>293.221157</ele>
        <time>2026-08-14T13:58:21.055Z</time>
      </trkpt>
      <trkpt lat="49.104280" lon="9.400029">
        <ele>293.909289</ele>
        <time>2026-08-14T13:58:38.500Z</time>
      </trkpt>
      <trkpt lat="49.103945" lon="9.400844">
        <ele>294.366091</ele>
        <time>2026-08-14T13:58:56.053Z</time>
      </trkpt>
      <trkpt lat="49.103461" lon="9.401987">
        <ele>295.292935</ele>
        <time>2026-08-14T13:59:20.057Z</time>
      </trkpt>
      <trkpt lat="49.103005" lon="9.402925">
        <ele>296.126625</ele>
        <time>2026-08-14T13:59:34.305Z</time>
      </trkpt>
      <trkpt lat="49.102609" lon="9.403675">
        <ele>296.913545</ele>
        <time>2026-08-14T13:59:44.904Z</time>
      </trkpt>
      <trkpt lat="49.101908" lon="9.404912">
        <ele>298.371595</ele>
        <time>2026-08-14T14:00:05.988Z</time>
      </trkpt>
      <trkpt lat="49.101525" lon="9.405637">
        <ele>300.834761</ele>
        <time>2026-08-14T14:00:26.244Z</time>
      </trkpt>
      <trkpt lat="49.101430" lon="9.405878">
        <ele>302.294861</ele>
        <time>2026-08-14T14:00:34.018Z</time>
      </trkpt>
      <trkpt lat="49.101339" lon="9.406236">
        <ele>304.288143</ele>
        <time>2026-08-14T14:00:45.913Z</time>
      </trkpt>
      <trkpt lat="49.101266" lon="9.406624">
        <ele>306.383515</ele>
        <time>2026-08-14T14:01:00.362Z</time>
      </trkpt>
      <trkpt lat="49.101260" lon="9.406688">
        <ele>306.719088</ele>
        <time>2026-08-14T14:01:02.905Z</time>
      </trkpt>
      <trkpt lat="49.101172" lon="9.407660">
        <ele>311.812158</ele>
        <time>2026-08-14T14:01:45.990Z</time>
      </trkpt>
      <trkpt lat="49.101090" lon="9.408091">
        <ele>314.024370</ele>
        <time>2026-08-14T14:02:05.633Z</time>
      </trkpt>
      <trkpt lat="49.101021" lon="9.408307">
        <ele>315.128189</ele>
        <time>2026-08-14T14:02:15.638Z</time>
      </trkpt>
      <trkpt lat="49.100793" lon="9.408798">
        <ele>317.892838</ele>
        <time>2026-08-14T14:02:38.509Z</time>
      </trkpt>
      <trkpt lat="49.100735" lon="9.408914">
        <ele>318.563191</ele>
        <time>2026-08-14T14:02:43.505Z</time>
      </trkpt>
      <trkpt lat="49.100468" lon="9.409638">
        <ele>322.379588</ele>
        <time>2026-08-14T14:03:07.116Z</time>
      </trkpt>
      <trkpt lat="49.100061" lon="9.411052">
        <ele>329.393852</ele>
        <time>2026-08-14T14:03:42.101Z</time>
      </trkpt>
      <trkpt lat="49.099934" lon="9.411314">
        <ele>330.859048</ele>
        <time>2026-08-14T14:03:51.706Z</time>
      </trkpt>
      <trkpt lat="49.099742" lon="9.411547">
        <ele>332.542479</ele>
        <time>2026-08-14T14:04:03.652Z</time>
      </trkpt>
      <trkpt lat="49.099550" lon="9.411683">
        <ele>333.995359</ele>
        <time>2026-08-14T14:04:14.897Z</time>
      </trkpt>
      <trkpt lat="49.099310" lon="9.411765">
        <ele>335.683618</ele>
        <time>2026-08-14T14:04:28.688Z</time>
      </trkpt>
      <trkpt lat="49.098981" lon="9.411745">
        <ele>337.943907</ele>
        <time>2026-08-14T14:04:48.588Z</time>
      </trkpt>
      <trkpt lat="49.098609" lon="9.411584">
        <ele>341.567137</ele>
        <time>2026-08-14T14:05:11.678Z</time>
      </trkpt>
      <trkpt lat="49.098444" lon="9.411513">
        <ele>343.197934</ele>
        <time>2026-08-14T14:05:21.643Z</time>
      </trkpt>
      <trkpt lat="49.098123" lon="9.411498">
        <ele>346.253116</ele>
        <time>2026-08-14T14:05:41.416Z</time>
      </trkpt>
      <trkpt lat="49.097902" lon="9.411596">
        <ele>348.442371</ele>
        <time>2026-08-14T14:05:55.283Z</time>
      </trkpt>
      <trkpt lat="49.097509" lon="9.411939">
        <ele>352.748502</ele>
        <time>2026-08-14T14:06:21.710Z</time>
      </trkpt>
      <trkpt lat="49.097352" lon="9.412134">
        <ele>354.673647</ele>
        <time>2026-08-14T14:06:33.789Z</time>
      </trkpt>
      <trkpt lat="49.096815" lon="9.412953">
        <ele>363.338337</ele>
        <time>2026-08-14T14:07:22.189Z</time>
      </trkpt>
      <trkpt lat="49.096392" lon="9.413929">
        <ele>372.202465</ele>
        <time>2026-08-14T14:08:18.255Z</time>
      </trkpt>
      <trkpt lat="49.096269" lon="9.414351">
        <ele>375.700786</ele>
        <time>2026-08-14T14:08:42.029Z</time>
      </trkpt>
      <trkpt lat="49.095890" lon="9.414920">
        <ele>379.548558</ele>
        <time>2026-08-14T14:09:23.815Z</time>
      </trkpt>
      <trkpt lat="49.095430" lon="9.415962">
        <ele>385.323367</ele>
        <time>2026-08-14T14:10:06.311Z</time>
      </trkpt>
      <trkpt lat="49.095436" lon="9.416068">
        <ele>385.812281</ele>
        <time>2026-08-14T14:10:08.424Z</time>
      </trkpt>
      <trkpt lat="49.095471" lon="9.416102">
        <ele>386.103384</ele>
        <time>2026-08-14T14:10:09.595Z</time>
      </trkpt>
      <trkpt lat="49.095542" lon="9.416099">
        <ele>386.601838</ele>
        <time>2026-08-14T14:10:11.443Z</time>
      </trkpt>
      <trkpt lat="49.095746" lon="9.415791">
        <ele>388.614979</ele>
        <time>2026-08-14T14:10:16.734Z</time>
      </trkpt>
      <trkpt lat="49.096210" lon="9.415480">
        <ele>388.847075</ele>
        <time>2026-08-14T14:10:23.413Z</time>
      </trkpt>
      <trkpt lat="49.096601" lon="9.415121">
        <ele>389.048837</ele>
        <time>2026-08-14T14:10:28.804Z</time>
      </trkpt>
      <trkpt lat="49.097381" lon="9.414511">
        <ele>389.941575</ele>
        <time>2026-08-14T14:10:49.196Z</time>
      </trkpt>
      <trkpt lat="49.097508" lon="9.414440">
        <ele>391.735442</ele>
        <time>2026-08-14T14:10:56.143Z</time>
      </trkpt>
      <trkpt lat="49.097605" lon="9.414449">
        <ele>393.024441</ele>
        <time>2026-08-14T14:11:01.824Z</time>
      </trkpt>
      <trkpt lat="49.097660" lon="9.414495">
        <ele>393.856201</ele>
        <time>2026-08-14T14:11:05.632Z</time>
      </trkpt>
      <trkpt lat="49.097756" lon="9.414668">
        <ele>395.825713</ele>
        <time>2026-08-14T14:11:15.537Z</time>
      </trkpt>
      <trkpt lat="49.097792" lon="9.414808">
        <ele>397.132016</ele>
        <time>2026-08-14T14:11:22.657Z</time>
      </trkpt>
      <trkpt lat="49.097825" lon="9.415121">
        <ele>399.885433</ele>
        <time>2026-08-14T14:11:38.846Z</time>
      </trkpt>
      <trkpt lat="49.097874" lon="9.415894">
        <ele>406.630314</ele>
        <time>2026-08-14T14:12:26.032Z</time>
      </trkpt>
      <trkpt lat="49.097839" lon="9.416379">
        <ele>410.868036</ele>
        <time>2026-08-14T14:12:58.926Z</time>
      </trkpt>
      <trkpt lat="49.097829" lon="9.416442">
        <ele>411.431038</ele>
        <time>2026-08-14T14:13:03.368Z</time>
      </trkpt>
      <trkpt lat="49.097714" lon="9.417141">
        <ele>417.208454</ele>
        <time>2026-08-14T14:13:50.974Z</time>
      </trkpt>
      <trkpt lat="49.097725" lon="9.418220">
        <ele>425.557074</ele>
        <time>2026-08-14T14:14:50.357Z</time>
      </trkpt>
      <trkpt lat="49.097651" lon="9.419552">
        <ele>435.119978</ele>
        <time>2026-08-14T14:15:31.385Z</time>
      </trkpt>
      <trkpt lat="49.097662" lon="9.419643">
        <ele>435.428992</ele>
        <time>2026-08-14T14:15:33.280Z</time>
      </trkpt>
      <trkpt lat="49.097761" lon="9.419796">
        <ele>436.147295</ele>
        <time>2026-08-14T14:15:37.861Z</time>
      </trkpt>
      <trkpt lat="49.098248" lon="9.419797">
        <ele>438.630991</ele>
        <time>2026-08-14T14:15:54.058Z</time>
      </trkpt>
      <trkpt lat="49.098343" lon="9.419863">
        <ele>439.163262</ele>
        <time>2026-08-14T14:15:57.987Z</time>
      </trkpt>
      <trkpt lat="49.098372" lon="9.419934">
        <ele>439.442699</ele>
        <time>2026-08-14T14:15:59.979Z</time>
      </trkpt>
      <trkpt lat="49.098396" lon="9.420127">
        <ele>440.098700</ele>
        <time>2026-08-14T14:16:04.804Z</time>
      </trkpt>
      <trkpt lat="49.098229" lon="9.421514">
        <ele>444.340052</ele>
        <time>2026-08-14T14:16:44.648Z</time>
      </trkpt>
      <trkpt lat="49.098222" lon="9.422076">
        <ele>445.423397</ele>
        <time>2026-08-14T14:17:01.720Z</time>
      </trkpt>
      <trkpt lat="49.098251" lon="9.422474">
        <ele>446.195201</ele>
        <time>2026-08-14T14:17:11.418Z</time>
      </trkpt>
      <trkpt lat="49.098328" lon="9.422730">
        <ele>446.738161</ele>
        <time>2026-08-14T14:17:16.884Z</time>
      </trkpt>
      <trkpt lat="49.098919" lon="9.423367">
        <ele>448.867360</ele>
        <time>2026-08-14T14:17:30.042Z</time>
      </trkpt>
      <trkpt lat="49.099030" lon="9.423433">
        <ele>449.165924</ele>
        <time>2026-08-14T14:17:31.796Z</time>
      </trkpt>
      <trkpt lat="49.099310" lon="9.423491">
        <ele>449.802848</ele>
        <time>2026-08-14T14:17:36.133Z</time>
      </trkpt>
      <trkpt lat="49.099809" lon="9.423657">
        <ele>450.954012</ele>
        <time>2026-08-14T14:17:46.587Z</time>
      </trkpt>
      <trkpt lat="49.099969" lon="9.423719">
        <ele>451.326093</ele>
        <time>2026-08-14T14:17:51.021Z</time>
      </trkpt>
      <trkpt lat="49.100018" lon="9.423780">
        <ele>451.468585</ele>
        <time>2026-08-14T14:17:52.864Z</time>
      </trkpt>
      <trkpt lat="49.100170" lon="9.424188">
        <ele>452.161382</ele>
        <time>2026-08-14T14:18:02.809Z</time>
      </trkpt>
      <trkpt lat="49.100213" lon="9.424419">
        <ele>452.515812</ele>
        <time>2026-08-14T14:18:08.585Z</time>
      </trkpt>
      <trkpt lat="49.100258" lon="9.425467">
        <ele>455.902362</ele>
        <time>2026-08-14T14:18:38.044Z</time>
      </trkpt>
      <trkpt lat="49.100326" lon="9.425838">
        <ele>457.498966</ele>
        <time>2026-08-14T14:18:50.015Z</time>
      </trkpt>
      <trkpt lat="49.100583" lon="9.427054">
        <ele>462.794332</ele>
        <time>2026-08-14T14:19:31.313Z</time>
      </trkpt>
      <trkpt lat="49.100846" lon="9.428447">
        <ele>467.502112</ele>
        <time>2026-08-14T14:20:13.532Z</time>
      </trkpt>
      <trkpt lat="49.100945" lon="9.428945">
        <ele>469.016852</ele>
        <time>2026-08-14T14:20:25.539Z</time>
      </trkpt>
      <trkpt lat="49.100967" lon="9.429261">
        <ele>469.941736</ele>
        <time>2026-08-14T14:20:32.529Z</time>
      </trkpt>
      <trkpt lat="49.100877" lon="9.429592">
        <ele>470.984864</ele>
        <time>2026-08-14T14:20:39.875Z</time>
      </trkpt>
      <trkpt lat="49.100774" lon="9.429729">
        <ele>471.592009</ele>
        <time>2026-08-14T14:20:44.011Z</time>
      </trkpt>
      <trkpt lat="49.100811" lon="9.429824">
        <ele>471.913724</ele>
        <time>2026-08-14T14:20:46.312Z</time>
      </trkpt>
      <trkpt lat="49.100764" lon="9.429947">
        <ele>472.328217</ele>
        <time>2026-08-14T14:20:48.875Z</time>
      </trkpt>
      <trkpt lat="49.100937" lon="9.430432">
        <ele>473.644682</ele>
        <time>2026-08-14T14:20:59.095Z</time>
      </trkpt>
      <trkpt lat="49.101027" lon="9.430882">
        <ele>474.749441</ele>
        <time>2026-08-14T14:21:07.479Z</time>
      </trkpt>
      <trkpt lat="49.101037" lon="9.431185">
        <ele>475.461762</ele>
        <time>2026-08-14T14:21:13.333Z</time>
      </trkpt>
      <trkpt lat="49.101039" lon="9.431274">
        <ele>475.670849</ele>
        <time>2026-08-14T14:21:15.175Z</time>
      </trkpt>
      <trkpt lat="49.101004" lon="9.431728">
        <ele>476.744167</ele>
        <time>2026-08-14T14:21:25.708Z</time>
      </trkpt>
      <trkpt lat="49.100881" lon="9.432504">
        <ele>478.618783</ele>
        <time>2026-08-14T14:21:45.441Z</time>
      </trkpt>
      <trkpt lat="49.100832" lon="9.433257">
        <ele>480.840252</ele>
        <time>2026-08-14T14:22:05.069Z</time>
      </trkpt>
      <trkpt lat="49.100848" lon="9.433727">
        <ele>482.269617</ele>
        <time>2026-08-14T14:22:17.753Z</time>
      </trkpt>
      <trkpt lat="49.100943" lon="9.434502">
        <ele>484.664263</ele>
        <time>2026-08-14T14:22:39.014Z</time>
      </trkpt>
      <trkpt lat="49.100947" lon="9.434694">
        <ele>485.247680</ele>
        <time>2026-08-14T14:22:43.753Z</time>
      </trkpt>
      <trkpt lat="49.100911" lon="9.435061">
        <ele>486.374734</ele>
        <time>2026-08-14T14:22:52.507Z</time>
      </trkpt>
      <trkpt lat="49.100847" lon="9.435297">
        <ele>487.150539</ele>
        <time>2026-08-14T14:22:58.159Z</time>
      </trkpt>
      <trkpt lat="49.100783" lon="9.435483">
        <ele>487.566320</ele>
        <time>2026-08-14T14:23:02.549Z</time>
      </trkpt>
      <trkpt lat="49.100611" lon="9.435814">
        <ele>488.344703</ele>
        <time>2026-08-14T14:23:10.673Z</time>
      </trkpt>
      <trkpt lat="49.100360" lon="9.436066">
        <ele>489.189750</ele>
        <time>2026-08-14T14:23:18.789Z</time>
      </trkpt>
      <trkpt lat="49.099597" lon="9.436379">
        <ele>491.412402</ele>
        <time>2026-08-14T14:23:38.857Z</time>
      </trkpt>
      <trkpt lat="49.099010" lon="9.436706">
        <ele>494.270533</ele>
        <time>2026-08-14T14:23:58.397Z</time>
      </trkpt>
      <trkpt lat="49.098137" lon="9.437338">
        <ele>500.362008</ele>
        <time>2026-08-14T14:24:45.287Z</time>
      </trkpt>
      <trkpt lat="49.097483" lon="9.437650">
        <ele>504.205816</ele>
        <time>2026-08-14T14:25:23.169Z</time>
      </trkpt>
      <trkpt lat="49.097263" lon="9.437811">
        <ele>505.051290</ele>
        <time>2026-08-14T14:25:34.967Z</time>
      </trkpt>
      <trkpt lat="49.097087" lon="9.438050">
        <ele>505.867508</ele>
        <time>2026-08-14T14:25:45.396Z</time>
      </trkpt>
      <trkpt lat="49.096934" lon="9.438436">
        <ele>506.891448</ele>
        <time>2026-08-14T14:25:56.293Z</time>
      </trkpt>
      <trkpt lat="49.096902" lon="9.438810">
        <ele>507.747378</ele>
        <time>2026-08-14T14:26:03.352Z</time>
      </trkpt>
      <trkpt lat="49.096931" lon="9.439453">
        <ele>509.209990</ele>
        <time>2026-08-14T14:26:11.461Z</time>
      </trkpt>
      <trkpt lat="49.096925" lon="9.439896">
        <ele>509.756453</ele>
        <time>2026-08-14T14:26:15.655Z</time>
      </trkpt>
      <trkpt lat="49.096823" lon="9.440206">
        <ele>509.532526</ele>
        <time>2026-08-14T14:26:18.774Z</time>
      </trkpt>
      <trkpt lat="49.096600" lon="9.440608">
        <ele>509.192462</ele>
        <time>2026-08-14T14:26:23.438Z</time>
      </trkpt>
      <trkpt lat="49.096469" lon="9.440946">
        <ele>508.938950</ele>
        <time>2026-08-14T14:26:26.960Z</time>
      </trkpt>
      <trkpt lat="49.096366" lon="9.442681">
        <ele>507.853275</ele>
        <time>2026-08-14T14:26:44.775Z</time>
      </trkpt>
      <trkpt lat="49.096228" lon="9.443646">
        <ele>507.307062</ele>
        <time>2026-08-14T14:26:55.537Z</time>
      </trkpt>
      <trkpt lat="49.096188" lon="9.443924">
        <ele>507.149663</ele>
        <time>2026-08-14T14:26:58.343Z</time>
      </trkpt>
      <trkpt lat="49.096038" lon="9.444167">
        <ele>506.964988</ele>
        <time>2026-08-14T14:27:01.529Z</time>
      </trkpt>
      <trkpt lat="49.096006" lon="9.444220">
        <ele>506.925122</ele>
        <time>2026-08-14T14:27:02.215Z</time>
      </trkpt>
      <trkpt lat="49.095861" lon="9.444508">
        <ele>506.724224</ele>
        <time>2026-08-14T14:27:05.642Z</time>
      </trkpt>
      <trkpt lat="49.095579" lon="9.445348">
        <ele>505.848654</ele>
        <time>2026-08-14T14:27:14.226Z</time>
      </trkpt>
      <trkpt lat="49.095476" lon="9.445599">
        <ele>505.525697</ele>
        <time>2026-08-14T14:27:16.844Z</time>
      </trkpt>
      <trkpt lat="49.095028" lon="9.446363">
        <ele>504.407542</ele>
        <time>2026-08-14T14:27:26.009Z</time>
      </trkpt>
      <trkpt lat="49.094811" lon="9.446777">
        <ele>503.829363</ele>
        <time>2026-08-14T14:27:31.028Z</time>
      </trkpt>
      <trkpt lat="49.094721" lon="9.447000">
        <ele>503.541132</ele>
        <time>2026-08-14T14:27:33.582Z</time>
      </trkpt>
      <trkpt lat="49.094629" lon="9.447249">
        <ele>503.199698</ele>
        <time>2026-08-14T14:27:36.355Z</time>
      </trkpt>
      <trkpt lat="49.094305" lon="9.448774">
        <ele>501.285029</ele>
        <time>2026-08-14T14:27:50.989Z</time>
      </trkpt>
      <trkpt lat="49.094122" lon="9.449294">
        <ele>500.580021</ele>
        <time>2026-08-14T14:27:56.031Z</time>
      </trkpt>
      <trkpt lat="49.093703" lon="9.449785">
        <ele>499.727417</ele>
        <time>2026-08-14T14:28:03.016Z</time>
      </trkpt>
      <trkpt lat="49.093430" lon="9.450178">
        <ele>499.155443</ele>
        <time>2026-08-14T14:28:08.178Z</time>
      </trkpt>
      <trkpt lat="49.093242" lon="9.450432">
        <ele>498.772757</ele>
        <time>2026-08-14T14:28:11.759Z</time>
      </trkpt>
      <trkpt lat="49.093165" lon="9.450584">
        <ele>498.580905</ele>
        <time>2026-08-14T14:28:13.590Z</time>
      </trkpt>
      <trkpt lat="49.093084" lon="9.451010">
        <ele>498.138052</ele>
        <time>2026-08-14T14:28:17.686Z</time>
      </trkpt>
      <trkpt lat="49.093045" lon="9.451508">
        <ele>497.637343</ele>
        <time>2026-08-14T14:28:22.409Z</time>
      </trkpt>
      <trkpt lat="49.092996" lon="9.451811">
        <ele>497.720855</ele>
        <time>2026-08-14T14:28:25.591Z</time>
      </trkpt>
      <trkpt lat="49.092923" lon="9.452028">
        <ele>497.908645</ele>
        <time>2026-08-14T14:28:28.283Z</time>
      </trkpt>
      <trkpt lat="49.092904" lon="9.452167">
        <ele>498.017948</ele>
        <time>2026-08-14T14:28:29.987Z</time>
      </trkpt>
      <trkpt lat="49.092592" lon="9.452025">
        <ele>498.400646</ele>
        <time>2026-08-14T14:28:37.124Z</time>
      </trkpt>
      <trkpt lat="49.092349" lon="9.452367">
        <ele>498.789105</ele>
        <time>2026-08-14T14:28:50.059Z</time>
      </trkpt>
      <trkpt lat="49.092163" lon="9.452528">
        <ele>499.040430</ele>
        <time>2026-08-14T14:28:58.916Z</time>
      </trkpt>
      <trkpt lat="49.092063" lon="9.452721">
        <ele>499.229876</ele>
        <time>2026-08-14T14:29:05.711Z</time>
      </trkpt>
      <trkpt lat="49.091938" lon="9.453059">
        <ele>499.528683</ele>
        <time>2026-08-14T14:29:16.802Z</time>
      </trkpt>
      <trkpt lat="49.091896" lon="9.453319">
        <ele>499.917102</ele>
        <time>2026-08-14T14:29:25.163Z</time>
      </trkpt>
      <trkpt lat="49.092015" lon="9.453738">
        <ele>501.162792</ele>
        <time>2026-08-14T14:29:40.109Z</time>
      </trkpt>
      <trkpt lat="49.092051" lon="9.454060">
        <ele>502.053763</ele>
        <time>2026-08-14T14:29:51.113Z</time>
      </trkpt>
      <trkpt lat="49.091869" lon="9.454211">
        <ele>502.916477</ele>
        <time>2026-08-14T14:30:01.484Z</time>
      </trkpt>
      <trkpt lat="49.091697" lon="9.454473">
        <ele>503.928361</ele>
        <time>2026-08-14T14:30:13.912Z</time>
      </trkpt>
      <trkpt lat="49.091464" lon="9.454903">
        <ele>505.450661</ele>
        <time>2026-08-14T14:30:33.005Z</time>
      </trkpt>
      <trkpt lat="49.091239" lon="9.455164">
        <ele>506.627545</ele>
        <time>2026-08-14T14:30:48.232Z</time>
      </trkpt>
      <trkpt lat="49.090953" lon="9.455306">
        <ele>508.055592</ele>
        <time>2026-08-14T14:31:04.828Z</time>
      </trkpt>
      <trkpt lat="49.090797" lon="9.455490">
        <ele>509.075166</ele>
        <time>2026-08-14T14:31:15.989Z</time>
      </trkpt>
      <trkpt lat="49.090335" lon="9.456188">
        <ele>512.436781</ele>
        <time>2026-08-14T14:31:53.340Z</time>
      </trkpt>
      <trkpt lat="49.089693" lon="9.455998">
        <ele>515.819282</ele>
        <time>2026-08-14T14:32:19.830Z</time>
      </trkpt>
      <trkpt lat="49.089256" lon="9.455852">
        <ele>517.493607</ele>
        <time>2026-08-14T14:32:40.657Z</time>
      </trkpt>
      <trkpt lat="49.089011" lon="9.455765">
        <ele>518.297925</ele>
        <time>2026-08-14T14:32:51.670Z</time>
      </trkpt>
      <trkpt lat="49.088361" lon="9.455516">
        <ele>520.440778</ele>
        <time>2026-08-14T14:33:19.064Z</time>
      </trkpt>
      <trkpt lat="49.088045" lon="9.455415">
        <ele>521.473121</ele>
        <time>2026-08-14T14:33:31.678Z</time>
      </trkpt>
      <trkpt lat="49.086331" lon="9.454926">
        <ele>523.428749</ele>
        <time>2026-08-14T14:34:27.967Z</time>
      </trkpt>
      <trkpt lat="49.085988" lon="9.454904">
        <ele>523.570677</ele>
        <time>2026-08-14T14:34:36.126Z</time>
      </trkpt>
      <trkpt lat="49.083988" lon="9.455440">
        <ele>521.291845</ele>
        <time>2026-08-14T14:35:21.838Z</time>
      </trkpt>
      <trkpt lat="49.083872" lon="9.455444">
        <ele>521.434976</ele>
        <time>2026-08-14T14:35:25.029Z</time>
      </trkpt>
      <trkpt lat="49.083444" lon="9.455564">
        <ele>521.971772</ele>
        <time>2026-08-14T14:35:34.080Z</time>
      </trkpt>
      <trkpt lat="49.082405" lon="9.455678">
        <ele>523.515103</ele>
        <time>2026-08-14T14:36:03.610Z</time>
      </trkpt>
      <trkpt lat="49.081708" lon="9.455416">
        <ele>526.603361</ele>
        <time>2026-08-14T14:36:28.472Z</time>
      </trkpt>
      <trkpt lat="49.081428" lon="9.455332">
        <ele>527.831043</ele>
        <time>2026-08-14T14:36:39.994Z</time>
      </trkpt>
      <trkpt lat="49.081281" lon="9.455302">
        <ele>528.469108</ele>
        <time>2026-08-14T14:36:46.140Z</time>
      </trkpt>
      <trkpt lat="49.080891" lon="9.455333">
        <ele>530.149281</ele>
        <time>2026-08-14T14:37:02.512Z</time>
      </trkpt>
      <trkpt lat="49.080722" lon="9.455391">
        <ele>530.890875</ele>
        <time>2026-08-14T14:37:09.579Z</time>
      </trkpt>
      <trkpt lat="49.080326" lon="9.455585">
        <ele>530.698417</ele>
        <time>2026-08-14T14:37:24.801Z</time>
      </trkpt>
      <trkpt lat="49.080030" lon="9.455814">
        <ele>530.544855</ele>
        <time>2026-08-14T14:37:35.035Z</time>
      </trkpt>
      <trkpt lat="49.079953" lon="9.455883">
        <ele>530.503537</ele>
        <time>2026-08-14T14:37:37.158Z</time>
      </trkpt>
      <trkpt lat="49.079245" lon="9.456796">
        <ele>530.074661</ele>
        <time>2026-08-14T14:37:48.756Z</time>
      </trkpt>
      <trkpt lat="49.079225" lon="9.456746">
        <ele>530.030116</ele>
        <time>2026-08-14T14:37:49.748Z</time>
      </trkpt>
      <trkpt lat="49.079245" lon="9.456796">
        <ele>529.771574</ele>
        <time>2026-08-14T14:37:50.691Z</time>
      </trkpt>
      <trkpt lat="49.079088" lon="9.456997">
        <ele>528.391116</ele>
        <time>2026-08-14T14:37:52.959Z</time>
      </trkpt>
      <trkpt lat="49.078816" lon="9.457346">
        <ele>525.997303</ele>
        <time>2026-08-14T14:37:56.840Z</time>
      </trkpt>
      <trkpt lat="49.078096" lon="9.458270">
        <ele>519.660211</ele>
        <time>2026-08-14T14:38:07.000Z</time>
      </trkpt>
      <trkpt lat="49.078084" lon="9.458286">
        <ele>519.552870</ele>
        <time>2026-08-14T14:38:07.180Z</time>
      </trkpt>
      <trkpt lat="49.077937" lon="9.458458">
        <ele>518.305055</ele>
        <time>2026-08-14T14:38:09.285Z</time>
      </trkpt>
      <trkpt lat="49.077852" lon="9.458624">
        <ele>517.541920</ele>
        <time>2026-08-14T14:38:10.892Z</time>
      </trkpt>
      <trkpt lat="49.077862" lon="9.458852">
        <ele>516.830704</ele>
        <time>2026-08-14T14:38:12.648Z</time>
      </trkpt>
      <trkpt lat="49.077996" lon="9.459281">
        <ele>515.351450</ele>
        <time>2026-08-14T14:38:16.336Z</time>
      </trkpt>
      <trkpt lat="49.078073" lon="9.459488">
        <ele>514.610549</ele>
        <time>2026-08-14T14:38:18.195Z</time>
      </trkpt>
      <trkpt lat="49.078393" lon="9.460068">
        <ele>512.250350</ele>
        <time>2026-08-14T14:38:24.073Z</time>
      </trkpt>
      <trkpt lat="49.077967" lon="9.460167">
        <ele>510.202888</ele>
        <time>2026-08-14T14:38:29.221Z</time>
      </trkpt>
      <trkpt lat="49.077768" lon="9.460261">
        <ele>509.277620</ele>
        <time>2026-08-14T14:38:31.730Z</time>
      </trkpt>
      <trkpt lat="49.077609" lon="9.460393">
        <ele>508.723387</ele>
        <time>2026-08-14T14:38:33.928Z</time>
      </trkpt>
      <trkpt lat="49.077421" lon="9.460734">
        <ele>507.829353</ele>
        <time>2026-08-14T14:38:37.482Z</time>
      </trkpt>
      <trkpt lat="49.077245" lon="9.461163">
        <ele>506.813981</ele>
        <time>2026-08-14T14:38:41.515Z</time>
      </trkpt>
      <trkpt lat="49.077145" lon="9.461475">
        <ele>506.117239</ele>
        <time>2026-08-14T14:38:44.312Z</time>
      </trkpt>
      <trkpt lat="49.077075" lon="9.461787">
        <ele>505.455706</ele>
        <time>2026-08-14T14:38:47.001Z</time>
      </trkpt>
      <trkpt lat="49.076979" lon="9.462587">
        <ele>503.937879</ele>
        <time>2026-08-14T14:38:54.227Z</time>
      </trkpt>
      <trkpt lat="49.076900" lon="9.463387">
        <ele>505.269389</ele>
        <time>2026-08-14T14:39:02.814Z</time>
      </trkpt>
      <trkpt lat="49.076863" lon="9.463561">
        <ele>505.570468</ele>
        <time>2026-08-14T14:39:05.373Z</time>
      </trkpt>
      <trkpt lat="49.076737" lon="9.463787">
        <ele>506.058899</ele>
        <time>2026-08-14T14:39:10.252Z</time>
      </trkpt>
      <trkpt lat="49.076581" lon="9.463858">
        <ele>506.467894</ele>
        <time>2026-08-14T14:39:14.919Z</time>
      </trkpt>
      <trkpt lat="49.076481" lon="9.463829">
        <ele>506.723636</ele>
        <time>2026-08-14T14:39:18.114Z</time>
      </trkpt>
      <trkpt lat="49.076441" lon="9.463911">
        <ele>506.891902</ele>
        <time>2026-08-14T14:39:20.376Z</time>
      </trkpt>
      <trkpt lat="49.076238" lon="9.464016">
        <ele>507.430417</ele>
        <time>2026-08-14T14:39:28.080Z</time>
      </trkpt>
      <trkpt lat="49.076090" lon="9.464027">
        <ele>507.802705</ele>
        <time>2026-08-14T14:39:33.941Z</time>
      </trkpt>
      <trkpt lat="49.075070" lon="9.463628">
        <ele>514.844821</ele>
        <time>2026-08-14T14:40:26.918Z</time>
      </trkpt>
      <trkpt lat="49.075001" lon="9.463816">
        <ele>515.962957</ele>
        <time>2026-08-14T14:40:35.329Z</time>
      </trkpt>
      <trkpt lat="49.074916" lon="9.464033">
        <ele>517.274834</ele>
        <time>2026-08-14T14:40:45.249Z</time>
      </trkpt>
      <trkpt lat="49.074856" lon="9.464187">
        <ele>518.204535</ele>
        <time>2026-08-14T14:40:52.309Z</time>
      </trkpt>
      <trkpt lat="49.074729" lon="9.464402">
        <ele>519.706663</ele>
        <time>2026-08-14T14:41:03.858Z</time>
      </trkpt>
      <trkpt lat="49.074585" lon="9.464568">
        <ele>521.135934</ele>
        <time>2026-08-14T14:41:14.773Z</time>
      </trkpt>
      <trkpt lat="49.074468" lon="9.464655">
        <ele>522.166759</ele>
        <time>2026-08-14T14:41:22.705Z</time>
      </trkpt>
      <trkpt lat="49.074077" lon="9.464827">
        <ele>524.767663</ele>
        <time>2026-08-14T14:41:46.657Z</time>
      </trkpt>
      <trkpt lat="49.073983" lon="9.464986">
        <ele>525.626404</ele>
        <time>2026-08-14T14:41:54.467Z</time>
      </trkpt>
      <trkpt lat="49.073901" lon="9.465209">
        <ele>526.651759</ele>
        <time>2026-08-14T14:42:03.684Z</time>
      </trkpt>
      <trkpt lat="49.073589" lon="9.465608">
        <ele>529.142959</ele>
        <time>2026-08-14T14:42:23.700Z</time>
      </trkpt>
      <trkpt lat="49.073517" lon="9.465784">
        <ele>529.974938</ele>
        <time>2026-08-14T14:42:29.771Z</time>
      </trkpt>
      <trkpt lat="49.073362" lon="9.466563">
        <ele>533.239286</ele>
        <time>2026-08-14T14:42:50.674Z</time>
      </trkpt>
      <trkpt lat="49.073263" lon="9.467230">
        <ele>534.161205</ele>
        <time>2026-08-14T14:43:05.115Z</time>
      </trkpt>
      <trkpt lat="49.073259" lon="9.467577">
        <ele>534.461096</ele>
        <time>2026-08-14T14:43:11.433Z</time>
      </trkpt>
      <trkpt lat="49.073184" lon="9.468132">
        <ele>534.950773</ele>
        <time>2026-08-14T14:43:20.726Z</time>
      </trkpt>
      <trkpt lat="49.073232" lon="9.468459">
        <ele>535.240342</ele>
        <time>2026-08-14T14:43:25.751Z</time>
      </trkpt>
      <trkpt lat="49.073361" lon="9.468881">
        <ele>535.642742</ele>
        <time>2026-08-14T14:43:32.593Z</time>
      </trkpt>
      <trkpt lat="49.073362" lon="9.469095">
        <ele>535.827665</ele>
        <time>2026-08-14T14:43:35.642Z</time>
      </trkpt>
      <trkpt lat="49.073230" lon="9.469403">
        <ele>535.829965</ele>
        <time>2026-08-14T14:43:40.436Z</time>
      </trkpt>
      <trkpt lat="49.073254" lon="9.469524">
        <ele>535.631335</ele>
        <time>2026-08-14T14:43:42.015Z</time>
      </trkpt>
      <trkpt lat="49.073606" lon="9.470152">
        <ele>534.332794</ele>
        <time>2026-08-14T14:43:51.306Z</time>
      </trkpt>
      <trkpt lat="49.073718" lon="9.470420">
        <ele>533.833349</ele>
        <time>2026-08-14T14:43:54.550Z</time>
      </trkpt>
      <trkpt lat="49.073949" lon="9.471131">
        <ele>532.586449</ele>
        <time>2026-08-14T14:44:02.251Z</time>
      </trkpt>
      <trkpt lat="49.074601" lon="9.473349">
        <ele>527.060952</ele>
        <time>2026-08-14T14:44:25.014Z</time>
      </trkpt>
      <trkpt lat="49.075005" lon="9.474897">
        <ele>522.778492</ele>
        <time>2026-08-14T14:44:41.632Z</time>
      </trkpt>
      <trkpt lat="49.075705" lon="9.477532">
        <ele>513.576098</ele>
        <time>2026-08-14T14:45:07.957Z</time>
      </trkpt>
      <trkpt lat="49.075757" lon="9.477918">
        <ele>511.816019</ele>
        <time>2026-08-14T14:45:11.361Z</time>
      </trkpt>
      <trkpt lat="49.075708" lon="9.478106">
        <ele>510.912326</ele>
        <time>2026-08-14T14:45:13.092Z</time>
      </trkpt>
      <trkpt lat="49.075024" lon="9.479476">
        <ele>503.020241</ele>
        <time>2026-08-14T14:45:27.475Z</time>
      </trkpt>
      <trkpt lat="49.074306" lon="9.480258">
        <ele>496.439046</ele>
        <time>2026-08-14T14:45:38.731Z</time>
      </trkpt>
      <trkpt lat="49.073450" lon="9.481046">
        <ele>490.006895</ele>
        <time>2026-08-14T14:45:52.326Z</time>
      </trkpt>
      <trkpt lat="49.072980" lon="9.481451">
        <ele>487.394603</ele>
        <time>2026-08-14T14:46:05.639Z</time>
      </trkpt>
      <trkpt lat="49.072626" lon="9.481899">
        <ele>485.168931</ele>
        <time>2026-08-14T14:46:16.958Z</time>
      </trkpt>
      <trkpt lat="49.072100" lon="9.482170">
        <ele>482.835213</ele>
        <time>2026-08-14T14:46:30.460Z</time>
      </trkpt>
      <trkpt lat="49.071568" lon="9.482191">
        <ele>481.533014</ele>
        <time>2026-08-14T14:46:43.128Z</time>
      </trkpt>
      <trkpt lat="49.071172" lon="9.482472">
        <ele>480.464449</ele>
        <time>2026-08-14T14:46:54.099Z</time>
      </trkpt>
      <trkpt lat="49.070817" lon="9.483310">
        <ele>478.864716</ele>
        <time>2026-08-14T14:47:14.082Z</time>
      </trkpt>
      <trkpt lat="49.070795" lon="9.483390">
        <ele>478.942518</ele>
        <time>2026-08-14T14:47:16.371Z</time>
      </trkpt>
      <trkpt lat="49.070536" lon="9.483493">
        <ele>480.326551</ele>
        <time>2026-08-14T14:47:25.094Z</time>
      </trkpt>
      <trkpt lat="49.070127" lon="9.483256">
        <ele>482.588818</ele>
        <time>2026-08-14T14:47:43.100Z</time>
      </trkpt>
      <trkpt lat="49.069814" lon="9.483181">
        <ele>484.227206</ele>
        <time>2026-08-14T14:47:58.479Z</time>
      </trkpt>
      <trkpt lat="49.069499" lon="9.483218">
        <ele>485.860929</ele>
        <time>2026-08-14T14:48:16.001Z</time>
      </trkpt>
      <trkpt lat="49.069355" lon="9.483339">
        <ele>486.710950</ele>
        <time>2026-08-14T14:48:24.929Z</time>
      </trkpt>
      <trkpt lat="49.069355" lon="9.483384">
        <ele>486.863403</ele>
        <time>2026-08-14T14:48:26.519Z</time>
      </trkpt>
      <trkpt lat="49.069353" lon="9.483532">
        <ele>487.364910</ele>
        <time>2026-08-14T14:48:31.640Z</time>
      </trkpt>
      <trkpt lat="49.069461" lon="9.483797">
        <ele>488.333208</ele>
        <time>2026-08-14T14:48:42.268Z</time>
      </trkpt>
      <trkpt lat="49.069543" lon="9.484101">
        <ele>489.142776</ele>
        <time>2026-08-14T14:48:52.836Z</time>
      </trkpt>
      <trkpt lat="49.069566" lon="9.484404">
        <ele>489.893905</ele>
        <time>2026-08-14T14:49:02.041Z</time>
      </trkpt>
      <trkpt lat="49.069403" lon="9.484686">
        <ele>490.819969</ele>
        <time>2026-08-14T14:49:12.419Z</time>
      </trkpt>
      <trkpt lat="49.068913" lon="9.485109">
        <ele>492.935901</ele>
        <time>2026-08-14T14:49:31.808Z</time>
      </trkpt>
      <trkpt lat="49.068684" lon="9.485264">
        <ele>493.877483</ele>
        <time>2026-08-14T14:49:39.247Z</time>
      </trkpt>
      <trkpt lat="49.068528" lon="9.485425">
        <ele>494.585303</ele>
        <time>2026-08-14T14:49:44.019Z</time>
      </trkpt>
      <trkpt lat="49.068379" lon="9.485627">
        <ele>494.712808</ele>
        <time>2026-08-14T14:49:48.335Z</time>
      </trkpt>
      <trkpt lat="49.068193" lon="9.486047">
        <ele>494.335957</ele>
        <time>2026-08-14T14:49:54.762Z</time>
      </trkpt>
      <trkpt lat="49.067882" lon="9.486622">
        <ele>493.781680</ele>
        <time>2026-08-14T14:50:03.503Z</time>
      </trkpt>
      <trkpt lat="49.067788" lon="9.487727">
        <ele>492.953356</ele>
        <time>2026-08-14T14:50:15.330Z</time>
      </trkpt>
      <trkpt lat="49.067765" lon="9.487867">
        <ele>492.846061</ele>
        <time>2026-08-14T14:50:16.788Z</time>
      </trkpt>
      <trkpt lat="49.067589" lon="9.488414">
        <ele>491.730682</ele>
        <time>2026-08-14T14:50:22.706Z</time>
      </trkpt>
      <trkpt lat="49.067261" lon="9.488955">
        <ele>490.324886</ele>
        <time>2026-08-14T14:50:29.669Z</time>
      </trkpt>
      <trkpt lat="49.067070" lon="9.489179">
        <ele>489.623708</ele>
        <time>2026-08-14T14:50:33.141Z</time>
      </trkpt>
      <trkpt lat="49.066708" lon="9.489343">
        <ele>488.524485</ele>
        <time>2026-08-14T14:50:38.637Z</time>
      </trkpt>
      <trkpt lat="49.066285" lon="9.489366">
        <ele>487.853821</ele>
        <time>2026-08-14T14:50:45.484Z</time>
      </trkpt>
      <trkpt lat="49.066177" lon="9.489433">
        <ele>488.176247</ele>
        <time>2026-08-14T14:50:47.735Z</time>
      </trkpt>
      <trkpt lat="49.066020" lon="9.489852">
        <ele>489.050890</ele>
        <time>2026-08-14T14:50:59.229Z</time>
      </trkpt>
      <trkpt lat="49.065971" lon="9.490108">
        <ele>489.534166</ele>
        <time>2026-08-14T14:51:06.590Z</time>
      </trkpt>
      <trkpt lat="49.065945" lon="9.490289">
        <ele>489.869938</ele>
        <time>2026-08-14T14:51:12.191Z</time>
      </trkpt>
      <trkpt lat="49.065937" lon="9.490800">
        <ele>490.796164</ele>
        <time>2026-08-14T14:51:24.997Z</time>
      </trkpt>
      <trkpt lat="49.066018" lon="9.491452">
        <ele>491.998675</ele>
        <time>2026-08-14T14:51:44.078Z</time>
      </trkpt>
      <trkpt lat="49.066004" lon="9.491882">
        <ele>492.824589</ele>
        <time>2026-08-14T14:51:57.139Z</time>
      </trkpt>
      <trkpt lat="49.066151" lon="9.492352">
        <ele>493.961103</ele>
        <time>2026-08-14T14:52:12.387Z</time>
      </trkpt>
      <trkpt lat="49.066310" lon="9.492654">
        <ele>494.806546</ele>
        <time>2026-08-14T14:52:22.422Z</time>
      </trkpt>
      <trkpt lat="49.066648" lon="9.493593">
        <ele>497.144522</ele>
        <time>2026-08-14T14:52:45.590Z</time>
      </trkpt>
      <trkpt lat="49.066771" lon="9.494248">
        <ele>498.511566</ele>
        <time>2026-08-14T14:52:57.979Z</time>
      </trkpt>
      <trkpt lat="49.066938" lon="9.494760">
        <ele>498.019007</ele>
        <time>2026-08-14T14:53:07.480Z</time>
      </trkpt>
      <trkpt lat="49.066994" lon="9.495145">
        <ele>497.679369</ele>
        <time>2026-08-14T14:53:12.327Z</time>
      </trkpt>
      <trkpt lat="49.067171" lon="9.495535">
        <ele>497.270787</ele>
        <time>2026-08-14T14:53:17.423Z</time>
      </trkpt>
      <trkpt lat="49.067477" lon="9.495880">
        <ele>496.770724</ele>
        <time>2026-08-14T14:53:23.382Z</time>
      </trkpt>
      <trkpt lat="49.067566" lon="9.496054">
        <ele>496.580617</ele>
        <time>2026-08-14T14:53:25.574Z</time>
      </trkpt>
      <trkpt lat="49.067760" lon="9.496374">
        <ele>496.205152</ele>
        <time>2026-08-14T14:53:32.922Z</time>
      </trkpt>
      <trkpt lat="49.067926" lon="9.496732">
        <ele>495.549226</ele>
        <time>2026-08-14T14:53:40.188Z</time>
      </trkpt>
      <trkpt lat="49.068023" lon="9.497129">
        <ele>494.897378</ele>
        <time>2026-08-14T14:53:47.095Z</time>
      </trkpt>
      <trkpt lat="49.068083" lon="9.497533">
        <ele>494.260083</ele>
        <time>2026-08-14T14:53:53.803Z</time>
      </trkpt>
      <trkpt lat="49.068174" lon="9.498741">
        <ele>492.389416</ele>
        <time>2026-08-14T14:54:15.973Z</time>
      </trkpt>
      <trkpt lat="49.068249" lon="9.499016">
        <ele>491.953077</ele>
        <time>2026-08-14T14:54:22.064Z</time>
      </trkpt>
      <trkpt lat="49.068462" lon="9.499594">
        <ele>491.775223</ele>
        <time>2026-08-14T14:54:36.218Z</time>
      </trkpt>
      <trkpt lat="49.068608" lon="9.500715">
        <ele>491.468698</ele>
        <time>2026-08-14T14:55:00.319Z</time>
      </trkpt>
      <trkpt lat="49.068703" lon="9.502011">
        <ele>490.944389</ele>
        <time>2026-08-14T14:55:25.649Z</time>
      </trkpt>
      <trkpt lat="49.068711" lon="9.502179">
        <ele>490.822254</ele>
        <time>2026-08-14T14:55:28.826Z</time>
      </trkpt>
      <trkpt lat="49.068693" lon="9.502976">
        <ele>490.244021</ele>
        <time>2026-08-14T14:55:37.554Z</time>
      </trkpt>
      <trkpt lat="49.068754" lon="9.504140">
        <ele>489.397331</ele>
        <time>2026-08-14T14:55:50.618Z</time>
      </trkpt>
      <trkpt lat="49.068784" lon="9.504422">
        <ele>489.223848</ele>
        <time>2026-08-14T14:55:53.950Z</time>
      </trkpt>
      <trkpt lat="49.068867" lon="9.504700">
        <ele>489.185926</ele>
        <time>2026-08-14T14:55:57.620Z</time>
      </trkpt>
      <trkpt lat="49.068874" lon="9.504847">
        <ele>489.167631</ele>
        <time>2026-08-14T14:55:59.397Z</time>
      </trkpt>
      <trkpt lat="49.068783" lon="9.504901">
        <ele>489.149132</ele>
        <time>2026-08-14T14:56:01.264Z</time>
      </trkpt>
      <trkpt lat="49.068686" lon="9.505017">
        <ele>489.125785</ele>
        <time>2026-08-14T14:56:03.617Z</time>
      </trkpt>
      <trkpt lat="49.068122" lon="9.505734">
        <ele>488.986715</ele>
        <time>2026-08-14T14:56:18.634Z</time>
      </trkpt>
      <trkpt lat="49.067561" lon="9.506959">
        <ele>488.483300</ele>
        <time>2026-08-14T14:56:38.593Z</time>
      </trkpt>
      <trkpt lat="49.066995" lon="9.508085">
        <ele>487.676686</ele>
        <time>2026-08-14T14:56:54.825Z</time>
      </trkpt>
      <trkpt lat="49.066729" lon="9.508490">
        <ele>487.350756</ele>
        <time>2026-08-14T14:57:01.022Z</time>
      </trkpt>
      <trkpt lat="49.066637" lon="9.508826">
        <ele>487.016449</ele>
        <time>2026-08-14T14:57:07.713Z</time>
      </trkpt>
      <trkpt lat="49.066652" lon="9.509635">
        <ele>486.241471</ele>
        <time>2026-08-14T14:57:22.667Z</time>
      </trkpt>
      <trkpt lat="49.066533" lon="9.511305">
        <ele>484.579127</ele>
        <time>2026-08-14T14:57:54.320Z</time>
      </trkpt>
      <trkpt lat="49.066164" lon="9.513307">
        <ele>481.013847</ele>
        <time>2026-08-14T14:58:31.448Z</time>
      </trkpt>
      <trkpt lat="49.065420" lon="9.513043">
        <ele>478.174238</ele>
        <time>2026-08-14T14:58:50.174Z</time>
      </trkpt>
      <trkpt lat="49.064897" lon="9.513047">
        <ele>475.630855</ele>
        <time>2026-08-14T14:59:02.539Z</time>
      </trkpt>
      <trkpt lat="49.064773" lon="9.513114">
        <ele>474.991170</ele>
        <time>2026-08-14T14:59:05.641Z</time>
      </trkpt>
      <trkpt lat="49.064705" lon="9.513179">
        <ele>474.600983</ele>
        <time>2026-08-14T14:59:07.543Z</time>
      </trkpt>
      <trkpt lat="49.064479" lon="9.513533">
        <ele>473.026137</ele>
        <time>2026-08-14T14:59:15.262Z</time>
      </trkpt>
      <trkpt lat="49.064232" lon="9.514066">
        <ele>471.071994</ele>
        <time>2026-08-14T14:59:25.623Z</time>
      </trkpt>
      <trkpt lat="49.063701" lon="9.515034">
        <ele>468.727980</ele>
        <time>2026-08-14T14:59:46.614Z</time>
      </trkpt>
      <trkpt lat="49.063170" lon="9.516002">
        <ele>466.383951</ele>
        <time>2026-08-14T15:00:09.489Z</time>
      </trkpt>
      <trkpt lat="49.062738" lon="9.516756">
        <ele>464.836855</ele>
        <time>2026-08-14T15:00:28.210Z</time>
      </trkpt>
      <trkpt lat="49.062349" lon="9.517649">
        <ele>463.228399</ele>
        <time>2026-08-14T15:00:47.568Z</time>
      </trkpt>
      <trkpt lat="49.061968" lon="9.518729">
        <ele>461.197614</ele>
        <time>2026-08-14T15:01:08.146Z</time>
      </trkpt>
      <trkpt lat="49.061808" lon="9.519464">
        <ele>459.691993</ele>
        <time>2026-08-14T15:01:20.863Z</time>
      </trkpt>
      <trkpt lat="49.061594" lon="9.520281">
        <ele>457.981548</ele>
        <time>2026-08-14T15:01:35.768Z</time>
      </trkpt>
      <trkpt lat="49.061475" lon="9.520999">
        <ele>456.630390</ele>
        <time>2026-08-14T15:01:48.927Z</time>
      </trkpt>
      <trkpt lat="49.061473" lon="9.521786">
        <ele>455.971565</ele>
        <time>2026-08-14T15:02:03.749Z</time>
      </trkpt>
      <trkpt lat="49.061912" lon="9.523442">
        <ele>454.476130</ele>
        <time>2026-08-14T15:02:38.082Z</time>
      </trkpt>
      <trkpt lat="49.061928" lon="9.524059">
        <ele>453.697765</ele>
        <time>2026-08-14T15:02:49.627Z</time>
      </trkpt>
      <trkpt lat="49.061783" lon="9.525124">
        <ele>452.246440</ele>
        <time>2026-08-14T15:03:09.582Z</time>
      </trkpt>
      <trkpt lat="49.061877" lon="9.526385">
        <ele>450.420558</ele>
        <time>2026-08-14T15:03:31.609Z</time>
      </trkpt>
      <trkpt lat="49.061960" lon="9.526751">
        <ele>449.531342</ele>
        <time>2026-08-14T15:03:38.087Z</time>
      </trkpt>
      <trkpt lat="49.062165" lon="9.527219">
        <ele>448.238861</ele>
        <time>2026-08-14T15:03:47.363Z</time>
      </trkpt>
      <trkpt lat="49.062737" lon="9.527708">
        <ele>445.941579</ele>
        <time>2026-08-14T15:04:03.302Z</time>
      </trkpt>
      <trkpt lat="49.063017" lon="9.528002">
        <ele>444.750705</ele>
        <time>2026-08-14T15:04:11.756Z</time>
      </trkpt>
      <trkpt lat="49.063125" lon="9.528330">
        <ele>444.520825</ele>
        <time>2026-08-14T15:04:18.357Z</time>
      </trkpt>
      <trkpt lat="49.063134" lon="9.528507">
        <ele>444.587517</ele>
        <time>2026-08-14T15:04:20.439Z</time>
      </trkpt>
      <trkpt lat="49.063137" lon="9.528956">
        <ele>444.756199</ele>
        <time>2026-08-14T15:04:26.272Z</time>
      </trkpt>
      <trkpt lat="49.063151" lon="9.529481">
        <ele>444.953585</ele>
        <time>2026-08-14T15:04:34.233Z</time>
      </trkpt>
      <trkpt lat="49.063096" lon="9.529685">
        <ele>445.036455</ele>
        <time>2026-08-14T15:04:37.565Z</time>
      </trkpt>
      <trkpt lat="49.063004" lon="9.529755">
        <ele>445.095393</ele>
        <time>2026-08-14T15:04:40.102Z</time>
      </trkpt>
      <trkpt lat="49.062893" lon="9.530071">
        <ele>445.230086</ele>
        <time>2026-08-14T15:04:47.049Z</time>
      </trkpt>
      <trkpt lat="49.063170" lon="9.530697">
        <ele>445.376304</ele>
        <time>2026-08-14T15:05:03.263Z</time>
      </trkpt>
      <trkpt lat="49.063239" lon="9.530878">
        <ele>445.229507</ele>
        <time>2026-08-14T15:05:07.581Z</time>
      </trkpt>
      <trkpt lat="49.063290" lon="9.531234">
        <ele>444.974049</ele>
        <time>2026-08-14T15:05:14.152Z</time>
      </trkpt>
      <trkpt lat="49.063280" lon="9.531600">
        <ele>444.717254</ele>
        <time>2026-08-14T15:05:18.868Z</time>
      </trkpt>
      <trkpt lat="49.063344" lon="9.531965">
        <ele>444.452380</ele>
        <time>2026-08-14T15:05:22.997Z</time>
      </trkpt>
      <trkpt lat="49.063434" lon="9.532738">
        <ele>443.902006</ele>
        <time>2026-08-14T15:05:30.854Z</time>
      </trkpt>
      <trkpt lat="49.063427" lon="9.533081">
        <ele>443.661442</ele>
        <time>2026-08-14T15:05:34.153Z</time>
      </trkpt>
      <trkpt lat="49.063277" lon="9.534292">
        <ele>442.251966</ele>
        <time>2026-08-14T15:05:45.976Z</time>
      </trkpt>
      <trkpt lat="49.063188" lon="9.534506">
        <ele>441.944007</ele>
        <time>2026-08-14T15:05:48.550Z</time>
      </trkpt>
      <trkpt lat="49.063061" lon="9.534609">
        <ele>441.677325</ele>
        <time>2026-08-14T15:05:50.849Z</time>
      </trkpt>
      <trkpt lat="49.062905" lon="9.534636">
        <ele>441.386201</ele>
        <time>2026-08-14T15:05:53.491Z</time>
      </trkpt>
      <trkpt lat="49.062767" lon="9.534560">
        <ele>441.114157</ele>
        <time>2026-08-14T15:05:56.100Z</time>
      </trkpt>
      <trkpt lat="49.062438" lon="9.534285">
        <ele>440.418587</ele>
        <time>2026-08-14T15:06:03.478Z</time>
      </trkpt>
      <trkpt lat="49.061924" lon="9.533806">
        <ele>439.701970</ele>
        <time>2026-08-14T15:06:17.515Z</time>
      </trkpt>
      <trkpt lat="49.061720" lon="9.533714">
        <ele>439.482025</ele>
        <time>2026-08-14T15:06:22.447Z</time>
      </trkpt>
      <trkpt lat="49.061252" lon="9.533685">
        <ele>438.997734</ele>
        <time>2026-08-14T15:06:31.259Z</time>
      </trkpt>
      <trkpt lat="49.061087" lon="9.533733">
        <ele>438.824059</ele>
        <time>2026-08-14T15:06:34.022Z</time>
      </trkpt>
      <trkpt lat="49.060773" lon="9.534016">
        <ele>438.447007</ele>
        <time>2026-08-14T15:06:39.442Z</time>
      </trkpt>
      <trkpt lat="49.060641" lon="9.534089">
        <ele>438.280597</ele>
        <time>2026-08-14T15:06:41.456Z</time>
      </trkpt>
      <trkpt lat="49.060511" lon="9.534114">
        <ele>438.080786</ele>
        <time>2026-08-14T15:06:43.357Z</time>
      </trkpt>
      <trkpt lat="49.060143" lon="9.534106">
        <ele>437.519549</ele>
        <time>2026-08-14T15:06:48.799Z</time>
      </trkpt>
      <trkpt lat="49.059759" lon="9.534035">
        <ele>436.929687</ele>
        <time>2026-08-14T15:06:54.733Z</time>
      </trkpt>
      <trkpt lat="49.059624" lon="9.534022">
        <ele>436.723410</ele>
        <time>2026-08-14T15:06:56.918Z</time>
      </trkpt>
      <trkpt lat="49.059343" lon="9.534024">
        <ele>436.294895</ele>
        <time>2026-08-14T15:07:01.606Z</time>
      </trkpt>
      <trkpt lat="49.059249" lon="9.534055">
        <ele>436.148241</ele>
        <time>2026-08-14T15:07:03.386Z</time>
      </trkpt>
      <trkpt lat="49.058755" lon="9.534650">
        <ele>436.210531</ele>
        <time>2026-08-14T15:07:18.946Z</time>
      </trkpt>
      <trkpt lat="49.058337" lon="9.535420">
        <ele>437.670817</ele>
        <time>2026-08-14T15:07:40.161Z</time>
      </trkpt>
      <trkpt lat="49.058206" lon="9.535631">
        <ele>438.095314</ele>
        <time>2026-08-14T15:07:46.547Z</time>
      </trkpt>
      <trkpt lat="49.057924" lon="9.536330">
        <ele>439.294121</ele>
        <time>2026-08-14T15:08:03.889Z</time>
      </trkpt>
      <trkpt lat="49.057699" lon="9.536694">
        <ele>439.560533</ele>
        <time>2026-08-14T15:08:13.020Z</time>
      </trkpt>
      <trkpt lat="49.057526" lon="9.537100">
        <ele>439.471692</ele>
        <time>2026-08-14T15:08:20.841Z</time>
      </trkpt>
      <trkpt lat="49.057183" lon="9.538650">
        <ele>439.171571</ele>
        <time>2026-08-14T15:08:39.584Z</time>
      </trkpt>
      <trkpt lat="49.057155" lon="9.538985">
        <ele>439.109618</ele>
        <time>2026-08-14T15:08:42.865Z</time>
      </trkpt>
      <trkpt lat="49.057203" lon="9.539748">
        <ele>437.823991</ele>
        <time>2026-08-14T15:08:50.270Z</time>
      </trkpt>
      <trkpt lat="49.057286" lon="9.540524">
        <ele>436.498637</ele>
        <time>2026-08-14T15:08:57.771Z</time>
      </trkpt>
      <trkpt lat="49.057506" lon="9.541651">
        <ele>434.516447</ele>
        <time>2026-08-14T15:09:08.993Z</time>
      </trkpt>
      <trkpt lat="49.057496" lon="9.541818">
        <ele>434.566215</ele>
        <time>2026-08-14T15:09:10.666Z</time>
      </trkpt>
      <trkpt lat="49.057448" lon="9.541934">
        <ele>434.644388</ele>
        <time>2026-08-14T15:09:12.059Z</time>
      </trkpt>
      <trkpt lat="49.057359" lon="9.542043">
        <ele>434.743619</ele>
        <time>2026-08-14T15:09:13.833Z</time>
      </trkpt>
      <trkpt lat="49.056860" lon="9.542493">
        <ele>435.247625</ele>
        <time>2026-08-14T15:09:23.875Z</time>
      </trkpt>
      <trkpt lat="49.056568" lon="9.542717">
        <ele>435.531810</ele>
        <time>2026-08-14T15:09:31.403Z</time>
      </trkpt>
      <trkpt lat="49.056453" lon="9.542873">
        <ele>435.665606</ele>
        <time>2026-08-14T15:09:35.568Z</time>
      </trkpt>
      <trkpt lat="49.056290" lon="9.542990">
        <ele>435.822239</ele>
        <time>2026-08-14T15:09:41.450Z</time>
      </trkpt>
      <trkpt lat="49.056263" lon="9.543113">
        <ele>435.896156</ele>
        <time>2026-08-14T15:09:44.505Z</time>
      </trkpt>
      <trkpt lat="49.055841" lon="9.543643">
        <ele>437.195067</ele>
        <time>2026-08-14T15:10:07.670Z</time>
      </trkpt>
      <trkpt lat="49.055543" lon="9.544163">
        <ele>438.585766</ele>
        <time>2026-08-14T15:10:26.832Z</time>
      </trkpt>
      <trkpt lat="49.055387" lon="9.544462">
        <ele>439.355197</ele>
        <time>2026-08-14T15:10:36.307Z</time>
      </trkpt>
      <trkpt lat="49.055303" lon="9.545116">
        <ele>440.696898</ele>
        <time>2026-08-14T15:10:49.240Z</time>
      </trkpt>
      <trkpt lat="49.055317" lon="9.546044">
        <ele>440.364246</ele>
        <time>2026-08-14T15:10:58.215Z</time>
      </trkpt>
      <trkpt lat="49.055334" lon="9.546352">
        <ele>439.608171</ele>
        <time>2026-08-14T15:11:00.650Z</time>
      </trkpt>
      <trkpt lat="49.055410" lon="9.546587">
        <ele>438.967143</ele>
        <time>2026-08-14T15:11:02.658Z</time>
      </trkpt>
      <trkpt lat="49.055764" lon="9.547283">
        <ele>436.812033</ele>
        <time>2026-08-14T15:11:09.219Z</time>
      </trkpt>
      <trkpt lat="49.055839" lon="9.547560">
        <ele>436.078907</ele>
        <time>2026-08-14T15:11:11.458Z</time>
      </trkpt>
      <trkpt lat="49.055833" lon="9.548334">
        <ele>434.617661</ele>
        <time>2026-08-14T15:11:17.558Z</time>
      </trkpt>
      <trkpt lat="49.055770" lon="9.548843">
        <ele>434.164744</ele>
        <time>2026-08-14T15:11:22.103Z</time>
      </trkpt>
      <trkpt lat="49.055645" lon="9.549426">
        <ele>433.628403</ele>
        <time>2026-08-14T15:11:28.064Z</time>
      </trkpt>
      <trkpt lat="49.055561" lon="9.549713">
        <ele>433.353571</ele>
        <time>2026-08-14T15:11:31.194Z</time>
      </trkpt>
      <trkpt lat="49.055320" lon="9.550293">
        <ele>432.753090</ele>
        <time>2026-08-14T15:11:38.317Z</time>
      </trkpt>
      <trkpt lat="49.055268" lon="9.550604">
        <ele>432.472451</ele>
        <time>2026-08-14T15:11:42.593Z</time>
      </trkpt>
      <trkpt lat="49.055254" lon="9.550916">
        <ele>432.891998</ele>
        <time>2026-08-14T15:11:46.902Z</time>
      </trkpt>
      <trkpt lat="49.055271" lon="9.551195">
        <ele>433.301901</ele>
        <time>2026-08-14T15:11:50.865Z</time>
      </trkpt>
      <trkpt lat="49.055347" lon="9.551670">
        <ele>434.017177</ele>
        <time>2026-08-14T15:11:57.865Z</time>
      </trkpt>
      <trkpt lat="49.055386" lon="9.551865">
        <ele>434.315426</ele>
        <time>2026-08-14T15:12:00.991Z</time>
      </trkpt>
      <trkpt lat="49.055740" lon="9.553514">
        <ele>436.965036</ele>
        <time>2026-08-14T15:12:37.334Z</time>
      </trkpt>
      <trkpt lat="49.055848" lon="9.554150">
        <ele>438.207035</ele>
        <time>2026-08-14T15:12:53.594Z</time>
      </trkpt>
      <trkpt lat="49.055844" lon="9.554592">
        <ele>439.042667</ele>
        <time>2026-08-14T15:13:03.459Z</time>
      </trkpt>
      <trkpt lat="49.055770" lon="9.555127">
        <ele>440.076309</ele>
        <time>2026-08-14T15:13:14.430Z</time>
      </trkpt>
      <trkpt lat="49.055653" lon="9.555594">
        <ele>441.021439</ele>
        <time>2026-08-14T15:13:23.224Z</time>
      </trkpt>
      <trkpt lat="49.055042" lon="9.556820">
        <ele>440.843965</ele>
        <time>2026-08-14T15:13:44.162Z</time>
      </trkpt>
      <trkpt lat="49.054585" lon="9.558055">
        <ele>439.878556</ele>
        <time>2026-08-14T15:13:56.476Z</time>
      </trkpt>
      <trkpt lat="49.054449" lon="9.558629">
        <ele>438.605703</ele>
        <time>2026-08-14T15:14:01.454Z</time>
      </trkpt>
      <trkpt lat="49.054442" lon="9.558972">
        <ele>437.766118</ele>
        <time>2026-08-14T15:14:04.203Z</time>
      </trkpt>
      <trkpt lat="49.054466" lon="9.559308">
        <ele>436.939197</ele>
        <time>2026-08-14T15:14:07.250Z</time>
      </trkpt>
      <trkpt lat="49.054548" lon="9.559899">
        <ele>435.461216</ele>
        <time>2026-08-14T15:14:12.578Z</time>
      </trkpt>
      <trkpt lat="49.054674" lon="9.560403">
        <ele>434.141465</ele>
        <time>2026-08-14T15:14:17.411Z</time>
      </trkpt>
      <trkpt lat="49.055143" lon="9.561905">
        <ele>431.524487</ele>
        <time>2026-08-14T15:14:33.252Z</time>
      </trkpt>
      <trkpt lat="49.055248" lon="9.562360">
        <ele>430.914649</ele>
        <time>2026-08-14T15:14:38.074Z</time>
      </trkpt>
      <trkpt lat="49.055272" lon="9.562837">
        <ele>430.309846</ele>
        <time>2026-08-14T15:14:43.147Z</time>
      </trkpt>
      <trkpt lat="49.055214" lon="9.563370">
        <ele>429.626797</ele>
        <time>2026-08-14T15:14:49.586Z</time>
      </trkpt>
      <trkpt lat="49.055115" lon="9.563768">
        <ele>429.690387</ele>
        <time>2026-08-14T15:14:55.628Z</time>
      </trkpt>
      <trkpt lat="49.054983" lon="9.564127">
        <ele>429.771864</ele>
        <time>2026-08-14T15:15:02.250Z</time>
      </trkpt>
      <trkpt lat="49.054916" lon="9.564251">
        <ele>429.803675</ele>
        <time>2026-08-14T15:15:05.001Z</time>
      </trkpt>
      <trkpt lat="49.054598" lon="9.564631">
        <ele>429.925666</ele>
        <time>2026-08-14T15:15:16.182Z</time>
      </trkpt>
      <trkpt lat="49.054535" lon="9.564748">
        <ele>429.955639</ele>
        <time>2026-08-14T15:15:18.968Z</time>
      </trkpt>
      <trkpt lat="49.054293" lon="9.566300">
        <ele>428.506218</ele>
        <time>2026-08-14T15:15:37.688Z</time>
      </trkpt>
      <trkpt lat="49.054290" lon="9.566754">
        <ele>427.265695</ele>
        <time>2026-08-14T15:15:41.729Z</time>
      </trkpt>
      <trkpt lat="49.054612" lon="9.568706">
        <ele>422.129057</ele>
        <time>2026-08-14T15:15:58.756Z</time>
      </trkpt>
      <trkpt lat="49.054632" lon="9.568832">
        <ele>421.919814</ele>
        <time>2026-08-14T15:15:59.919Z</time>
      </trkpt>
      <trkpt lat="49.054802" lon="9.569753">
        <ele>420.375495</ele>
        <time>2026-08-14T15:16:09.122Z</time>
      </trkpt>
      <trkpt lat="49.055080" lon="9.570578">
        <ele>418.878248</ele>
        <time>2026-08-14T15:16:20.048Z</time>
      </trkpt>
      <trkpt lat="49.055624" lon="9.571874">
        <ele>418.592972</ele>
        <time>2026-08-14T15:16:37.206Z</time>
      </trkpt>
      <trkpt lat="49.055936" lon="9.572488">
        <ele>418.846314</ele>
        <time>2026-08-14T15:16:46.694Z</time>
      </trkpt>
      <trkpt lat="49.056019" lon="9.572739">
        <ele>418.937986</ele>
        <time>2026-08-14T15:16:50.998Z</time>
      </trkpt>
      <trkpt lat="49.056033" lon="9.572909">
        <ele>418.993853</ele>
        <time>2026-08-14T15:16:53.799Z</time>
      </trkpt>
      <trkpt lat="49.055985" lon="9.573291">
        <ele>419.128888</ele>
        <time>2026-08-14T15:17:02.782Z</time>
      </trkpt>
      <trkpt lat="49.055949" lon="9.573487">
        <ele>419.431172</ele>
        <time>2026-08-14T15:17:07.693Z</time>
      </trkpt>
      <trkpt lat="49.055859" lon="9.574174">
        <ele>420.471578</ele>
        <time>2026-08-14T15:17:24.618Z</time>
      </trkpt>
      <trkpt lat="49.055773" lon="9.574390">
        <ele>420.846909</ele>
        <time>2026-08-14T15:17:30.784Z</time>
      </trkpt>
      <trkpt lat="49.055719" lon="9.574438">
        <ele>420.988527</ele>
        <time>2026-08-14T15:17:32.955Z</time>
      </trkpt>
      <trkpt lat="49.055576" lon="9.574539">
        <ele>421.345610</ele>
        <time>2026-08-14T15:17:38.650Z</time>
      </trkpt>
      <trkpt lat="49.055505" lon="9.574652">
        <ele>421.578091</ele>
        <time>2026-08-14T15:17:42.365Z</time>
      </trkpt>
      <trkpt lat="49.055327" lon="9.575135">
        <ele>422.401011</ele>
        <time>2026-08-14T15:17:53.800Z</time>
      </trkpt>
      <trkpt lat="49.055180" lon="9.575416">
        <ele>422.934967</ele>
        <time>2026-08-14T15:17:59.710Z</time>
      </trkpt>
      <trkpt lat="49.054659" lon="9.575895">
        <ele>421.943093</ele>
        <time>2026-08-14T15:18:09.172Z</time>
      </trkpt>
      <trkpt lat="49.054433" lon="9.576147">
        <ele>421.233867</ele>
        <time>2026-08-14T15:18:13.038Z</time>
      </trkpt>
      <trkpt lat="49.053909" lon="9.576982">
        <ele>419.314180</ele>
        <time>2026-08-14T15:18:23.637Z</time>
      </trkpt>
      <trkpt lat="49.053724" lon="9.577099">
        <ele>418.806765</ele>
        <time>2026-08-14T15:18:26.534Z</time>
      </trkpt>
      <trkpt lat="49.053712" lon="9.577251">
        <ele>418.620075</ele>
        <time>2026-08-14T15:18:27.999Z</time>
      </trkpt>
      <trkpt lat="49.053766" lon="9.577621">
        <ele>418.494201</ele>
        <time>2026-08-14T15:18:31.797Z</time>
      </trkpt>
      <trkpt lat="49.053938" lon="9.577998">
        <ele>418.341665</ele>
        <time>2026-08-14T15:18:36.895Z</time>
      </trkpt>
      <trkpt lat="49.053959" lon="9.578194">
        <ele>418.275716</ele>
        <time>2026-08-14T15:18:39.396Z</time>
      </trkpt>
      <trkpt lat="49.053881" lon="9.579798">
        <ele>417.741624</ele>
        <time>2026-08-14T15:19:01.865Z</time>
      </trkpt>
      <trkpt lat="49.053970" lon="9.580446">
        <ele>417.055704</ele>
        <time>2026-08-14T15:19:10.871Z</time>
      </trkpt>
      <trkpt lat="49.054063" lon="9.580930">
        <ele>416.505235</ele>
        <time>2026-08-14T15:19:16.833Z</time>
      </trkpt>
      <trkpt lat="49.054276" lon="9.581947">
        <ele>415.339994</ele>
        <time>2026-08-14T15:19:27.400Z</time>
      </trkpt>
      <trkpt lat="49.054433" lon="9.582392">
        <ele>414.788422</ele>
        <time>2026-08-14T15:19:32.067Z</time>
      </trkpt>
      <trkpt lat="49.054951" lon="9.583414">
        <ele>412.260403</ele>
        <time>2026-08-14T15:19:43.932Z</time>
      </trkpt>
      <trkpt lat="49.055007" lon="9.583608">
        <ele>411.837719</ele>
        <time>2026-08-14T15:19:45.886Z</time>
      </trkpt>
      <trkpt lat="49.055283" lon="9.585325">
        <ele>408.940191</ele>
        <time>2026-08-14T15:20:03.183Z</time>
      </trkpt>
      <trkpt lat="49.055632" lon="9.586277">
        <ele>408.209501</ele>
        <time>2026-08-14T15:20:14.538Z</time>
      </trkpt>
      <trkpt lat="49.055736" lon="9.586714">
        <ele>407.898076</ele>
        <time>2026-08-14T15:20:19.625Z</time>
      </trkpt>
      <trkpt lat="49.055737" lon="9.587389">
        <ele>407.445932</ele>
        <time>2026-08-14T15:20:28.240Z</time>
      </trkpt>
      <trkpt lat="49.055834" lon="9.588013">
        <ele>408.452877</ele>
        <time>2026-08-14T15:20:39.599Z</time>
      </trkpt>
      <trkpt lat="49.055819" lon="9.588453">
        <ele>409.210244</ele>
        <time>2026-08-14T15:20:49.211Z</time>
      </trkpt>
      <trkpt lat="49.055790" lon="9.588644">
        <ele>409.547263</ele>
        <time>2026-08-14T15:20:53.959Z</time>
      </trkpt>
      <trkpt lat="49.055736" lon="9.588854">
        <ele>409.935042</ele>
        <time>2026-08-14T15:20:59.556Z</time>
      </trkpt>
      <trkpt lat="49.055393" lon="9.589520">
        <ele>411.391111</ele>
        <time>2026-08-14T15:21:21.053Z</time>
      </trkpt>
      <trkpt lat="49.055199" lon="9.590039">
        <ele>411.908782</ele>
        <time>2026-08-14T15:21:34.323Z</time>
      </trkpt>
      <trkpt lat="49.054909" lon="9.591064">
        <ele>410.349348</ele>
        <time>2026-08-14T15:21:47.030Z</time>
      </trkpt>
      <trkpt lat="49.054845" lon="9.591421">
        <ele>409.832373</ele>
        <time>2026-08-14T15:21:50.376Z</time>
      </trkpt>
      <trkpt lat="49.054852" lon="9.591747">
        <ele>409.376775</ele>
        <time>2026-08-14T15:21:53.243Z</time>
      </trkpt>
      <trkpt lat="49.054854" lon="9.591840">
        <ele>409.246804</ele>
        <time>2026-08-14T15:21:54.057Z</time>
      </trkpt>
      <trkpt lat="49.055032" lon="9.592359">
        <ele>408.428595</ele>
        <time>2026-08-14T15:21:59.149Z</time>
      </trkpt>
      <trkpt lat="49.055179" lon="9.592947">
        <ele>407.084144</ele>
        <time>2026-08-14T15:22:04.622Z</time>
      </trkpt>
      <trkpt lat="49.055215" lon="9.594372">
        <ele>403.862666</ele>
        <time>2026-08-14T15:22:18.216Z</time>
      </trkpt>
      <trkpt lat="49.055349" lon="9.595289">
        <ele>401.762339</ele>
        <time>2026-08-14T15:22:27.446Z</time>
      </trkpt>
      <trkpt lat="49.055449" lon="9.595727">
        <ele>400.778217</ele>
        <time>2026-08-14T15:22:31.776Z</time>
      </trkpt>
      <trkpt lat="49.055694" lon="9.596463">
        <ele>399.026675</ele>
        <time>2026-08-14T15:22:39.691Z</time>
      </trkpt>
      <trkpt lat="49.055848" lon="9.596803">
        <ele>398.149733</ele>
        <time>2026-08-14T15:22:43.609Z</time>
      </trkpt>
      <trkpt lat="49.056067" lon="9.597157">
        <ele>397.116814</ele>
        <time>2026-08-14T15:22:48.212Z</time>
      </trkpt>
      <trkpt lat="49.056133" lon="9.597340">
        <ele>396.673616</ele>
        <time>2026-08-14T15:22:50.218Z</time>
      </trkpt>
      <trkpt lat="49.056146" lon="9.597644">
        <ele>396.235034</ele>
        <time>2026-08-14T15:22:53.251Z</time>
      </trkpt>
      <trkpt lat="49.056097" lon="9.597936">
        <ele>396.121588</ele>
        <time>2026-08-14T15:22:56.389Z</time>
      </trkpt>
      <trkpt lat="49.055981" lon="9.598618">
        <ele>395.856399</ele>
        <time>2026-08-14T15:23:05.397Z</time>
      </trkpt>
      <trkpt lat="49.055810" lon="9.599112">
        <ele>395.646127</ele>
        <time>2026-08-14T15:23:14.152Z</time>
      </trkpt>
      <trkpt lat="49.055768" lon="9.599478">
        <ele>395.506278</ele>
        <time>2026-08-14T15:23:19.529Z</time>
      </trkpt>
      <trkpt lat="49.055809" lon="9.599903">
        <ele>395.344596</ele>
        <time>2026-08-14T15:23:25.323Z</time>
      </trkpt>
      <trkpt lat="49.055823" lon="9.600106">
        <ele>395.267771</ele>
        <time>2026-08-14T15:23:27.947Z</time>
      </trkpt>
      <trkpt lat="49.055756" lon="9.600661">
        <ele>394.769734</ele>
        <time>2026-08-14T15:23:34.739Z</time>
      </trkpt>
      <trkpt lat="49.055464" lon="9.601852">
        <ele>393.577105</ele>
        <time>2026-08-14T15:23:48.639Z</time>
      </trkpt>
      <trkpt lat="49.055372" lon="9.602548">
        <ele>392.911191</ele>
        <time>2026-08-14T15:23:55.758Z</time>
      </trkpt>
      <trkpt lat="49.055377" lon="9.607716">
        <ele>388.126642</ele>
        <time>2026-08-14T15:24:53.409Z</time>
      </trkpt>
      <trkpt lat="49.055452" lon="9.608733">
        <ele>387.158305</ele>
        <time>2026-08-14T15:25:04.597Z</time>
      </trkpt>
      <trkpt lat="49.055536" lon="9.609160">
        <ele>386.712629</ele>
        <time>2026-08-14T15:25:09.409Z</time>
      </trkpt>
      <trkpt lat="49.056044" lon="9.610910">
        <ele>384.838587</ele>
        <time>2026-08-14T15:25:30.300Z</time>
      </trkpt>
      <trkpt lat="49.056060" lon="9.611205">
        <ele>384.727410</ele>
        <time>2026-08-14T15:25:33.628Z</time>
      </trkpt>
      <trkpt lat="49.056006" lon="9.611805">
        <ele>384.499943</ele>
        <time>2026-08-14T15:25:40.542Z</time>
      </trkpt>
      <trkpt lat="49.056004" lon="9.612186">
        <ele>384.356839</ele>
        <time>2026-08-14T15:25:45.033Z</time>
      </trkpt>
      <trkpt lat="49.056037" lon="9.612647">
        <ele>384.182664</ele>
        <time>2026-08-14T15:25:50.751Z</time>
      </trkpt>
      <trkpt lat="49.056112" lon="9.612986">
        <ele>384.048279</ele>
        <time>2026-08-14T15:25:55.385Z</time>
      </trkpt>
      <trkpt lat="49.056220" lon="9.613313">
        <ele>383.910746</ele>
        <time>2026-08-14T15:26:00.207Z</time>
      </trkpt>
      <trkpt lat="49.056464" lon="9.613769">
        <ele>383.822568</ele>
        <time>2026-08-14T15:26:08.288Z</time>
      </trkpt>
      <trkpt lat="49.056543" lon="9.614208">
        <ele>383.811932</ele>
        <time>2026-08-14T15:26:14.850Z</time>
      </trkpt>
      <trkpt lat="49.056555" lon="9.614460">
        <ele>383.806029</ele>
        <time>2026-08-14T15:26:18.601Z</time>
      </trkpt>
      <trkpt lat="49.056567" lon="9.614712">
        <ele>383.800126</ele>
        <time>2026-08-14T15:26:22.365Z</time>
      </trkpt>
      <trkpt lat="49.056530" lon="9.614959">
        <ele>383.794206</ele>
        <time>2026-08-14T15:26:26.102Z</time>
      </trkpt>
      <trkpt lat="49.056436" lon="9.615289">
        <ele>383.785799</ele>
        <time>2026-08-14T15:26:30.993Z</time>
      </trkpt>
      <trkpt lat="49.056151" lon="9.616050">
        <ele>383.693679</ele>
        <time>2026-08-14T15:26:41.288Z</time>
      </trkpt>
      <trkpt lat="49.055925" lon="9.616454">
        <ele>383.222713</ele>
        <time>2026-08-14T15:26:47.272Z</time>
      </trkpt>
      <trkpt lat="49.055664" lon="9.616753">
        <ele>382.781144</ele>
        <time>2026-08-14T15:26:52.767Z</time>
      </trkpt>
      <trkpt lat="49.055559" lon="9.616900">
        <ele>382.588349</ele>
        <time>2026-08-14T15:26:55.143Z</time>
      </trkpt>
      <trkpt lat="49.055478" lon="9.617127">
        <ele>382.359176</ele>
        <time>2026-08-14T15:26:57.922Z</time>
      </trkpt>
      <trkpt lat="49.055216" lon="9.618208">
        <ele>381.337251</ele>
        <time>2026-08-14T15:27:10.303Z</time>
      </trkpt>
      <trkpt lat="49.054439" lon="9.620227">
        <ele>380.185162</ele>
        <time>2026-08-14T15:27:37.847Z</time>
      </trkpt>
      <trkpt lat="49.054163" lon="9.621167">
        <ele>380.251821</ele>
        <time>2026-08-14T15:27:50.912Z</time>
      </trkpt>
      <trkpt lat="49.054020" lon="9.621828">
        <ele>380.549946</ele>
        <time>2026-08-14T15:28:01.226Z</time>
      </trkpt>
      <trkpt lat="49.054006" lon="9.622166">
        <ele>380.694997</ele>
        <time>2026-08-14T15:28:06.708Z</time>
      </trkpt>
      <trkpt lat="49.054027" lon="9.622461">
        <ele>380.822085</ele>
        <time>2026-08-14T15:28:11.177Z</time>
      </trkpt>
      <trkpt lat="49.054087" lon="9.622791">
        <ele>380.968759</ele>
        <time>2026-08-14T15:28:16.425Z</time>
      </trkpt>
      <trkpt lat="49.054296" lon="9.623159">
        <ele>381.178155</ele>
        <time>2026-08-14T15:28:23.166Z</time>
      </trkpt>
      <trkpt lat="49.054429" lon="9.623478">
        <ele>381.348150</ele>
        <time>2026-08-14T15:28:28.576Z</time>
      </trkpt>
      <trkpt lat="49.054735" lon="9.623998">
        <ele>381.662378</ele>
        <time>2026-08-14T15:28:39.188Z</time>
      </trkpt>
      <trkpt lat="49.054544" lon="9.624323">
        <ele>381.858656</ele>
        <time>2026-08-14T15:28:45.631Z</time>
      </trkpt>
      <trkpt lat="49.055342" lon="9.625076">
        <ele>382.440237</ele>
        <time>2026-08-14T15:29:01.752Z</time>
      </trkpt>
      <trkpt lat="49.055485" lon="9.625145">
        <ele>382.483830</ele>
        <time>2026-08-14T15:29:04.235Z</time>
      </trkpt>
      <trkpt lat="49.056016" lon="9.625252">
        <ele>382.639508</ele>
        <time>2026-08-14T15:29:13.665Z</time>
      </trkpt>
      <trkpt lat="49.056277" lon="9.625305">
        <ele>382.716039</ele>
        <time>2026-08-14T15:29:18.142Z</time>
      </trkpt>
      <trkpt lat="49.057772" lon="9.625557">
        <ele>383.950004</ele>
        <time>2026-08-14T15:29:48.886Z</time>
      </trkpt>
      <trkpt lat="49.059612" lon="9.625873">
        <ele>387.134621</ele>
        <time>2026-08-14T15:30:34.692Z</time>
      </trkpt>
      <trkpt lat="49.059998" lon="9.625984">
        <ele>388.010855</ele>
        <time>2026-08-14T15:30:45.582Z</time>
      </trkpt>
      <trkpt lat="49.060540" lon="9.626246">
        <ele>389.260562</ele>
        <time>2026-08-14T15:31:03.097Z</time>
      </trkpt>
      <trkpt lat="49.061328" lon="9.626450">
        <ele>390.496484</ele>
        <time>2026-08-14T15:31:27.191Z</time>
      </trkpt>
      <trkpt lat="49.061651" lon="9.626680">
        <ele>391.047644</ele>
        <time>2026-08-14T15:31:36.498Z</time>
      </trkpt>
      <trkpt lat="49.061934" lon="9.627009">
        <ele>391.597761</ele>
        <time>2026-08-14T15:31:44.400Z</time>
      </trkpt>
      <trkpt lat="49.063063" lon="9.628481">
        <ele>390.440202</ele>
        <time>2026-08-14T15:32:05.383Z</time>
      </trkpt>
      <trkpt lat="49.063146" lon="9.628588">
        <ele>390.301852</ele>
        <time>2026-08-14T15:32:06.864Z</time>
      </trkpt>
      <trkpt lat="49.063270" lon="9.628747">
        <ele>390.095620</ele>
        <time>2026-08-14T15:32:09.088Z</time>
      </trkpt>
      <trkpt lat="49.063598" lon="9.629184">
        <ele>389.721819</ele>
        <time>2026-08-14T15:32:15.277Z</time>
      </trkpt>
      <trkpt lat="49.063917" lon="9.629608">
        <ele>389.761152</ele>
        <time>2026-08-14T15:32:21.642Z</time>
      </trkpt>
      <trkpt lat="49.064643" lon="9.630572">
        <ele>389.850630</ele>
        <time>2026-08-14T15:32:40.098Z</time>
      </trkpt>
      <trkpt lat="49.064924" lon="9.631040">
        <ele>390.071169</ele>
        <time>2026-08-14T15:32:49.521Z</time>
      </trkpt>
      <trkpt lat="49.065420" lon="9.631955">
        <ele>391.193392</ele>
        <time>2026-08-14T15:33:08.243Z</time>
      </trkpt>
      <trkpt lat="49.066211" lon="9.633092">
        <ele>392.948523</ele>
        <time>2026-08-14T15:33:34.191Z</time>
      </trkpt>
      <trkpt lat="49.067063" lon="9.634313">
        <ele>395.728270</ele>
        <time>2026-08-14T15:34:01.846Z</time>
      </trkpt>
      <trkpt lat="49.067395" lon="9.634776">
        <ele>396.857146</ele>
        <time>2026-08-14T15:34:18.433Z</time>
      </trkpt>
      <trkpt lat="49.067769" lon="9.635218">
        <ele>399.343900</ele>
        <time>2026-08-14T15:34:37.775Z</time>
      </trkpt>
      <trkpt lat="49.067947" lon="9.634828">
        <ele>400.981047</ele>
        <time>2026-08-14T15:34:52.454Z</time>
      </trkpt>
      <trkpt lat="49.068061" lon="9.634748">
        <ele>401.640694</ele>
        <time>2026-08-14T15:34:58.471Z</time>
      </trkpt>
      <trkpt lat="49.068181" lon="9.634758">
        <ele>402.272514</ele>
        <time>2026-08-14T15:35:04.253Z</time>
      </trkpt>
      <trkpt lat="49.068945" lon="9.635122">
        <ele>406.372812</ele>
        <time>2026-08-14T15:35:42.219Z</time>
      </trkpt>
      <trkpt lat="49.071600" lon="9.636393">
        <ele>414.540163</ele>
        <time>2026-08-14T15:37:11.533Z</time>
      </trkpt>
      <trkpt lat="49.071853" lon="9.636480">
        <ele>415.183482</ele>
        <time>2026-08-14T15:37:20.350Z</time>
      </trkpt>
      <trkpt lat="49.072072" lon="9.636406">
        <ele>415.739883</ele>
        <time>2026-08-14T15:37:27.260Z</time>
      </trkpt>
      <trkpt lat="49.072473" lon="9.636036">
        <ele>416.509998</ele>
        <time>2026-08-14T15:37:40.285Z</time>
      </trkpt>
      <trkpt lat="49.072618" lon="9.635977">
        <ele>416.572116</ele>
        <time>2026-08-14T15:37:44.134Z</time>
      </trkpt>
      <trkpt lat="49.072783" lon="9.635996">
        <ele>416.640612</ele>
        <time>2026-08-14T15:37:48.167Z</time>
      </trkpt>
      <trkpt lat="49.072948" lon="9.636096">
        <ele>416.714100</ele>
        <time>2026-08-14T15:37:52.116Z</time>
      </trkpt>
      <trkpt lat="49.073201" lon="9.636646">
        <ele>416.896345</ele>
        <time>2026-08-14T15:38:00.900Z</time>
      </trkpt>
      <trkpt lat="49.073515" lon="9.637550">
        <ele>417.173816</ele>
        <time>2026-08-14T15:38:13.204Z</time>
      </trkpt>
      <trkpt lat="49.073643" lon="9.638290">
        <ele>417.227682</ele>
        <time>2026-08-14T15:38:23.419Z</time>
      </trkpt>
      <trkpt lat="49.073686" lon="9.638673">
        <ele>417.254205</ele>
        <time>2026-08-14T15:38:28.823Z</time>
      </trkpt>
      <trkpt lat="49.073680" lon="9.638992">
        <ele>417.275988</ele>
        <time>2026-08-14T15:38:33.253Z</time>
      </trkpt>
      <trkpt lat="49.073597" lon="9.639891">
        <ele>417.337958</ele>
        <time>2026-08-14T15:38:45.523Z</time>
      </trkpt>
      <trkpt lat="49.073604" lon="9.640084">
        <ele>417.351152</ele>
        <time>2026-08-14T15:38:48.042Z</time>
      </trkpt>
      <trkpt lat="49.073643" lon="9.640314">
        <ele>417.416935</ele>
        <time>2026-08-14T15:38:51.126Z</time>
      </trkpt>
      <trkpt lat="49.073950" lon="9.641387">
        <ele>418.494374</ele>
        <time>2026-08-14T15:39:07.725Z</time>
      </trkpt>
      <trkpt lat="49.074116" lon="9.641841">
        <ele>418.972813</ele>
        <time>2026-08-14T15:39:16.434Z</time>
      </trkpt>
      <trkpt lat="49.074506" lon="9.642719">
        <ele>419.997051</ele>
        <time>2026-08-14T15:39:37.969Z</time>
      </trkpt>
      <trkpt lat="49.074574" lon="9.643003">
        <ele>420.502038</ele>
        <time>2026-08-14T15:39:44.768Z</time>
      </trkpt>
      <trkpt lat="49.074595" lon="9.643346">
        <ele>421.077365</ele>
        <time>2026-08-14T15:39:52.832Z</time>
      </trkpt>
      <trkpt lat="49.074579" lon="9.643834">
        <ele>421.893374</ele>
        <time>2026-08-14T15:40:04.194Z</time>
      </trkpt>
      <trkpt lat="49.074569" lon="9.644090">
        <ele>422.321669</ele>
        <time>2026-08-14T15:40:11.968Z</time>
      </trkpt>
      <trkpt lat="49.074635" lon="9.644448">
        <ele>422.942776</ele>
        <time>2026-08-14T15:40:22.986Z</time>
      </trkpt>
      <trkpt lat="49.074707" lon="9.644337">
        <ele>423.203655</ele>
        <time>2026-08-14T15:40:27.507Z</time>
      </trkpt>
      <trkpt lat="49.074888" lon="9.644750">
        <ele>424.033510</ele>
        <time>2026-08-14T15:40:41.455Z</time>
      </trkpt>
      <trkpt lat="49.075330" lon="9.646117">
        <ele>422.616599</ele>
        <time>2026-08-14T15:41:15.633Z</time>
      </trkpt>
      <trkpt lat="49.075480" lon="9.646345">
        <ele>422.139826</ele>
        <time>2026-08-14T15:41:21.255Z</time>
      </trkpt>
      <trkpt lat="49.075701" lon="9.646568">
        <ele>421.543140</ele>
        <time>2026-08-14T15:41:27.929Z</time>
      </trkpt>
      <trkpt lat="49.075806" lon="9.646996">
        <ele>420.868820</ele>
        <time>2026-08-14T15:41:35.109Z</time>
      </trkpt>
      <trkpt lat="49.075822" lon="9.647165">
        <ele>420.616881</ele>
        <time>2026-08-14T15:41:37.732Z</time>
      </trkpt>
      <trkpt lat="49.075795" lon="9.647354">
        <ele>420.116882</ele>
        <time>2026-08-14T15:41:40.644Z</time>
      </trkpt>
      <trkpt lat="49.075649" lon="9.647909">
        <ele>417.193055</ele>
        <time>2026-08-14T15:41:49.471Z</time>
      </trkpt>
      <trkpt lat="49.075688" lon="9.648352">
        <ele>415.007896</ele>
        <time>2026-08-14T15:41:55.923Z</time>
      </trkpt>
      <trkpt lat="49.075950" lon="9.649191">
        <ele>410.464080</ele>
        <time>2026-08-14T15:42:09.362Z</time>
      </trkpt>
      <trkpt lat="49.076036" lon="9.649703">
        <ele>407.880111</ele>
        <time>2026-08-14T15:42:17.156Z</time>
      </trkpt>
      <trkpt lat="49.076245" lon="9.650093">
        <ele>405.890660</ele>
        <time>2026-08-14T15:42:24.718Z</time>
      </trkpt>
      <trkpt lat="49.076435" lon="9.650157">
        <ele>404.872909</ele>
        <time>2026-08-14T15:42:29.227Z</time>
      </trkpt>
      <trkpt lat="49.076610" lon="9.650292">
        <ele>403.847289</ele>
        <time>2026-08-14T15:42:33.829Z</time>
      </trkpt>
      <trkpt lat="49.076705" lon="9.650473">
        <ele>403.052584</ele>
        <time>2026-08-14T15:42:37.446Z</time>
      </trkpt>
      <trkpt lat="49.076727" lon="9.650753">
        <ele>402.086314</ele>
        <time>2026-08-14T15:42:41.867Z</time>
      </trkpt>
      <trkpt lat="49.076661" lon="9.651571">
        <ele>399.262333</ele>
        <time>2026-08-14T15:42:55.063Z</time>
      </trkpt>
      <trkpt lat="49.076681" lon="9.652224">
        <ele>397.256000</ele>
        <time>2026-08-14T15:43:05.792Z</time>
      </trkpt>
      <trkpt lat="49.076714" lon="9.652558">
        <ele>396.572588</ele>
        <time>2026-08-14T15:43:11.431Z</time>
      </trkpt>
      <trkpt lat="49.077042" lon="9.654254">
        <ele>392.994728</ele>
        <time>2026-08-14T15:43:41.474Z</time>
      </trkpt>
      <trkpt lat="49.077555" lon="9.656460">
        <ele>389.285488</ele>
        <time>2026-08-14T15:44:22.725Z</time>
      </trkpt>
      <trkpt lat="49.077875" lon="9.657571">
        <ele>387.356159</ele>
        <time>2026-08-14T15:44:44.816Z</time>
      </trkpt>
      <trkpt lat="49.077970" lon="9.658036">
        <ele>386.433545</ele>
        <time>2026-08-14T15:44:53.356Z</time>
      </trkpt>
      <trkpt lat="49.077973" lon="9.658247">
        <ele>386.033792</ele>
        <time>2026-08-14T15:44:57.013Z</time>
      </trkpt>
      <trkpt lat="49.077847" lon="9.658807">
        <ele>384.912250</ele>
        <time>2026-08-14T15:45:07.017Z</time>
      </trkpt>
      <trkpt lat="49.077807" lon="9.659153">
        <ele>384.246753</ele>
        <time>2026-08-14T15:45:12.879Z</time>
      </trkpt>
      <trkpt lat="49.077778" lon="9.659822">
        <ele>382.976809</ele>
        <time>2026-08-14T15:45:24.060Z</time>
      </trkpt>
      <trkpt lat="49.077646" lon="9.660369">
        <ele>381.951224</ele>
        <time>2026-08-14T15:45:33.869Z</time>
      </trkpt>
      <trkpt lat="49.077636" lon="9.660590">
        <ele>381.567544</ele>
        <time>2026-08-14T15:45:37.584Z</time>
      </trkpt>
      <trkpt lat="49.077665" lon="9.660774">
        <ele>381.239764</ele>
        <time>2026-08-14T15:45:40.765Z</time>
      </trkpt>
      <trkpt lat="49.077973" lon="9.661540">
        <ele>379.683057</ele>
        <time>2026-08-14T15:45:56.629Z</time>
      </trkpt>
      <trkpt lat="49.078094" lon="9.662203">
        <ele>378.491025</ele>
        <time>2026-08-14T15:46:09.108Z</time>
      </trkpt>
      <trkpt lat="49.078569" lon="9.661725">
        <ele>376.919713</ele>
        <time>2026-08-14T15:46:16.571Z</time>
      </trkpt>
      <trkpt lat="49.078721" lon="9.661650">
        <ele>376.470313</ele>
        <time>2026-08-14T15:46:18.582Z</time>
      </trkpt>
      <trkpt lat="49.078893" lon="9.661697">
        <ele>375.978737</ele>
        <time>2026-08-14T15:46:20.806Z</time>
      </trkpt>
      <trkpt lat="49.079533" lon="9.662338">
        <ele>373.825354</ele>
        <time>2026-08-14T15:46:30.571Z</time>
      </trkpt>
      <trkpt lat="49.079693" lon="9.662577">
        <ele>373.195610</ele>
        <time>2026-08-14T15:46:33.364Z</time>
      </trkpt>
      <trkpt lat="49.079898" lon="9.662994">
        <ele>372.457870</ele>
        <time>2026-08-14T15:46:37.706Z</time>
      </trkpt>
      <trkpt lat="49.080220" lon="9.663785">
        <ele>371.259101</ele>
        <time>2026-08-14T15:46:45.765Z</time>
      </trkpt>
      <trkpt lat="49.080295" lon="9.663968">
        <ele>370.981239</ele>
        <time>2026-08-14T15:46:47.701Z</time>
      </trkpt>
      <trkpt lat="49.080740" lon="9.665059">
        <ele>369.399449</ele>
        <time>2026-08-14T15:46:59.705Z</time>
      </trkpt>
      <trkpt lat="49.081283" lon="9.666835">
        <ele>368.494327</ele>
        <time>2026-08-14T15:47:19.752Z</time>
      </trkpt>
      <trkpt lat="49.081241" lon="9.666439">
        <ele>368.309071</ele>
        <time>2026-08-14T15:47:28.351Z</time>
      </trkpt>
      <trkpt lat="49.081283" lon="9.666835">
        <ele>368.089847</ele>
        <time>2026-08-14T15:47:36.865Z</time>
      </trkpt>
      <trkpt lat="49.081547" lon="9.667822">
        <ele>367.249626</ele>
        <time>2026-08-14T15:47:47.636Z</time>
      </trkpt>
      <trkpt lat="49.081791" lon="9.668820">
        <ele>366.410091</ele>
        <time>2026-08-14T15:48:07.635Z</time>
      </trkpt>
      <trkpt lat="49.082002" lon="9.669685">
        <ele>365.377738</ele>
        <time>2026-08-14T15:48:24.164Z</time>
      </trkpt>
      <trkpt lat="49.082139" lon="9.669907">
        <ele>364.911864</ele>
        <time>2026-08-14T15:48:29.522Z</time>
      </trkpt>
      <trkpt lat="49.082826" lon="9.670680">
        <ele>362.921766</ele>
        <time>2026-08-14T15:48:52.081Z</time>
      </trkpt>
      <trkpt lat="49.083200" lon="9.671976">
        <ele>361.572194</ele>
        <time>2026-08-14T15:49:17.117Z</time>
      </trkpt>
      <trkpt lat="49.083491" lon="9.672735">
        <ele>361.265047</ele>
        <time>2026-08-14T15:49:34.105Z</time>
      </trkpt>
      <trkpt lat="49.083477" lon="9.672898">
        <ele>361.207634</ele>
        <time>2026-08-14T15:49:36.231Z</time>
      </trkpt>
      <trkpt lat="49.083622" lon="9.673302">
        <ele>361.046747</ele>
        <time>2026-08-14T15:49:42.881Z</time>
      </trkpt>
      <trkpt lat="49.083626" lon="9.673412">
        <ele>361.008272</ele>
        <time>2026-08-14T15:49:44.616Z</time>
      </trkpt>
      <trkpt lat="49.083589" lon="9.674483">
        <ele>361.511693</ele>
        <time>2026-08-14T15:50:02.764Z</time>
      </trkpt>
      <trkpt lat="49.083503" lon="9.675134">
        <ele>362.203024</ele>
        <time>2026-08-14T15:50:14.656Z</time>
      </trkpt>
      <trkpt lat="49.083426" lon="9.675861">
        <ele>362.969655</ele>
        <time>2026-08-14T15:50:28.103Z</time>
      </trkpt>
      <trkpt lat="49.083447" lon="9.676479">
        <ele>363.613853</ele>
        <time>2026-08-14T15:50:39.409Z</time>
      </trkpt>
      <trkpt lat="49.083170" lon="9.677326">
        <ele>364.356016</ele>
        <time>2026-08-14T15:50:56.517Z</time>
      </trkpt>
      <trkpt lat="49.082967" lon="9.677609">
        <ele>364.672965</ele>
        <time>2026-08-14T15:51:04.312Z</time>
      </trkpt>
      <trkpt lat="49.082156" lon="9.678334">
        <ele>365.756539</ele>
        <time>2026-08-14T15:51:27.036Z</time>
      </trkpt>
      <trkpt lat="49.082059" lon="9.678465">
        <ele>365.613565</ele>
        <time>2026-08-14T15:51:29.623Z</time>
      </trkpt>
      <trkpt lat="49.081995" lon="9.678621">
        <ele>365.411114</ele>
        <time>2026-08-14T15:51:31.943Z</time>
      </trkpt>
      <trkpt lat="49.081953" lon="9.678949">
        <ele>365.043543</ele>
        <time>2026-08-14T15:51:36.065Z</time>
      </trkpt>
      <trkpt lat="49.081972" lon="9.679960">
        <ele>363.931164</ele>
        <time>2026-08-14T15:51:47.296Z</time>
      </trkpt>
      <trkpt lat="49.082014" lon="9.680247">
        <ele>363.607732</ele>
        <time>2026-08-14T15:51:50.294Z</time>
      </trkpt>
      <trkpt lat="49.082087" lon="9.680458">
        <ele>363.345284</ele>
        <time>2026-08-14T15:51:52.686Z</time>
      </trkpt>
      <trkpt lat="49.082132" lon="9.680433">
        <ele>363.264874</ele>
        <time>2026-08-14T15:51:53.429Z</time>
      </trkpt>
      <trkpt lat="49.082228" lon="9.680736">
        <ele>362.894688</ele>
        <time>2026-08-14T15:51:56.201Z</time>
      </trkpt>
      <trkpt lat="49.082301" lon="9.681070">
        <ele>362.054233</ele>
        <time>2026-08-14T15:51:59.042Z</time>
      </trkpt>
      <trkpt lat="49.082440" lon="9.681797">
        <ele>359.764875</ele>
        <time>2026-08-14T15:52:04.965Z</time>
      </trkpt>
      <trkpt lat="49.082506" lon="9.682282">
        <ele>358.267470</ele>
        <time>2026-08-14T15:52:08.740Z</time>
      </trkpt>
      <trkpt lat="49.082436" lon="9.683131">
        <ele>355.680791</ele>
        <time>2026-08-14T15:52:15.152Z</time>
      </trkpt>
      <trkpt lat="49.082426" lon="9.684037">
        <ele>353.859508</ele>
        <time>2026-08-14T15:52:22.132Z</time>
      </trkpt>
      <trkpt lat="49.082456" lon="9.684336">
        <ele>353.495919</ele>
        <time>2026-08-14T15:52:24.573Z</time>
      </trkpt>
      <trkpt lat="49.082515" lon="9.684596">
        <ele>353.165175</ele>
        <time>2026-08-14T15:52:27.002Z</time>
      </trkpt>
      <trkpt lat="49.082667" lon="9.685327">
        <ele>352.243303</ele>
        <time>2026-08-14T15:52:33.946Z</time>
      </trkpt>
      <trkpt lat="49.082812" lon="9.686321">
        <ele>351.410902</ele>
        <time>2026-08-14T15:52:46.624Z</time>
      </trkpt>
      <trkpt lat="49.082754" lon="9.686424">
        <ele>351.687745</ele>
        <time>2026-08-14T15:52:48.887Z</time>
      </trkpt>
      <trkpt lat="49.082572" lon="9.686746">
        <ele>352.554598</ele>
        <time>2026-08-14T15:52:56.249Z</time>
      </trkpt>
      <trkpt lat="49.082477" lon="9.686932">
        <ele>353.035325</ele>
        <time>2026-08-14T15:53:00.785Z</time>
      </trkpt>
      <trkpt lat="49.082205" lon="9.687463">
        <ele>354.409239</ele>
        <time>2026-08-14T15:53:15.152Z</time>
      </trkpt>
      <trkpt lat="49.082122" lon="9.687675">
        <ele>354.912630</ele>
        <time>2026-08-14T15:53:20.827Z</time>
      </trkpt>
      <trkpt lat="49.082047" lon="9.687869">
        <ele>355.371767</ele>
        <time>2026-08-14T15:53:26.142Z</time>
      </trkpt>
      <trkpt lat="49.082042" lon="9.688075">
        <ele>355.791911</ele>
        <time>2026-08-14T15:53:31.077Z</time>
      </trkpt>
      <trkpt lat="49.082193" lon="9.688128">
        <ele>356.274043</ele>
        <time>2026-08-14T15:53:36.915Z</time>
      </trkpt>
      <trkpt lat="49.082570" lon="9.688603">
        <ele>357.949329</ele>
        <time>2026-08-14T15:53:55.559Z</time>
      </trkpt>
      <trkpt lat="49.082874" lon="9.688991">
        <ele>359.366337</ele>
        <time>2026-08-14T15:54:09.850Z</time>
      </trkpt>
      <trkpt lat="49.082979" lon="9.689129">
        <ele>359.861805</ele>
        <time>2026-08-14T15:54:14.854Z</time>
      </trkpt>
      <trkpt lat="49.083490" lon="9.690117">
        <ele>362.810549</ele>
        <time>2026-08-14T15:54:41.252Z</time>
      </trkpt>
      <trkpt lat="49.083531" lon="9.690196">
        <ele>363.046641</ele>
        <time>2026-08-14T15:54:43.069Z</time>
      </trkpt>
      <trkpt lat="49.083684" lon="9.690469">
        <ele>363.461881</ele>
        <time>2026-08-14T15:54:49.255Z</time>
      </trkpt>
      <trkpt lat="49.083943" lon="9.690917">
        <ele>364.002121</ele>
        <time>2026-08-14T15:54:58.561Z</time>
      </trkpt>
      <trkpt lat="49.084050" lon="9.691094">
        <ele>364.219885</ele>
        <time>2026-08-14T15:55:02.175Z</time>
      </trkpt>
      <trkpt lat="49.084365" lon="9.691615">
        <ele>364.860915</ele>
        <time>2026-08-14T15:55:12.395Z</time>
      </trkpt>
      <trkpt lat="49.084511" lon="9.691851">
        <ele>365.154406</ele>
        <time>2026-08-14T15:55:16.928Z</time>
      </trkpt>
      <trkpt lat="49.084790" lon="9.692249">
        <ele>365.677368</ele>
        <time>2026-08-14T15:55:24.894Z</time>
      </trkpt>
      <trkpt lat="49.084969" lon="9.692476">
        <ele>365.725826</ele>
        <time>2026-08-14T15:55:29.497Z</time>
      </trkpt>
      <trkpt lat="49.085360" lon="9.692898">
        <ele>365.825543</ele>
        <time>2026-08-14T15:55:39.398Z</time>
      </trkpt>
      <trkpt lat="49.085474" lon="9.693027">
        <ele>365.855093</ele>
        <time>2026-08-14T15:55:42.368Z</time>
      </trkpt>
      <trkpt lat="49.085636" lon="9.693248">
        <ele>365.900334</ele>
        <time>2026-08-14T15:55:46.501Z</time>
      </trkpt>
      <trkpt lat="49.085844" lon="9.693582">
        <ele>365.963196</ele>
        <time>2026-08-14T15:55:51.523Z</time>
      </trkpt>
      <trkpt lat="49.086083" lon="9.694116">
        <ele>366.050508</ele>
        <time>2026-08-14T15:55:58.173Z</time>
      </trkpt>
      <trkpt lat="49.085965" lon="9.694244">
        <ele>365.940774</ele>
        <time>2026-08-14T15:56:00.411Z</time>
      </trkpt>
      <trkpt lat="49.085557" lon="9.694733">
        <ele>365.547556</ele>
        <time>2026-08-14T15:56:08.130Z</time>
      </trkpt>
      <trkpt lat="49.084691" lon="9.695659">
        <ele>364.746050</ele>
        <time>2026-08-14T15:56:23.866Z</time>
      </trkpt>
      <trkpt lat="49.085230" lon="9.696376">
        <ele>364.803211</ele>
        <time>2026-08-14T15:56:36.287Z</time>
      </trkpt>
      <trkpt lat="49.085344" lon="9.696611">
        <ele>364.837913</ele>
        <time>2026-08-14T15:56:39.853Z</time>
      </trkpt>
      <trkpt lat="49.085544" lon="9.697512">
        <ele>364.950801</ele>
        <time>2026-08-14T15:56:51.921Z</time>
      </trkpt>
      <trkpt lat="49.085635" lon="9.697736">
        <ele>364.982079</ele>
        <time>2026-08-14T15:56:55.253Z</time>
      </trkpt>
      <trkpt lat="49.086041" lon="9.698471">
        <ele>365.143871</ele>
        <time>2026-08-14T15:57:07.053Z</time>
      </trkpt>
      <trkpt lat="49.086425" lon="9.699799">
        <ele>365.415542</ele>
        <time>2026-08-14T15:57:23.631Z</time>
      </trkpt>
      <trkpt lat="49.086575" lon="9.699965">
        <ele>365.468478</ele>
        <time>2026-08-14T15:57:26.891Z</time>
      </trkpt>
      <trkpt lat="49.087243" lon="9.700570">
        <ele>366.123791</ele>
        <time>2026-08-14T15:57:42.506Z</time>
      </trkpt>
      <trkpt lat="49.087693" lon="9.700930">
        <ele>366.655103</ele>
        <time>2026-08-14T15:57:53.738Z</time>
      </trkpt>
      <trkpt lat="49.087859" lon="9.701590">
        <ele>367.139346</ele>
        <time>2026-08-14T15:58:04.578Z</time>
      </trkpt>
      <trkpt lat="49.087977" lon="9.702114">
        <ele>367.550491</ele>
        <time>2026-08-14T15:58:13.326Z</time>
      </trkpt>
      <trkpt lat="49.089245" lon="9.707334">
        <ele>372.104382</ele>
        <time>2026-08-14T15:59:37.247Z</time>
      </trkpt>
      <trkpt lat="49.089389" lon="9.708012">
        <ele>372.164039</ele>
        <time>2026-08-14T15:59:46.689Z</time>
      </trkpt>
      <trkpt lat="49.089521" lon="9.708566">
        <ele>372.213381</ele>
        <time>2026-08-14T15:59:53.599Z</time>
      </trkpt>
      <trkpt lat="49.089784" lon="9.709611">
        <ele>372.307081</ele>
        <time>2026-08-14T16:00:05.400Z</time>
      </trkpt>
      <trkpt lat="49.089933" lon="9.710175">
        <ele>371.911841</ele>
        <time>2026-08-14T16:00:11.406Z</time>
      </trkpt>
      <trkpt lat="49.090002" lon="9.710734">
        <ele>371.470493</ele>
        <time>2026-08-14T16:00:16.836Z</time>
      </trkpt>
      <trkpt lat="49.090086" lon="9.711209">
        <ele>371.088754</ele>
        <time>2026-08-14T16:00:21.532Z</time>
      </trkpt>
      <trkpt lat="49.090308" lon="9.712554">
        <ele>369.859930</ele>
        <time>2026-08-14T16:00:34.622Z</time>
      </trkpt>
      <trkpt lat="49.090767" lon="9.712616">
        <ele>368.826644</ele>
        <time>2026-08-14T16:00:40.901Z</time>
      </trkpt>
      <trkpt lat="49.090879" lon="9.712691">
        <ele>368.552406</ele>
        <time>2026-08-14T16:00:42.538Z</time>
      </trkpt>
      <trkpt lat="49.090929" lon="9.712855">
        <ele>368.286757</ele>
        <time>2026-08-14T16:00:44.109Z</time>
      </trkpt>
      <trkpt lat="49.091039" lon="9.714100">
        <ele>366.441954</ele>
        <time>2026-08-14T16:00:54.799Z</time>
      </trkpt>
      <trkpt lat="49.091072" lon="9.714530">
        <ele>365.882759</ele>
        <time>2026-08-14T16:00:58.403Z</time>
      </trkpt>
      <trkpt lat="49.091244" lon="9.716564">
        <ele>363.541264</ele>
        <time>2026-08-14T16:01:16.303Z</time>
      </trkpt>
      <trkpt lat="49.091231" lon="9.717432">
        <ele>363.442075</ele>
        <time>2026-08-14T16:01:26.109Z</time>
      </trkpt>
      <trkpt lat="49.091183" lon="9.718008">
        <ele>364.052402</ele>
        <time>2026-08-14T16:01:35.259Z</time>
      </trkpt>
      <trkpt lat="49.090696" lon="9.717782">
        <ele>364.869391</ele>
        <time>2026-08-14T16:01:49.904Z</time>
      </trkpt>
      <trkpt lat="49.089984" lon="9.717620">
        <ele>365.938936</ele>
        <time>2026-08-14T16:02:11.054Z</time>
      </trkpt>
      <trkpt lat="49.088441" lon="9.717381">
        <ele>366.694581</ele>
        <time>2026-08-14T16:02:42.487Z</time>
      </trkpt>
      <trkpt lat="49.087742" lon="9.717284">
        <ele>365.654070</ele>
        <time>2026-08-14T16:02:51.906Z</time>
      </trkpt>
      <trkpt lat="49.086750" lon="9.717358">
        <ele>363.552207</ele>
        <time>2026-08-14T16:03:04.492Z</time>
      </trkpt>
      <trkpt lat="49.086302" lon="9.717644">
        <ele>363.013757</ele>
        <time>2026-08-14T16:03:11.160Z</time>
      </trkpt>
      <trkpt lat="49.084978" lon="9.719029">
        <ele>363.337878</ele>
        <time>2026-08-14T16:03:44.103Z</time>
      </trkpt>
      <trkpt lat="49.084620" lon="9.719610">
        <ele>363.503176</ele>
        <time>2026-08-14T16:03:55.536Z</time>
      </trkpt>
      <trkpt lat="49.084266" lon="9.720131">
        <ele>363.658737</ele>
        <time>2026-08-14T16:04:04.306Z</time>
      </trkpt>
      <trkpt lat="49.083647" lon="9.720850">
        <ele>363.913638</ele>
        <time>2026-08-14T16:04:17.106Z</time>
      </trkpt>
      <trkpt lat="49.083365" lon="9.721140">
        <ele>364.302683</ele>
        <time>2026-08-14T16:04:22.868Z</time>
      </trkpt>
      <trkpt lat="49.082479" lon="9.722355">
        <ele>365.665381</ele>
        <time>2026-08-14T16:04:50.475Z</time>
      </trkpt>
      <trkpt lat="49.082340" lon="9.722574">
        <ele>365.893932</ele>
        <time>2026-08-14T16:04:56.050Z</time>
      </trkpt>
      <trkpt lat="49.082279" lon="9.722721">
        <ele>366.010261</ele>
        <time>2026-08-14T16:04:59.198Z</time>
      </trkpt>
      <trkpt lat="49.082320" lon="9.722903">
        <ele>366.123150</ele>
        <time>2026-08-14T16:05:02.599Z</time>
      </trkpt>
      <trkpt lat="49.082592" lon="9.723469">
        <ele>366.534907</ele>
        <time>2026-08-14T16:05:14.077Z</time>
      </trkpt>
      <trkpt lat="49.082730" lon="9.723538">
        <ele>366.664947</ele>
        <time>2026-08-14T16:05:17.388Z</time>
      </trkpt>
      <trkpt lat="49.082798" lon="9.723693">
        <ele>366.774370</ele>
        <time>2026-08-14T16:05:20.044Z</time>
      </trkpt>
      <trkpt lat="49.082760" lon="9.723785">
        <ele>366.838165</ele>
        <time>2026-08-14T16:05:21.543Z</time>
      </trkpt>
      <trkpt lat="49.082682" lon="9.723855">
        <ele>366.919189</ele>
        <time>2026-08-14T16:05:23.438Z</time>
      </trkpt>
      <trkpt lat="49.082915" lon="9.724308">
        <ele>367.257027</ele>
        <time>2026-08-14T16:05:30.758Z</time>
      </trkpt>
      <trkpt lat="49.083202" lon="9.724957">
        <ele>367.308074</ele>
        <time>2026-08-14T16:05:39.492Z</time>
      </trkpt>
      <trkpt lat="49.083575" lon="9.725938">
        <ele>366.113974</ele>
        <time>2026-08-14T16:05:50.370Z</time>
      </trkpt>
      <trkpt lat="49.083763" lon="9.726547">
        <ele>365.405243</ele>
        <time>2026-08-14T16:05:56.426Z</time>
      </trkpt>
      <trkpt lat="49.083811" lon="9.726706">
        <ele>365.220941</ele>
        <time>2026-08-14T16:05:57.962Z</time>
      </trkpt>
      <trkpt lat="49.084126" lon="9.727685">
        <ele>362.639712</ele>
        <time>2026-08-14T16:06:07.068Z</time>
      </trkpt>
      <trkpt lat="49.084336" lon="9.728155">
        <ele>360.625987</ele>
        <time>2026-08-14T16:06:11.490Z</time>
      </trkpt>
      <trkpt lat="49.084398" lon="9.728258">
        <ele>360.130855</ele>
        <time>2026-08-14T16:06:12.549Z</time>
      </trkpt>
      <trkpt lat="49.084588" lon="9.728413">
        <ele>358.966725</ele>
        <time>2026-08-14T16:06:15.003Z</time>
      </trkpt>
      <trkpt lat="49.084779" lon="9.728408">
        <ele>357.934406</ele>
        <time>2026-08-14T16:06:17.170Z</time>
      </trkpt>
      <trkpt lat="49.085403" lon="9.728091">
        <ele>353.872477</ele>
        <time>2026-08-14T16:06:24.430Z</time>
      </trkpt>
      <trkpt lat="49.085502" lon="9.728158">
        <ele>352.773682</ele>
        <time>2026-08-14T16:06:25.599Z</time>
      </trkpt>
      <trkpt lat="49.085682" lon="9.728470">
        <ele>350.010559</ele>
        <time>2026-08-14T16:06:28.509Z</time>
      </trkpt>
      <trkpt lat="49.085718" lon="9.729034">
        <ele>346.244746</ele>
        <time>2026-08-14T16:06:32.411Z</time>
      </trkpt>
      <trkpt lat="49.085747" lon="9.729634">
        <ele>342.246613</ele>
        <time>2026-08-14T16:06:36.486Z</time>
      </trkpt>
      <trkpt lat="49.085718" lon="9.729911">
        <ele>340.382444</ele>
        <time>2026-08-14T16:06:38.379Z</time>
      </trkpt>
      <trkpt lat="49.085565" lon="9.730542">
        <ele>335.867415</ele>
        <time>2026-08-14T16:06:42.894Z</time>
      </trkpt>
      <trkpt lat="49.085538" lon="9.730763">
        <ele>334.291852</ele>
        <time>2026-08-14T16:06:44.394Z</time>
      </trkpt>
      <trkpt lat="49.085602" lon="9.730800">
        <ele>333.559547</ele>
        <time>2026-08-14T16:06:45.090Z</time>
      </trkpt>
      <trkpt lat="49.085811" lon="9.732746">
        <ele>319.739177</ele>
        <time>2026-08-14T16:06:58.422Z</time>
      </trkpt>
      <trkpt lat="49.085870" lon="9.732989">
        <ele>317.922895</ele>
        <time>2026-08-14T16:07:00.258Z</time>
      </trkpt>
      <trkpt lat="49.085974" lon="9.733139">
        <ele>316.895587</ele>
        <time>2026-08-14T16:07:01.815Z</time>
      </trkpt>
      <trkpt lat="49.086105" lon="9.733189">
        <ele>316.130847</ele>
        <time>2026-08-14T16:07:03.300Z</time>
      </trkpt>
      <trkpt lat="49.086304" lon="9.733146">
        <ele>314.992590</ele>
        <time>2026-08-14T16:07:05.554Z</time>
      </trkpt>
      <trkpt lat="49.087022" lon="9.732881">
        <ele>310.809125</ele>
        <time>2026-08-14T16:07:14.235Z</time>
      </trkpt>
      <trkpt lat="49.087075" lon="9.732949">
        <ele>310.417066</ele>
        <time>2026-08-14T16:07:15.060Z</time>
      </trkpt>
      <trkpt lat="49.087081" lon="9.733080">
        <ele>309.929992</ele>
        <time>2026-08-14T16:07:16.098Z</time>
      </trkpt>
      <trkpt lat="49.087745" lon="9.733459">
        <ele>306.153939</ele>
        <time>2026-08-14T16:07:24.510Z</time>
      </trkpt>
      <trkpt lat="49.088148" lon="9.733704">
        <ele>304.128391</ele>
        <time>2026-08-14T16:07:29.623Z</time>
      </trkpt>
      <trkpt lat="49.088334" lon="9.733653">
        <ele>303.245939</ele>
        <time>2026-08-14T16:07:32.270Z</time>
      </trkpt>
      <trkpt lat="49.088503" lon="9.733778">
        <ele>302.369055</ele>
        <time>2026-08-14T16:07:34.481Z</time>
      </trkpt>
      <trkpt lat="49.088742" lon="9.734046">
        <ele>300.984396</ele>
        <time>2026-08-14T16:07:37.964Z</time>
      </trkpt>
      <trkpt lat="49.089024" lon="9.734230">
        <ele>299.552365</ele>
        <time>2026-08-14T16:07:41.562Z</time>
      </trkpt>
      <trkpt lat="49.089156" lon="9.734252">
        <ele>298.932307</ele>
        <time>2026-08-14T16:07:43.138Z</time>
      </trkpt>
      <trkpt lat="49.089438" lon="9.734207">
        <ele>297.956950</ele>
        <time>2026-08-14T16:07:46.483Z</time>
      </trkpt>
      <trkpt lat="49.089670" lon="9.734061">
        <ele>297.107424</ele>
        <time>2026-08-14T16:07:49.440Z</time>
      </trkpt>
      <trkpt lat="49.089716" lon="9.734060">
        <ele>296.951675</ele>
        <time>2026-08-14T16:07:49.989Z</time>
      </trkpt>
      <trkpt lat="49.089872" lon="9.734450">
        <ele>295.938473</ele>
        <time>2026-08-14T16:07:53.569Z</time>
      </trkpt>
      <trkpt lat="49.089961" lon="9.734354">
        <ele>295.569570</ele>
        <time>2026-08-14T16:07:54.904Z</time>
      </trkpt>
      <trkpt lat="49.090291" lon="9.735228">
        <ele>293.332842</ele>
        <time>2026-08-14T16:08:05.049Z</time>
      </trkpt>
      <trkpt lat="49.090492" lon="9.735165">
        <ele>292.808910</ele>
        <time>2026-08-14T16:08:07.853Z</time>
      </trkpt>
      <trkpt lat="49.090743" lon="9.735203">
        <ele>292.935817</ele>
        <time>2026-08-14T16:08:11.562Z</time>
      </trkpt>
      <trkpt lat="49.091370" lon="9.734987">
        <ele>293.259214</ele>
        <time>2026-08-14T16:08:23.604Z</time>
      </trkpt>
      <trkpt lat="49.091508" lon="9.735042">
        <ele>293.330973</ele>
        <time>2026-08-14T16:08:27.033Z</time>
      </trkpt>
      <trkpt lat="49.091603" lon="9.735129">
        <ele>293.386707</ele>
        <time>2026-08-14T16:08:29.809Z</time>
      </trkpt>
      <trkpt lat="49.092117" lon="9.735773">
        <ele>293.782311</ele>
        <time>2026-08-14T16:08:46.556Z</time>
      </trkpt>
      <trkpt lat="49.092348" lon="9.736109">
        <ele>294.275848</ele>
        <time>2026-08-14T16:08:54.621Z</time>
      </trkpt>
      <trkpt lat="49.092447" lon="9.736324">
        <ele>294.542116</ele>
        <time>2026-08-14T16:08:58.942Z</time>
      </trkpt>
      <trkpt lat="49.092472" lon="9.736448">
        <ele>294.673555</ele>
        <time>2026-08-14T16:09:00.984Z</time>
      </trkpt>
      <trkpt lat="49.092548" lon="9.736729">
        <ele>294.981552</ele>
        <time>2026-08-14T16:09:05.758Z</time>
      </trkpt>
      <trkpt lat="49.092565" lon="9.736835">
        <ele>295.092111</ele>
        <time>2026-08-14T16:09:07.506Z</time>
      </trkpt>
      <trkpt lat="49.092586" lon="9.737093">
        <ele>295.355493</ele>
        <time>2026-08-14T16:09:11.788Z</time>
      </trkpt>
      <trkpt lat="49.092573" lon="9.737595">
        <ele>295.864450</ele>
        <time>2026-08-14T16:09:19.868Z</time>
      </trkpt>
      <trkpt lat="49.092531" lon="9.738054">
        <ele>296.333965</ele>
        <time>2026-08-14T16:09:26.542Z</time>
      </trkpt>
      <trkpt lat="49.092473" lon="9.738268">
        <ele>296.506367</ele>
        <time>2026-08-14T16:09:29.797Z</time>
      </trkpt>
      <trkpt lat="49.092320" lon="9.738837">
        <ele>296.717963</ele>
        <time>2026-08-14T16:09:38.581Z</time>
      </trkpt>
      <trkpt lat="49.092012" lon="9.739268">
        <ele>296.937419</ele>
        <time>2026-08-14T16:09:47.442Z</time>
      </trkpt>
      <trkpt lat="49.091970" lon="9.739510">
        <ele>297.023542</ele>
        <time>2026-08-14T16:09:50.709Z</time>
      </trkpt>
      <trkpt lat="49.091989" lon="9.739598">
        <ele>297.055418</ele>
        <time>2026-08-14T16:09:51.863Z</time>
      </trkpt>
      <trkpt lat="49.092254" lon="9.739978">
        <ele>297.246382</ele>
        <time>2026-08-14T16:09:58.058Z</time>
      </trkpt>
      <trkpt lat="49.092579" lon="9.740381">
        <ele>297.537044</ele>
        <time>2026-08-14T16:10:04.571Z</time>
      </trkpt>
      <trkpt lat="49.093058" lon="9.740942">
        <ele>298.330677</ele>
        <time>2026-08-14T16:10:15.872Z</time>
      </trkpt>
      <trkpt lat="49.093193" lon="9.741054">
        <ele>298.532665</ele>
        <time>2026-08-14T16:10:19.037Z</time>
      </trkpt>
      <trkpt lat="49.093513" lon="9.741170">
        <ele>298.965065</ele>
        <time>2026-08-14T16:10:26.454Z</time>
      </trkpt>
      <trkpt lat="49.093903" lon="9.741098">
        <ele>299.481538</ele>
        <time>2026-08-14T16:10:37.010Z</time>
      </trkpt>
      <trkpt lat="49.094098" lon="9.740973">
        <ele>299.759577</ele>
        <time>2026-08-14T16:10:43.722Z</time>
      </trkpt>
      <trkpt lat="49.095386" lon="9.740149">
        <ele>302.993418</ele>
        <time>2026-08-14T16:11:29.510Z</time>
      </trkpt>
      <trkpt lat="49.095926" lon="9.739981">
        <ele>303.634602</ele>
        <time>2026-08-14T16:11:40.050Z</time>
      </trkpt>
      <trkpt lat="49.096485" lon="9.740009">
        <ele>302.181163</ele>
        <time>2026-08-14T16:11:47.741Z</time>
      </trkpt>
      <trkpt lat="49.097373" lon="9.740432">
        <ele>299.763899</ele>
        <time>2026-08-14T16:11:59.085Z</time>
      </trkpt>
      <trkpt lat="49.097780" lon="9.740761">
        <ele>298.380159</ele>
        <time>2026-08-14T16:12:04.650Z</time>
      </trkpt>
      <trkpt lat="49.098611" lon="9.741587">
        <ele>295.145195</ele>
        <time>2026-08-14T16:12:16.992Z</time>
      </trkpt>
      <trkpt lat="49.099139" lon="9.742319">
        <ele>293.002668</ele>
        <time>2026-08-14T16:12:26.296Z</time>
      </trkpt>
      <trkpt lat="49.099424" lon="9.742779">
        <ele>292.056522</ele>
        <time>2026-08-14T16:12:31.804Z</time>
      </trkpt>
      <trkpt lat="49.099801" lon="9.743584">
        <ele>290.577882</ele>
        <time>2026-08-14T16:12:40.446Z</time>
      </trkpt>
      <trkpt lat="49.100517" lon="9.745260">
        <ele>287.581061</ele>
        <time>2026-08-14T16:12:58.035Z</time>
      </trkpt>
      <trkpt lat="49.100901" lon="9.746150">
        <ele>285.982224</ele>
        <time>2026-08-14T16:13:07.144Z</time>
      </trkpt>
      <trkpt lat="49.101003" lon="9.746278">
        <ele>285.679776</ele>
        <time>2026-08-14T16:13:08.905Z</time>
      </trkpt>
      <trkpt lat="49.101420" lon="9.746774">
        <ele>284.802959</ele>
        <time>2026-08-14T16:13:16.013Z</time>
      </trkpt>
      <trkpt lat="49.101551" lon="9.746943">
        <ele>284.588164</ele>
        <time>2026-08-14T16:13:18.495Z</time>
      </trkpt>
      <trkpt lat="49.101619" lon="9.747053">
        <ele>284.464092</ele>
        <time>2026-08-14T16:13:19.951Z</time>
      </trkpt>
      <trkpt lat="49.101675" lon="9.747141">
        <ele>284.363449</ele>
        <time>2026-08-14T16:13:21.523Z</time>
      </trkpt>
      <trkpt lat="49.101770" lon="9.747094">
        <ele>284.238362</ele>
        <time>2026-08-14T16:13:23.498Z</time>
      </trkpt>
      <trkpt lat="49.101737" lon="9.747436">
        <ele>283.954853</ele>
        <time>2026-08-14T16:13:26.643Z</time>
      </trkpt>
      <trkpt lat="49.101754" lon="9.747481">
        <ele>283.912245</ele>
        <time>2026-08-14T16:13:27.135Z</time>
      </trkpt>
      <trkpt lat="49.101889" lon="9.747606">
        <ele>283.714494</ele>
        <time>2026-08-14T16:13:29.448Z</time>
      </trkpt>
      <trkpt lat="49.101991" lon="9.747659">
        <ele>283.579535</ele>
        <time>2026-08-14T16:13:31.084Z</time>
      </trkpt>
      <trkpt lat="49.102301" lon="9.747733">
        <ele>283.186508</ele>
        <time>2026-08-14T16:13:36.272Z</time>
      </trkpt>
      <trkpt lat="49.102482" lon="9.747907">
        <ele>282.950293</ele>
        <time>2026-08-14T16:13:40.203Z</time>
      </trkpt>
      <trkpt lat="49.102591" lon="9.747970">
        <ele>282.939090</ele>
        <time>2026-08-14T16:13:42.171Z</time>
      </trkpt>
      <trkpt lat="49.102965" lon="9.748022">
        <ele>282.902989</ele>
        <time>2026-08-14T16:13:48.641Z</time>
      </trkpt>
      <trkpt lat="49.103061" lon="9.748096">
        <ele>282.892652</ele>
        <time>2026-08-14T16:13:50.449Z</time>
      </trkpt>
      <trkpt lat="49.103122" lon="9.748099">
        <ele>282.886785</ele>
        <time>2026-08-14T16:13:51.483Z</time>
      </trkpt>
      <trkpt lat="49.103279" lon="9.747970">
        <ele>282.869648</ele>
        <time>2026-08-14T16:13:54.456Z</time>
      </trkpt>
      <trkpt lat="49.103393" lon="9.747789">
        <ele>282.853841</ele>
        <time>2026-08-14T16:13:57.162Z</time>
      </trkpt>
      <trkpt lat="49.103488" lon="9.747702">
        <ele>282.843194</ele>
        <time>2026-08-14T16:13:59.057Z</time>
      </trkpt>
      <trkpt lat="49.103659" lon="9.747244">
        <ele>282.810012</ele>
        <time>2026-08-14T16:14:05.300Z</time>
      </trkpt>
      <trkpt lat="49.103684" lon="9.747108">
        <ele>282.801122</ele>
        <time>2026-08-14T16:14:06.919Z</time>
      </trkpt>
      <trkpt lat="49.103837" lon="9.746290">
        <ele>282.660624</ele>
        <time>2026-08-14T16:14:15.989Z</time>
      </trkpt>
      <trkpt lat="49.103886" lon="9.745944">
        <ele>282.578632</ele>
        <time>2026-08-14T16:14:19.533Z</time>
      </trkpt>
      <trkpt lat="49.103989" lon="9.745583">
        <ele>282.487423</ele>
        <time>2026-08-14T16:14:23.395Z</time>
      </trkpt>
      <trkpt lat="49.104100" lon="9.744921">
        <ele>282.329146</ele>
        <time>2026-08-14T16:14:30.164Z</time>
      </trkpt>
      <trkpt lat="49.104080" lon="9.744447">
        <ele>282.219133</ele>
        <time>2026-08-14T16:14:35.297Z</time>
      </trkpt>
      <trkpt lat="49.104071" lon="9.744267">
        <ele>282.177321</ele>
        <time>2026-08-14T16:14:37.362Z</time>
      </trkpt>
      <trkpt lat="49.104250" lon="9.743756">
        <ele>282.514556</ele>
        <time>2026-08-14T16:14:44.522Z</time>
      </trkpt>
      <trkpt lat="49.104252" lon="9.743611">
        <ele>282.638368</ele>
        <time>2026-08-14T16:14:46.571Z</time>
      </trkpt>
      <trkpt lat="49.104299" lon="9.743569">
        <ele>282.709373</ele>
        <time>2026-08-14T16:14:47.854Z</time>
      </trkpt>
      <trkpt lat="49.104607" lon="9.743352">
        <ele>283.151662</ele>
        <time>2026-08-14T16:15:02.119Z</time>
      </trkpt>
      <trkpt lat="49.104585" lon="9.742434">
        <ele>283.935872</ele>
        <time>2026-08-14T16:15:29.765Z</time>
      </trkpt>
      <trkpt lat="49.104615" lon="9.742435">
        <ele>283.975000</ele>
        <time>2026-08-14T16:15:31.275Z</time>
      </trkpt>
      <trkpt lat="49.104651" lon="9.742382">
        <ele>284.040198</ele>
        <time>2026-08-14T16:15:33.035Z</time>
      </trkpt>
      <trkpt lat="49.104723" lon="9.742376">
        <ele>284.134224</ele>
        <time>2026-08-14T16:15:35.269Z</time>
      </trkpt>
      <trkpt lat="49.104770" lon="9.742372">
        <ele>284.195606</ele>
        <time>2026-08-14T16:15:36.631Z</time>
      </trkpt>
      <trkpt lat="49.104731" lon="9.741802">
        <ele>284.514920</ele>
        <time>2026-08-14T16:15:46.772Z</time>
      </trkpt>
      <trkpt lat="49.104749" lon="9.741699">
        <ele>284.526927</ele>
        <time>2026-08-14T16:15:48.093Z</time>
      </trkpt>
      <trkpt lat="49.104792" lon="9.741630">
        <ele>284.537657</ele>
        <time>2026-08-14T16:15:49.668Z</time>
      </trkpt>
      <trkpt lat="49.104837" lon="9.741614">
        <ele>284.545606</ele>
        <time>2026-08-14T16:15:50.563Z</time>
      </trkpt>
      <trkpt lat="49.104971" lon="9.741580">
        <ele>284.568976</ele>
        <time>2026-08-14T16:15:56.211Z</time>
      </trkpt>
      <trkpt lat="49.105000" lon="9.741572">
        <ele>284.574046</ele>
        <time>2026-08-14T16:15:56.765Z</time>
      </trkpt>
      <trkpt lat="49.105006" lon="9.741424">
        <ele>284.590748</ele>
        <time>2026-08-14T16:15:59.176Z</time>
      </trkpt>
      <trkpt lat="49.105022" lon="9.741165">
        <ele>284.620050</ele>
        <time>2026-08-14T16:16:03.060Z</time>
      </trkpt>
      <trkpt lat="49.105064" lon="9.741000">
        <ele>284.639990</ele>
        <time>2026-08-14T16:16:05.666Z</time>
      </trkpt>
      <trkpt lat="49.105107" lon="9.740836">
        <ele>284.659888</ele>
        <time>2026-08-14T16:16:08.073Z</time>
      </trkpt>
      <trkpt lat="49.105162" lon="9.740726">
        <ele>284.675478</ele>
        <time>2026-08-14T16:16:09.967Z</time>
      </trkpt>
      <trkpt lat="49.105287" lon="9.740673">
        <ele>284.697797</ele>
        <time>2026-08-14T16:16:12.219Z</time>
      </trkpt>
      <trkpt lat="49.105373" lon="9.740675">
        <ele>284.712595</ele>
        <time>2026-08-14T16:16:13.555Z</time>
      </trkpt>
      <trkpt lat="49.105546" lon="9.740587">
        <ele>284.743966</ele>
        <time>2026-08-14T16:16:16.533Z</time>
      </trkpt>
      <trkpt lat="49.105699" lon="9.740299">
        <ele>284.785741</ele>
        <time>2026-08-14T16:16:20.604Z</time>
      </trkpt>
      <trkpt lat="49.105890" lon="9.740133">
        <ele>284.572902</ele>
        <time>2026-08-14T16:16:24.246Z</time>
      </trkpt>
      <trkpt lat="49.105999" lon="9.740082">
        <ele>284.395942</ele>
        <time>2026-08-14T16:16:26.066Z</time>
      </trkpt>
      <trkpt lat="49.106204" lon="9.740048">
        <ele>284.075852</ele>
        <time>2026-08-14T16:16:29.355Z</time>
      </trkpt>
      <trkpt lat="49.106295" lon="9.740033">
        <ele>283.933773</ele>
        <time>2026-08-14T16:16:30.756Z</time>
      </trkpt>
      <trkpt lat="49.106572" lon="9.739973">
        <ele>283.499487</ele>
        <time>2026-08-14T16:16:35.325Z</time>
      </trkpt>
      <trkpt lat="49.106676" lon="9.739918">
        <ele>283.328647</ele>
        <time>2026-08-14T16:16:37.057Z</time>
      </trkpt>
      <trkpt lat="49.106840" lon="9.739764">
        <ele>283.029816</ele>
        <time>2026-08-14T16:16:39.971Z</time>
      </trkpt>
      <trkpt lat="49.107076" lon="9.739515">
        <ele>282.584583</ele>
        <time>2026-08-14T16:16:44.239Z</time>
      </trkpt>
      <trkpt lat="49.107160" lon="9.739442">
        <ele>282.434565</ele>
        <time>2026-08-14T16:16:45.755Z</time>
      </trkpt>
      <trkpt lat="49.107282" lon="9.739394">
        <ele>282.239004</ele>
        <time>2026-08-14T16:16:47.845Z</time>
      </trkpt>
      <trkpt lat="49.107463" lon="9.739289">
        <ele>281.984541</ele>
        <time>2026-08-14T16:16:51.266Z</time>
      </trkpt>
      <trkpt lat="49.107885" lon="9.738865">
        <ele>281.731331</ele>
        <time>2026-08-14T16:16:59.984Z</time>
      </trkpt>
      <trkpt lat="49.108060" lon="9.738764">
        <ele>281.637550</ele>
        <time>2026-08-14T16:17:03.259Z</time>
      </trkpt>
      <trkpt lat="49.108236" lon="9.738749">
        <ele>281.549183</ele>
        <time>2026-08-14T16:17:06.483Z</time>
      </trkpt>
      <trkpt lat="49.108433" lon="9.738700">
        <ele>281.449126</ele>
        <time>2026-08-14T16:17:10.294Z</time>
      </trkpt>
      <trkpt lat="49.108563" lon="9.738582">
        <ele>281.373319</ele>
        <time>2026-08-14T16:17:13.332Z</time>
      </trkpt>
      <trkpt lat="49.109016" lon="9.738331">
        <ele>281.131751</ele>
        <time>2026-08-14T16:17:22.944Z</time>
      </trkpt>
      <trkpt lat="49.109468" lon="9.738179">
        <ele>280.721430</ele>
        <time>2026-08-14T16:17:31.276Z</time>
      </trkpt>
      <trkpt lat="49.109568" lon="9.738121">
        <ele>280.621195</ele>
        <time>2026-08-14T16:17:33.036Z</time>
      </trkpt>
      <trkpt lat="49.109614" lon="9.738048">
        <ele>280.559038</ele>
        <time>2026-08-14T16:17:34.131Z</time>
      </trkpt>
      <trkpt lat="49.109716" lon="9.737916">
        <ele>280.433768</ele>
        <time>2026-08-14T16:17:36.334Z</time>
      </trkpt>
      <trkpt lat="49.109982" lon="9.737754">
        <ele>280.165424</ele>
        <time>2026-08-14T16:17:41.052Z</time>
      </trkpt>
      <trkpt lat="49.110159" lon="9.737639">
        <ele>279.985182</ele>
        <time>2026-08-14T16:17:44.229Z</time>
      </trkpt>
      <trkpt lat="49.110270" lon="9.737590">
        <ele>279.876909</ele>
        <time>2026-08-14T16:17:46.149Z</time>
      </trkpt>
      <trkpt lat="49.110245" lon="9.737501">
        <ele>279.817501</ele>
        <time>2026-08-14T16:17:47.349Z</time>
      </trkpt>
      <trkpt lat="49.110171" lon="9.737028">
        <ele>279.519180</ele>
        <time>2026-08-14T16:17:51.965Z</time>
      </trkpt>
      <trkpt lat="49.110156" lon="9.736935">
        <ele>279.460426</ele>
        <time>2026-08-14T16:17:53.277Z</time>
      </trkpt>
      <trkpt lat="49.110148" lon="9.736711">
        <ele>279.563916</ele>
        <time>2026-08-14T16:17:56.236Z</time>
      </trkpt>
      <trkpt lat="49.110213" lon="9.736588">
        <ele>279.709086</ele>
        <time>2026-08-14T16:17:58.307Z</time>
      </trkpt>
      <trkpt lat="49.110276" lon="9.736467">
        <ele>279.851067</ele>
        <time>2026-08-14T16:18:00.405Z</time>
      </trkpt>
      <trkpt lat="49.110488" lon="9.736042">
        <ele>280.341762</ele>
        <time>2026-08-14T16:18:07.608Z</time>
      </trkpt>
      <trkpt lat="49.110743" lon="9.735528">
        <ele>280.934027</ele>
        <time>2026-08-14T16:18:18.788Z</time>
      </trkpt>
      <trkpt lat="49.110790" lon="9.735572">
        <ele>281.011359</ele>
        <time>2026-08-14T16:18:20.560Z</time>
      </trkpt>
      <trkpt lat="49.110803" lon="9.735585">
        <ele>281.033156</ele>
        <time>2026-08-14T16:18:21.134Z</time>
      </trkpt>
      <trkpt lat="49.110901" lon="9.735698">
        <ele>281.205406</ele>
        <time>2026-08-14T16:18:25.095Z</time>
      </trkpt>
      <trkpt lat="49.110916" lon="9.735736">
        <ele>281.246156</ele>
        <time>2026-08-14T16:18:26.195Z</time>
      </trkpt>
      <trkpt lat="49.111081" lon="9.736040">
        <ele>281.608809</ele>
        <time>2026-08-14T16:18:36.378Z</time>
      </trkpt>
      <trkpt lat="49.111187" lon="9.736228">
        <ele>281.836667</ele>
        <time>2026-08-14T16:18:43.547Z</time>
      </trkpt>
      <trkpt lat="49.111284" lon="9.736396">
        <ele>282.209605</ele>
        <time>2026-08-14T16:18:50.213Z</time>
      </trkpt>
      <trkpt lat="49.111351" lon="9.736515">
        <ele>282.595445</ele>
        <time>2026-08-14T16:18:55.024Z</time>
      </trkpt>
      <trkpt lat="49.111444" lon="9.736579">
        <ele>282.978484</ele>
        <time>2026-08-14T16:18:59.985Z</time>
      </trkpt>
      <trkpt lat="49.111507" lon="9.736527">
        <ele>283.247389</ele>
        <time>2026-08-14T16:19:03.204Z</time>
      </trkpt>
      <trkpt lat="49.111599" lon="9.736479">
        <ele>283.612466</ele>
        <time>2026-08-14T16:19:07.843Z</time>
      </trkpt>
      <trkpt lat="49.111792" lon="9.736450">
        <ele>284.340729</ele>
        <time>2026-08-14T16:19:16.796Z</time>
      </trkpt>
      <trkpt lat="49.111800" lon="9.736587">
        <ele>284.678831</ele>
        <time>2026-08-14T16:19:20.819Z</time>
      </trkpt>
      <trkpt lat="49.111809" lon="9.736754">
        <ele>285.090730</ele>
        <time>2026-08-14T16:19:25.577Z</time>
      </trkpt>
      <trkpt lat="49.111810" lon="9.736779">
        <ele>285.152298</ele>
        <time>2026-08-14T16:19:26.344Z</time>
      </trkpt>
      <trkpt lat="49.111827" lon="9.736899">
        <ele>285.454103</ele>
        <time>2026-08-14T16:19:30.374Z</time>
      </trkpt>
      <trkpt lat="49.111904" lon="9.736981">
        <ele>285.806580</ele>
        <time>2026-08-14T16:19:34.998Z</time>
      </trkpt>
      <trkpt lat="49.111973" lon="9.737054">
        <ele>286.121762</ele>
        <time>2026-08-14T16:19:38.865Z</time>
      </trkpt>
      <trkpt lat="49.112157" lon="9.737057">
        <ele>286.812770</ele>
        <time>2026-08-14T16:19:47.051Z</time>
      </trkpt>
      <trkpt lat="49.112218" lon="9.737091">
        <ele>287.056611</ele>
        <time>2026-08-14T16:19:49.544Z</time>
      </trkpt>
      <trkpt lat="49.112290" lon="9.737076">
        <ele>287.329493</ele>
        <time>2026-08-14T16:19:52.040Z</time>
      </trkpt>
      <trkpt lat="49.112414" lon="9.737037">
        <ele>287.804911</ele>
        <time>2026-08-14T16:20:00.844Z</time>
      </trkpt>
      <trkpt lat="49.112580" lon="9.736986">
        <ele>288.440765</ele>
        <time>2026-08-14T16:20:12.587Z</time>
      </trkpt>
      <trkpt lat="49.112621" lon="9.736952">
        <ele>288.615952</ele>
        <time>2026-08-14T16:20:13.708Z</time>
      </trkpt>
      <trkpt lat="49.112719" lon="9.736914">
        <ele>288.487041</ele>
        <time>2026-08-14T16:20:16.034Z</time>
      </trkpt>
      <trkpt lat="49.112786" lon="9.736848">
        <ele>288.276504</ele>
        <time>2026-08-14T16:20:17.190Z</time>
      </trkpt>
      <trkpt lat="49.112817" lon="9.736816">
        <ele>288.177698</ele>
        <time>2026-08-14T16:20:17.757Z</time>
      </trkpt>
      <trkpt lat="49.112840" lon="9.736577">
        <ele>287.760103</ele>
        <time>2026-08-14T16:20:20.763Z</time>
      </trkpt>
      <trkpt lat="49.112872" lon="9.736256">
        <ele>287.198799</ele>
        <time>2026-08-14T16:20:24.394Z</time>
      </trkpt>
      <trkpt lat="49.112898" lon="9.736002">
        <ele>286.754379</ele>
        <time>2026-08-14T16:20:27.144Z</time>
      </trkpt>
      <trkpt lat="49.112924" lon="9.735734">
        <ele>286.286033</ele>
        <time>2026-08-14T16:20:29.979Z</time>
      </trkpt>
      <trkpt lat="49.112929" lon="9.735682">
        <ele>286.195177</ele>
        <time>2026-08-14T16:20:30.552Z</time>
      </trkpt>
      <trkpt lat="49.112940" lon="9.735556">
        <ele>285.975436</ele>
        <time>2026-08-14T16:20:31.889Z</time>
      </trkpt>
      <trkpt lat="49.112990" lon="9.735064">
        <ele>285.114739</ele>
        <time>2026-08-14T16:20:37.114Z</time>
      </trkpt>
      <trkpt lat="49.113032" lon="9.734642">
        <ele>284.376855</ele>
        <time>2026-08-14T16:20:41.585Z</time>
      </trkpt>
      <trkpt lat="49.113045" lon="9.734489">
        <ele>284.110149</ele>
        <time>2026-08-14T16:20:43.218Z</time>
      </trkpt>
      <trkpt lat="49.113085" lon="9.734135">
        <ele>284.136169</ele>
        <time>2026-08-14T16:20:47.437Z</time>
      </trkpt>
      <trkpt lat="49.113112" lon="9.733703">
        <ele>284.446251</ele>
        <time>2026-08-14T16:20:54.158Z</time>
      </trkpt>
      <trkpt lat="49.113116" lon="9.733644">
        <ele>284.488634</ele>
        <time>2026-08-14T16:20:55.299Z</time>
      </trkpt>
      <trkpt lat="49.113107" lon="9.733013">
        <ele>284.939611</ele>
        <time>2026-08-14T16:21:07.438Z</time>
      </trkpt>
      <trkpt lat="49.113106" lon="9.732988">
        <ele>284.957508</ele>
        <time>2026-08-14T16:21:08.048Z</time>
      </trkpt>
      <trkpt lat="49.113186" lon="9.732905">
        <ele>285.063071</ele>
        <time>2026-08-14T16:21:11.111Z</time>
      </trkpt>
      <trkpt lat="49.113223" lon="9.732861">
        <ele>285.114254</ele>
        <time>2026-08-14T16:21:12.524Z</time>
      </trkpt>
      <trkpt lat="49.113338" lon="9.732656">
        <ele>285.307166</ele>
        <time>2026-08-14T16:21:17.953Z</time>
      </trkpt>
      <trkpt lat="49.113369" lon="9.732613">
        <ele>285.352873</ele>
        <time>2026-08-14T16:21:19.277Z</time>
      </trkpt>
      <trkpt lat="49.113480" lon="9.732478">
        <ele>285.507750</ele>
        <time>2026-08-14T16:21:23.677Z</time>
      </trkpt>
      <trkpt lat="49.113675" lon="9.732259">
        <ele>285.771942</ele>
        <time>2026-08-14T16:21:31.006Z</time>
      </trkpt>
      <trkpt lat="49.113768" lon="9.732231">
        <ele>285.875414</ele>
        <time>2026-08-14T16:21:34.092Z</time>
      </trkpt>
      <trkpt lat="49.113888" lon="9.732218">
        <ele>286.188286</ele>
        <time>2026-08-14T16:21:38.522Z</time>
      </trkpt>
      <trkpt lat="49.114033" lon="9.732212">
        <ele>286.644904</ele>
        <time>2026-08-14T16:21:43.081Z</time>
      </trkpt>
      <trkpt lat="49.114077" lon="9.732216">
        <ele>286.783658</ele>
        <time>2026-08-14T16:21:44.362Z</time>
      </trkpt>
      <trkpt lat="49.114882" lon="9.732394">
        <ele>289.344150</ele>
        <time>2026-08-14T16:22:04.940Z</time>
      </trkpt>
      <trkpt lat="49.114997" lon="9.732361">
        <ele>289.712493</ele>
        <time>2026-08-14T16:22:08.204Z</time>
      </trkpt>
      <trkpt lat="49.115096" lon="9.732278">
        <ele>290.067979</ele>
        <time>2026-08-14T16:22:11.716Z</time>
      </trkpt>
      <trkpt lat="49.115153" lon="9.732169">
        <ele>290.355445</ele>
        <time>2026-08-14T16:22:14.651Z</time>
      </trkpt>
      <trkpt lat="49.115412" lon="9.732238">
        <ele>291.183063</ele>
        <time>2026-08-14T16:22:23.514Z</time>
      </trkpt>
      <trkpt lat="49.115443" lon="9.732155">
        <ele>291.379963</ele>
        <time>2026-08-14T16:22:25.992Z</time>
      </trkpt>
      <trkpt lat="49.115544" lon="9.732053">
        <ele>292.149230</ele>
        <time>2026-08-14T16:22:30.621Z</time>
      </trkpt>
      <trkpt lat="49.115867" lon="9.731843">
        <ele>295.527020</ele>
        <time>2026-08-14T16:22:45.381Z</time>
      </trkpt>
      <trkpt lat="49.116518" lon="9.731311">
        <ele>302.631081</ele>
        <time>2026-08-14T16:23:32.522Z</time>
      </trkpt>
      <trkpt lat="49.116662" lon="9.731230">
        <ele>304.107650</ele>
        <time>2026-08-14T16:23:43.885Z</time>
      </trkpt>
      <trkpt lat="49.117029" lon="9.730767">
        <ele>308.687436</ele>
        <time>2026-08-14T16:24:17.747Z</time>
      </trkpt>
      <trkpt lat="49.117082" lon="9.730627">
        <ele>310.102030</ele>
        <time>2026-08-14T16:24:25.558Z</time>
      </trkpt>
      <trkpt lat="49.117112" lon="9.730424">
        <ele>312.040942</ele>
        <time>2026-08-14T16:24:35.762Z</time>
      </trkpt>
      <trkpt lat="49.117120" lon="9.730376">
        <ele>312.502417</ele>
        <time>2026-08-14T16:24:38.306Z</time>
      </trkpt>
      <trkpt lat="49.117675" lon="9.730123">
        <ele>320.746755</ele>
        <time>2026-08-14T16:25:25.052Z</time>
      </trkpt>
      <trkpt lat="49.118421" lon="9.729655">
        <ele>332.226046</ele>
        <time>2026-08-14T16:26:31.419Z</time>
      </trkpt>
      <trkpt lat="49.118551" lon="9.729534">
        <ele>334.392871</ele>
        <time>2026-08-14T16:26:44.883Z</time>
      </trkpt>
      <trkpt lat="49.118759" lon="9.729410">
        <ele>337.458437</ele>
        <time>2026-08-14T16:27:06.017Z</time>
      </trkpt>
      <trkpt lat="49.118993" lon="9.729271">
        <ele>340.901880</ele>
        <time>2026-08-14T16:27:30.148Z</time>
      </trkpt>
      <trkpt lat="49.119082" lon="9.729141">
        <ele>342.590624</ele>
        <time>2026-08-14T16:27:41.974Z</time>
      </trkpt>
      <trkpt lat="49.119171" lon="9.728906">
        <ele>345.027851</ele>
        <time>2026-08-14T16:27:58.515Z</time>
      </trkpt>
      <trkpt lat="49.119232" lon="9.728649">
        <ele>347.481863</ele>
        <time>2026-08-14T16:28:14.260Z</time>
      </trkpt>
      <trkpt lat="49.119223" lon="9.728221">
        <ele>351.325833</ele>
        <time>2026-08-14T16:28:37.311Z</time>
      </trkpt>
      <trkpt lat="49.119257" lon="9.727809">
        <ele>355.053478</ele>
        <time>2026-08-14T16:28:57.627Z</time>
      </trkpt>
      <trkpt lat="49.119344" lon="9.727422">
        <ele>358.726639</ele>
        <time>2026-08-14T16:29:15.259Z</time>
      </trkpt>
      <trkpt lat="49.119429" lon="9.727035">
        <ele>359.468880</ele>
        <time>2026-08-14T16:29:29.973Z</time>
      </trkpt>
      <trkpt lat="49.119601" lon="9.726373">
        <ele>360.094321</ele>
        <time>2026-08-14T16:29:46.118Z</time>
      </trkpt>
      <trkpt lat="49.119803" lon="9.725831">
        <ele>360.642012</ele>
        <time>2026-08-14T16:29:52.714Z</time>
      </trkpt>
      <trkpt lat="49.119920" lon="9.725634">
        <ele>360.875606</ele>
        <time>2026-08-14T16:29:55.047Z</time>
      </trkpt>
      <trkpt lat="49.120341" lon="9.725198">
        <ele>361.557977</ele>
        <time>2026-08-14T16:30:01.411Z</time>
      </trkpt>
      <trkpt lat="49.120518" lon="9.724942">
        <ele>360.481251</ele>
        <time>2026-08-14T16:30:04.266Z</time>
      </trkpt>
      <trkpt lat="49.121187" lon="9.724041">
        <ele>356.424601</ele>
        <time>2026-08-14T16:30:14.566Z</time>
      </trkpt>
      <trkpt lat="49.121306" lon="9.723870">
        <ele>355.681504</ele>
        <time>2026-08-14T16:30:16.474Z</time>
      </trkpt>
      <trkpt lat="49.122008" lon="9.722893">
        <ele>352.516271</ele>
        <time>2026-08-14T16:30:27.953Z</time>
      </trkpt>
      <trkpt lat="49.122179" lon="9.722655">
        <ele>352.064901</ele>
        <time>2026-08-14T16:30:30.984Z</time>
      </trkpt>
      <trkpt lat="49.122509" lon="9.722197">
        <ele>351.194954</ele>
        <time>2026-08-14T16:30:37.157Z</time>
      </trkpt>
      <trkpt lat="49.122796" lon="9.721905">
        <ele>350.522107</ele>
        <time>2026-08-14T16:30:42.329Z</time>
      </trkpt>
      <trkpt lat="49.122978" lon="9.721676">
        <ele>350.062038</ele>
        <time>2026-08-14T16:30:46.114Z</time>
      </trkpt>
      <trkpt lat="49.123155" lon="9.721268">
        <ele>349.725546</ele>
        <time>2026-08-14T16:30:51.618Z</time>
      </trkpt>
      <trkpt lat="49.123162" lon="9.721188">
        <ele>349.690620</ele>
        <time>2026-08-14T16:30:52.581Z</time>
      </trkpt>
      <trkpt lat="49.123168" lon="9.720807">
        <ele>349.525703</ele>
        <time>2026-08-14T16:30:57.400Z</time>
      </trkpt>
      <trkpt lat="49.123235" lon="9.720754">
        <ele>349.475817</ele>
        <time>2026-08-14T16:30:58.877Z</time>
      </trkpt>
      <trkpt lat="49.123305" lon="9.720644">
        <ele>349.409424</ele>
        <time>2026-08-14T16:31:00.848Z</time>
      </trkpt>
      <trkpt lat="49.123431" lon="9.720215">
        <ele>349.205946</ele>
        <time>2026-08-14T16:31:06.639Z</time>
      </trkpt>
      <trkpt lat="49.123561" lon="9.719909">
        <ele>349.048078</ele>
        <time>2026-08-14T16:31:10.601Z</time>
      </trkpt>
      <trkpt lat="49.123621" lon="9.719765">
        <ele>348.974208</ele>
        <time>2026-08-14T16:31:12.344Z</time>
      </trkpt>
      <trkpt lat="49.123656" lon="9.719555">
        <ele>348.880436</ele>
        <time>2026-08-14T16:31:14.463Z</time>
      </trkpt>
      <trkpt lat="49.123647" lon="9.719031">
        <ele>348.452928</ele>
        <time>2026-08-14T16:31:19.147Z</time>
      </trkpt>
      <trkpt lat="49.123610" lon="9.718348">
        <ele>346.208977</ele>
        <time>2026-08-14T16:31:24.740Z</time>
      </trkpt>
      <trkpt lat="49.123606" lon="9.718265">
        <ele>345.936479</ele>
        <time>2026-08-14T16:31:25.391Z</time>
      </trkpt>
      <trkpt lat="49.123576" lon="9.717857">
        <ele>344.592184</ele>
        <time>2026-08-14T16:31:28.484Z</time>
      </trkpt>
      <trkpt lat="49.123544" lon="9.717460">
        <ele>343.282489</ele>
        <time>2026-08-14T16:31:31.384Z</time>
      </trkpt>
      <trkpt lat="49.123551" lon="9.717165">
        <ele>342.315953</ele>
        <time>2026-08-14T16:31:33.498Z</time>
      </trkpt>
      <trkpt lat="49.123582" lon="9.716884">
        <ele>341.382910</ele>
        <time>2026-08-14T16:31:35.553Z</time>
      </trkpt>
      <trkpt lat="49.123677" lon="9.716465">
        <ele>339.931003</ele>
        <time>2026-08-14T16:31:38.818Z</time>
      </trkpt>
      <trkpt lat="49.123778" lon="9.716189">
        <ele>339.314939</ele>
        <time>2026-08-14T16:31:41.205Z</time>
      </trkpt>
      <trkpt lat="49.123988" lon="9.715621">
        <ele>338.313257</ele>
        <time>2026-08-14T16:31:46.297Z</time>
      </trkpt>
      <trkpt lat="49.124113" lon="9.715295">
        <ele>337.733117</ele>
        <time>2026-08-14T16:31:49.385Z</time>
      </trkpt>
      <trkpt lat="49.124345" lon="9.714693">
        <ele>336.660425</ele>
        <time>2026-08-14T16:31:55.852Z</time>
      </trkpt>
      <trkpt lat="49.124519" lon="9.714244">
        <ele>335.859214</ele>
        <time>2026-08-14T16:32:02.104Z</time>
      </trkpt>
      <trkpt lat="49.124642" lon="9.713998">
        <ele>335.482256</ele>
        <time>2026-08-14T16:32:06.848Z</time>
      </trkpt>
      <trkpt lat="49.124712" lon="9.713858">
        <ele>335.539080</ele>
        <time>2026-08-14T16:32:09.441Z</time>
      </trkpt>
      <trkpt lat="49.124867" lon="9.713677">
        <ele>335.635221</ele>
        <time>2026-08-14T16:32:13.684Z</time>
      </trkpt>
      <trkpt lat="49.125315" lon="9.713421">
        <ele>335.870944</ele>
        <time>2026-08-14T16:32:23.134Z</time>
      </trkpt>
      <trkpt lat="49.125538" lon="9.713228">
        <ele>335.997250</ele>
        <time>2026-08-14T16:32:28.126Z</time>
      </trkpt>
      <trkpt lat="49.125674" lon="9.712997">
        <ele>336.097464</ele>
        <time>2026-08-14T16:32:31.922Z</time>
      </trkpt>
      <trkpt lat="49.126022" lon="9.712018">
        <ele>336.526377</ele>
        <time>2026-08-14T16:32:44.785Z</time>
      </trkpt>
      <trkpt lat="49.126111" lon="9.711868">
        <ele>336.634897</ele>
        <time>2026-08-14T16:32:47.519Z</time>
      </trkpt>
      <trkpt lat="49.126209" lon="9.711773">
        <ele>336.729948</ele>
        <time>2026-08-14T16:32:49.985Z</time>
      </trkpt>
      <trkpt lat="49.126334" lon="9.711721">
        <ele>336.836050</ele>
        <time>2026-08-14T16:32:52.878Z</time>
      </trkpt>
      <trkpt lat="49.126499" lon="9.711680">
        <ele>336.972963</ele>
        <time>2026-08-14T16:32:56.515Z</time>
      </trkpt>
      <trkpt lat="49.126960" lon="9.711703">
        <ele>337.350730</ele>
        <time>2026-08-14T16:33:05.956Z</time>
      </trkpt>
      <trkpt lat="49.127044" lon="9.711709">
        <ele>337.419602</ele>
        <time>2026-08-14T16:33:07.772Z</time>
      </trkpt>
      <trkpt lat="49.127246" lon="9.711684">
        <ele>337.585585</ele>
        <time>2026-08-14T16:33:12.081Z</time>
      </trkpt>
      <trkpt lat="49.127456" lon="9.711591">
        <ele>337.764655</ele>
        <time>2026-08-14T16:33:17.135Z</time>
      </trkpt>
      <trkpt lat="49.127499" lon="9.711668">
        <ele>337.818907</ele>
        <time>2026-08-14T16:33:18.596Z</time>
      </trkpt>
      <trkpt lat="49.127522" lon="9.711710">
        <ele>337.859214</ele>
        <time>2026-08-14T16:33:19.405Z</time>
      </trkpt>
      <trkpt lat="49.127699" lon="9.712050">
        <ele>338.200493</ele>
        <time>2026-08-14T16:33:25.930Z</time>
      </trkpt>
      <trkpt lat="49.128008" lon="9.712679">
        <ele>338.818312</ele>
        <time>2026-08-14T16:33:37.442Z</time>
      </trkpt>
      <trkpt lat="49.128645" lon="9.712724">
        <ele>339.583778</ele>
        <time>2026-08-14T16:33:50.892Z</time>
      </trkpt>
      <trkpt lat="49.128785" lon="9.712678">
        <ele>339.755673</ele>
        <time>2026-08-14T16:33:54.244Z</time>
      </trkpt>
      <trkpt lat="49.128975" lon="9.712549">
        <ele>340.012697</ele>
        <time>2026-08-14T16:33:59.145Z</time>
      </trkpt>
      <trkpt lat="49.130192" lon="9.711061">
        <ele>342.534111</ele>
        <time>2026-08-14T16:34:38.162Z</time>
      </trkpt>
      <trkpt lat="49.130933" lon="9.709573">
        <ele>343.674181</ele>
        <time>2026-08-14T16:35:07.068Z</time>
      </trkpt>
      <trkpt lat="49.131316" lon="9.708933">
        <ele>344.116565</ele>
        <time>2026-08-14T16:35:17.486Z</time>
      </trkpt>
      <trkpt lat="49.131474" lon="9.708744">
        <ele>344.272973</ele>
        <time>2026-08-14T16:35:20.687Z</time>
      </trkpt>
      <trkpt lat="49.131993" lon="9.708376">
        <ele>344.441065</ele>
        <time>2026-08-14T16:35:29.420Z</time>
      </trkpt>
      <trkpt lat="49.132604" lon="9.707856">
        <ele>344.628287</ele>
        <time>2026-08-14T16:35:41.573Z</time>
      </trkpt>
      <trkpt lat="49.132695" lon="9.707743">
        <ele>344.659676</ele>
        <time>2026-08-14T16:35:43.956Z</time>
      </trkpt>
      <trkpt lat="49.132909" lon="9.707126">
        <ele>344.798566</ele>
        <time>2026-08-14T16:35:53.969Z</time>
      </trkpt>
      <trkpt lat="49.133011" lon="9.706740">
        <ele>345.124339</ele>
        <time>2026-08-14T16:36:00.616Z</time>
      </trkpt>
      <trkpt lat="49.133130" lon="9.706547">
        <ele>345.331868</ele>
        <time>2026-08-14T16:36:05.113Z</time>
      </trkpt>
      <trkpt lat="49.133285" lon="9.706362">
        <ele>345.567084</ele>
        <time>2026-08-14T16:36:10.335Z</time>
      </trkpt>
      <trkpt lat="49.134022" lon="9.705635">
        <ele>346.616203</ele>
        <time>2026-08-14T16:36:30.546Z</time>
      </trkpt>
      <trkpt lat="49.134692" lon="9.704868">
        <ele>347.101595</ele>
        <time>2026-08-14T16:36:45.902Z</time>
      </trkpt>
      <trkpt lat="49.134780" lon="9.704785">
        <ele>347.132680</ele>
        <time>2026-08-14T16:36:47.742Z</time>
      </trkpt>
      <trkpt lat="49.134904" lon="9.704725">
        <ele>347.171778</ele>
        <time>2026-08-14T16:36:50.055Z</time>
      </trkpt>
      <trkpt lat="49.135414" lon="9.704672">
        <ele>347.325440</ele>
        <time>2026-08-14T16:36:59.642Z</time>
      </trkpt>
      <trkpt lat="49.135720" lon="9.704640">
        <ele>347.417640</ele>
        <time>2026-08-14T16:37:05.553Z</time>
      </trkpt>
      <trkpt lat="49.135914" lon="9.704669">
        <ele>347.446942</ele>
        <time>2026-08-14T16:37:09.140Z</time>
      </trkpt>
      <trkpt lat="49.135984" lon="9.704760">
        <ele>347.360952</ele>
        <time>2026-08-14T16:37:10.714Z</time>
      </trkpt>
      <trkpt lat="49.136021" lon="9.704888">
        <ele>347.275280</ele>
        <time>2026-08-14T16:37:12.259Z</time>
      </trkpt>
      <trkpt lat="49.136054" lon="9.705184">
        <ele>347.091451</ele>
        <time>2026-08-14T16:37:15.491Z</time>
      </trkpt>
      <trkpt lat="49.136110" lon="9.705232">
        <ele>347.031372</ele>
        <time>2026-08-14T16:37:16.543Z</time>
      </trkpt>
      <trkpt lat="49.136199" lon="9.705227">
        <ele>346.948035</ele>
        <time>2026-08-14T16:37:17.955Z</time>
      </trkpt>
      <trkpt lat="49.136218" lon="9.704656">
        <ele>346.598006</ele>
        <time>2026-08-14T16:37:23.683Z</time>
      </trkpt>
      <trkpt lat="49.136240" lon="9.704141">
        <ele>346.282042</ele>
        <time>2026-08-14T16:37:28.526Z</time>
      </trkpt>
      <trkpt lat="49.136240" lon="9.703314">
        <ele>345.770283</ele>
        <time>2026-08-14T16:37:35.973Z</time>
      </trkpt>
      <trkpt lat="49.136223" lon="9.703210">
        <ele>345.669965</ele>
        <time>2026-08-14T16:37:36.921Z</time>
      </trkpt>
      <trkpt lat="49.136388" lon="9.702598">
        <ele>345.050514</ele>
        <time>2026-08-14T16:37:42.871Z</time>
      </trkpt>
      <trkpt lat="49.136882" lon="9.700812">
        <ele>343.235904</ele>
        <time>2026-08-14T16:38:01.174Z</time>
      </trkpt>
      <trkpt lat="49.137047" lon="9.700308">
        <ele>342.832779</ele>
        <time>2026-08-14T16:38:06.694Z</time>
      </trkpt>
      <trkpt lat="49.137307" lon="9.699074">
        <ele>341.918239</ele>
        <time>2026-08-14T16:38:19.017Z</time>
      </trkpt>
      <trkpt lat="49.137484" lon="9.698381">
        <ele>341.393440</ele>
        <time>2026-08-14T16:38:26.088Z</time>
      </trkpt>
      <trkpt lat="49.137494" lon="9.698083">
        <ele>341.321031</ele>
        <time>2026-08-14T16:38:29.082Z</time>
      </trkpt>
      <trkpt lat="49.137580" lon="9.697852">
        <ele>341.417965</ele>
        <time>2026-08-14T16:38:31.785Z</time>
      </trkpt>
      <trkpt lat="49.137689" lon="9.697644">
        <ele>341.515160</ele>
        <time>2026-08-14T16:38:34.560Z</time>
      </trkpt>
      <trkpt lat="49.138082" lon="9.697126">
        <ele>341.804447</ele>
        <time>2026-08-14T16:38:44.734Z</time>
      </trkpt>
      <trkpt lat="49.138037" lon="9.697034">
        <ele>341.846340</ele>
        <time>2026-08-14T16:38:46.510Z</time>
      </trkpt>
      <trkpt lat="49.137973" lon="9.696928">
        <ele>341.898946</ele>
        <time>2026-08-14T16:38:48.587Z</time>
      </trkpt>
      <trkpt lat="49.137943" lon="9.696877">
        <ele>341.923959</ele>
        <time>2026-08-14T16:38:49.664Z</time>
      </trkpt>
      <trkpt lat="49.137885" lon="9.696888">
        <ele>341.956540</ele>
        <time>2026-08-14T16:38:50.983Z</time>
      </trkpt>
      <trkpt lat="49.137732" lon="9.697081">
        <ele>342.067125</ele>
        <time>2026-08-14T16:38:55.497Z</time>
      </trkpt>
      <trkpt lat="49.137571" lon="9.697109">
        <ele>342.157455</ele>
        <time>2026-08-14T16:38:59.303Z</time>
      </trkpt>
      <trkpt lat="49.137488" lon="9.697145">
        <ele>342.205550</ele>
        <time>2026-08-14T16:39:01.399Z</time>
      </trkpt>
      <trkpt lat="49.137304" lon="9.697127">
        <ele>342.308460</ele>
        <time>2026-08-14T16:39:05.779Z</time>
      </trkpt>
      <trkpt lat="49.137214" lon="9.697107">
        <ele>342.359363</ele>
        <time>2026-08-14T16:39:08.016Z</time>
      </trkpt>
      <trkpt lat="49.137064" lon="9.697110">
        <ele>342.443327</ele>
        <time>2026-08-14T16:39:11.649Z</time>
      </trkpt>
      <trkpt lat="49.137192" lon="9.696578">
        <ele>342.650895</ele>
        <time>2026-08-14T16:39:20.030Z</time>
      </trkpt>
      <trkpt lat="49.137511" lon="9.694096">
        <ele>343.517810</ele>
        <time>2026-08-14T16:39:48.646Z</time>
      </trkpt>
      <trkpt lat="49.137745" lon="9.692425">
        <ele>344.017188</ele>
        <time>2026-08-14T16:40:10.079Z</time>
      </trkpt>
      <trkpt lat="49.138043" lon="9.691172">
        <ele>344.939425</ele>
        <time>2026-08-14T16:40:29.288Z</time>
      </trkpt>
      <trkpt lat="49.138262" lon="9.690503">
        <ele>345.521845</ele>
        <time>2026-08-14T16:40:40.718Z</time>
      </trkpt>
      <trkpt lat="49.138683" lon="9.689499">
        <ele>346.397071</ele>
        <time>2026-08-14T16:40:58.999Z</time>
      </trkpt>
      <trkpt lat="49.139110" lon="9.688683">
        <ele>347.016534</ele>
        <time>2026-08-14T16:41:14.478Z</time>
      </trkpt>
      <trkpt lat="49.139609" lon="9.687936">
        <ele>347.649443</ele>
        <time>2026-08-14T16:41:28.763Z</time>
      </trkpt>
      <trkpt lat="49.140261" lon="9.687164">
        <ele>348.029011</ele>
        <time>2026-08-14T16:41:43.390Z</time>
      </trkpt>
      <trkpt lat="49.140510" lon="9.686712">
        <ele>348.140620</ele>
        <time>2026-08-14T16:41:50.593Z</time>
      </trkpt>
      <trkpt lat="49.140600" lon="9.686397">
        <ele>348.205543</ele>
        <time>2026-08-14T16:41:54.781Z</time>
      </trkpt>
      <trkpt lat="49.140780" lon="9.686055">
        <ele>348.288449</ele>
        <time>2026-08-14T16:42:00.006Z</time>
      </trkpt>
      <trkpt lat="49.140907" lon="9.685941">
        <ele>348.330970</ele>
        <time>2026-08-14T16:42:02.704Z</time>
      </trkpt>
      <trkpt lat="49.141059" lon="9.685865">
        <ele>348.379502</ele>
        <time>2026-08-14T16:42:05.618Z</time>
      </trkpt>
      <trkpt lat="49.141241" lon="9.685839">
        <ele>348.586693</ele>
        <time>2026-08-14T16:42:08.978Z</time>
      </trkpt>
      <trkpt lat="49.141535" lon="9.685915">
        <ele>348.924667</ele>
        <time>2026-08-14T16:42:14.570Z</time>
      </trkpt>
      <trkpt lat="49.141747" lon="9.685898">
        <ele>349.165294</ele>
        <time>2026-08-14T16:42:18.755Z</time>
      </trkpt>
      <trkpt lat="49.142417" lon="9.685610">
        <ele>349.954177</ele>
        <time>2026-08-14T16:42:32.958Z</time>
      </trkpt>
      <trkpt lat="49.143076" lon="9.685463">
        <ele>351.736562</ele>
        <time>2026-08-14T16:42:50.430Z</time>
      </trkpt>
      <trkpt lat="49.143712" lon="9.685367">
        <ele>354.992729</ele>
        <time>2026-08-14T16:43:15.790Z</time>
      </trkpt>
      <trkpt lat="49.144150" lon="9.685285">
        <ele>357.241004</ele>
        <time>2026-08-14T16:43:37.108Z</time>
      </trkpt>
      <trkpt lat="49.144769" lon="9.684983">
        <ele>359.765123</ele>
        <time>2026-08-14T16:44:08.671Z</time>
      </trkpt>
      <trkpt lat="49.145201" lon="9.684859">
        <ele>360.193522</ele>
        <time>2026-08-14T16:44:25.293Z</time>
      </trkpt>
      <trkpt lat="49.145594" lon="9.684665">
        <ele>360.596026</ele>
        <time>2026-08-14T16:44:34.955Z</time>
      </trkpt>
      <trkpt lat="49.145839" lon="9.684667">
        <ele>360.834814</ele>
        <time>2026-08-14T16:44:38.572Z</time>
      </trkpt>
      <trkpt lat="49.146592" lon="9.684559">
        <ele>360.605747</ele>
        <time>2026-08-14T16:44:47.736Z</time>
      </trkpt>
      <trkpt lat="49.147233" lon="9.684390">
        <ele>358.685526</ele>
        <time>2026-08-14T16:44:55.352Z</time>
      </trkpt>
      <trkpt lat="49.147632" lon="9.684353">
        <ele>357.505479</ele>
        <time>2026-08-14T16:45:00.416Z</time>
      </trkpt>
      <trkpt lat="49.147917" lon="9.684251">
        <ele>356.641388</ele>
        <time>2026-08-14T16:45:04.500Z</time>
      </trkpt>
      <trkpt lat="49.148130" lon="9.684219">
        <ele>356.029446</ele>
        <time>2026-08-14T16:45:07.765Z</time>
      </trkpt>
      <trkpt lat="49.148327" lon="9.684259">
        <ele>356.353361</ele>
        <time>2026-08-14T16:45:11.091Z</time>
      </trkpt>
      <trkpt lat="49.148894" lon="9.684187">
        <ele>357.280712</ele>
        <time>2026-08-14T16:45:23.814Z</time>
      </trkpt>
      <trkpt lat="49.148991" lon="9.684173">
        <ele>357.439518</ele>
        <time>2026-08-14T16:45:26.745Z</time>
      </trkpt>
      <trkpt lat="49.149534" lon="9.684122">
        <ele>358.326237</ele>
        <time>2026-08-14T16:45:44.198Z</time>
      </trkpt>
      <trkpt lat="49.149705" lon="9.684102">
        <ele>358.605769</ele>
        <time>2026-08-14T16:45:49.306Z</time>
      </trkpt>
      <trkpt lat="49.150142" lon="9.684050">
        <ele>359.384915</ele>
        <time>2026-08-14T16:46:01.049Z</time>
      </trkpt>
      <trkpt lat="49.150298" lon="9.684087">
        <ele>359.687699</ele>
        <time>2026-08-14T16:46:04.858Z</time>
      </trkpt>
      <trkpt lat="49.151715" lon="9.684706">
        <ele>362.659604</ele>
        <time>2026-08-14T16:46:39.153Z</time>
      </trkpt>
      <trkpt lat="49.152539" lon="9.684912">
        <ele>366.368754</ele>
        <time>2026-08-14T16:47:09.789Z</time>
      </trkpt>
      <trkpt lat="49.152848" lon="9.685018">
        <ele>367.775582</ele>
        <time>2026-08-14T16:47:23.731Z</time>
      </trkpt>
      <trkpt lat="49.152940" lon="9.684984">
        <ele>368.196052</ele>
        <time>2026-08-14T16:47:28.002Z</time>
      </trkpt>
      <trkpt lat="49.153082" lon="9.684740">
        <ele>369.145019</ele>
        <time>2026-08-14T16:47:37.305Z</time>
      </trkpt>
      <trkpt lat="49.153318" lon="9.684546">
        <ele>370.335345</ele>
        <time>2026-08-14T16:47:48.480Z</time>
      </trkpt>
      <trkpt lat="49.155053" lon="9.683841">
        <ele>378.207150</ele>
        <time>2026-08-14T16:48:51.365Z</time>
      </trkpt>
      <trkpt lat="49.155457" lon="9.683426">
        <ele>380.910144</ele>
        <time>2026-08-14T16:49:11.264Z</time>
      </trkpt>
      <trkpt lat="49.155884" lon="9.683114">
        <ele>383.558004</ele>
        <time>2026-08-14T16:49:32.275Z</time>
      </trkpt>
      <trkpt lat="49.156367" lon="9.682819">
        <ele>386.468032</ele>
        <time>2026-08-14T16:49:56.567Z</time>
      </trkpt>
      <trkpt lat="49.157200" lon="9.681985">
        <ele>391.036670</ele>
        <time>2026-08-14T16:50:37.302Z</time>
      </trkpt>
      <trkpt lat="49.157480" lon="9.680720">
        <ele>394.597943</ele>
        <time>2026-08-14T16:51:04.957Z</time>
      </trkpt>
      <trkpt lat="49.157588" lon="9.680482">
        <ele>395.370420</ele>
        <time>2026-08-14T16:51:10.699Z</time>
      </trkpt>
      <trkpt lat="49.157820" lon="9.679870">
        <ele>397.817923</ele>
        <time>2026-08-14T16:51:25.111Z</time>
      </trkpt>
      <trkpt lat="49.157888" lon="9.679561">
        <ele>398.996271</ele>
        <time>2026-08-14T16:51:32.308Z</time>
      </trkpt>
      <trkpt lat="49.157972" lon="9.678532">
        <ele>402.744221</ele>
        <time>2026-08-14T16:51:59.052Z</time>
      </trkpt>
      <trkpt lat="49.157779" lon="9.677750">
        <ele>405.950618</ele>
        <time>2026-08-14T16:52:26.757Z</time>
      </trkpt>
      <trkpt lat="49.157415" lon="9.676611">
        <ele>416.309944</ele>
        <time>2026-08-14T16:53:21.520Z</time>
      </trkpt>
      <trkpt lat="49.157078" lon="9.676037">
        <ele>422.613332</ele>
        <time>2026-08-14T16:54:04.121Z</time>
      </trkpt>
      <trkpt lat="49.156675" lon="9.676159">
        <ele>427.746638</ele>
        <time>2026-08-14T16:54:40.511Z</time>
      </trkpt>
      <trkpt lat="49.156202" lon="9.676021">
        <ele>433.389887</ele>
        <time>2026-08-14T16:55:21.392Z</time>
      </trkpt>
      <trkpt lat="49.156079" lon="9.675986">
        <ele>434.850193</ele>
        <time>2026-08-14T16:55:31.440Z</time>
      </trkpt>
      <trkpt lat="49.156175" lon="9.675318">
        <ele>440.071033</ele>
        <time>2026-08-14T16:56:04.701Z</time>
      </trkpt>
      <trkpt lat="49.156363" lon="9.674674">
        <ele>445.454506</ele>
        <time>2026-08-14T16:56:33.650Z</time>
      </trkpt>
      <trkpt lat="49.156830" lon="9.673256">
        <ele>453.689543</ele>
        <time>2026-08-14T16:57:25.851Z</time>
      </trkpt>
      <trkpt lat="49.156779" lon="9.672421">
        <ele>457.161549</ele>
        <time>2026-08-14T16:57:51.636Z</time>
      </trkpt>
      <trkpt lat="49.156915" lon="9.671693">
        <ele>460.296075</ele>
        <time>2026-08-14T16:58:11.816Z</time>
      </trkpt>
      <trkpt lat="49.157165" lon="9.670820">
        <ele>461.089539</ele>
        <time>2026-08-14T16:58:30.951Z</time>
      </trkpt>
      <trkpt lat="49.157421" lon="9.670292">
        <ele>461.534989</ele>
        <time>2026-08-14T16:58:39.807Z</time>
      </trkpt>
      <trkpt lat="49.158029" lon="9.669918">
        <ele>462.214125</ele>
        <time>2026-08-14T16:58:49.470Z</time>
      </trkpt>
      <trkpt lat="49.158146" lon="9.669664">
        <ele>462.374783</ele>
        <time>2026-08-14T16:58:52.359Z</time>
      </trkpt>
      <trkpt lat="49.158497" lon="9.668786">
        <ele>462.677751</ele>
        <time>2026-08-14T16:59:02.610Z</time>
      </trkpt>
      <trkpt lat="49.158630" lon="9.668438">
        <ele>462.796420</ele>
        <time>2026-08-14T16:59:07.217Z</time>
      </trkpt>
      <trkpt lat="49.159458" lon="9.667213">
        <ele>464.462595</ele>
        <time>2026-08-14T16:59:36.114Z</time>
      </trkpt>
      <trkpt lat="49.160304" lon="9.666116">
        <ele>468.354711</ele>
        <time>2026-08-14T17:00:12.473Z</time>
      </trkpt>
      <trkpt lat="49.160866" lon="9.665331">
        <ele>472.941765</ele>
        <time>2026-08-14T17:00:43.556Z</time>
      </trkpt>
      <trkpt lat="49.160902" lon="9.665155">
        <ele>473.881993</ele>
        <time>2026-08-14T17:00:49.261Z</time>
      </trkpt>
      <trkpt lat="49.161033" lon="9.664528">
        <ele>477.238013</ele>
        <time>2026-08-14T17:01:11.564Z</time>
      </trkpt>
      <trkpt lat="49.161121" lon="9.663979">
        <ele>480.120000</ele>
        <time>2026-08-14T17:01:32.657Z</time>
      </trkpt>
      <trkpt lat="49.161135" lon="9.663716">
        <ele>481.465362</ele>
        <time>2026-08-14T17:01:43.238Z</time>
      </trkpt>
      <trkpt lat="49.161042" lon="9.663464">
        <ele>482.940690</ele>
        <time>2026-08-14T17:01:55.270Z</time>
      </trkpt>
      <trkpt lat="49.160902" lon="9.663257">
        <ele>484.499609</ele>
        <time>2026-08-14T17:02:07.957Z</time>
      </trkpt>
      <trkpt lat="49.161219" lon="9.663061">
        <ele>487.276181</ele>
        <time>2026-08-14T17:02:36.290Z</time>
      </trkpt>
      <trkpt lat="49.161652" lon="9.662919">
        <ele>490.872199</ele>
        <time>2026-08-14T17:03:11.746Z</time>
      </trkpt>
      <trkpt lat="49.161822" lon="9.662829">
        <ele>492.333028</ele>
        <time>2026-08-14T17:03:24.972Z</time>
      </trkpt>
      <trkpt lat="49.162053" lon="9.662472">
        <ele>494.999893</ele>
        <time>2026-08-14T17:03:46.840Z</time>
      </trkpt>
      <trkpt lat="49.162205" lon="9.662084">
        <ele>497.401604</ele>
        <time>2026-08-14T17:04:04.390Z</time>
      </trkpt>
      <trkpt lat="49.162242" lon="9.661884">
        <ele>498.096158</ele>
        <time>2026-08-14T17:04:11.719Z</time>
      </trkpt>
      <trkpt lat="49.162312" lon="9.661464">
        <ele>498.149032</ele>
        <time>2026-08-14T17:04:20.721Z</time>
      </trkpt>
      <trkpt lat="49.162414" lon="9.661048">
        <ele>498.203230</ele>
        <time>2026-08-14T17:04:27.757Z</time>
      </trkpt>
      <trkpt lat="49.162452" lon="9.660653">
        <ele>498.251936</ele>
        <time>2026-08-14T17:04:32.179Z</time>
      </trkpt>
      <trkpt lat="49.162444" lon="9.659821">
        <ele>498.353443</ele>
        <time>2026-08-14T17:04:39.671Z</time>
      </trkpt>
      <trkpt lat="49.162347" lon="9.659086">
        <ele>497.905127</ele>
        <time>2026-08-14T17:04:46.090Z</time>
      </trkpt>
      <trkpt lat="49.162362" lon="9.658850">
        <ele>497.250213</ele>
        <time>2026-08-14T17:04:48.120Z</time>
      </trkpt>
      <trkpt lat="49.162500" lon="9.658465">
        <ele>496.037552</ele>
        <time>2026-08-14T17:04:51.704Z</time>
      </trkpt>
      <trkpt lat="49.162541" lon="9.658226">
        <ele>495.355088</ele>
        <time>2026-08-14T17:04:53.698Z</time>
      </trkpt>
      <trkpt lat="49.162520" lon="9.657253">
        <ele>492.666167</ele>
        <time>2026-08-14T17:05:01.395Z</time>
      </trkpt>
      <trkpt lat="49.162601" lon="9.657214">
        <ele>492.307480</ele>
        <time>2026-08-14T17:05:03.425Z</time>
      </trkpt>
      <trkpt lat="49.162731" lon="9.657090">
        <ele>491.660325</ele>
        <time>2026-08-14T17:05:07.123Z</time>
      </trkpt>
      <trkpt lat="49.162801" lon="9.656908">
        <ele>491.077131</ele>
        <time>2026-08-14T17:05:10.387Z</time>
      </trkpt>
      <trkpt lat="49.162870" lon="9.656521">
        <ele>488.890202</ele>
        <time>2026-08-14T17:05:16.456Z</time>
      </trkpt>
      <trkpt lat="49.162935" lon="9.655888">
        <ele>484.888780</ele>
        <time>2026-08-14T17:05:25.778Z</time>
      </trkpt>
      <trkpt lat="49.163032" lon="9.655484">
        <ele>482.201181</ele>
        <time>2026-08-14T17:05:31.852Z</time>
      </trkpt>
      <trkpt lat="49.163546" lon="9.653891">
        <ele>471.064222</ele>
        <time>2026-08-14T17:05:56.205Z</time>
      </trkpt>
      <trkpt lat="49.163751" lon="9.652452">
        <ele>461.708425</ele>
        <time>2026-08-14T17:06:16.558Z</time>
      </trkpt>
      <trkpt lat="49.163751" lon="9.651270">
        <ele>455.285495</ele>
        <time>2026-08-14T17:06:33.999Z</time>
      </trkpt>
      <trkpt lat="49.163648" lon="9.649882">
        <ele>451.291309</ele>
        <time>2026-08-14T17:06:56.831Z</time>
      </trkpt>
      <trkpt lat="49.163713" lon="9.648296">
        <ele>446.808791</ele>
        <time>2026-08-14T17:07:23.724Z</time>
      </trkpt>
      <trkpt lat="49.163929" lon="9.648277">
        <ele>445.899823</ele>
        <time>2026-08-14T17:07:29.161Z</time>
      </trkpt>
      <trkpt lat="49.164187" lon="9.648258">
        <ele>444.814646</ele>
        <time>2026-08-14T17:07:35.869Z</time>
      </trkpt>
      <trkpt lat="49.164208" lon="9.648229">
        <ele>444.695773</ele>
        <time>2026-08-14T17:07:36.608Z</time>
      </trkpt>
      <trkpt lat="49.164159" lon="9.647397">
        <ele>442.400880</ele>
        <time>2026-08-14T17:07:50.615Z</time>
      </trkpt>
      <trkpt lat="49.164180" lon="9.647322">
        <ele>442.176747</ele>
        <time>2026-08-14T17:07:52.014Z</time>
      </trkpt>
      <trkpt lat="49.164343" lon="9.647172">
        <ele>441.377523</ele>
        <time>2026-08-14T17:07:56.989Z</time>
      </trkpt>
      <trkpt lat="49.164706" lon="9.647014">
        <ele>440.338275</ele>
        <time>2026-08-14T17:08:06.983Z</time>
      </trkpt>
      <trkpt lat="49.164810" lon="9.647687">
        <ele>439.518730</ele>
        <time>2026-08-14T17:08:12.706Z</time>
      </trkpt>
      <trkpt lat="49.164975" lon="9.648345">
        <ele>438.683559</ele>
        <time>2026-08-14T17:08:19.150Z</time>
      </trkpt>
      <trkpt lat="49.165021" lon="9.648445">
        <ele>438.538662</ele>
        <time>2026-08-14T17:08:20.497Z</time>
      </trkpt>
      <trkpt lat="49.165152" lon="9.648582">
        <ele>438.251033</ele>
        <time>2026-08-14T17:08:23.613Z</time>
      </trkpt>
      <trkpt lat="49.165432" lon="9.648623">
        <ele>437.741240</ele>
        <time>2026-08-14T17:08:28.961Z</time>
      </trkpt>
      <trkpt lat="49.165866" lon="9.648555">
        <ele>437.376176</ele>
        <time>2026-08-14T17:08:36.275Z</time>
      </trkpt>
      <trkpt lat="49.166021" lon="9.648638">
        <ele>437.312101</ele>
        <time>2026-08-14T17:08:38.914Z</time>
      </trkpt>
      <trkpt lat="49.166134" lon="9.648362">
        <ele>437.229025</ele>
        <time>2026-08-14T17:08:45.486Z</time>
      </trkpt>
      <trkpt lat="49.166130" lon="9.648218">
        <ele>437.192256</ele>
        <time>2026-08-14T17:08:48.345Z</time>
      </trkpt>
      <trkpt lat="49.165996" lon="9.647757">
        <ele>437.063551</ele>
        <time>2026-08-14T17:08:58.496Z</time>
      </trkpt>
      <trkpt lat="49.165775" lon="9.647122">
        <ele>436.880035</ele>
        <time>2026-08-14T17:09:12.720Z</time>
      </trkpt>
      <trkpt lat="49.165731" lon="9.646736">
        <ele>436.785668</ele>
        <time>2026-08-14T17:09:20.205Z</time>
      </trkpt>
      <trkpt lat="49.165731" lon="9.646163">
        <ele>436.713110</ele>
        <time>2026-08-14T17:09:31.452Z</time>
      </trkpt>
      <trkpt lat="49.165786" lon="9.645938">
        <ele>436.682693</ele>
        <time>2026-08-14T17:09:36.341Z</time>
      </trkpt>
      <trkpt lat="49.166136" lon="9.645141">
        <ele>436.561122</ele>
        <time>2026-08-14T17:09:56.481Z</time>
      </trkpt>
      <trkpt lat="49.166314" lon="9.644637">
        <ele>436.488588</ele>
        <time>2026-08-14T17:10:08.601Z</time>
      </trkpt>
      <trkpt lat="49.166389" lon="9.644356">
        <ele>436.450155</ele>
        <time>2026-08-14T17:10:14.858Z</time>
      </trkpt>
      <trkpt lat="49.166658" lon="9.643768">
        <ele>436.741590</ele>
        <time>2026-08-14T17:10:29.346Z</time>
      </trkpt>
      <trkpt lat="49.166932" lon="9.643376">
        <ele>437.001316</ele>
        <time>2026-08-14T17:10:41.042Z</time>
      </trkpt>
      <trkpt lat="49.167301" lon="9.643126">
        <ele>437.280694</ele>
        <time>2026-08-14T17:10:54.873Z</time>
      </trkpt>
      <trkpt lat="49.167672" lon="9.642962">
        <ele>437.548027</ele>
        <time>2026-08-14T17:11:04.962Z</time>
      </trkpt>
      <trkpt lat="49.167941" lon="9.642960">
        <ele>437.852876</ele>
        <time>2026-08-14T17:11:12.711Z</time>
      </trkpt>
      <trkpt lat="49.168515" lon="9.643261">
        <ele>439.349396</ele>
        <time>2026-08-14T17:11:32.123Z</time>
      </trkpt>
      <trkpt lat="49.168718" lon="9.643307">
        <ele>439.855508</ele>
        <time>2026-08-14T17:11:39.212Z</time>
      </trkpt>
      <trkpt lat="49.169432" lon="9.643095">
        <ele>441.649279</ele>
        <time>2026-08-14T17:12:03.484Z</time>
      </trkpt>
      <trkpt lat="49.170127" lon="9.643148">
        <ele>442.706807</ele>
        <time>2026-08-14T17:12:21.851Z</time>
      </trkpt>
      <trkpt lat="49.170239" lon="9.643099">
        <ele>442.841702</ele>
        <time>2026-08-14T17:12:24.602Z</time>
      </trkpt>
      <trkpt lat="49.170388" lon="9.642939">
        <ele>443.052517</ele>
        <time>2026-08-14T17:12:28.792Z</time>
      </trkpt>
      <trkpt lat="49.170698" lon="9.642491">
        <ele>443.546381</ele>
        <time>2026-08-14T17:12:38.172Z</time>
      </trkpt>
      <trkpt lat="49.171560" lon="9.641811">
        <ele>445.205158</ele>
        <time>2026-08-14T17:13:01.990Z</time>
      </trkpt>
      <trkpt lat="49.172597" lon="9.641942">
        <ele>447.804424</ele>
        <time>2026-08-14T17:13:34.235Z</time>
      </trkpt>
      <trkpt lat="49.173383" lon="9.642285">
        <ele>450.867857</ele>
        <time>2026-08-14T17:14:05.173Z</time>
      </trkpt>
      <trkpt lat="49.173687" lon="9.642492">
        <ele>452.439790</ele>
        <time>2026-08-14T17:14:19.535Z</time>
      </trkpt>
      <trkpt lat="49.173834" lon="9.642828">
        <ele>453.688384</ele>
        <time>2026-08-14T17:14:31.482Z</time>
      </trkpt>
      <trkpt lat="49.174197" lon="9.643369">
        <ele>456.082533</ele>
        <time>2026-08-14T17:14:54.534Z</time>
      </trkpt>
      <trkpt lat="49.174611" lon="9.643712">
        <ele>457.541090</ele>
        <time>2026-08-14T17:15:13.991Z</time>
      </trkpt>
      <trkpt lat="49.175010" lon="9.643876">
        <ele>458.147164</ele>
        <time>2026-08-14T17:15:27.562Z</time>
      </trkpt>
      <trkpt lat="49.175182" lon="9.644003">
        <ele>458.427336</ele>
        <time>2026-08-14T17:15:32.449Z</time>
      </trkpt>
      <trkpt lat="49.175422" lon="9.644056">
        <ele>458.783053</ele>
        <time>2026-08-14T17:15:37.568Z</time>
      </trkpt>
      <trkpt lat="49.175573" lon="9.644015">
        <ele>459.008024</ele>
        <time>2026-08-14T17:15:40.482Z</time>
      </trkpt>
      <trkpt lat="49.176144" lon="9.643633">
        <ele>459.994452</ele>
        <time>2026-08-14T17:15:51.589Z</time>
      </trkpt>
      <trkpt lat="49.176265" lon="9.643613">
        <ele>460.320327</ele>
        <time>2026-08-14T17:15:53.803Z</time>
      </trkpt>
      <trkpt lat="49.176584" lon="9.643689">
        <ele>461.184780</ele>
        <time>2026-08-14T17:16:00.566Z</time>
      </trkpt>
      <trkpt lat="49.176679" lon="9.643683">
        <ele>461.439368</ele>
        <time>2026-08-14T17:16:02.923Z</time>
      </trkpt>
      <trkpt lat="49.176777" lon="9.643626">
        <ele>461.720102</ele>
        <time>2026-08-14T17:16:05.596Z</time>
      </trkpt>
      <trkpt lat="49.177203" lon="9.643238">
        <ele>463.047640</ele>
        <time>2026-08-14T17:16:18.933Z</time>
      </trkpt>
      <trkpt lat="49.177648" lon="9.643254">
        <ele>464.239501</ele>
        <time>2026-08-14T17:16:36.257Z</time>
      </trkpt>
      <trkpt lat="49.177852" lon="9.643479">
        <ele>465.392733</ele>
        <time>2026-08-14T17:16:47.972Z</time>
      </trkpt>
      <trkpt lat="49.177990" lon="9.643741">
        <ele>467.059911</ele>
        <time>2026-08-14T17:16:59.178Z</time>
      </trkpt>
      <trkpt lat="49.178058" lon="9.643870">
        <ele>467.881027</ele>
        <time>2026-08-14T17:17:04.909Z</time>
      </trkpt>
      <trkpt lat="49.178721" lon="9.642891">
        <ele>474.865711</ele>
        <time>2026-08-14T17:17:56.260Z</time>
      </trkpt>
      <trkpt lat="49.179304" lon="9.642006">
        <ele>480.130486</ele>
        <time>2026-08-14T17:18:38.209Z</time>
      </trkpt>
      <trkpt lat="49.179498" lon="9.641771">
        <ele>481.364206</ele>
        <time>2026-08-14T17:18:48.816Z</time>
      </trkpt>
      <trkpt lat="49.179787" lon="9.641484">
        <ele>483.082025</ele>
        <time>2026-08-14T17:19:02.648Z</time>
      </trkpt>
      <trkpt lat="49.179955" lon="9.641378">
        <ele>483.988054</ele>
        <time>2026-08-14T17:19:09.424Z</time>
      </trkpt>
      <trkpt lat="49.180223" lon="9.641129">
        <ele>485.551323</ele>
        <time>2026-08-14T17:19:20.081Z</time>
      </trkpt>
      <trkpt lat="49.180359" lon="9.641027">
        <ele>486.306469</ele>
        <time>2026-08-14T17:19:24.845Z</time>
      </trkpt>
      <trkpt lat="49.180775" lon="9.640734">
        <ele>487.843085</ele>
        <time>2026-08-14T17:19:38.402Z</time>
      </trkpt>
      <trkpt lat="49.180878" lon="9.640693">
        <ele>488.077651</ele>
        <time>2026-08-14T17:19:41.340Z</time>
      </trkpt>
      <trkpt lat="49.181000" lon="9.640697">
        <ele>488.346595</ele>
        <time>2026-08-14T17:19:44.607Z</time>
      </trkpt>
      <trkpt lat="49.181286" lon="9.640750">
        <ele>488.981532</ele>
        <time>2026-08-14T17:19:52.053Z</time>
      </trkpt>
      <trkpt lat="49.181340" lon="9.640769">
        <ele>489.103653</ele>
        <time>2026-08-14T17:19:53.514Z</time>
      </trkpt>
      <trkpt lat="49.181551" lon="9.640886">
        <ele>489.598291</ele>
        <time>2026-08-14T17:19:59.508Z</time>
      </trkpt>
      <trkpt lat="49.181787" lon="9.641090">
        <ele>490.195710</ele>
        <time>2026-08-14T17:20:06.698Z</time>
      </trkpt>
      <trkpt lat="49.181975" lon="9.641320">
        <ele>490.726247</ele>
        <time>2026-08-14T17:20:12.948Z</time>
      </trkpt>
      <trkpt lat="49.182159" lon="9.641455">
        <ele>491.175998</ele>
        <time>2026-08-14T17:20:18.143Z</time>
      </trkpt>
      <trkpt lat="49.182412" lon="9.641509">
        <ele>491.434148</ele>
        <time>2026-08-14T17:20:24.488Z</time>
      </trkpt>
      <trkpt lat="49.182875" lon="9.641520">
        <ele>491.860266</ele>
        <time>2026-08-14T17:20:35.478Z</time>
      </trkpt>
      <trkpt lat="49.183398" lon="9.641573">
        <ele>492.342602</ele>
        <time>2026-08-14T17:20:47.497Z</time>
      </trkpt>
      <trkpt lat="49.183728" lon="9.641649">
        <ele>492.649699</ele>
        <time>2026-08-14T17:20:53.078Z</time>
      </trkpt>
      <trkpt lat="49.183997" lon="9.641760">
        <ele>492.919219</ele>
        <time>2026-08-14T17:20:57.537Z</time>
      </trkpt>
      <trkpt lat="49.184143" lon="9.641718">
        <ele>493.106777</ele>
        <time>2026-08-14T17:20:59.851Z</time>
      </trkpt>
      <trkpt lat="49.184685" lon="9.641970">
        <ele>493.821967</ele>
        <time>2026-08-14T17:21:09.323Z</time>
      </trkpt>
      <trkpt lat="49.184971" lon="9.642105">
        <ele>494.199844</ele>
        <time>2026-08-14T17:21:15.569Z</time>
      </trkpt>
      <trkpt lat="49.185259" lon="9.642251">
        <ele>494.582891</ele>
        <time>2026-08-14T17:21:23.150Z</time>
      </trkpt>
      <trkpt lat="49.185879" lon="9.642309">
        <ele>495.614418</ele>
        <time>2026-08-14T17:21:43.212Z</time>
      </trkpt>
      <trkpt lat="49.186561" lon="9.642312">
        <ele>497.419734</ele>
        <time>2026-08-14T17:22:06.105Z</time>
      </trkpt>
      <trkpt lat="49.186651" lon="9.642216">
        <ele>497.710153</ele>
        <time>2026-08-14T17:22:09.468Z</time>
      </trkpt>
      <trkpt lat="49.186479" lon="9.641953">
        <ele>498.353848</ele>
        <time>2026-08-14T17:22:16.831Z</time>
      </trkpt>
      <trkpt lat="49.186399" lon="9.641772">
        <ele>498.731882</ele>
        <time>2026-08-14T17:22:20.879Z</time>
      </trkpt>
      <trkpt lat="49.186250" lon="9.641429">
        <ele>499.444434</ele>
        <time>2026-08-14T17:22:27.920Z</time>
      </trkpt>
      <trkpt lat="49.186182" lon="9.641215">
        <ele>499.856119</ele>
        <time>2026-08-14T17:22:31.703Z</time>
      </trkpt>
      <trkpt lat="49.186133" lon="9.641112">
        <ele>499.913958</ele>
        <time>2026-08-14T17:22:33.672Z</time>
      </trkpt>
      <trkpt lat="49.186003" lon="9.640878">
        <ele>499.948178</ele>
        <time>2026-08-14T17:22:38.149Z</time>
      </trkpt>
      <trkpt lat="49.185962" lon="9.640823">
        <ele>499.957474</ele>
        <time>2026-08-14T17:22:39.317Z</time>
      </trkpt>
      <trkpt lat="49.185933" lon="9.640786">
        <ele>499.963912</ele>
        <time>2026-08-14T17:22:40.080Z</time>
      </trkpt>
      <trkpt lat="49.185836" lon="9.640668">
        <ele>499.985039</ele>
        <time>2026-08-14T17:22:42.614Z</time>
      </trkpt>
      <trkpt lat="49.185793" lon="9.640616">
        <ele>499.994383</ele>
        <time>2026-08-14T17:22:43.686Z</time>
      </trkpt>
      <trkpt lat="49.185728" lon="9.640552">
        <ele>500.007560</ele>
        <time>2026-08-14T17:22:45.216Z</time>
      </trkpt>
      <trkpt lat="49.185690" lon="9.640517">
        <ele>500.015122</ele>
        <time>2026-08-14T17:22:46.080Z</time>
      </trkpt>
      <trkpt lat="49.185562" lon="9.640401">
        <ele>500.040485</ele>
        <time>2026-08-14T17:22:48.951Z</time>
      </trkpt>
      <trkpt lat="49.185363" lon="9.640140">
        <ele>500.085170</ele>
        <time>2026-08-14T17:22:53.642Z</time>
      </trkpt>
      <trkpt lat="49.185283" lon="9.639863">
        <ele>500.118915</ele>
        <time>2026-08-14T17:22:57.094Z</time>
      </trkpt>
      <trkpt lat="49.185209" lon="9.639277">
        <ele>500.185420</ele>
        <time>2026-08-14T17:23:03.617Z</time>
      </trkpt>
      <trkpt lat="49.185132" lon="9.638934">
        <ele>500.019229</ele>
        <time>2026-08-14T17:23:07.458Z</time>
      </trkpt>
      <trkpt lat="49.185103" lon="9.638813">
        <ele>499.852999</ele>
        <time>2026-08-14T17:23:08.787Z</time>
      </trkpt>
      <trkpt lat="49.185037" lon="9.638499">
        <ele>499.427567</ele>
        <time>2026-08-14T17:23:12.156Z</time>
      </trkpt>
      <trkpt lat="49.184975" lon="9.638052">
        <ele>498.838175</ele>
        <time>2026-08-14T17:23:16.568Z</time>
      </trkpt>
      <trkpt lat="49.184865" lon="9.637315">
        <ele>497.863101</ele>
        <time>2026-08-14T17:23:23.532Z</time>
      </trkpt>
      <trkpt lat="49.184784" lon="9.636940">
        <ele>497.353686</ele>
        <time>2026-08-14T17:23:27.089Z</time>
      </trkpt>
      <trkpt lat="49.184705" lon="9.636650">
        <ele>496.948447</ele>
        <time>2026-08-14T17:23:29.891Z</time>
      </trkpt>
      <trkpt lat="49.184544" lon="9.636113">
        <ele>495.988399</ele>
        <time>2026-08-14T17:23:35.115Z</time>
      </trkpt>
      <trkpt lat="49.184454" lon="9.635811">
        <ele>495.381297</ele>
        <time>2026-08-14T17:23:38.000Z</time>
      </trkpt>
      <trkpt lat="49.184438" lon="9.635761">
        <ele>495.279469</ele>
        <time>2026-08-14T17:23:38.484Z</time>
      </trkpt>
      <trkpt lat="49.184322" lon="9.635276">
        <ele>494.334816</ele>
        <time>2026-08-14T17:23:42.976Z</time>
      </trkpt>
      <trkpt lat="49.184285" lon="9.634900">
        <ele>493.639313</ele>
        <time>2026-08-14T17:23:46.319Z</time>
      </trkpt>
      <trkpt lat="49.184268" lon="9.634175">
        <ele>492.312341</ele>
        <time>2026-08-14T17:23:52.784Z</time>
      </trkpt>
      <trkpt lat="49.184227" lon="9.633724">
        <ele>491.538786</ele>
        <time>2026-08-14T17:23:56.895Z</time>
      </trkpt>
      <trkpt lat="49.184158" lon="9.633377">
        <ele>491.142741</ele>
        <time>2026-08-14T17:24:00.224Z</time>
      </trkpt>
      <trkpt lat="49.183993" lon="9.632795">
        <ele>490.450033</ele>
        <time>2026-08-14T17:24:06.262Z</time>
      </trkpt>
      <trkpt lat="49.183963" lon="9.632513">
        <ele>490.138056</ele>
        <time>2026-08-14T17:24:09.086Z</time>
      </trkpt>
      <trkpt lat="49.183966" lon="9.632149">
        <ele>489.740560</ele>
        <time>2026-08-14T17:24:12.742Z</time>
      </trkpt>
      <trkpt lat="49.183971" lon="9.631681">
        <ele>489.229467</ele>
        <time>2026-08-14T17:24:17.483Z</time>
      </trkpt>
      <trkpt lat="49.183970" lon="9.631569">
        <ele>489.107159</ele>
        <time>2026-08-14T17:24:18.555Z</time>
      </trkpt>
      <trkpt lat="49.183958" lon="9.630897">
        <ele>488.510040</ele>
        <time>2026-08-14T17:24:24.823Z</time>
      </trkpt>
      <trkpt lat="49.183951" lon="9.630692">
        <ele>488.409256</ele>
        <time>2026-08-14T17:24:26.685Z</time>
      </trkpt>
      <trkpt lat="49.183948" lon="9.630660">
        <ele>488.393384</ele>
        <time>2026-08-14T17:24:26.985Z</time>
      </trkpt>
      <trkpt lat="49.183857" lon="9.630102">
        <ele>488.111029</ele>
        <time>2026-08-14T17:24:32.224Z</time>
      </trkpt>
      <trkpt lat="49.183435" lon="9.630019">
        <ele>487.791444</ele>
        <time>2026-08-14T17:24:38.367Z</time>
      </trkpt>
      <trkpt lat="49.183261" lon="9.629985">
        <ele>487.659686</ele>
        <time>2026-08-14T17:24:40.951Z</time>
      </trkpt>
      <trkpt lat="49.183021" lon="9.629935">
        <ele>487.477752</ele>
        <time>2026-08-14T17:24:45.270Z</time>
      </trkpt>
      <trkpt lat="49.179671" lon="9.629130">
        <ele>492.039426</ele>
        <time>2026-08-14T17:26:15.176Z</time>
      </trkpt>
      <trkpt lat="49.179818" lon="9.627926">
        <ele>493.555144</ele>
        <time>2026-08-14T17:26:38.151Z</time>
      </trkpt>
      <trkpt lat="49.179517" lon="9.628049">
        <ele>494.184922</ele>
        <time>2026-08-14T17:26:47.073Z</time>
      </trkpt>
      <trkpt lat="49.179228" lon="9.628118">
        <ele>494.776182</ele>
        <time>2026-08-14T17:26:55.247Z</time>
      </trkpt>
      <trkpt lat="49.178635" lon="9.628181">
        <ele>495.977766</ele>
        <time>2026-08-14T17:27:11.003Z</time>
      </trkpt>
      <trkpt lat="49.178287" lon="9.628172">
        <ele>496.551762</ele>
        <time>2026-08-14T17:27:19.120Z</time>
      </trkpt>
      <trkpt lat="49.177949" lon="9.628055">
        <ele>496.581516</ele>
        <time>2026-08-14T17:27:25.864Z</time>
      </trkpt>
      <trkpt lat="49.175959" lon="9.627007">
        <ele>496.126819</ele>
        <time>2026-08-14T17:28:00.226Z</time>
      </trkpt>
      <trkpt lat="49.175852" lon="9.626897">
        <ele>496.024033</ele>
        <time>2026-08-14T17:28:02.180Z</time>
      </trkpt>
      <trkpt lat="49.175627" lon="9.626673">
        <ele>495.809994</ele>
        <time>2026-08-14T17:28:06.186Z</time>
      </trkpt>
      <trkpt lat="49.175021" lon="9.625754">
        <ele>495.025969</ele>
        <time>2026-08-14T17:28:18.570Z</time>
      </trkpt>
      <trkpt lat="49.174849" lon="9.625565">
        <ele>494.729137</ele>
        <time>2026-08-14T17:28:21.586Z</time>
      </trkpt>
      <trkpt lat="49.174124" lon="9.625075">
        <ele>493.618200</ele>
        <time>2026-08-14T17:28:32.988Z</time>
      </trkpt>
      <trkpt lat="49.173369" lon="9.624335">
        <ele>492.233564</ele>
        <time>2026-08-14T17:28:45.738Z</time>
      </trkpt>
      <trkpt lat="49.172441" lon="9.623298">
        <ele>490.086630</ele>
        <time>2026-08-14T17:29:01.459Z</time>
      </trkpt>
      <trkpt lat="49.171686" lon="9.622539">
        <ele>488.144551</ele>
        <time>2026-08-14T17:29:13.624Z</time>
      </trkpt>
      <trkpt lat="49.170816" lon="9.621644">
        <ele>485.681000</ele>
        <time>2026-08-14T17:29:27.498Z</time>
      </trkpt>
      <trkpt lat="49.170284" lon="9.621012">
        <ele>483.883555</ele>
        <time>2026-08-14T17:29:36.216Z</time>
      </trkpt>
      <trkpt lat="49.169829" lon="9.620429">
        <ele>482.206700</ele>
        <time>2026-08-14T17:29:43.822Z</time>
      </trkpt>
      <trkpt lat="49.169401" lon="9.619803">
        <ele>480.533692</ele>
        <time>2026-08-14T17:29:51.335Z</time>
      </trkpt>
      <trkpt lat="49.169242" lon="9.619567">
        <ele>479.946873</ele>
        <time>2026-08-14T17:29:54.147Z</time>
      </trkpt>
      <trkpt lat="49.169186" lon="9.619484">
        <ele>479.777200</ele>
        <time>2026-08-14T17:29:55.151Z</time>
      </trkpt>
      <trkpt lat="49.168556" lon="9.618638">
        <ele>477.953047</ele>
        <time>2026-08-14T17:30:06.086Z</time>
      </trkpt>
      <trkpt lat="49.167847" lon="9.617948">
        <ele>476.160852</ele>
        <time>2026-08-14T17:30:17.649Z</time>
      </trkpt>
      <trkpt lat="49.167533" lon="9.617705">
        <ele>476.092587</ele>
        <time>2026-08-14T17:30:22.947Z</time>
      </trkpt>
      <trkpt lat="49.167239" lon="9.617541">
        <ele>476.031880</ele>
        <time>2026-08-14T17:30:27.916Z</time>
      </trkpt>
      <trkpt lat="49.166335" lon="9.617267">
        <ele>475.853107</ele>
        <time>2026-08-14T17:30:44.754Z</time>
      </trkpt>
      <trkpt lat="49.165893" lon="9.617059">
        <ele>475.630806</ele>
        <time>2026-08-14T17:30:54.192Z</time>
      </trkpt>
      <trkpt lat="49.165846" lon="9.617024">
        <ele>475.594857</ele>
        <time>2026-08-14T17:30:55.231Z</time>
      </trkpt>
      <trkpt lat="49.165561" lon="9.616814">
        <ele>475.377301</ele>
        <time>2026-08-14T17:31:01.165Z</time>
      </trkpt>
      <trkpt lat="49.165047" lon="9.616409">
        <ele>474.979669</ele>
        <time>2026-08-14T17:31:10.426Z</time>
      </trkpt>
      <trkpt lat="49.164609" lon="9.616107">
        <ele>474.649260</ele>
        <time>2026-08-14T17:31:17.192Z</time>
      </trkpt>
      <trkpt lat="49.163175" lon="9.615240">
        <ele>471.721885</ele>
        <time>2026-08-14T17:31:37.060Z</time>
      </trkpt>
      <trkpt lat="49.162536" lon="9.614843">
        <ele>471.278540</ele>
        <time>2026-08-14T17:31:47.998Z</time>
      </trkpt>
      <trkpt lat="49.161785" lon="9.614180">
        <ele>471.987613</ele>
        <time>2026-08-14T17:32:08.630Z</time>
      </trkpt>
      <trkpt lat="49.161427" lon="9.613797">
        <ele>472.344873</ele>
        <time>2026-08-14T17:32:19.447Z</time>
      </trkpt>
      <trkpt lat="49.161331" lon="9.613685">
        <ele>472.443609</ele>
        <time>2026-08-14T17:32:22.236Z</time>
      </trkpt>
      <trkpt lat="49.161145" lon="9.613422">
        <ele>472.414602</ele>
        <time>2026-08-14T17:32:27.708Z</time>
      </trkpt>
      <trkpt lat="49.160570" lon="9.612424">
        <ele>472.146771</ele>
        <time>2026-08-14T17:32:42.273Z</time>
      </trkpt>
      <trkpt lat="49.160321" lon="9.612108">
        <ele>472.047133</ele>
        <time>2026-08-14T17:32:47.044Z</time>
      </trkpt>
      <trkpt lat="49.160151" lon="9.611972">
        <ele>471.988055</ele>
        <time>2026-08-14T17:32:49.826Z</time>
      </trkpt>
      <trkpt lat="49.159803" lon="9.611826">
        <ele>471.649614</ele>
        <time>2026-08-14T17:32:55.001Z</time>
      </trkpt>
      <trkpt lat="49.159175" lon="9.611746">
        <ele>470.544572</ele>
        <time>2026-08-14T17:33:03.869Z</time>
      </trkpt>
      <trkpt lat="49.158229" lon="9.611759">
        <ele>468.885650</ele>
        <time>2026-08-14T17:33:16.878Z</time>
      </trkpt>
      <trkpt lat="49.156929" lon="9.611798">
        <ele>465.541791</ele>
        <time>2026-08-14T17:33:34.168Z</time>
      </trkpt>
      <trkpt lat="49.156428" lon="9.611778">
        <ele>464.231289</ele>
        <time>2026-08-14T17:33:40.444Z</time>
      </trkpt>
      <trkpt lat="49.156079" lon="9.611729">
        <ele>463.337672</ele>
        <time>2026-08-14T17:33:44.733Z</time>
      </trkpt>
      <trkpt lat="49.155820" lon="9.611650">
        <ele>462.667991</ele>
        <time>2026-08-14T17:33:48.006Z</time>
      </trkpt>
      <trkpt lat="49.155696" lon="9.611591">
        <ele>462.338695</ele>
        <time>2026-08-14T17:33:49.635Z</time>
      </trkpt>
      <trkpt lat="49.155396" lon="9.611360">
        <ele>461.486979</ele>
        <time>2026-08-14T17:33:53.888Z</time>
      </trkpt>
      <trkpt lat="49.155148" lon="9.611106">
        <ele>460.730090</ele>
        <time>2026-08-14T17:33:57.822Z</time>
      </trkpt>
      <trkpt lat="49.154953" lon="9.610692">
        <ele>459.884005</ele>
        <time>2026-08-14T17:34:02.475Z</time>
      </trkpt>
      <trkpt lat="49.154897" lon="9.610515">
        <ele>459.557930</ele>
        <time>2026-08-14T17:34:04.328Z</time>
      </trkpt>
      <trkpt lat="49.154791" lon="9.609996">
        <ele>459.253270</ele>
        <time>2026-08-14T17:34:09.875Z</time>
      </trkpt>
      <trkpt lat="49.154736" lon="9.608827">
        <ele>458.673062</ele>
        <time>2026-08-14T17:34:22.601Z</time>
      </trkpt>
      <trkpt lat="49.154616" lon="9.607867">
        <ele>458.189211</ele>
        <time>2026-08-14T17:34:32.097Z</time>
      </trkpt>
      <trkpt lat="49.154550" lon="9.607431">
        <ele>457.882086</ele>
        <time>2026-08-14T17:34:36.365Z</time>
      </trkpt>
      <trkpt lat="49.154472" lon="9.606917">
        <ele>457.495434</ele>
        <time>2026-08-14T17:34:41.490Z</time>
      </trkpt>
      <trkpt lat="49.154425" lon="9.606327">
        <ele>457.059902</ele>
        <time>2026-08-14T17:34:47.603Z</time>
      </trkpt>
      <trkpt lat="49.154471" lon="9.605866">
        <ele>456.718183</ele>
        <time>2026-08-14T17:34:52.335Z</time>
      </trkpt>
      <trkpt lat="49.154705" lon="9.604794">
        <ele>455.697851</ele>
        <time>2026-08-14T17:35:02.868Z</time>
      </trkpt>
      <trkpt lat="49.154746" lon="9.604416">
        <ele>455.192787</ele>
        <time>2026-08-14T17:35:06.135Z</time>
      </trkpt>
      <trkpt lat="49.154755" lon="9.603578">
        <ele>454.088033</ele>
        <time>2026-08-14T17:35:12.865Z</time>
      </trkpt>
      <trkpt lat="49.154692" lon="9.602208">
        <ele>452.698856</ele>
        <time>2026-08-14T17:35:25.079Z</time>
      </trkpt>
      <trkpt lat="49.154655" lon="9.600770">
        <ele>454.308055</ele>
        <time>2026-08-14T17:35:49.508Z</time>
      </trkpt>
      <trkpt lat="49.154662" lon="9.600449">
        <ele>454.667193</ele>
        <time>2026-08-14T17:35:56.784Z</time>
      </trkpt>
      <trkpt lat="49.154699" lon="9.599433">
        <ele>455.766028</ele>
        <time>2026-08-14T17:36:17.520Z</time>
      </trkpt>
      <trkpt lat="49.154775" lon="9.598181">
        <ele>456.927520</ele>
        <time>2026-08-14T17:36:35.931Z</time>
      </trkpt>
      <trkpt lat="49.154832" lon="9.597232">
        <ele>457.807835</ele>
        <time>2026-08-14T17:36:49.502Z</time>
      </trkpt>
      <trkpt lat="49.154992" lon="9.595707">
        <ele>458.619748</ele>
        <time>2026-08-14T17:37:11.082Z</time>
      </trkpt>
      <trkpt lat="49.155048" lon="9.595083">
        <ele>458.880294</ele>
        <time>2026-08-14T17:37:19.178Z</time>
      </trkpt>
      <trkpt lat="49.155172" lon="9.594260">
        <ele>459.229656</ele>
        <time>2026-08-14T17:37:29.237Z</time>
      </trkpt>
      <trkpt lat="49.155676" lon="9.592243">
        <ele>459.585735</ele>
        <time>2026-08-14T17:37:54.437Z</time>
      </trkpt>
      <trkpt lat="49.155720" lon="9.592102">
        <ele>459.610188</ele>
        <time>2026-08-14T17:37:56.396Z</time>
      </trkpt>
      <trkpt lat="49.155755" lon="9.591994">
        <ele>459.629054</ele>
        <time>2026-08-14T17:37:57.913Z</time>
      </trkpt>
      <trkpt lat="49.155903" lon="9.591739">
        <ele>459.682418</ele>
        <time>2026-08-14T17:38:02.194Z</time>
      </trkpt>
      <trkpt lat="49.157734" lon="9.588934">
        <ele>459.716437</ele>
        <time>2026-08-14T17:38:50.077Z</time>
      </trkpt>
      <trkpt lat="49.157871" lon="9.588700">
        <ele>459.571090</ele>
        <time>2026-08-14T17:38:53.225Z</time>
      </trkpt>
      <trkpt lat="49.158005" lon="9.588470">
        <ele>459.428537</ele>
        <time>2026-08-14T17:38:56.215Z</time>
      </trkpt>
      <trkpt lat="49.159142" lon="9.586633">
        <ele>457.285313</ele>
        <time>2026-08-14T17:39:19.134Z</time>
      </trkpt>
      <trkpt lat="49.161142" lon="9.583968">
        <ele>451.876971</ele>
        <time>2026-08-14T17:39:56.497Z</time>
      </trkpt>
      <trkpt lat="49.161270" lon="9.583785">
        <ele>450.818827</ele>
        <time>2026-08-14T17:39:58.503Z</time>
      </trkpt>
      <trkpt lat="49.161375" lon="9.583565">
        <ele>449.743297</ele>
        <time>2026-08-14T17:40:00.512Z</time>
      </trkpt>
      <trkpt lat="49.161446" lon="9.583222">
        <ele>448.322596</ele>
        <time>2026-08-14T17:40:03.141Z</time>
      </trkpt>
      <trkpt lat="49.161514" lon="9.582446">
        <ele>445.230886</ele>
        <time>2026-08-14T17:40:08.750Z</time>
      </trkpt>
      <trkpt lat="49.161519" lon="9.581855">
        <ele>442.896913</ele>
        <time>2026-08-14T17:40:12.986Z</time>
      </trkpt>
      <trkpt lat="49.161365" lon="9.579332">
        <ele>431.261915</ele>
        <time>2026-08-14T17:40:31.614Z</time>
      </trkpt>
      <trkpt lat="49.161412" lon="9.575414">
        <ele>407.397873</ele>
        <time>2026-08-14T17:40:58.666Z</time>
      </trkpt>
      <trkpt lat="49.161306" lon="9.573392">
        <ele>393.314313</ele>
        <time>2026-08-14T17:41:12.456Z</time>
      </trkpt>
      <trkpt lat="49.161343" lon="9.573130">
        <ele>391.459882</ele>
        <time>2026-08-14T17:41:14.257Z</time>
      </trkpt>
      <trkpt lat="49.161436" lon="9.573104">
        <ele>390.462546</ele>
        <time>2026-08-14T17:41:15.224Z</time>
      </trkpt>
      <trkpt lat="49.161580" lon="9.573272">
        <ele>388.551852</ele>
        <time>2026-08-14T17:41:17.092Z</time>
      </trkpt>
      <trkpt lat="49.161831" lon="9.573883">
        <ele>383.574234</ele>
        <time>2026-08-14T17:41:21.922Z</time>
      </trkpt>
      <trkpt lat="49.162329" lon="9.574769">
        <ele>375.514765</ele>
        <time>2026-08-14T17:41:29.891Z</time>
      </trkpt>
      <trkpt lat="49.162442" lon="9.574971">
        <ele>373.680990</ele>
        <time>2026-08-14T17:41:31.775Z</time>
      </trkpt>
      <trkpt lat="49.162702" lon="9.575480">
        <ele>370.535536</ele>
        <time>2026-08-14T17:41:36.367Z</time>
      </trkpt>
      <trkpt lat="49.162778" lon="9.575699">
        <ele>369.349298</ele>
        <time>2026-08-14T17:41:38.143Z</time>
      </trkpt>
      <trkpt lat="49.162861" lon="9.576197">
        <ele>366.890404</ele>
        <time>2026-08-14T17:41:41.883Z</time>
      </trkpt>
      <trkpt lat="49.162914" lon="9.576279">
        <ele>366.338761</ele>
        <time>2026-08-14T17:41:42.743Z</time>
      </trkpt>
      <trkpt lat="49.162973" lon="9.576286">
        <ele>365.905770</ele>
        <time>2026-08-14T17:41:43.389Z</time>
      </trkpt>
      <trkpt lat="49.163031" lon="9.576243">
        <ele>365.434152</ele>
        <time>2026-08-14T17:41:44.130Z</time>
      </trkpt>
      <trkpt lat="49.163067" lon="9.576138">
        <ele>364.866907</ele>
        <time>2026-08-14T17:41:45.006Z</time>
      </trkpt>
      <trkpt lat="49.163061" lon="9.575862">
        <ele>363.545641</ele>
        <time>2026-08-14T17:41:47.060Z</time>
      </trkpt>
      <trkpt lat="49.162866" lon="9.574640">
        <ele>356.764932</ele>
        <time>2026-08-14T17:41:56.109Z</time>
      </trkpt>
      <trkpt lat="49.162852" lon="9.574317">
        <ele>354.796397</ele>
        <time>2026-08-14T17:41:58.362Z</time>
      </trkpt>
      <trkpt lat="49.162874" lon="9.573946">
        <ele>352.531017</ele>
        <time>2026-08-14T17:42:00.935Z</time>
      </trkpt>
      <trkpt lat="49.162988" lon="9.573085">
        <ele>347.188865</ele>
        <time>2026-08-14T17:42:06.954Z</time>
      </trkpt>
      <trkpt lat="49.163047" lon="9.572850">
        <ele>345.658077</ele>
        <time>2026-08-14T17:42:08.670Z</time>
      </trkpt>
      <trkpt lat="49.163127" lon="9.572673">
        <ele>344.349618</ele>
        <time>2026-08-14T17:42:10.129Z</time>
      </trkpt>
      <trkpt lat="49.163239" lon="9.572528">
        <ele>342.925852</ele>
        <time>2026-08-14T17:42:11.645Z</time>
      </trkpt>
      <trkpt lat="49.164099" lon="9.571821">
        <ele>332.992682</ele>
        <time>2026-08-14T17:42:21.826Z</time>
      </trkpt>
      <trkpt lat="49.164248" lon="9.571632">
        <ele>331.023280</ele>
        <time>2026-08-14T17:42:23.869Z</time>
      </trkpt>
      <trkpt lat="49.164369" lon="9.571407">
        <ele>329.085332</ele>
        <time>2026-08-14T17:42:25.884Z</time>
      </trkpt>
      <trkpt lat="49.164483" lon="9.571077">
        <ele>326.602547</ele>
        <time>2026-08-14T17:42:28.462Z</time>
      </trkpt>
      <trkpt lat="49.164640" lon="9.570358">
        <ele>321.641245</ele>
        <time>2026-08-14T17:42:33.695Z</time>
      </trkpt>
      <trkpt lat="49.164869" lon="9.569309">
        <ele>314.443726</ele>
        <time>2026-08-14T17:42:41.285Z</time>
      </trkpt>
      <trkpt lat="49.164964" lon="9.569036">
        <ele>312.431058</ele>
        <time>2026-08-14T17:42:43.400Z</time>
      </trkpt>
      <trkpt lat="49.165074" lon="9.568850">
        <ele>310.798873</ele>
        <time>2026-08-14T17:42:45.120Z</time>
      </trkpt>
      <trkpt lat="49.167083" lon="9.566882">
        <ele>286.640773</ele>
        <time>2026-08-14T17:43:10.086Z</time>
      </trkpt>
      <trkpt lat="49.167181" lon="9.566787">
        <ele>285.529856</ele>
        <time>2026-08-14T17:43:11.290Z</time>
      </trkpt>
      <trkpt lat="49.167419" lon="9.566563">
        <ele>282.854182</ele>
        <time>2026-08-14T17:43:14.199Z</time>
      </trkpt>
      <trkpt lat="49.168610" lon="9.565392">
        <ele>270.371568</ele>
        <time>2026-08-14T17:43:29.176Z</time>
      </trkpt>
      <trkpt lat="49.168856" lon="9.565199">
        <ele>268.867562</ele>
        <time>2026-08-14T17:43:32.258Z</time>
      </trkpt>
      <trkpt lat="49.168985" lon="9.565133">
        <ele>268.127595</ele>
        <time>2026-08-14T17:43:33.800Z</time>
      </trkpt>
      <trkpt lat="49.169902" lon="9.564823">
        <ele>263.018822</ele>
        <time>2026-08-14T17:43:45.005Z</time>
      </trkpt>
      <trkpt lat="49.170817" lon="9.564362">
        <ele>260.291948</ele>
        <time>2026-08-14T17:43:57.639Z</time>
      </trkpt>
      <trkpt lat="49.171210" lon="9.564158">
        <ele>259.378569</ele>
        <time>2026-08-14T17:44:03.257Z</time>
      </trkpt>
      <trkpt lat="49.171546" lon="9.563933">
        <ele>258.571325</ele>
        <time>2026-08-14T17:44:08.365Z</time>
      </trkpt>
      <trkpt lat="49.172567" lon="9.563022">
        <ele>256.675285</ele>
        <time>2026-08-14T17:44:25.323Z</time>
      </trkpt>
      <trkpt lat="49.173047" lon="9.562631">
        <ele>255.885973</ele>
        <time>2026-08-14T17:44:32.989Z</time>
      </trkpt>
      <trkpt lat="49.173502" lon="9.562260">
        <ele>255.326970</ele>
        <time>2026-08-14T17:44:40.230Z</time>
      </trkpt>
      <trkpt lat="49.173631" lon="9.562140">
        <ele>255.249335</ele>
        <time>2026-08-14T17:44:42.373Z</time>
      </trkpt>
      <trkpt lat="49.173752" lon="9.561992">
        <ele>255.169670</ele>
        <time>2026-08-14T17:44:44.584Z</time>
      </trkpt>
      <trkpt lat="49.173888" lon="9.561759">
        <ele>255.064668</ele>
        <time>2026-08-14T17:44:47.562Z</time>
      </trkpt>
      <trkpt lat="49.174103" lon="9.561274">
        <ele>254.867680</ele>
        <time>2026-08-14T17:44:53.613Z</time>
      </trkpt>
      <trkpt lat="49.174456" lon="9.560702">
        <ele>254.603255</ele>
        <time>2026-08-14T17:45:02.664Z</time>
      </trkpt>
      <trkpt lat="49.174569" lon="9.560494">
        <ele>254.512341</ele>
        <time>2026-08-14T17:45:06.198Z</time>
      </trkpt>
      <trkpt lat="49.174614" lon="9.560396">
        <ele>254.543748</ele>
        <time>2026-08-14T17:45:07.856Z</time>
      </trkpt>
      <trkpt lat="49.174729" lon="9.560140">
        <ele>254.659961</ele>
        <time>2026-08-14T17:45:12.041Z</time>
      </trkpt>
      <trkpt lat="49.174892" lon="9.559779">
        <ele>254.824109</ele>
        <time>2026-08-14T17:45:18.211Z</time>
      </trkpt>
      <trkpt lat="49.175038" lon="9.559459">
        <ele>254.970108</ele>
        <time>2026-08-14T17:45:23.829Z</time>
      </trkpt>
      <trkpt lat="49.175148" lon="9.559121">
        <ele>255.111370</ele>
        <time>2026-08-14T17:45:28.990Z</time>
      </trkpt>
      <trkpt lat="49.175204" lon="9.558783">
        <ele>255.241827</ele>
        <time>2026-08-14T17:45:33.536Z</time>
      </trkpt>
      <trkpt lat="49.175234" lon="9.558528">
        <ele>255.338765</ele>
        <time>2026-08-14T17:45:36.686Z</time>
      </trkpt>
      <trkpt lat="49.175272" lon="9.558086">
        <ele>255.505558</ele>
        <time>2026-08-14T17:45:42.155Z</time>
      </trkpt>
      <trkpt lat="49.175275" lon="9.557464">
        <ele>255.437537</ele>
        <time>2026-08-14T17:45:48.905Z</time>
      </trkpt>
      <trkpt lat="49.175324" lon="9.557012">
        <ele>255.354899</ele>
        <time>2026-08-14T17:45:53.705Z</time>
      </trkpt>
      <trkpt lat="49.175053" lon="9.556964">
        <ele>255.279632</ele>
        <time>2026-08-14T17:45:58.766Z</time>
      </trkpt>
      <trkpt lat="49.175324" lon="9.557012">
        <ele>255.204366</ele>
        <time>2026-08-14T17:46:03.717Z</time>
      </trkpt>
      <trkpt lat="49.175458" lon="9.556398">
        <ele>255.087614</ele>
        <time>2026-08-14T17:46:10.507Z</time>
      </trkpt>
      <trkpt lat="49.175539" lon="9.556081">
        <ele>254.996309</ele>
        <time>2026-08-14T17:46:14.450Z</time>
      </trkpt>
      <trkpt lat="49.175587" lon="9.555985">
        <ele>254.923953</ele>
        <time>2026-08-14T17:46:15.870Z</time>
      </trkpt>
      <trkpt lat="49.175646" lon="9.555936">
        <ele>254.862472</ele>
        <time>2026-08-14T17:46:17.114Z</time>
      </trkpt>
      <trkpt lat="49.175642" lon="9.555642">
        <ele>254.686421</ele>
        <time>2026-08-14T17:46:20.711Z</time>
      </trkpt>
      <trkpt lat="49.175753" lon="9.555547">
        <ele>254.569941</ele>
        <time>2026-08-14T17:46:23.137Z</time>
      </trkpt>
      <trkpt lat="49.175958" lon="9.555022">
        <ele>254.203836</ele>
        <time>2026-08-14T17:46:30.281Z</time>
      </trkpt>
      <trkpt lat="49.176004" lon="9.554215">
        <ele>253.718870</ele>
        <time>2026-08-14T17:46:39.520Z</time>
      </trkpt>
      <trkpt lat="49.176005" lon="9.554194">
        <ele>253.706264</ele>
        <time>2026-08-14T17:46:39.763Z</time>
      </trkpt>
      <trkpt lat="49.176079" lon="9.553933">
        <ele>253.535947</ele>
        <time>2026-08-14T17:46:42.852Z</time>
      </trkpt>
      <trkpt lat="49.176111" lon="9.553766">
        <ele>253.431762</ele>
        <time>2026-08-14T17:46:44.775Z</time>
      </trkpt>
      <trkpt lat="49.176169" lon="9.553465">
        <ele>253.019591</ele>
        <time>2026-08-14T17:46:48.068Z</time>
      </trkpt>
      <trkpt lat="49.176176" lon="9.553131">
        <ele>252.516479</ele>
        <time>2026-08-14T17:46:51.509Z</time>
      </trkpt>
      <trkpt lat="49.176148" lon="9.552962">
        <ele>252.253997</ele>
        <time>2026-08-14T17:46:53.255Z</time>
      </trkpt>
      <trkpt lat="49.175857" lon="9.551183">
        <ele>249.493041</ele>
        <time>2026-08-14T17:47:11.782Z</time>
      </trkpt>
      <trkpt lat="49.175687" lon="9.550140">
        <ele>248.394903</ele>
        <time>2026-08-14T17:47:23.236Z</time>
      </trkpt>
      <trkpt lat="49.175403" lon="9.548420">
        <ele>246.734521</ele>
        <time>2026-08-14T17:47:40.157Z</time>
      </trkpt>
      <trkpt lat="49.175307" lon="9.548053">
        <ele>246.579158</ele>
        <time>2026-08-14T17:47:44.070Z</time>
      </trkpt>
      <trkpt lat="49.175083" lon="9.547499">
        <ele>246.391442</ele>
        <time>2026-08-14T17:47:50.701Z</time>
      </trkpt>
      <trkpt lat="49.173579" lon="9.544163">
        <ele>245.401825</ele>
        <time>2026-08-14T17:48:34.593Z</time>
      </trkpt>
      <trkpt lat="49.173399" lon="9.543756">
        <ele>245.287866</ele>
        <time>2026-08-14T17:48:39.577Z</time>
      </trkpt>
      <trkpt lat="49.173319" lon="9.543515">
        <ele>245.110350</ele>
        <time>2026-08-14T17:48:42.268Z</time>
      </trkpt>
      <trkpt lat="49.173200" lon="9.542291">
        <ele>244.297621</ele>
        <time>2026-08-14T17:48:54.233Z</time>
      </trkpt>
      <trkpt lat="49.173229" lon="9.541139">
        <ele>243.540458</ele>
        <time>2026-08-14T17:49:05.202Z</time>
      </trkpt>
      <trkpt lat="49.173297" lon="9.540593">
        <ele>243.187369</ele>
        <time>2026-08-14T17:49:10.581Z</time>
      </trkpt>
      <trkpt lat="49.173355" lon="9.540388">
        <ele>243.046124</ele>
        <time>2026-08-14T17:49:12.746Z</time>
      </trkpt>
      <trkpt lat="49.174762" lon="9.537092">
        <ele>240.647874</ele>
        <time>2026-08-14T17:49:51.412Z</time>
      </trkpt>
      <trkpt lat="49.174865" lon="9.536802">
        <ele>240.454984</ele>
        <time>2026-08-14T17:49:54.687Z</time>
      </trkpt>
      <trkpt lat="49.174949" lon="9.536320">
        <ele>240.163441</ele>
        <time>2026-08-14T17:49:59.641Z</time>
      </trkpt>
      <trkpt lat="49.174957" lon="9.536041">
        <ele>240.047523</ele>
        <time>2026-08-14T17:50:02.433Z</time>
      </trkpt>
      <trkpt lat="49.174962" lon="9.534091">
        <ele>239.270011</ele>
        <time>2026-08-14T17:50:22.148Z</time>
      </trkpt>
      <trkpt lat="49.174955" lon="9.533362">
        <ele>239.044375</ele>
        <time>2026-08-14T17:50:29.862Z</time>
      </trkpt>
      <trkpt lat="49.174936" lon="9.533199">
        <ele>239.037385</ele>
        <time>2026-08-14T17:50:31.644Z</time>
      </trkpt>
      <trkpt lat="49.175037" lon="9.533036">
        <ele>239.027903</ele>
        <time>2026-08-14T17:50:34.472Z</time>
      </trkpt>
      <trkpt lat="49.175740" lon="9.532197">
        <ele>238.970319</ele>
        <time>2026-08-14T17:50:51.764Z</time>
      </trkpt>
      <trkpt lat="49.175865" lon="9.532044">
        <ele>238.959980</ele>
        <time>2026-08-14T17:50:54.918Z</time>
      </trkpt>
      <trkpt lat="49.176021" lon="9.531926">
        <ele>238.948741</ele>
        <time>2026-08-14T17:50:58.476Z</time>
      </trkpt>
      <trkpt lat="49.176324" lon="9.531876">
        <ele>239.096718</ele>
        <time>2026-08-14T17:51:04.952Z</time>
      </trkpt>
      <trkpt lat="49.176608" lon="9.531649">
        <ele>239.581555</ele>
        <time>2026-08-14T17:51:12.022Z</time>
      </trkpt>
      <trkpt lat="49.176867" lon="9.531420">
        <ele>240.034192</ele>
        <time>2026-08-14T17:51:18.775Z</time>
      </trkpt>
      <trkpt lat="49.176935" lon="9.531323">
        <ele>240.174874</ele>
        <time>2026-08-14T17:51:20.879Z</time>
      </trkpt>
      <trkpt lat="49.177020" lon="9.531083">
        <ele>240.444865</ele>
        <time>2026-08-14T17:51:25.068Z</time>
      </trkpt>
      <trkpt lat="49.177080" lon="9.530794">
        <ele>240.744792</ele>
        <time>2026-08-14T17:51:30.071Z</time>
      </trkpt>
      <trkpt lat="49.177139" lon="9.530102">
        <ele>241.435063</ele>
        <time>2026-08-14T17:51:44.028Z</time>
      </trkpt>
      <trkpt lat="49.177330" lon="9.530034">
        <ele>241.941816</ele>
        <time>2026-08-14T17:51:50.192Z</time>
      </trkpt>
      <trkpt lat="49.177606" lon="9.529967">
        <ele>243.558368</ele>
        <time>2026-08-14T17:52:00.151Z</time>
      </trkpt>
      <trkpt lat="49.177629" lon="9.529769">
        <ele>244.318843</ele>
        <time>2026-08-14T17:52:05.237Z</time>
      </trkpt>
      <trkpt lat="49.177756" lon="9.529340">
        <ele>246.099716</ele>
        <time>2026-08-14T17:52:18.105Z</time>
      </trkpt>
      <trkpt lat="49.177796" lon="9.529124">
        <ele>246.948668</ele>
        <time>2026-08-14T17:52:24.589Z</time>
      </trkpt>
      <trkpt lat="49.177804" lon="9.528898">
        <ele>247.804546</ele>
        <time>2026-08-14T17:52:31.385Z</time>
      </trkpt>
      <trkpt lat="49.177835" lon="9.528745">
        <ele>248.410273</ele>
        <time>2026-08-14T17:52:36.385Z</time>
      </trkpt>
      <trkpt lat="49.178077" lon="9.527975">
        <ele>251.641078</ele>
        <time>2026-08-14T17:53:04.638Z</time>
      </trkpt>
      <trkpt lat="49.178123" lon="9.527686">
        <ele>252.841892</ele>
        <time>2026-08-14T17:53:14.575Z</time>
      </trkpt>
      <trkpt lat="49.178131" lon="9.527363">
        <ele>254.196221</ele>
        <time>2026-08-14T17:53:25.329Z</time>
      </trkpt>
      <trkpt lat="49.178084" lon="9.526303">
        <ele>258.647785</ele>
        <time>2026-08-14T17:53:59.189Z</time>
      </trkpt>
      <trkpt lat="49.178144" lon="9.525498">
        <ele>262.042557</ele>
        <time>2026-08-14T17:54:22.392Z</time>
      </trkpt>
      <trkpt lat="49.179044" lon="9.524440">
        <ele>266.086616</ele>
        <time>2026-08-14T17:55:06.243Z</time>
      </trkpt>
      <trkpt lat="49.179495" lon="9.523823">
        <ele>267.776843</ele>
        <time>2026-08-14T17:55:21.712Z</time>
      </trkpt>
      <trkpt lat="49.179798" lon="9.523411">
        <ele>268.454086</ele>
        <time>2026-08-14T17:55:28.566Z</time>
      </trkpt>
      <trkpt lat="49.180493" lon="9.522620">
        <ele>267.130616</ele>
        <time>2026-08-14T17:55:40.565Z</time>
      </trkpt>
      <trkpt lat="49.180705" lon="9.522368">
        <ele>266.720433</ele>
        <time>2026-08-14T17:55:44.118Z</time>
      </trkpt>
      <trkpt lat="49.180827" lon="9.522160">
        <ele>266.441337</ele>
        <time>2026-08-14T17:55:46.559Z</time>
      </trkpt>
      <trkpt lat="49.181060" lon="9.521578">
        <ele>265.787446</ele>
        <time>2026-08-14T17:55:52.653Z</time>
      </trkpt>
      <trkpt lat="49.181107" lon="9.521245">
        <ele>265.535067</ele>
        <time>2026-08-14T17:55:55.720Z</time>
      </trkpt>
      <trkpt lat="49.181081" lon="9.520852">
        <ele>265.242436</ele>
        <time>2026-08-14T17:55:59.306Z</time>
      </trkpt>
      <trkpt lat="49.181092" lon="9.520715">
        <ele>265.140180</ele>
        <time>2026-08-14T17:56:00.552Z</time>
      </trkpt>
      <trkpt lat="49.181265" lon="9.520305">
        <ele>264.778658</ele>
        <time>2026-08-14T17:56:05.006Z</time>
      </trkpt>
      <trkpt lat="49.181262" lon="9.520211">
        <ele>264.708938</ele>
        <time>2026-08-14T17:56:05.902Z</time>
      </trkpt>
      <trkpt lat="49.181581" lon="9.520070">
        <ele>264.332619</ele>
        <time>2026-08-14T17:56:10.823Z</time>
      </trkpt>
      <trkpt lat="49.182085" lon="9.520027">
        <ele>263.811666</ele>
        <time>2026-08-14T17:56:19.364Z</time>
      </trkpt>
      <trkpt lat="49.182212" lon="9.520001">
        <ele>263.775585</ele>
        <time>2026-08-14T17:56:21.710Z</time>
      </trkpt>
      <trkpt lat="49.182254" lon="9.519985">
        <ele>263.763397</ele>
        <time>2026-08-14T17:56:22.523Z</time>
      </trkpt>
      <trkpt lat="49.182614" lon="9.519847">
        <ele>263.658890</ele>
        <time>2026-08-14T17:56:29.528Z</time>
      </trkpt>
      <trkpt lat="49.182874" lon="9.519699">
        <ele>263.580772</ele>
        <time>2026-08-14T17:56:34.943Z</time>
      </trkpt>
      <trkpt lat="49.183062" lon="9.519482">
        <ele>263.514455</ele>
        <time>2026-08-14T17:56:39.452Z</time>
      </trkpt>
      <trkpt lat="49.183237" lon="9.519222">
        <ele>263.445763</ele>
        <time>2026-08-14T17:56:43.989Z</time>
      </trkpt>
      <trkpt lat="49.183394" lon="9.519078">
        <ele>263.394217</ele>
        <time>2026-08-14T17:56:46.953Z</time>
      </trkpt>
      <trkpt lat="49.184064" lon="9.518689">
        <ele>261.872084</ele>
        <time>2026-08-14T17:56:56.708Z</time>
      </trkpt>
      <trkpt lat="49.184661" lon="9.518189">
        <ele>259.728910</ele>
        <time>2026-08-14T17:57:05.104Z</time>
      </trkpt>
      <trkpt lat="49.185152" lon="9.517854">
        <ele>258.036001</ele>
        <time>2026-08-14T17:57:11.600Z</time>
      </trkpt>
      <trkpt lat="49.185535" lon="9.517623">
        <ele>256.804084</ele>
        <time>2026-08-14T17:57:16.541Z</time>
      </trkpt>
      <trkpt lat="49.186605" lon="9.517236">
        <ele>253.584792</ele>
        <time>2026-08-14T17:57:30.248Z</time>
      </trkpt>
      <trkpt lat="49.186933" lon="9.517062">
        <ele>252.568325</ele>
        <time>2026-08-14T17:57:34.940Z</time>
      </trkpt>
      <trkpt lat="49.187775" lon="9.516440">
        <ele>253.229294</ele>
        <time>2026-08-14T17:57:51.009Z</time>
      </trkpt>
      <trkpt lat="49.189173" lon="9.514938">
        <ele>255.200670</ele>
        <time>2026-08-14T17:58:38.407Z</time>
      </trkpt>
      <trkpt lat="49.189298" lon="9.514831">
        <ele>255.399150</ele>
        <time>2026-08-14T17:58:41.998Z</time>
      </trkpt>
      <trkpt lat="49.189143" lon="9.514465">
        <ele>255.794125</ele>
        <time>2026-08-14T17:58:49.436Z</time>
      </trkpt>
      <trkpt lat="49.188321" lon="9.510441">
        <ele>256.038473</ele>
        <time>2026-08-14T17:59:44.969Z</time>
      </trkpt>
      <trkpt lat="49.188256" lon="9.509864">
        <ele>255.412630</ele>
        <time>2026-08-14T17:59:51.096Z</time>
      </trkpt>
      <trkpt lat="49.188228" lon="9.509770">
        <ele>255.302211</ele>
        <time>2026-08-14T17:59:52.156Z</time>
      </trkpt>
      <trkpt lat="49.187911" lon="9.508745">
        <ele>254.090126</ele>
        <time>2026-08-14T18:00:03.437Z</time>
      </trkpt>
      <trkpt lat="49.187543" lon="9.507978">
        <ele>252.697799</ele>
        <time>2026-08-14T18:00:12.595Z</time>
      </trkpt>
      <trkpt lat="49.187519" lon="9.507841">
        <ele>252.455893</ele>
        <time>2026-08-14T18:00:13.965Z</time>
      </trkpt>
      <trkpt lat="49.187536" lon="9.507632">
        <ele>252.096687</ele>
        <time>2026-08-14T18:00:16.005Z</time>
      </trkpt>
      <trkpt lat="49.187587" lon="9.507540">
        <ele>251.890940</ele>
        <time>2026-08-14T18:00:17.166Z</time>
      </trkpt>
      <trkpt lat="49.187745" lon="9.507425">
        <ele>251.434364</ele>
        <time>2026-08-14T18:00:19.774Z</time>
      </trkpt>
      <trkpt lat="49.187778" lon="9.507377">
        <ele>251.315548</ele>
        <time>2026-08-14T18:00:20.462Z</time>
      </trkpt>
      <trkpt lat="49.187790" lon="9.507280">
        <ele>251.147174</ele>
        <time>2026-08-14T18:00:21.423Z</time>
      </trkpt>
      <trkpt lat="49.187687" lon="9.506119">
        <ele>249.148902</ele>
        <time>2026-08-14T18:00:32.891Z</time>
      </trkpt>
      <trkpt lat="49.187654" lon="9.506041">
        <ele>248.985710</ele>
        <time>2026-08-14T18:00:33.794Z</time>
      </trkpt>
      <trkpt lat="49.187568" lon="9.505998">
        <ele>248.691575</ele>
        <time>2026-08-14T18:00:35.132Z</time>
      </trkpt>
      <trkpt lat="49.187235" lon="9.506047">
        <ele>247.604004</ele>
        <time>2026-08-14T18:00:40.062Z</time>
      </trkpt>
      <trkpt lat="49.187036" lon="9.506132">
        <ele>246.932321</ele>
        <time>2026-08-14T18:00:43.088Z</time>
      </trkpt>
      <trkpt lat="49.186901" lon="9.506140">
        <ele>246.493110</ele>
        <time>2026-08-14T18:00:45.070Z</time>
      </trkpt>
      <trkpt lat="49.186817" lon="9.506140">
        <ele>246.220028</ele>
        <time>2026-08-14T18:00:46.301Z</time>
      </trkpt>
      <trkpt lat="49.186765" lon="9.506041">
        <ele>245.950160</ele>
        <time>2026-08-14T18:00:47.520Z</time>
      </trkpt>
      <trkpt lat="49.186772" lon="9.505880">
        <ele>245.607307</ele>
        <time>2026-08-14T18:00:49.057Z</time>
      </trkpt>
      <trkpt lat="49.186829" lon="9.505590">
        <ele>244.963848</ele>
        <time>2026-08-14T18:00:51.934Z</time>
      </trkpt>
      <trkpt lat="49.186946" lon="9.505279">
        <ele>244.201379</ele>
        <time>2026-08-14T18:00:55.242Z</time>
      </trkpt>
      <trkpt lat="49.187164" lon="9.505038">
        <ele>243.327021</ele>
        <time>2026-08-14T18:00:58.955Z</time>
      </trkpt>
      <trkpt lat="49.187498" lon="9.504838">
        <ele>241.778667</ele>
        <time>2026-08-14T18:01:03.817Z</time>
      </trkpt>
      <trkpt lat="49.187554" lon="9.504773">
        <ele>241.462897</ele>
        <time>2026-08-14T18:01:04.753Z</time>
      </trkpt>
      <trkpt lat="49.187594" lon="9.504677">
        <ele>241.128624</ele>
        <time>2026-08-14T18:01:05.756Z</time>
      </trkpt>
      <trkpt lat="49.187615" lon="9.504183">
        <ele>239.675118</ele>
        <time>2026-08-14T18:01:10.060Z</time>
      </trkpt>
      <trkpt lat="49.187593" lon="9.504097">
        <ele>239.403960</ele>
        <time>2026-08-14T18:01:10.855Z</time>
      </trkpt>
      <trkpt lat="49.187467" lon="9.502417">
        <ele>234.807700</ele>
        <time>2026-08-14T18:01:25.755Z</time>
      </trkpt>
      <trkpt lat="49.186850" lon="9.502870">
        <ele>233.495843</ele>
        <time>2026-08-14T18:01:34.558Z</time>
      </trkpt>
      <trkpt lat="49.186579" lon="9.502519">
        <ele>232.815217</ele>
        <time>2026-08-14T18:01:39.621Z</time>
      </trkpt>
      <trkpt lat="49.186541" lon="9.502462">
        <ele>232.713207</ele>
        <time>2026-08-14T18:01:40.441Z</time>
      </trkpt>
      <trkpt lat="49.186498" lon="9.502341">
        <ele>232.540648</ele>
        <time>2026-08-14T18:01:41.834Z</time>
      </trkpt>
      <trkpt lat="49.186615" lon="9.502033">
        <ele>232.094317</ele>
        <time>2026-08-14T18:01:45.690Z</time>
      </trkpt>
      <trkpt lat="49.186622" lon="9.501888">
        <ele>231.912154</ele>
        <time>2026-08-14T18:01:47.285Z</time>
      </trkpt>
      <trkpt lat="49.186518" lon="9.501226">
        <ele>231.566311</ele>
        <time>2026-08-14T18:01:54.990Z</time>
      </trkpt>
      <trkpt lat="49.186512" lon="9.500823">
        <ele>231.506564</ele>
        <time>2026-08-14T18:01:59.735Z</time>
      </trkpt>
      <trkpt lat="49.186537" lon="9.500723">
        <ele>231.490695</ele>
        <time>2026-08-14T18:02:01.004Z</time>
      </trkpt>
      <trkpt lat="49.186663" lon="9.500532">
        <ele>231.450473</ele>
        <time>2026-08-14T18:02:04.336Z</time>
      </trkpt>
      <trkpt lat="49.186673" lon="9.499768">
        <ele>231.337212</ele>
        <time>2026-08-14T18:02:12.966Z</time>
      </trkpt>
      <trkpt lat="49.186749" lon="9.498754">
        <ele>231.055270</ele>
        <time>2026-08-14T18:02:23.234Z</time>
      </trkpt>
      <trkpt lat="49.186935" lon="9.497818">
        <ele>230.442991</ele>
        <time>2026-08-14T18:02:32.477Z</time>
      </trkpt>
      <trkpt lat="49.187043" lon="9.497478">
        <ele>230.206401</ele>
        <time>2026-08-14T18:02:36.070Z</time>
      </trkpt>
      <trkpt lat="49.187074" lon="9.497301">
        <ele>230.091716</ele>
        <time>2026-08-14T18:02:37.813Z</time>
      </trkpt>
      <trkpt lat="49.187351" lon="9.497268">
        <ele>229.825669</ele>
        <time>2026-08-14T18:02:41.870Z</time>
      </trkpt>
      <trkpt lat="49.187618" lon="9.497279">
        <ele>229.569907</ele>
        <time>2026-08-14T18:02:45.859Z</time>
      </trkpt>
      <trkpt lat="49.187705" lon="9.497191">
        <ele>229.511331</ele>
        <time>2026-08-14T18:02:47.466Z</time>
      </trkpt>
      <trkpt lat="49.187780" lon="9.496692">
        <ele>229.578557</ele>
        <time>2026-08-14T18:02:52.864Z</time>
      </trkpt>
      <trkpt lat="49.187818" lon="9.496603">
        <ele>229.592515</ele>
        <time>2026-08-14T18:02:54.011Z</time>
      </trkpt>
      <trkpt lat="49.188259" lon="9.496264">
        <ele>229.691657</ele>
        <time>2026-08-14T18:03:02.727Z</time>
      </trkpt>
      <trkpt lat="49.188374" lon="9.496173">
        <ele>229.717666</ele>
        <time>2026-08-14T18:03:05.175Z</time>
      </trkpt>
      <trkpt lat="49.188456" lon="9.496113">
        <ele>229.735925</ele>
        <time>2026-08-14T18:03:06.906Z</time>
      </trkpt>
      <trkpt lat="49.188640" lon="9.495993">
        <ele>229.776105</ele>
        <time>2026-08-14T18:03:10.762Z</time>
      </trkpt>
      <trkpt lat="49.188662" lon="9.495859">
        <ele>229.794245</ele>
        <time>2026-08-14T18:03:12.560Z</time>
      </trkpt>
      <trkpt lat="49.188668" lon="9.495749">
        <ele>229.808737</ele>
        <time>2026-08-14T18:03:14.019Z</time>
      </trkpt>
      <trkpt lat="49.188684" lon="9.495556">
        <ele>229.834280</ele>
        <time>2026-08-14T18:03:16.667Z</time>
      </trkpt>
      <trkpt lat="49.189040" lon="9.492821">
        <ele>231.810408</ele>
        <time>2026-08-14T18:03:57.083Z</time>
      </trkpt>
      <trkpt lat="49.188825" lon="9.492653">
        <ele>232.187142</ele>
        <time>2026-08-14T18:04:02.781Z</time>
      </trkpt>
      <trkpt lat="49.188740" lon="9.492648">
        <ele>232.359909</ele>
        <time>2026-08-14T18:04:04.807Z</time>
      </trkpt>
      <trkpt lat="49.188718" lon="9.492559">
        <ele>232.486219</ele>
        <time>2026-08-14T18:04:06.293Z</time>
      </trkpt>
      <trkpt lat="49.188788" lon="9.492360">
        <ele>232.786210</ele>
        <time>2026-08-14T18:04:09.874Z</time>
      </trkpt>
      <trkpt lat="49.188863" lon="9.492172">
        <ele>233.078586</ele>
        <time>2026-08-14T18:04:13.397Z</time>
      </trkpt>
      <trkpt lat="49.189323" lon="9.490681">
        <ele>235.267223</ele>
        <time>2026-08-14T18:04:42.346Z</time>
      </trkpt>
      <trkpt lat="49.189412" lon="9.490394">
        <ele>235.728338</ele>
        <time>2026-08-14T18:04:48.279Z</time>
      </trkpt>
      <trkpt lat="49.189606" lon="9.489765">
        <ele>237.156847</ele>
        <time>2026-08-14T18:05:01.686Z</time>
      </trkpt>
      <trkpt lat="49.189791" lon="9.489166">
        <ele>238.517559</ele>
        <time>2026-08-14T18:05:15.285Z</time>
      </trkpt>
      <trkpt lat="49.189848" lon="9.488622">
        <ele>239.649121</ele>
        <time>2026-08-14T18:05:27.141Z</time>
      </trkpt>
      <trkpt lat="49.189923" lon="9.487240">
        <ele>242.703453</ele>
        <time>2026-08-14T18:05:56.670Z</time>
      </trkpt>
      <trkpt lat="49.190013" lon="9.485295">
        <ele>247.380418</ele>
        <time>2026-08-14T18:06:39.372Z</time>
      </trkpt>
      <trkpt lat="49.189844" lon="9.483148">
        <ele>253.129926</ele>
        <time>2026-08-14T18:07:30.315Z</time>
      </trkpt>
      <trkpt lat="49.189813" lon="9.482977">
        <ele>253.606549</ele>
        <time>2026-08-14T18:07:34.610Z</time>
      </trkpt>
      <trkpt lat="49.189020" lon="9.480155">
        <ele>261.323380</ele>
        <time>2026-08-14T18:08:44.483Z</time>
      </trkpt>
      <trkpt lat="49.189636" lon="9.480004">
        <ele>263.139937</ele>
        <time>2026-08-14T18:09:03.976Z</time>
      </trkpt>
      <trkpt lat="49.189662" lon="9.479933">
        <ele>263.274062</ele>
        <time>2026-08-14T18:09:06.520Z</time>
      </trkpt>
      <trkpt lat="49.190160" lon="9.479969">
        <ele>264.531228</ele>
        <time>2026-08-14T18:09:29.207Z</time>
      </trkpt>
      <trkpt lat="49.190107" lon="9.479883">
        <ele>264.726031</ele>
        <time>2026-08-14T18:09:31.503Z</time>
      </trkpt>
      <trkpt lat="49.190096" lon="9.479773">
        <ele>264.909421</ele>
        <time>2026-08-14T18:09:33.778Z</time>
      </trkpt>
      <trkpt lat="49.190071" lon="9.478566">
        <ele>266.619993</ele>
        <time>2026-08-14T18:09:56.771Z</time>
      </trkpt>
      <trkpt lat="49.190090" lon="9.478177">
        <ele>266.679939</ele>
        <time>2026-08-14T18:10:03.198Z</time>
      </trkpt>
      <trkpt lat="49.189785" lon="9.475381">
        <ele>266.465261</ele>
        <time>2026-08-14T18:10:37.423Z</time>
      </trkpt>
      <trkpt lat="49.189566" lon="9.474088">
        <ele>265.353951</ele>
        <time>2026-08-14T18:10:51.011Z</time>
      </trkpt>
      <trkpt lat="49.189426" lon="9.473034">
        <ele>264.732582</ele>
        <time>2026-08-14T18:11:02.290Z</time>
      </trkpt>
      <trkpt lat="49.189371" lon="9.471521">
        <ele>264.771242</ele>
        <time>2026-08-14T18:11:20.776Z</time>
      </trkpt>
      <trkpt lat="49.189378" lon="9.471007">
        <ele>264.784358</ele>
        <time>2026-08-14T18:11:28.417Z</time>
      </trkpt>
      <trkpt lat="49.189271" lon="9.470028">
        <ele>264.614814</ele>
        <time>2026-08-14T18:11:45.415Z</time>
      </trkpt>
      <trkpt lat="49.189274" lon="9.469630">
        <ele>264.493263</ele>
        <time>2026-08-14T18:11:51.951Z</time>
      </trkpt>
      <trkpt lat="49.189298" lon="9.469481">
        <ele>264.446399</ele>
        <time>2026-08-14T18:11:54.156Z</time>
      </trkpt>
      <trkpt lat="49.189384" lon="9.469295">
        <ele>264.376820</ele>
        <time>2026-08-14T18:11:57.105Z</time>
      </trkpt>
      <trkpt lat="49.189469" lon="9.469185">
        <ele>264.324802</ele>
        <time>2026-08-14T18:11:59.110Z</time>
      </trkpt>
      <trkpt lat="49.189598" lon="9.469082">
        <ele>264.256812</ele>
        <time>2026-08-14T18:12:01.496Z</time>
      </trkpt>
      <trkpt lat="49.189729" lon="9.469044">
        <ele>264.194511</ele>
        <time>2026-08-14T18:12:03.536Z</time>
      </trkpt>
      <trkpt lat="49.190281" lon="9.469054">
        <ele>263.684100</ele>
        <time>2026-08-14T18:12:10.827Z</time>
      </trkpt>
      <trkpt lat="49.190498" lon="9.469009">
        <ele>262.118696</ele>
        <time>2026-08-14T18:12:13.543Z</time>
      </trkpt>
      <trkpt lat="49.190756" lon="9.468867">
        <ele>260.158699</ele>
        <time>2026-08-14T18:12:16.716Z</time>
      </trkpt>
      <trkpt lat="49.191028" lon="9.468623">
        <ele>257.904795</ele>
        <time>2026-08-14T18:12:20.185Z</time>
      </trkpt>
      <trkpt lat="49.191070" lon="9.468524">
        <ele>257.353381</ele>
        <time>2026-08-14T18:12:21.023Z</time>
      </trkpt>
      <trkpt lat="49.191083" lon="9.468428">
        <ele>256.895361</ele>
        <time>2026-08-14T18:12:21.713Z</time>
      </trkpt>
      <trkpt lat="49.191066" lon="9.468335">
        <ele>256.444207</ele>
        <time>2026-08-14T18:12:22.394Z</time>
      </trkpt>
      <trkpt lat="49.190984" lon="9.468189">
        <ele>255.544849</ele>
        <time>2026-08-14T18:12:23.736Z</time>
      </trkpt>
      <trkpt lat="49.191057" lon="9.468064">
        <ele>254.761685</ele>
        <time>2026-08-14T18:12:24.899Z</time>
      </trkpt>
      <trkpt lat="49.191016" lon="9.468000">
        <ele>254.342997</ele>
        <time>2026-08-14T18:12:25.524Z</time>
      </trkpt>
      <trkpt lat="49.190258" lon="9.466871">
        <ele>246.029665</ele>
        <time>2026-08-14T18:12:36.649Z</time>
      </trkpt>
      <trkpt lat="49.190033" lon="9.466532">
        <ele>243.379299</ele>
        <time>2026-08-14T18:12:39.977Z</time>
      </trkpt>
      <trkpt lat="49.189714" lon="9.466048">
        <ele>239.608652</ele>
        <time>2026-08-14T18:12:44.803Z</time>
      </trkpt>
      <trkpt lat="49.189467" lon="9.465026">
        <ele>234.810250</ele>
        <time>2026-08-14T18:12:52.812Z</time>
      </trkpt>
      <trkpt lat="49.189468" lon="9.464927">
        <ele>234.537429</ele>
        <time>2026-08-14T18:12:53.578Z</time>
      </trkpt>
      <trkpt lat="49.189473" lon="9.464324">
        <ele>232.875771</ele>
        <time>2026-08-14T18:12:58.345Z</time>
      </trkpt>
      <trkpt lat="49.189457" lon="9.464190">
        <ele>232.500431</ele>
        <time>2026-08-14T18:12:59.440Z</time>
      </trkpt>
      <trkpt lat="49.189518" lon="9.463399">
        <ele>230.305765</ele>
        <time>2026-08-14T18:13:06.267Z</time>
      </trkpt>
      <trkpt lat="49.189541" lon="9.463087">
        <ele>229.440620</ele>
        <time>2026-08-14T18:13:08.968Z</time>
      </trkpt>
      <trkpt lat="49.189547" lon="9.463004">
        <ele>229.210525</ele>
        <time>2026-08-14T18:13:09.691Z</time>
      </trkpt>
      <trkpt lat="49.189561" lon="9.462875">
        <ele>228.850208</ele>
        <time>2026-08-14T18:13:10.819Z</time>
      </trkpt>
      <trkpt lat="49.189659" lon="9.462245">
        <ele>227.939834</ele>
        <time>2026-08-14T18:13:16.432Z</time>
      </trkpt>
      <trkpt lat="49.189742" lon="9.461963">
        <ele>227.638937</ele>
        <time>2026-08-14T18:13:19.173Z</time>
      </trkpt>
      <trkpt lat="49.189870" lon="9.461641">
        <ele>227.272265</ele>
        <time>2026-08-14T18:13:22.573Z</time>
      </trkpt>
      <trkpt lat="49.190210" lon="9.460964">
        <ele>226.441605</ele>
        <time>2026-08-14T18:13:31.142Z</time>
      </trkpt>
      <trkpt lat="49.190326" lon="9.460816">
        <ele>226.216769</ele>
        <time>2026-08-14T18:13:33.750Z</time>
      </trkpt>
      <trkpt lat="49.190528" lon="9.460684">
        <ele>225.889791</ele>
        <time>2026-08-14T18:13:37.993Z</time>
      </trkpt>
      <trkpt lat="49.190738" lon="9.460655">
        <ele>225.623787</ele>
        <time>2026-08-14T18:13:42.744Z</time>
      </trkpt>
      <trkpt lat="49.190755" lon="9.460655">
        <ele>225.605893</ele>
        <time>2026-08-14T18:13:43.150Z</time>
      </trkpt>
      <trkpt lat="49.191048" lon="9.460641">
        <ele>225.297330</ele>
        <time>2026-08-14T18:13:49.753Z</time>
      </trkpt>
      <trkpt lat="49.191209" lon="9.460561">
        <ele>225.119150</ele>
        <time>2026-08-14T18:13:53.449Z</time>
      </trkpt>
      <trkpt lat="49.191629" lon="9.460177">
        <ele>224.604149</ele>
        <time>2026-08-14T18:14:01.747Z</time>
      </trkpt>
      <trkpt lat="49.191357" lon="9.459218">
        <ele>223.884995</ele>
        <time>2026-08-14T18:14:10.712Z</time>
      </trkpt>
      <trkpt lat="49.191347" lon="9.459062">
        <ele>223.654947</ele>
        <time>2026-08-14T18:14:11.961Z</time>
      </trkpt>
      <trkpt lat="49.191366" lon="9.458855">
        <ele>223.256267</ele>
        <time>2026-08-14T18:14:13.606Z</time>
      </trkpt>
      <trkpt lat="49.191613" lon="9.457807">
        <ele>221.131444</ele>
        <time>2026-08-14T18:14:22.297Z</time>
      </trkpt>
      <trkpt lat="49.191742" lon="9.457139">
        <ele>219.802938</ele>
        <time>2026-08-14T18:14:27.960Z</time>
      </trkpt>
      <trkpt lat="49.191863" lon="9.456012">
        <ele>218.815679</ele>
        <time>2026-08-14T18:14:39.099Z</time>
      </trkpt>
      <trkpt lat="49.191719" lon="9.455890">
        <ele>218.923729</ele>
        <time>2026-08-14T18:14:42.313Z</time>
      </trkpt>
      <trkpt lat="49.191478" lon="9.455607">
        <ele>219.123148</ele>
        <time>2026-08-14T18:14:48.850Z</time>
      </trkpt>
      <trkpt lat="49.190861" lon="9.454769">
        <ele>219.664712</ele>
        <time>2026-08-14T18:15:08.748Z</time>
      </trkpt>
      <trkpt lat="49.190222" lon="9.452593">
        <ele>221.029913</ele>
        <time>2026-08-14T18:15:44.229Z</time>
      </trkpt>
      <trkpt lat="49.190173" lon="9.452352">
        <ele>221.178838</ele>
        <time>2026-08-14T18:15:47.217Z</time>
      </trkpt>
      <trkpt lat="49.190070" lon="9.451281">
        <ele>221.246104</ele>
        <time>2026-08-14T18:15:58.773Z</time>
      </trkpt>
      <trkpt lat="49.189865" lon="9.450038">
        <ele>220.963439</ele>
        <time>2026-08-14T18:16:12.020Z</time>
      </trkpt>
      <trkpt lat="49.189751" lon="9.449024">
        <ele>220.416522</ele>
        <time>2026-08-14T18:16:23.222Z</time>
      </trkpt>
      <trkpt lat="49.189700" lon="9.448799">
        <ele>220.075109</ele>
        <time>2026-08-14T18:16:25.556Z</time>
      </trkpt>
      <trkpt lat="49.189642" lon="9.448666">
        <ele>219.845888</ele>
        <time>2026-08-14T18:16:27.123Z</time>
      </trkpt>
      <trkpt lat="49.189421" lon="9.448380">
        <ele>219.210967</ele>
        <time>2026-08-14T18:16:31.394Z</time>
      </trkpt>
      <trkpt lat="49.189463" lon="9.448181">
        <ele>218.911169</ele>
        <time>2026-08-14T18:16:33.473Z</time>
      </trkpt>
      <trkpt lat="49.189490" lon="9.448028">
        <ele>218.683968</ele>
        <time>2026-08-14T18:16:35.014Z</time>
      </trkpt>
      <trkpt lat="49.189525" lon="9.447562">
        <ele>218.011502</ele>
        <time>2026-08-14T18:16:39.396Z</time>
      </trkpt>
      <trkpt lat="49.189542" lon="9.447291">
        <ele>217.621204</ele>
        <time>2026-08-14T18:16:41.684Z</time>
      </trkpt>
      <trkpt lat="49.189526" lon="9.447098">
        <ele>217.342297</ele>
        <time>2026-08-14T18:16:43.256Z</time>
      </trkpt>
      <trkpt lat="49.189380" lon="9.446394">
        <ele>215.571785</ele>
        <time>2026-08-14T18:16:48.841Z</time>
      </trkpt>
      <trkpt lat="49.189395" lon="9.446219">
        <ele>215.000534</ele>
        <time>2026-08-14T18:16:50.129Z</time>
      </trkpt>
      <trkpt lat="49.189569" lon="9.445804">
        <ele>213.404721</ele>
        <time>2026-08-14T18:16:53.810Z</time>
      </trkpt>
      <trkpt lat="49.189610" lon="9.445612">
        <ele>212.750972</ele>
        <time>2026-08-14T18:16:55.315Z</time>
      </trkpt>
      <trkpt lat="49.189653" lon="9.445031">
        <ele>210.858514</ele>
        <time>2026-08-14T18:16:59.678Z</time>
      </trkpt>
      <trkpt lat="49.189775" lon="9.444704">
        <ele>209.639854</ele>
        <time>2026-08-14T18:17:02.504Z</time>
      </trkpt>
      <trkpt lat="49.189745" lon="9.444652">
        <ele>209.415361</ele>
        <time>2026-08-14T18:17:03.060Z</time>
      </trkpt>
      <trkpt lat="49.189604" lon="9.444358">
        <ele>208.235102</ele>
        <time>2026-08-14T18:17:06.033Z</time>
      </trkpt>
      <trkpt lat="49.189562" lon="9.444200">
        <ele>207.900213</ele>
        <time>2026-08-14T18:17:07.467Z</time>
      </trkpt>
      <trkpt lat="49.189554" lon="9.444048">
        <ele>207.820512</ele>
        <time>2026-08-14T18:17:08.768Z</time>
      </trkpt>
      <trkpt lat="49.189568" lon="9.443552">
        <ele>207.561033</ele>
        <time>2026-08-14T18:17:13.184Z</time>
      </trkpt>
      <trkpt lat="49.189753" lon="9.441905">
        <ele>206.687601</ele>
        <time>2026-08-14T18:17:32.559Z</time>
      </trkpt>
      <trkpt lat="49.189765" lon="9.441767">
        <ele>206.614839</ele>
        <time>2026-08-14T18:17:34.959Z</time>
      </trkpt>
      <trkpt lat="49.189800" lon="9.441376">
        <ele>206.595654</ele>
        <time>2026-08-14T18:17:41.674Z</time>
      </trkpt>
      <trkpt lat="49.189824" lon="9.441103">
        <ele>206.734977</ele>
        <time>2026-08-14T18:17:46.221Z</time>
      </trkpt>
      <trkpt lat="49.189917" lon="9.441091">
        <ele>206.807204</ele>
        <time>2026-08-14T18:17:48.514Z</time>
      </trkpt>
      <trkpt lat="49.190022" lon="9.441082">
        <ele>206.888591</ele>
        <time>2026-08-14T18:17:51.124Z</time>
      </trkpt>
      <trkpt lat="49.190132" lon="9.441054">
        <ele>206.974889</ele>
        <time>2026-08-14T18:17:53.857Z</time>
      </trkpt>
      <trkpt lat="49.190314" lon="9.441009">
        <ele>207.117565</ele>
        <time>2026-08-14T18:17:58.204Z</time>
      </trkpt>
      <trkpt lat="49.190630" lon="9.440836">
        <ele>207.377298</ele>
        <time>2026-08-14T18:18:05.381Z</time>
      </trkpt>
      <trkpt lat="49.191180" lon="9.440494">
        <ele>207.836745</ele>
        <time>2026-08-14T18:18:16.388Z</time>
      </trkpt>
      <trkpt lat="49.191657" lon="9.440127">
        <ele>208.283136</ele>
        <time>2026-08-14T18:18:24.802Z</time>
      </trkpt>
      <trkpt lat="49.191770" lon="9.440073">
        <ele>208.383337</ele>
        <time>2026-08-14T18:18:26.626Z</time>
      </trkpt>
      <trkpt lat="49.191828" lon="9.439910">
        <ele>208.486001</ele>
        <time>2026-08-14T18:18:28.561Z</time>
      </trkpt>
      <trkpt lat="49.191984" lon="9.439363">
        <ele>208.816134</ele>
        <time>2026-08-14T18:18:35.210Z</time>
      </trkpt>
      <trkpt lat="49.192008" lon="9.439190">
        <ele>208.913962</ele>
        <time>2026-08-14T18:18:37.560Z</time>
      </trkpt>
      <trkpt lat="49.192087" lon="9.438938">
        <ele>209.068566</ele>
        <time>2026-08-14T18:18:41.939Z</time>
      </trkpt>
      <trkpt lat="49.192225" lon="9.438558">
        <ele>209.309038</ele>
        <time>2026-08-14T18:18:49.827Z</time>
      </trkpt>
      <trkpt lat="49.192441" lon="9.438182">
        <ele>209.909309</ele>
        <time>2026-08-14T18:19:00.095Z</time>
      </trkpt>
      <trkpt lat="49.192922" lon="9.437638">
        <ele>211.390319</ele>
        <time>2026-08-14T18:19:19.959Z</time>
      </trkpt>
      <trkpt lat="49.193383" lon="9.437145">
        <ele>212.782936</ele>
        <time>2026-08-14T18:19:37.878Z</time>
      </trkpt>
      <trkpt lat="49.193564" lon="9.436944">
        <ele>213.336692</ele>
        <time>2026-08-14T18:19:44.514Z</time>
      </trkpt>
      <trkpt lat="49.194325" lon="9.436033">
        <ele>212.943557</ele>
        <time>2026-08-14T18:20:02.413Z</time>
      </trkpt>
      <trkpt lat="49.194362" lon="9.436005">
        <ele>212.892491</ele>
        <time>2026-08-14T18:20:03.069Z</time>
      </trkpt>
      <trkpt lat="49.195256" lon="9.435755">
        <ele>211.768157</ele>
        <time>2026-08-14T18:20:16.584Z</time>
      </trkpt>
      <trkpt lat="49.195579" lon="9.435666">
        <ele>211.305567</ele>
        <time>2026-08-14T18:20:20.783Z</time>
      </trkpt>
      <trkpt lat="49.195715" lon="9.435586">
        <ele>211.089449</ele>
        <time>2026-08-14T18:20:22.643Z</time>
      </trkpt>
      <trkpt lat="49.196004" lon="9.435241">
        <ele>210.545769</ele>
        <time>2026-08-14T18:20:27.422Z</time>
      </trkpt>
      <trkpt lat="49.196375" lon="9.434714">
        <ele>209.794925</ele>
        <time>2026-08-14T18:20:34.383Z</time>
      </trkpt>
      <trkpt lat="49.196427" lon="9.434631">
        <ele>209.683473</ele>
        <time>2026-08-14T18:20:35.461Z</time>
      </trkpt>
      <trkpt lat="49.196487" lon="9.434460">
        <ele>209.495343</ele>
        <time>2026-08-14T18:20:37.351Z</time>
      </trkpt>
      <trkpt lat="49.196585" lon="9.433885">
        <ele>209.046042</ele>
        <time>2026-08-14T18:20:44.038Z</time>
      </trkpt>
      <trkpt lat="49.196592" lon="9.433609">
        <ele>209.351740</ele>
        <time>2026-08-14T18:20:47.906Z</time>
      </trkpt>
      <trkpt lat="49.196644" lon="9.433298">
        <ele>209.707034</ele>
        <time>2026-08-14T18:20:52.923Z</time>
      </trkpt>
      <trkpt lat="49.197037" lon="9.431358">
        <ele>211.954964</ele>
        <time>2026-08-14T18:21:31.141Z</time>
      </trkpt>
      <trkpt lat="49.197110" lon="9.431103">
        <ele>211.837483</ele>
        <time>2026-08-14T18:21:35.203Z</time>
      </trkpt>
      <trkpt lat="49.197210" lon="9.430902">
        <ele>211.617573</ele>
        <time>2026-08-14T18:21:38.371Z</time>
      </trkpt>
      <trkpt lat="49.197445" lon="9.430499">
        <ele>211.147394</ele>
        <time>2026-08-14T18:21:43.965Z</time>
      </trkpt>
      <trkpt lat="49.197572" lon="9.430336">
        <ele>210.926588</ele>
        <time>2026-08-14T18:21:46.329Z</time>
      </trkpt>
      <trkpt lat="49.197726" lon="9.430207">
        <ele>210.692717</ele>
        <time>2026-08-14T18:21:48.697Z</time>
      </trkpt>
      <trkpt lat="49.198030" lon="9.430072">
        <ele>210.271041</ele>
        <time>2026-08-14T18:21:52.742Z</time>
      </trkpt>
      <trkpt lat="49.199127" lon="9.429926">
        <ele>208.265299</ele>
        <time>2026-08-14T18:22:06.693Z</time>
      </trkpt>
      <trkpt lat="49.199485" lon="9.429920">
        <ele>207.476709</ele>
        <time>2026-08-14T18:22:11.676Z</time>
      </trkpt>
      <trkpt lat="49.200124" lon="9.430022">
        <ele>206.061590</ele>
        <time>2026-08-14T18:22:20.712Z</time>
      </trkpt>
      <trkpt lat="49.200398" lon="9.429895">
        <ele>205.459419</ele>
        <time>2026-08-14T18:22:24.712Z</time>
      </trkpt>
      <trkpt lat="49.200468" lon="9.429894">
        <ele>205.323793</ele>
        <time>2026-08-14T18:22:25.662Z</time>
      </trkpt>
      <trkpt lat="49.200525" lon="9.429939">
        <ele>205.199532</ele>
        <time>2026-08-14T18:22:26.523Z</time>
      </trkpt>
      <trkpt lat="49.201192" lon="9.430699">
        <ele>203.588442</ele>
        <time>2026-08-14T18:22:37.628Z</time>
      </trkpt>
      <trkpt lat="49.201318" lon="9.430851">
        <ele>203.277606</ele>
        <time>2026-08-14T18:22:39.791Z</time>
      </trkpt>
      <trkpt lat="49.201703" lon="9.431119">
        <ele>202.458164</ele>
        <time>2026-08-14T18:22:45.516Z</time>
      </trkpt>
      <trkpt lat="49.201706" lon="9.430152">
        <ele>201.695599</ele>
        <time>2026-08-14T18:22:54.577Z</time>
      </trkpt>
      <trkpt lat="49.201766" lon="9.430067">
        <ele>201.614299</ele>
        <time>2026-08-14T18:22:55.830Z</time>
      </trkpt>
      <trkpt lat="49.201849" lon="9.430015">
        <ele>201.525118</ele>
        <time>2026-08-14T18:22:57.208Z</time>
      </trkpt>
      <trkpt lat="49.202025" lon="9.430048">
        <ele>201.348798</ele>
        <time>2026-08-14T18:23:00.002Z</time>
      </trkpt>
      <trkpt lat="49.202268" lon="9.430083">
        <ele>201.106095</ele>
        <time>2026-08-14T18:23:03.941Z</time>
      </trkpt>
      <trkpt lat="49.202499" lon="9.430122">
        <ele>200.875000</ele>
        <time>2026-08-14T18:23:07.584Z</time>
      </trkpt>
      <trkpt lat="49.202644" lon="9.429629">
        <ele>200.523733</ele>
        <time>2026-08-14T18:23:12.823Z</time>
      </trkpt>
      <trkpt lat="49.202644" lon="9.429481">
        <ele>200.427575</ele>
        <time>2026-08-14T18:23:14.243Z</time>
      </trkpt>
      <trkpt lat="49.202933" lon="9.428589">
        <ele>199.938220</ele>
        <time>2026-08-14T18:23:23.816Z</time>
      </trkpt>
      <trkpt lat="49.203219" lon="9.428179">
        <ele>199.648678</ele>
        <time>2026-08-14T18:23:29.687Z</time>
      </trkpt>
      <trkpt lat="49.203379" lon="9.428051">
        <ele>199.515281</ele>
        <time>2026-08-14T18:23:32.496Z</time>
      </trkpt>
      <trkpt lat="49.203607" lon="9.427967">
        <ele>199.342004</ele>
        <time>2026-08-14T18:23:36.203Z</time>
      </trkpt>
      <trkpt lat="49.203839" lon="9.427987">
        <ele>199.170312</ele>
        <time>2026-08-14T18:23:39.875Z</time>
      </trkpt>
      <trkpt lat="49.204484" lon="9.428168">
        <ele>199.094820</ele>
        <time>2026-08-14T18:23:50.648Z</time>
      </trkpt>
      <trkpt lat="49.205301" lon="9.428356">
        <ele>199.143189</ele>
        <time>2026-08-14T18:24:06.079Z</time>
      </trkpt>
      <trkpt lat="49.205668" lon="9.428295">
        <ele>199.164801</ele>
        <time>2026-08-14T18:24:12.582Z</time>
      </trkpt>
      <trkpt lat="49.206047" lon="9.428052">
        <ele>199.061900</ele>
        <time>2026-08-14T18:24:19.680Z</time>
      </trkpt>
      <trkpt lat="49.206297" lon="9.427779">
        <ele>198.958245</ele>
        <time>2026-08-14T18:24:25.151Z</time>
      </trkpt>
      <trkpt lat="49.206526" lon="9.427368">
        <ele>198.839130</ele>
        <time>2026-08-14T18:24:31.128Z</time>
      </trkpt>
      <trkpt lat="49.206606" lon="9.427156">
        <ele>198.785143</ele>
        <time>2026-08-14T18:24:33.589Z</time>
      </trkpt>
      <trkpt lat="49.206697" lon="9.426789">
        <ele>198.698581</ele>
        <time>2026-08-14T18:24:37.559Z</time>
      </trkpt>
      <trkpt lat="49.206730" lon="9.426550">
        <ele>198.644713</ele>
        <time>2026-08-14T18:24:40.031Z</time>
      </trkpt>
      <trkpt lat="49.206788" lon="9.424988">
        <ele>197.948821</ele>
        <time>2026-08-14T18:24:55.414Z</time>
      </trkpt>
      <trkpt lat="49.206808" lon="9.424705">
        <ele>197.802397</ele>
        <time>2026-08-14T18:24:58.120Z</time>
      </trkpt>
      <trkpt lat="49.206859" lon="9.424431">
        <ele>197.655844</ele>
        <time>2026-08-14T18:25:00.827Z</time>
      </trkpt>
      <trkpt lat="49.206942" lon="9.424173">
        <ele>197.507912</ele>
        <time>2026-08-14T18:25:03.608Z</time>
      </trkpt>
      <trkpt lat="49.207085" lon="9.423902">
        <ele>197.328722</ele>
        <time>2026-08-14T18:25:07.013Z</time>
      </trkpt>
      <trkpt lat="49.207288" lon="9.423680">
        <ele>197.180324</ele>
        <time>2026-08-14T18:25:10.923Z</time>
      </trkpt>
      <trkpt lat="49.207411" lon="9.423605">
        <ele>197.419925</ele>
        <time>2026-08-14T18:25:13.044Z</time>
      </trkpt>
      <trkpt lat="49.207415" lon="9.423501">
        <ele>197.543096</ele>
        <time>2026-08-14T18:25:14.120Z</time>
      </trkpt>
      <trkpt lat="49.207431" lon="9.423292">
        <ele>197.791887</ele>
        <time>2026-08-14T18:25:16.552Z</time>
      </trkpt>
      <trkpt lat="49.207483" lon="9.423051">
        <ele>198.091957</ele>
        <time>2026-08-14T18:25:19.897Z</time>
      </trkpt>
      <trkpt lat="49.207780" lon="9.422560">
        <ele>198.883070</ele>
        <time>2026-08-14T18:25:30.999Z</time>
      </trkpt>
      <trkpt lat="49.207868" lon="9.422357">
        <ele>199.171103</ele>
        <time>2026-08-14T18:25:35.735Z</time>
      </trkpt>
      <trkpt lat="49.207935" lon="9.422139">
        <ele>199.455935</ele>
        <time>2026-08-14T18:25:40.722Z</time>
      </trkpt>
      <trkpt lat="49.207985" lon="9.421942">
        <ele>199.705804</ele>
        <time>2026-08-14T18:25:45.267Z</time>
      </trkpt>
      <trkpt lat="49.207995" lon="9.421845">
        <ele>199.821904</ele>
        <time>2026-08-14T18:25:47.457Z</time>
      </trkpt>
      <trkpt lat="49.208004" lon="9.421750">
        <ele>199.935395</ele>
        <time>2026-08-14T18:25:49.531Z</time>
      </trkpt>
      <trkpt lat="49.207952" lon="9.421437">
        <ele>200.317227</ele>
        <time>2026-08-14T18:25:56.426Z</time>
      </trkpt>
      <trkpt lat="49.207731" lon="9.420511">
        <ele>201.478531</ele>
        <time>2026-08-14T18:26:15.855Z</time>
      </trkpt>
      <trkpt lat="49.207785" lon="9.420516">
        <ele>201.576046</ele>
        <time>2026-08-14T18:26:17.537Z</time>
      </trkpt>
      <trkpt lat="49.207884" lon="9.420677">
        <ele>201.836417</ele>
        <time>2026-08-14T18:26:21.901Z</time>
      </trkpt>
      <trkpt lat="49.208000" lon="9.420801">
        <ele>202.091455</ele>
        <time>2026-08-14T18:26:25.964Z</time>
      </trkpt>
      <trkpt lat="49.208100" lon="9.420838">
        <ele>202.276900</ele>
        <time>2026-08-14T18:26:28.731Z</time>
      </trkpt>
      <trkpt lat="49.208385" lon="9.421068">
        <ele>202.857654</ele>
        <time>2026-08-14T18:26:36.182Z</time>
      </trkpt>
      <trkpt lat="49.208608" lon="9.421255">
        <ele>203.315990</ele>
        <time>2026-08-14T18:26:40.893Z</time>
      </trkpt>
      <trkpt lat="49.208767" lon="9.421324">
        <ele>203.613890</ele>
        <time>2026-08-14T18:26:43.539Z</time>
      </trkpt>
      <trkpt lat="49.208806" lon="9.421330">
        <ele>203.624139</ele>
        <time>2026-08-14T18:26:44.118Z</time>
      </trkpt>
      <trkpt lat="49.209040" lon="9.421326">
        <ele>203.418671</ele>
        <time>2026-08-14T18:26:47.693Z</time>
      </trkpt>
      <trkpt lat="49.209365" lon="9.421315">
        <ele>203.133246</ele>
        <time>2026-08-14T18:26:52.794Z</time>
      </trkpt>
      <trkpt lat="49.209518" lon="9.421250">
        <ele>202.993832</ele>
        <time>2026-08-14T18:26:55.559Z</time>
      </trkpt>
      <trkpt lat="49.209673" lon="9.421162">
        <ele>202.848680</ele>
        <time>2026-08-14T18:26:58.322Z</time>
      </trkpt>
      <trkpt lat="49.210159" lon="9.420695">
        <ele>202.344854</ele>
        <time>2026-08-14T18:27:06.728Z</time>
      </trkpt>
      <trkpt lat="49.210117" lon="9.420531">
        <ele>202.243815</ele>
        <time>2026-08-14T18:27:08.562Z</time>
      </trkpt>
      <trkpt lat="49.210068" lon="9.420125">
        <ele>201.922220</ele>
        <time>2026-08-14T18:27:12.812Z</time>
      </trkpt>
      <trkpt lat="49.209693" lon="9.416832">
        <ele>198.066229</ele>
        <time>2026-08-14T18:27:45.830Z</time>
      </trkpt>
      <trkpt lat="49.209567" lon="9.415451">
        <ele>197.866650</ele>
        <time>2026-08-14T18:28:02.512Z</time>
      </trkpt>
      <trkpt lat="49.209565" lon="9.415053">
        <ele>197.809683</ele>
        <time>2026-08-14T18:28:09.474Z</time>
      </trkpt>
      <trkpt lat="49.209789" lon="9.413737">
        <ele>198.052231</ele>
        <time>2026-08-14T18:28:35.850Z</time>
      </trkpt>
      <trkpt lat="49.209956" lon="9.413235">
        <ele>198.197723</ele>
        <time>2026-08-14T18:28:45.018Z</time>
      </trkpt>
      <trkpt lat="49.210195" lon="9.412739">
        <ele>198.356899</ele>
        <time>2026-08-14T18:28:52.367Z</time>
      </trkpt>
      <trkpt lat="49.210761" lon="9.411976">
        <ele>197.111430</ele>
        <time>2026-08-14T18:29:03.636Z</time>
      </trkpt>
      <trkpt lat="49.211130" lon="9.411603">
        <ele>195.727012</ele>
        <time>2026-08-14T18:29:09.749Z</time>
      </trkpt>
      <trkpt lat="49.211689" lon="9.411018">
        <ele>193.607009</ele>
        <time>2026-08-14T18:29:19.215Z</time>
      </trkpt>
      <trkpt lat="49.211756" lon="9.410998">
        <ele>193.393296</ele>
        <time>2026-08-14T18:29:20.072Z</time>
      </trkpt>
      <trkpt lat="49.211944" lon="9.411057">
        <ele>192.820092</ele>
        <time>2026-08-14T18:29:22.515Z</time>
      </trkpt>
      <trkpt lat="49.211984" lon="9.411036">
        <ele>192.750362</ele>
        <time>2026-08-14T18:29:23.070Z</time>
      </trkpt>
      <trkpt lat="49.212465" lon="9.410358">
        <ele>191.672177</ele>
        <time>2026-08-14T18:29:31.847Z</time>
      </trkpt>
      <trkpt lat="49.212534" lon="9.410209">
        <ele>191.475438</ele>
        <time>2026-08-14T18:29:33.475Z</time>
      </trkpt>
      <trkpt lat="49.212604" lon="9.409923">
        <ele>191.146448</ele>
        <time>2026-08-14T18:29:36.247Z</time>
      </trkpt>
      <trkpt lat="49.212986" lon="9.407798">
        <ele>189.761373</ele>
        <time>2026-08-14T18:29:58.447Z</time>
      </trkpt>
      <trkpt lat="49.212994" lon="9.407436">
        <ele>189.718041</ele>
        <time>2026-08-14T18:30:02.390Z</time>
      </trkpt>
      <trkpt lat="49.212972" lon="9.407326">
        <ele>189.704278</ele>
        <time>2026-08-14T18:30:03.654Z</time>
      </trkpt>
      <trkpt lat="49.213275" lon="9.407117">
        <ele>189.643414</ele>
        <time>2026-08-14T18:30:09.325Z</time>
      </trkpt>
      <trkpt lat="49.213574" lon="9.407009">
        <ele>189.587152</ele>
        <time>2026-08-14T18:30:14.942Z</time>
      </trkpt>
      <trkpt lat="49.213755" lon="9.406962">
        <ele>189.560170</ele>
        <time>2026-08-14T18:30:18.460Z</time>
      </trkpt>
      <trkpt lat="49.213818" lon="9.406946">
        <ele>189.587079</ele>
        <time>2026-08-14T18:30:19.687Z</time>
      </trkpt>
      <trkpt lat="49.213961" lon="9.406915">
        <ele>189.647935</ele>
        <time>2026-08-14T18:30:22.365Z</time>
      </trkpt>
      <trkpt lat="49.214212" lon="9.406880">
        <ele>189.754137</ele>
        <time>2026-08-14T18:30:26.845Z</time>
      </trkpt>
      <trkpt lat="49.214335" lon="9.406863">
        <ele>189.806176</ele>
        <time>2026-08-14T18:30:29.081Z</time>
      </trkpt>
      <trkpt lat="49.214619" lon="9.406819">
        <ele>189.926455</ele>
        <time>2026-08-14T18:30:34.423Z</time>
      </trkpt>
      <trkpt lat="49.214714" lon="9.406844">
        <ele>189.967072</ele>
        <time>2026-08-14T18:30:36.331Z</time>
      </trkpt>
      <trkpt lat="49.214793" lon="9.406688">
        <ele>190.021403</ele>
        <time>2026-08-14T18:30:38.984Z</time>
      </trkpt>
      <trkpt lat="49.214906" lon="9.406586">
        <ele>190.076678</ele>
        <time>2026-08-14T18:30:41.745Z</time>
      </trkpt>
      <trkpt lat="49.215070" lon="9.406513">
        <ele>190.148645</ele>
        <time>2026-08-14T18:30:45.215Z</time>
      </trkpt>
      <trkpt lat="49.215252" lon="9.406463">
        <ele>190.226559</ele>
        <time>2026-08-14T18:30:48.717Z</time>
      </trkpt>
      <trkpt lat="49.215456" lon="9.406469">
        <ele>190.312533</ele>
        <time>2026-08-14T18:30:52.296Z</time>
      </trkpt>
      <trkpt lat="49.215722" lon="9.406557">
        <ele>190.590685</ele>
        <time>2026-08-14T18:30:57.175Z</time>
      </trkpt>
      <trkpt lat="49.215785" lon="9.406566">
        <ele>190.655657</ele>
        <time>2026-08-14T18:30:58.383Z</time>
      </trkpt>
      <trkpt lat="49.215909" lon="9.406520">
        <ele>190.786670</ele>
        <time>2026-08-14T18:31:00.953Z</time>
      </trkpt>
      <trkpt lat="49.215971" lon="9.406460">
        <ele>190.861987</ele>
        <time>2026-08-14T18:31:02.525Z</time>
      </trkpt>
      <trkpt lat="49.216008" lon="9.406372">
        <ele>190.932182</ele>
        <time>2026-08-14T18:31:04.041Z</time>
      </trkpt>
      <trkpt lat="49.216064" lon="9.406043">
        <ele>191.160224</ele>
        <time>2026-08-14T18:31:09.342Z</time>
      </trkpt>
      <trkpt lat="49.216099" lon="9.405848">
        <ele>191.295866</ele>
        <time>2026-08-14T18:31:12.724Z</time>
      </trkpt>
      <trkpt lat="49.216158" lon="9.405668">
        <ele>191.430946</ele>
        <time>2026-08-14T18:31:16.113Z</time>
      </trkpt>
      <trkpt lat="49.216277" lon="9.405491">
        <ele>191.601315</ele>
        <time>2026-08-14T18:31:20.368Z</time>
      </trkpt>
      <trkpt lat="49.216346" lon="9.405425">
        <ele>191.684860</ele>
        <time>2026-08-14T18:31:22.366Z</time>
      </trkpt>
      <trkpt lat="49.216672" lon="9.405300">
        <ele>192.029948</ele>
        <time>2026-08-14T18:31:29.890Z</time>
      </trkpt>
      <trkpt lat="49.216816" lon="9.405247">
        <ele>192.135411</ele>
        <time>2026-08-14T18:31:32.866Z</time>
      </trkpt>
      <trkpt lat="49.217001" lon="9.405118">
        <ele>191.895393</ele>
        <time>2026-08-14T18:31:36.845Z</time>
      </trkpt>
      <trkpt lat="49.217148" lon="9.404908">
        <ele>191.658003</ele>
        <time>2026-08-14T18:31:40.684Z</time>
      </trkpt>
      <trkpt lat="49.217328" lon="9.404474">
        <ele>191.261522</ele>
        <time>2026-08-14T18:31:46.187Z</time>
      </trkpt>
      <trkpt lat="49.217660" lon="9.403594">
        <ele>190.477782</ele>
        <time>2026-08-14T18:31:55.190Z</time>
      </trkpt>
      <trkpt lat="49.217617" lon="9.403542">
        <ele>190.413084</ele>
        <time>2026-08-14T18:31:55.885Z</time>
      </trkpt>
      <trkpt lat="49.217627" lon="9.403386">
        <ele>190.292196</ele>
        <time>2026-08-14T18:31:57.190Z</time>
      </trkpt>
      <trkpt lat="49.217794" lon="9.402929">
        <ele>189.856149</ele>
        <time>2026-08-14T18:32:01.540Z</time>
      </trkpt>
      <trkpt lat="49.217916" lon="9.402489">
        <ele>189.407503</ele>
        <time>2026-08-14T18:32:05.620Z</time>
      </trkpt>
      <trkpt lat="49.218006" lon="9.402033">
        <ele>188.960396</ele>
        <time>2026-08-14T18:32:09.835Z</time>
      </trkpt>
      <trkpt lat="49.218066" lon="9.401492">
        <ele>188.445355</ele>
        <time>2026-08-14T18:32:15.048Z</time>
      </trkpt>
      <trkpt lat="49.218195" lon="9.400831">
        <ele>187.797853</ele>
        <time>2026-08-14T18:32:22.013Z</time>
      </trkpt>
      <trkpt lat="49.218524" lon="9.399683">
        <ele>187.100874</ele>
        <time>2026-08-14T18:32:35.251Z</time>
      </trkpt>
      <trkpt lat="49.218609" lon="9.399311">
        <ele>186.944499</ele>
        <time>2026-08-14T18:32:39.328Z</time>
      </trkpt>
      <trkpt lat="49.218669" lon="9.398822">
        <ele>186.747078</ele>
        <time>2026-08-14T18:32:44.347Z</time>
      </trkpt>
      <trkpt lat="49.218726" lon="9.397833">
        <ele>186.357275</ele>
        <time>2026-08-14T18:32:54.209Z</time>
      </trkpt>
      <trkpt lat="49.218911" lon="9.396777">
        <ele>186.204183</ele>
        <time>2026-08-14T18:33:05.462Z</time>
      </trkpt>
      <trkpt lat="49.219024" lon="9.396294">
        <ele>186.132344</ele>
        <time>2026-08-14T18:33:10.937Z</time>
      </trkpt>
      <trkpt lat="49.219056" lon="9.395899">
        <ele>186.076611</ele>
        <time>2026-08-14T18:33:15.285Z</time>
      </trkpt>
      <trkpt lat="49.219017" lon="9.392606">
        <ele>186.654757</ele>
        <time>2026-08-14T18:33:55.136Z</time>
      </trkpt>
      <trkpt lat="49.219031" lon="9.391809">
        <ele>187.057012</ele>
        <time>2026-08-14T18:34:06.132Z</time>
      </trkpt>
      <trkpt lat="49.219075" lon="9.391419">
        <ele>187.286929</ele>
        <time>2026-08-14T18:34:11.926Z</time>
      </trkpt>
      <trkpt lat="49.219146" lon="9.391058">
        <ele>187.505945</ele>
        <time>2026-08-14T18:34:17.636Z</time>
      </trkpt>
      <trkpt lat="49.219287" lon="9.390710">
        <ele>187.743845</ele>
        <time>2026-08-14T18:34:23.978Z</time>
      </trkpt>
      <trkpt lat="49.219459" lon="9.390383">
        <ele>187.987746</ele>
        <time>2026-08-14T18:34:30.329Z</time>
      </trkpt>
      <trkpt lat="49.220091" lon="9.389423">
        <ele>187.982921</ele>
        <time>2026-08-14T18:34:46.941Z</time>
      </trkpt>
      <trkpt lat="49.220311" lon="9.388800">
        <ele>187.702399</ele>
        <time>2026-08-14T18:34:53.919Z</time>
      </trkpt>
      <trkpt lat="49.220400" lon="9.388336">
        <ele>187.510851</ele>
        <time>2026-08-14T18:34:58.453Z</time>
      </trkpt>
      <trkpt lat="49.220471" lon="9.387741">
        <ele>187.271277</ele>
        <time>2026-08-14T18:35:04.009Z</time>
      </trkpt>
      <trkpt lat="49.220576" lon="9.387372">
        <ele>187.295965</ele>
        <time>2026-08-14T18:35:07.736Z</time>
      </trkpt>
      <trkpt lat="49.220717" lon="9.387058">
        <ele>187.414076</ele>
        <time>2026-08-14T18:35:11.527Z</time>
      </trkpt>
      <trkpt lat="49.221092" lon="9.386462">
        <ele>187.670587</ele>
        <time>2026-08-14T18:35:21.427Z</time>
      </trkpt>
      <trkpt lat="49.221265" lon="9.386086">
        <ele>187.813146</ele>
        <time>2026-08-14T18:35:28.219Z</time>
      </trkpt>
      <trkpt lat="49.221367" lon="9.385981">
        <ele>187.871475</ele>
        <time>2026-08-14T18:35:31.209Z</time>
      </trkpt>
      <trkpt lat="49.221519" lon="9.385788">
        <ele>187.965187</ele>
        <time>2026-08-14T18:35:36.266Z</time>
      </trkpt>
      <trkpt lat="49.221928" lon="9.385141">
        <ele>188.346706</ele>
        <time>2026-08-14T18:35:51.425Z</time>
      </trkpt>
      <trkpt lat="49.222256" lon="9.384711">
        <ele>188.671187</ele>
        <time>2026-08-14T18:36:01.022Z</time>
      </trkpt>
      <trkpt lat="49.222426" lon="9.384637">
        <ele>188.803996</ele>
        <time>2026-08-14T18:36:04.734Z</time>
      </trkpt>
      <trkpt lat="49.222470" lon="9.383610">
        <ele>189.309118</ele>
        <time>2026-08-14T18:36:16.869Z</time>
      </trkpt>
      <trkpt lat="49.222485" lon="9.383283">
        <ele>189.322422</ele>
        <time>2026-08-14T18:36:20.909Z</time>
      </trkpt>
      <trkpt lat="49.222501" lon="9.383066">
        <ele>189.111372</ele>
        <time>2026-08-14T18:36:23.322Z</time>
      </trkpt>
      <trkpt lat="49.222560" lon="9.382320">
        <ele>188.385140</ele>
        <time>2026-08-14T18:36:30.342Z</time>
      </trkpt>
      <trkpt lat="49.222797" lon="9.382070">
        <ele>187.959274</ele>
        <time>2026-08-14T18:36:34.616Z</time>
      </trkpt>
      <trkpt lat="49.222826" lon="9.382023">
        <ele>187.896787</ele>
        <time>2026-08-14T18:36:35.263Z</time>
      </trkpt>
      <trkpt lat="49.222966" lon="9.381825">
        <ele>187.614773</ele>
        <time>2026-08-14T18:36:38.010Z</time>
      </trkpt>
      <trkpt lat="49.222943" lon="9.381740">
        <ele>187.525855</ele>
        <time>2026-08-14T18:36:38.868Z</time>
      </trkpt>
      <trkpt lat="49.222929" lon="9.381600">
        <ele>187.388977</ele>
        <time>2026-08-14T18:36:40.190Z</time>
      </trkpt>
      <trkpt lat="49.222947" lon="9.381496">
        <ele>187.284999</ele>
        <time>2026-08-14T18:36:41.158Z</time>
      </trkpt>
      <trkpt lat="49.223059" lon="9.381242">
        <ele>186.988818</ele>
        <time>2026-08-14T18:36:43.941Z</time>
      </trkpt>
      <trkpt lat="49.223123" lon="9.381156">
        <ele>186.862817</ele>
        <time>2026-08-14T18:36:45.090Z</time>
      </trkpt>
      <trkpt lat="49.223200" lon="9.381100">
        <ele>186.716682</ele>
        <time>2026-08-14T18:36:46.259Z</time>
      </trkpt>
      <trkpt lat="49.223296" lon="9.381112">
        <ele>186.445346</ele>
        <time>2026-08-14T18:36:47.559Z</time>
      </trkpt>
      <trkpt lat="49.223391" lon="9.380832">
        <ele>185.864823</ele>
        <time>2026-08-14T18:36:50.145Z</time>
      </trkpt>
      <trkpt lat="49.223556" lon="9.380579">
        <ele>185.207006</ele>
        <time>2026-08-14T18:36:52.984Z</time>
      </trkpt>
      <trkpt lat="49.223637" lon="9.380502">
        <ele>184.938425</ele>
        <time>2026-08-14T18:36:54.141Z</time>
      </trkpt>
      <trkpt lat="49.224043" lon="9.380258">
        <ele>183.709757</ele>
        <time>2026-08-14T18:36:59.600Z</time>
      </trkpt>
      <trkpt lat="49.224168" lon="9.380124">
        <ele>183.279902</ele>
        <time>2026-08-14T18:37:01.561Z</time>
      </trkpt>
      <trkpt lat="49.224359" lon="9.379892">
        <ele>182.593103</ele>
        <time>2026-08-14T18:37:04.670Z</time>
      </trkpt>
      <trkpt lat="49.224605" lon="9.379538">
        <ele>181.683747</ele>
        <time>2026-08-14T18:37:09.100Z</time>
      </trkpt>
      <trkpt lat="49.224661" lon="9.379406">
        <ele>181.636127</ele>
        <time>2026-08-14T18:37:10.516Z</time>
      </trkpt>
      <trkpt lat="49.224715" lon="9.379276">
        <ele>181.589517</ele>
        <time>2026-08-14T18:37:11.931Z</time>
      </trkpt>
      <trkpt lat="49.224914" lon="9.378887">
        <ele>181.440027</ele>
        <time>2026-08-14T18:37:17.014Z</time>
      </trkpt>
      <trkpt lat="49.225213" lon="9.378595">
        <ele>181.275750</ele>
        <time>2026-08-14T18:37:23.478Z</time>
      </trkpt>
      <trkpt lat="49.225558" lon="9.378321">
        <ele>181.095718</ele>
        <time>2026-08-14T18:37:30.316Z</time>
      </trkpt>
      <trkpt lat="49.225783" lon="9.378225">
        <ele>180.987521</ele>
        <time>2026-08-14T18:37:34.446Z</time>
      </trkpt>
      <trkpt lat="49.226111" lon="9.378167">
        <ele>180.835209</ele>
        <time>2026-08-14T18:37:40.128Z</time>
      </trkpt>
      <trkpt lat="49.226067" lon="9.378004">
        <ele>180.783253</ele>
        <time>2026-08-14T18:37:42.096Z</time>
      </trkpt>
      <trkpt lat="49.226035" lon="9.377735">
        <ele>180.702708</ele>
        <time>2026-08-14T18:37:45.146Z</time>
      </trkpt>
      <trkpt lat="49.226035" lon="9.377483">
        <ele>180.628474</ele>
        <time>2026-08-14T18:37:47.900Z</time>
      </trkpt>
      <trkpt lat="49.226073" lon="9.376429">
        <ele>180.317518</ele>
        <time>2026-08-14T18:37:58.489Z</time>
      </trkpt>
      <trkpt lat="49.226120" lon="9.376003">
        <ele>180.190250</ele>
        <time>2026-08-14T18:38:02.732Z</time>
      </trkpt>
      <trkpt lat="49.226206" lon="9.375492">
        <ele>180.029889</ele>
        <time>2026-08-14T18:38:08.286Z</time>
      </trkpt>
      <trkpt lat="49.226262" lon="9.375164">
        <ele>179.891267</ele>
        <time>2026-08-14T18:38:11.809Z</time>
      </trkpt>
      <trkpt lat="49.226437" lon="9.374367">
        <ele>179.547457</ele>
        <time>2026-08-14T18:38:20.570Z</time>
      </trkpt>
      <trkpt lat="49.226373" lon="9.374215">
        <ele>179.473509</ele>
        <time>2026-08-14T18:38:22.441Z</time>
      </trkpt>
      <trkpt lat="49.226165" lon="9.373373">
        <ele>179.105419</ele>
        <time>2026-08-14T18:38:31.840Z</time>
      </trkpt>
      <trkpt lat="49.226063" lon="9.373035">
        <ele>178.953173</ele>
        <time>2026-08-14T18:38:35.592Z</time>
      </trkpt>
      <trkpt lat="49.225601" lon="9.371652">
        <ele>177.699279</ele>
        <time>2026-08-14T18:38:50.027Z</time>
      </trkpt>
      <trkpt lat="49.225582" lon="9.371596">
        <ele>177.647015</ele>
        <time>2026-08-14T18:38:50.616Z</time>
      </trkpt>
      <trkpt lat="49.225518" lon="9.371373">
        <ele>177.445280</ele>
        <time>2026-08-14T18:38:52.882Z</time>
      </trkpt>
      <trkpt lat="49.225484" lon="9.371191">
        <ele>177.288503</ele>
        <time>2026-08-14T18:38:54.640Z</time>
      </trkpt>
      <trkpt lat="49.225487" lon="9.370901">
        <ele>177.048295</ele>
        <time>2026-08-14T18:38:57.335Z</time>
      </trkpt>
      <trkpt lat="49.225524" lon="9.370684">
        <ele>176.862552</ele>
        <time>2026-08-14T18:38:59.423Z</time>
      </trkpt>
      <trkpt lat="49.225670" lon="9.370243">
        <ele>176.569598</ele>
        <time>2026-08-14T18:39:04.033Z</time>
      </trkpt>
      <trkpt lat="49.226257" lon="9.369022">
        <ele>176.094931</ele>
        <time>2026-08-14T18:39:19.553Z</time>
      </trkpt>
      <trkpt lat="49.226728" lon="9.368331">
        <ele>175.782234</ele>
        <time>2026-08-14T18:39:30.882Z</time>
      </trkpt>
      <trkpt lat="49.226808" lon="9.368139">
        <ele>175.762689</ele>
        <time>2026-08-14T18:39:33.514Z</time>
      </trkpt>
      <trkpt lat="49.227239" lon="9.366682">
        <ele>175.647310</ele>
        <time>2026-08-14T18:39:51.586Z</time>
      </trkpt>
      <trkpt lat="49.227444" lon="9.365682">
        <ele>175.561568</ele>
        <time>2026-08-14T18:40:02.439Z</time>
      </trkpt>
      <trkpt lat="49.227473" lon="9.365451">
        <ele>175.522574</ele>
        <time>2026-08-14T18:40:04.974Z</time>
      </trkpt>
      <trkpt lat="49.227507" lon="9.364661">
        <ele>175.391331</ele>
        <time>2026-08-14T18:40:13.773Z</time>
      </trkpt>
      <trkpt lat="49.227688" lon="9.363118">
        <ele>175.131452</ele>
        <time>2026-08-14T18:40:30.388Z</time>
      </trkpt>
      <trkpt lat="49.227852" lon="9.362058">
        <ele>174.857243</ele>
        <time>2026-08-14T18:40:42.280Z</time>
      </trkpt>
      <trkpt lat="49.228004" lon="9.361045">
        <ele>174.591192</ele>
        <time>2026-08-14T18:40:53.118Z</time>
      </trkpt>
      <trkpt lat="49.228217" lon="9.360058">
        <ele>174.270949</ele>
        <time>2026-08-14T18:41:03.744Z</time>
      </trkpt>
      <trkpt lat="49.228501" lon="9.358581">
        <ele>173.646909</ele>
        <time>2026-08-14T18:41:19.161Z</time>
      </trkpt>
      <trkpt lat="49.228551" lon="9.358420">
        <ele>173.574653</ele>
        <time>2026-08-14T18:41:20.929Z</time>
      </trkpt>
      <trkpt lat="49.229243" lon="9.356877">
        <ele>173.088938</ele>
        <time>2026-08-14T18:41:40.280Z</time>
      </trkpt>
      <trkpt lat="49.229058" lon="9.355890">
        <ele>172.906644</ele>
        <time>2026-08-14T18:41:51.549Z</time>
      </trkpt>
      <trkpt lat="49.229011" lon="9.354971">
        <ele>172.802020</ele>
        <time>2026-08-14T18:42:01.739Z</time>
      </trkpt>
      <trkpt lat="49.229115" lon="9.353987">
        <ele>172.774892</ele>
        <time>2026-08-14T18:42:13.263Z</time>
      </trkpt>
      <trkpt lat="49.229067" lon="9.353350">
        <ele>172.757441</ele>
        <time>2026-08-14T18:42:20.741Z</time>
      </trkpt>
      <trkpt lat="49.228729" lon="9.350191">
        <ele>172.122638</ele>
        <time>2026-08-14T18:42:54.931Z</time>
      </trkpt>
      <trkpt lat="49.228748" lon="9.350003">
        <ele>172.075407</ele>
        <time>2026-08-14T18:42:56.822Z</time>
      </trkpt>
      <trkpt lat="49.229114" lon="9.348964">
        <ele>171.451500</ele>
        <time>2026-08-14T18:43:08.371Z</time>
      </trkpt>
      <trkpt lat="49.229815" lon="9.346698">
        <ele>170.470911</ele>
        <time>2026-08-14T18:43:32.980Z</time>
      </trkpt>
      <trkpt lat="49.230240" lon="9.345718">
        <ele>170.378732</ele>
        <time>2026-08-14T18:43:46.243Z</time>
      </trkpt>
      <trkpt lat="49.230429" lon="9.345256">
        <ele>170.336015</ele>
        <time>2026-08-14T18:43:53.452Z</time>
      </trkpt>
      <trkpt lat="49.230521" lon="9.345209">
        <ele>170.324378</ele>
        <time>2026-08-14T18:43:55.323Z</time>
      </trkpt>
      <trkpt lat="49.231087" lon="9.345220">
        <ele>170.560873</ele>
        <time>2026-08-14T18:44:06.024Z</time>
      </trkpt>
      <trkpt lat="49.231299" lon="9.345274">
        <ele>170.655827</ele>
        <time>2026-08-14T18:44:10.082Z</time>
      </trkpt>
      <trkpt lat="49.231377" lon="9.345264">
        <ele>170.690410</ele>
        <time>2026-08-14T18:44:11.647Z</time>
      </trkpt>
      <trkpt lat="49.231376" lon="9.345056">
        <ele>170.750422</ele>
        <time>2026-08-14T18:44:14.275Z</time>
      </trkpt>
      <trkpt lat="49.231353" lon="9.343983">
        <ele>171.060164</ele>
        <time>2026-08-14T18:44:28.212Z</time>
      </trkpt>
      <trkpt lat="49.231414" lon="9.343454">
        <ele>171.450393</ele>
        <time>2026-08-14T18:44:34.069Z</time>
      </trkpt>
      <trkpt lat="49.231437" lon="9.343254">
        <ele>171.648218</ele>
        <time>2026-08-14T18:44:36.330Z</time>
      </trkpt>
      <trkpt lat="49.231459" lon="9.343072">
        <ele>171.828522</ele>
        <time>2026-08-14T18:44:38.451Z</time>
      </trkpt>
      <trkpt lat="49.231500" lon="9.342720">
        <ele>172.176829</ele>
        <time>2026-08-14T18:44:42.782Z</time>
      </trkpt>
      <trkpt lat="49.231532" lon="9.342314">
        <ele>172.575197</ele>
        <time>2026-08-14T18:44:48.596Z</time>
      </trkpt>
      <trkpt lat="49.231551" lon="9.341281">
        <ele>173.581875</ele>
        <time>2026-08-14T18:45:06.249Z</time>
      </trkpt>
      <trkpt lat="49.231563" lon="9.339950">
        <ele>175.917061</ele>
        <time>2026-08-14T18:45:37.116Z</time>
      </trkpt>
      <trkpt lat="49.231567" lon="9.339420">
        <ele>176.930213</ele>
        <time>2026-08-14T18:45:49.535Z</time>
      </trkpt>
      <trkpt lat="49.231550" lon="9.339222">
        <ele>177.311943</ele>
        <time>2026-08-14T18:45:53.888Z</time>
      </trkpt>
      <trkpt lat="49.231509" lon="9.339124">
        <ele>177.534416</ele>
        <time>2026-08-14T18:45:56.299Z</time>
      </trkpt>
      <trkpt lat="49.231329" lon="9.339053">
        <ele>178.078512</ele>
        <time>2026-08-14T18:46:01.836Z</time>
      </trkpt>
      <trkpt lat="49.231475" lon="9.338142">
        <ele>178.686193</ele>
        <time>2026-08-14T18:46:15.850Z</time>
      </trkpt>
      <trkpt lat="49.231496" lon="9.338041">
        <ele>178.591281</ele>
        <time>2026-08-14T18:46:16.951Z</time>
      </trkpt>
      <trkpt lat="49.231795" lon="9.336617">
        <ele>177.251909</ele>
        <time>2026-08-14T18:46:30.230Z</time>
      </trkpt>
      <trkpt lat="49.231966" lon="9.335948">
        <ele>176.608621</ele>
        <time>2026-08-14T18:46:36.481Z</time>
      </trkpt>
      <trkpt lat="49.232003" lon="9.335840">
        <ele>176.347147</ele>
        <time>2026-08-14T18:46:37.521Z</time>
      </trkpt>
      <trkpt lat="49.232293" lon="9.334955">
        <ele>174.090727</ele>
        <time>2026-08-14T18:46:45.616Z</time>
      </trkpt>
      <trkpt lat="49.232534" lon="9.334134">
        <ele>172.039500</ele>
        <time>2026-08-14T18:46:52.741Z</time>
      </trkpt>
      <trkpt lat="49.232641" lon="9.333757">
        <ele>171.102760</ele>
        <time>2026-08-14T18:46:55.976Z</time>
      </trkpt>
      <trkpt lat="49.232677" lon="9.333774">
        <ele>170.971291</ele>
        <time>2026-08-14T18:46:56.443Z</time>
      </trkpt>
      <trkpt lat="49.232779" lon="9.333775">
        <ele>170.615329</ele>
        <time>2026-08-14T18:46:57.670Z</time>
      </trkpt>
      <trkpt lat="49.232948" lon="9.333724">
        <ele>170.142813</ele>
        <time>2026-08-14T18:46:59.754Z</time>
      </trkpt>
      <trkpt lat="49.233481" lon="9.333564">
        <ele>169.041527</ele>
        <time>2026-08-14T18:47:06.571Z</time>
      </trkpt>
      <trkpt lat="49.233509" lon="9.333016">
        <ele>168.313764</ele>
        <time>2026-08-14T18:47:11.479Z</time>
      </trkpt>
      <trkpt lat="49.233551" lon="9.332785">
        <ele>167.996288</ele>
        <time>2026-08-14T18:47:13.773Z</time>
      </trkpt>
      <trkpt lat="49.233660" lon="9.332574">
        <ele>167.640074</ele>
        <time>2026-08-14T18:47:16.444Z</time>
      </trkpt>
      <trkpt lat="49.233994" lon="9.332165">
        <ele>166.772974</ele>
        <time>2026-08-14T18:47:22.952Z</time>
      </trkpt>
      <trkpt lat="49.234146" lon="9.331969">
        <ele>166.644673</ele>
        <time>2026-08-14T18:47:25.964Z</time>
      </trkpt>
      <trkpt lat="49.234270" lon="9.331819">
        <ele>166.613582</ele>
        <time>2026-08-14T18:47:28.347Z</time>
      </trkpt>
      <trkpt lat="49.234562" lon="9.331469">
        <ele>166.540623</ele>
        <time>2026-08-14T18:47:34.243Z</time>
      </trkpt>
      <trkpt lat="49.234682" lon="9.331201">
        <ele>166.498873</ele>
        <time>2026-08-14T18:47:37.688Z</time>
      </trkpt>
      <trkpt lat="49.234806" lon="9.330452">
        <ele>166.399599</ele>
        <time>2026-08-14T18:47:46.134Z</time>
      </trkpt>
      <trkpt lat="49.234882" lon="9.330308">
        <ele>166.375811</ele>
        <time>2026-08-14T18:47:48.310Z</time>
      </trkpt>
      <trkpt lat="49.235059" lon="9.330165">
        <ele>166.336436</ele>
        <time>2026-08-14T18:47:51.942Z</time>
      </trkpt>
      <trkpt lat="49.235158" lon="9.330129">
        <ele>166.324408</ele>
        <time>2026-08-14T18:47:53.831Z</time>
      </trkpt>
      <trkpt lat="49.235461" lon="9.330127">
        <ele>166.387991</ele>
        <time>2026-08-14T18:47:59.885Z</time>
      </trkpt>
      <trkpt lat="49.235613" lon="9.329550">
        <ele>166.473243</ele>
        <time>2026-08-14T18:48:08.646Z</time>
      </trkpt>
      <trkpt lat="49.235669" lon="9.329290">
        <ele>166.510756</ele>
        <time>2026-08-14T18:48:12.382Z</time>
      </trkpt>
      <trkpt lat="49.236090" lon="9.327981">
        <ele>166.666136</ele>
        <time>2026-08-14T18:48:28.288Z</time>
      </trkpt>
      <trkpt lat="49.236346" lon="9.327119">
        <ele>166.350182</ele>
        <time>2026-08-14T18:48:37.941Z</time>
      </trkpt>
      <trkpt lat="49.236475" lon="9.326831">
        <ele>166.233656</ele>
        <time>2026-08-14T18:48:41.329Z</time>
      </trkpt>
      <trkpt lat="49.236586" lon="9.326678">
        <ele>166.157348</ele>
        <time>2026-08-14T18:48:43.516Z</time>
      </trkpt>
      <trkpt lat="49.236612" lon="9.326589">
        <ele>166.124817</ele>
        <time>2026-08-14T18:48:44.468Z</time>
      </trkpt>
      <trkpt lat="49.236593" lon="9.325650">
        <ele>165.811377</ele>
        <time>2026-08-14T18:48:54.325Z</time>
      </trkpt>
      <trkpt lat="49.236603" lon="9.325311">
        <ele>165.778635</ele>
        <time>2026-08-14T18:48:58.183Z</time>
      </trkpt>
      <trkpt lat="49.236645" lon="9.325157">
        <ele>165.778635</ele>
        <time>2026-08-14T18:49:00.103Z</time>
      </trkpt>
      <trkpt lat="49.236767" lon="9.325299">
        <ele>165.778635</ele>
        <time>2026-08-14T18:49:02.720Z</time>
      </trkpt>
      <trkpt lat="49.236803" lon="9.325408">
        <ele>165.778635</ele>
        <time>2026-08-14T18:49:04.039Z</time>
      </trkpt>
      <trkpt lat="49.236811" lon="9.325526">
        <ele>165.778635</ele>
        <time>2026-08-14T18:49:05.334Z</time>
      </trkpt>
      <trkpt lat="49.237023" lon="9.325544">
        <ele>165.778635</ele>
        <time>2026-08-14T18:49:08.945Z</time>
      </trkpt>
      <trkpt lat="49.237371" lon="9.325748">
        <ele>165.778635</ele>
        <time>2026-08-14T18:49:15.623Z</time>
      </trkpt>
      <trkpt lat="49.237409" lon="9.325833">
        <ele>165.778635</ele>
        <time>2026-08-14T18:49:16.856Z</time>
      </trkpt>
      <trkpt lat="49.237423" lon="9.325907">
        <ele>165.778635</ele>
        <time>2026-08-14T18:49:17.805Z</time>
      </trkpt>
      <trkpt lat="49.237463" lon="9.326104">
        <ele>165.778635</ele>
        <time>2026-08-14T18:49:20.381Z</time>
      </trkpt>
      <trkpt lat="49.237481" lon="9.326200">
        <ele>165.778635</ele>
        <time>2026-08-14T18:49:21.698Z</time>
      </trkpt>
    </trkseg>
  </trk>
</gpx>